<?xml version="1.0" encoding="UTF-8"?>
<!-- track-length = 97500 filtered ascend = 1442 plain-ascend = 51 cost=205342 energy=0.6kwh time=4h 48m 9s -->
<gpx
 xmlns="http://www.topografix.com/GPX/1/1"
 xmlns:xsi="http://www.w3.org/2001/XMLSchema-instance"
 xsi:schemaLocation="http://www.topografix.com/GPX/1/1 http://www.topografix.com/GPX/1/1/gpx.xsd"
 version="1.1"
 creator="bikerouter.de 2026.22">
 <trk>
  <name>etappe#5-v1</name>
  <link href="https://bikerouter.de/#map=10/49.8917/6.4401/osm-mapnik-german_style&amp;lonlats=6.764818,50.555321;6.527248,49.967444&amp;profile=gravel">
   <text>bikerouter.de</text>
  </link>
  <trkseg>
   <trkpt lat="50.555263" lon="6.764932"><ele>276</ele></trkpt>
   <trkpt lat="50.555212" lon="6.764871"><ele>276.25</ele></trkpt>
   <trkpt lat="50.555103" lon="6.764666"><ele>276.25</ele></trkpt>
   <trkpt lat="50.555001" lon="6.764411"><ele>276</ele></trkpt>
   <trkpt lat="50.554975" lon="6.764434"><ele>276</ele></trkpt>
   <trkpt lat="50.554922" lon="6.76448"><ele>276.5</ele></trkpt>
   <trkpt lat="50.554911" lon="6.76449"><ele>276.5</ele></trkpt>
   <trkpt lat="50.554853" lon="6.764368"><ele>277</ele></trkpt>
   <trkpt lat="50.554803" lon="6.764266"><ele>276.75</ele></trkpt>
   <trkpt lat="50.554752" lon="6.764203"><ele>276.25</ele></trkpt>
   <trkpt lat="50.554666" lon="6.764118"><ele>276.75</ele></trkpt>
   <trkpt lat="50.554507" lon="6.764025"><ele>277.25</ele></trkpt>
   <trkpt lat="50.554442" lon="6.764"><ele>277</ele></trkpt>
   <trkpt lat="50.554442" lon="6.763972"><ele>276.75</ele></trkpt>
   <trkpt lat="50.554454" lon="6.763821"><ele>276.75</ele></trkpt>
   <trkpt lat="50.554456" lon="6.763792"><ele>277</ele></trkpt>
   <trkpt lat="50.554354" lon="6.763733"><ele>277.75</ele></trkpt>
   <trkpt lat="50.554114" lon="6.763633"><ele>278.75</ele></trkpt>
   <trkpt lat="50.554088" lon="6.763623"><ele>278.5</ele></trkpt>
   <trkpt lat="50.554109" lon="6.763507"><ele>278.75</ele></trkpt>
   <trkpt lat="50.55413" lon="6.763347"><ele>278.75</ele></trkpt>
   <trkpt lat="50.554154" lon="6.762916"><ele>279.75</ele></trkpt>
   <trkpt lat="50.554172" lon="6.762703"><ele>280.25</ele></trkpt>
   <trkpt lat="50.554191" lon="6.762577"><ele>280.5</ele></trkpt>
   <trkpt lat="50.554198" lon="6.762545"><ele>280.75</ele></trkpt>
   <trkpt lat="50.554221" lon="6.762467"><ele>281</ele></trkpt>
   <trkpt lat="50.554243" lon="6.76243"><ele>281.25</ele></trkpt>
   <trkpt lat="50.554274" lon="6.762406"><ele>281.25</ele></trkpt>
   <trkpt lat="50.55427" lon="6.762355"><ele>281.5</ele></trkpt>
   <trkpt lat="50.554277" lon="6.762279"><ele>281.75</ele></trkpt>
   <trkpt lat="50.554362" lon="6.761862"><ele>283.5</ele></trkpt>
   <trkpt lat="50.554342" lon="6.761802"><ele>284</ele></trkpt>
   <trkpt lat="50.554229" lon="6.761736"><ele>284</ele></trkpt>
   <trkpt lat="50.553995" lon="6.761603"><ele>283.75</ele></trkpt>
   <trkpt lat="50.553401" lon="6.761115"><ele>285</ele></trkpt>
   <trkpt lat="50.553372" lon="6.761081"><ele>285.5</ele></trkpt>
   <trkpt lat="50.553315" lon="6.761014"><ele>286</ele></trkpt>
   <trkpt lat="50.553221" lon="6.76091"><ele>287</ele></trkpt>
   <trkpt lat="50.553148" lon="6.760842"><ele>287.75</ele></trkpt>
   <trkpt lat="50.553092" lon="6.760813"><ele>288</ele></trkpt>
   <trkpt lat="50.553059" lon="6.760805"><ele>288</ele></trkpt>
   <trkpt lat="50.553012" lon="6.760789"><ele>288.25</ele></trkpt>
   <trkpt lat="50.552637" lon="6.760612"><ele>292</ele></trkpt>
   <trkpt lat="50.552585" lon="6.760569"><ele>293.25</ele></trkpt>
   <trkpt lat="50.55256" lon="6.760528"><ele>294</ele></trkpt>
   <trkpt lat="50.552543" lon="6.760263"><ele>297.25</ele></trkpt>
   <trkpt lat="50.552513" lon="6.759983"><ele>299.5</ele></trkpt>
   <trkpt lat="50.552477" lon="6.759889"><ele>300.5</ele></trkpt>
   <trkpt lat="50.552403" lon="6.759805"><ele>302.25</ele></trkpt>
   <trkpt lat="50.551961" lon="6.759398"><ele>312</ele></trkpt>
   <trkpt lat="50.551752" lon="6.759106"><ele>320.25</ele></trkpt>
   <trkpt lat="50.551677" lon="6.758977"><ele>322.5</ele></trkpt>
   <trkpt lat="50.551628" lon="6.758813"><ele>324.75</ele></trkpt>
   <trkpt lat="50.551606" lon="6.758495"><ele>327.5</ele></trkpt>
   <trkpt lat="50.551587" lon="6.758369"><ele>329</ele></trkpt>
   <trkpt lat="50.551548" lon="6.758245"><ele>330.5</ele></trkpt>
   <trkpt lat="50.551502" lon="6.75818"><ele>332.25</ele></trkpt>
   <trkpt lat="50.551453" lon="6.758133"><ele>333.75</ele></trkpt>
   <trkpt lat="50.551419" lon="6.758122"><ele>334.75</ele></trkpt>
   <trkpt lat="50.551365" lon="6.758116"><ele>336.25</ele></trkpt>
   <trkpt lat="50.551179" lon="6.758177"><ele>339.75</ele></trkpt>
   <trkpt lat="50.551086" lon="6.758222"><ele>340.75</ele></trkpt>
   <trkpt lat="50.551062" lon="6.75822"><ele>341</ele></trkpt>
   <trkpt lat="50.551018" lon="6.758215"><ele>341.25</ele></trkpt>
   <trkpt lat="50.551001" lon="6.758203"><ele>341.5</ele></trkpt>
   <trkpt lat="50.550971" lon="6.758182"><ele>342</ele></trkpt>
   <trkpt lat="50.550926" lon="6.758151"><ele>342.75</ele></trkpt>
   <trkpt lat="50.550771" lon="6.75801"><ele>345.25</ele></trkpt>
   <trkpt lat="50.550627" lon="6.757832"><ele>347.75</ele></trkpt>
   <trkpt lat="50.550561" lon="6.757736"><ele>349.25</ele></trkpt>
   <trkpt lat="50.550537" lon="6.7577"><ele>349.75</ele></trkpt>
   <trkpt lat="50.550379" lon="6.757426"><ele>353.25</ele></trkpt>
   <trkpt lat="50.550186" lon="6.757049"><ele>358.75</ele></trkpt>
   <trkpt lat="50.550052" lon="6.756767"><ele>362.75</ele></trkpt>
   <trkpt lat="50.549965" lon="6.756558"><ele>364.75</ele></trkpt>
   <trkpt lat="50.549939" lon="6.756498"><ele>365.25</ele></trkpt>
   <trkpt lat="50.549869" lon="6.756342"><ele>366.75</ele></trkpt>
   <trkpt lat="50.549753" lon="6.756068"><ele>370.25</ele></trkpt>
   <trkpt lat="50.549575" lon="6.755682"><ele>373.75</ele></trkpt>
   <trkpt lat="50.548987" lon="6.754645"><ele>378.25</ele></trkpt>
   <trkpt lat="50.548705" lon="6.754023"><ele>381.5</ele></trkpt>
   <trkpt lat="50.548405" lon="6.752886"><ele>386</ele></trkpt>
   <trkpt lat="50.548094" lon="6.751704"><ele>393.5</ele></trkpt>
   <trkpt lat="50.548067" lon="6.751604"><ele>394</ele></trkpt>
   <trkpt lat="50.548011" lon="6.751342"><ele>395.5</ele></trkpt>
   <trkpt lat="50.548002" lon="6.751055"><ele>396.5</ele></trkpt>
   <trkpt lat="50.548117" lon="6.750808"><ele>396.25</ele></trkpt>
   <trkpt lat="50.548145" lon="6.750737"><ele>396.25</ele></trkpt>
   <trkpt lat="50.548163" lon="6.750652"><ele>396.25</ele></trkpt>
   <trkpt lat="50.548137" lon="6.749506"><ele>404.75</ele></trkpt>
   <trkpt lat="50.548127" lon="6.749356"><ele>405.75</ele></trkpt>
   <trkpt lat="50.547966" lon="6.749066"><ele>406.75</ele></trkpt>
   <trkpt lat="50.54789" lon="6.748615"><ele>407</ele></trkpt>
   <trkpt lat="50.547869" lon="6.746057"><ele>398.25</ele></trkpt>
   <trkpt lat="50.547427" lon="6.746068"><ele>400</ele></trkpt>
   <trkpt lat="50.54721" lon="6.74607"><ele>400.75</ele></trkpt>
   <trkpt lat="50.547132" lon="6.74607"><ele>400.75</ele></trkpt>
   <trkpt lat="50.547065" lon="6.746067"><ele>400.75</ele></trkpt>
   <trkpt lat="50.546877" lon="6.746059"><ele>400.25</ele></trkpt>
   <trkpt lat="50.546624" lon="6.746068"><ele>398.75</ele></trkpt>
   <trkpt lat="50.546373" lon="6.746045"><ele>398</ele></trkpt>
   <trkpt lat="50.546222" lon="6.745946"><ele>397.75</ele></trkpt>
   <trkpt lat="50.546124" lon="6.745771"><ele>398.25</ele></trkpt>
   <trkpt lat="50.545805" lon="6.744791"><ele>396.5</ele></trkpt>
   <trkpt lat="50.545727" lon="6.744573"><ele>395.75</ele></trkpt>
   <trkpt lat="50.54562" lon="6.74438"><ele>395.5</ele></trkpt>
   <trkpt lat="50.545519" lon="6.744223"><ele>395.5</ele></trkpt>
   <trkpt lat="50.545362" lon="6.744083"><ele>395</ele></trkpt>
   <trkpt lat="50.544815" lon="6.743705"><ele>396</ele></trkpt>
   <trkpt lat="50.54452" lon="6.743409"><ele>398.25</ele></trkpt>
   <trkpt lat="50.544358" lon="6.743192"><ele>400</ele></trkpt>
   <trkpt lat="50.544142" lon="6.742806"><ele>403.25</ele></trkpt>
   <trkpt lat="50.544001" lon="6.742518"><ele>404</ele></trkpt>
   <trkpt lat="50.543942" lon="6.742244"><ele>406</ele></trkpt>
   <trkpt lat="50.543911" lon="6.741999"><ele>407.5</ele></trkpt>
   <trkpt lat="50.543782" lon="6.74184"><ele>407.25</ele></trkpt>
   <trkpt lat="50.543578" lon="6.741552"><ele>407</ele></trkpt>
   <trkpt lat="50.543382" lon="6.741197"><ele>407.5</ele></trkpt>
   <trkpt lat="50.543234" lon="6.740957"><ele>408.25</ele></trkpt>
   <trkpt lat="50.542034" lon="6.738827"><ele>419.75</ele></trkpt>
   <trkpt lat="50.54188" lon="6.738547"><ele>421.25</ele></trkpt>
   <trkpt lat="50.540927" lon="6.736643"><ele>422.25</ele></trkpt>
   <trkpt lat="50.540859" lon="6.736529"><ele>422.5</ele></trkpt>
   <trkpt lat="50.540786" lon="6.736445"><ele>422.25</ele></trkpt>
   <trkpt lat="50.538922" lon="6.734702"><ele>419.75</ele></trkpt>
   <trkpt lat="50.538775" lon="6.734578"><ele>419.5</ele></trkpt>
   <trkpt lat="50.538668" lon="6.73484"><ele>419.5</ele></trkpt>
   <trkpt lat="50.538279" lon="6.735878"><ele>416.75</ele></trkpt>
   <trkpt lat="50.538145" lon="6.736231"><ele>415.5</ele></trkpt>
   <trkpt lat="50.537957" lon="6.73664"><ele>414</ele></trkpt>
   <trkpt lat="50.537691" lon="6.737146"><ele>412.5</ele></trkpt>
   <trkpt lat="50.537406" lon="6.737618"><ele>412.25</ele></trkpt>
   <trkpt lat="50.537293" lon="6.738019"><ele>411.5</ele></trkpt>
   <trkpt lat="50.536955" lon="6.737748"><ele>415</ele></trkpt>
   <trkpt lat="50.53673" lon="6.737554"><ele>417</ele></trkpt>
   <trkpt lat="50.536568" lon="6.737131"><ele>419.5</ele></trkpt>
   <trkpt lat="50.536133" lon="6.735856"><ele>426.75</ele></trkpt>
   <trkpt lat="50.536096" lon="6.735722"><ele>427.25</ele></trkpt>
   <trkpt lat="50.536031" lon="6.735448"><ele>428.75</ele></trkpt>
   <trkpt lat="50.535124" lon="6.733571"><ele>431</ele></trkpt>
   <trkpt lat="50.534813" lon="6.732954"><ele>431.75</ele></trkpt>
   <trkpt lat="50.534508" lon="6.732641"><ele>431.25</ele></trkpt>
   <trkpt lat="50.533786" lon="6.731446"><ele>434</ele></trkpt>
   <trkpt lat="50.533614" lon="6.731189"><ele>433.25</ele></trkpt>
   <trkpt lat="50.533528" lon="6.731097"><ele>433</ele></trkpt>
   <trkpt lat="50.533463" lon="6.731021"><ele>433</ele></trkpt>
   <trkpt lat="50.53322" lon="6.730658"><ele>432.5</ele></trkpt>
   <trkpt lat="50.532981" lon="6.730281"><ele>431.75</ele></trkpt>
   <trkpt lat="50.532883" lon="6.730115"><ele>431</ele></trkpt>
   <trkpt lat="50.532776" lon="6.729973"><ele>430</ele></trkpt>
   <trkpt lat="50.532645" lon="6.729874"><ele>428.5</ele></trkpt>
   <trkpt lat="50.532522" lon="6.729868"><ele>426.25</ele></trkpt>
   <trkpt lat="50.532373" lon="6.729844"><ele>424.75</ele></trkpt>
   <trkpt lat="50.532235" lon="6.729903"><ele>422.75</ele></trkpt>
   <trkpt lat="50.531921" lon="6.729731"><ele>423.75</ele></trkpt>
   <trkpt lat="50.531797" lon="6.72975"><ele>423.5</ele></trkpt>
   <trkpt lat="50.530689" lon="6.730159"><ele>423.25</ele></trkpt>
   <trkpt lat="50.530168" lon="6.729577"><ele>425.5</ele></trkpt>
   <trkpt lat="50.528794" lon="6.727538"><ele>430.5</ele></trkpt>
   <trkpt lat="50.528271" lon="6.726672"><ele>431.25</ele></trkpt>
   <trkpt lat="50.527633" lon="6.72521"><ele>434</ele></trkpt>
   <trkpt lat="50.527026" lon="6.724489"><ele>436.75</ele></trkpt>
   <trkpt lat="50.526452" lon="6.724243"><ele>436.75</ele></trkpt>
   <trkpt lat="50.525997" lon="6.723482"><ele>437.5</ele></trkpt>
   <trkpt lat="50.525662" lon="6.72303"><ele>435.5</ele></trkpt>
   <trkpt lat="50.525505" lon="6.722883"><ele>434</ele></trkpt>
   <trkpt lat="50.524752" lon="6.722832"><ele>432.75</ele></trkpt>
   <trkpt lat="50.524683" lon="6.722695"><ele>432.5</ele></trkpt>
   <trkpt lat="50.523625" lon="6.721662"><ele>440.5</ele></trkpt>
   <trkpt lat="50.523517" lon="6.720444"><ele>438</ele></trkpt>
   <trkpt lat="50.52352" lon="6.72021"><ele>436.75</ele></trkpt>
   <trkpt lat="50.523565" lon="6.720112"><ele>436</ele></trkpt>
   <trkpt lat="50.523624" lon="6.720026"><ele>434.75</ele></trkpt>
   <trkpt lat="50.523857" lon="6.719862"><ele>432.25</ele></trkpt>
   <trkpt lat="50.524007" lon="6.719707"><ele>430.5</ele></trkpt>
   <trkpt lat="50.524128" lon="6.719536"><ele>429</ele></trkpt>
   <trkpt lat="50.524216" lon="6.719309"><ele>427.25</ele></trkpt>
   <trkpt lat="50.524259" lon="6.719084"><ele>426</ele></trkpt>
   <trkpt lat="50.52426" lon="6.718765"><ele>423.75</ele></trkpt>
   <trkpt lat="50.524181" lon="6.71848"><ele>422.25</ele></trkpt>
   <trkpt lat="50.523646" lon="6.717504"><ele>417.5</ele></trkpt>
   <trkpt lat="50.523333" lon="6.7168"><ele>416.25</ele></trkpt>
   <trkpt lat="50.523178" lon="6.716504"><ele>414.25</ele></trkpt>
   <trkpt lat="50.522857" lon="6.716025"><ele>412.5</ele></trkpt>
   <trkpt lat="50.522784" lon="6.715855"><ele>410.25</ele></trkpt>
   <trkpt lat="50.522746" lon="6.715743"><ele>409.25</ele></trkpt>
   <trkpt lat="50.522733" lon="6.71551"><ele>407</ele></trkpt>
   <trkpt lat="50.522768" lon="6.714868"><ele>409.75</ele></trkpt>
   <trkpt lat="50.522743" lon="6.714694"><ele>411.5</ele></trkpt>
   <trkpt lat="50.522673" lon="6.714588"><ele>413</ele></trkpt>
   <trkpt lat="50.522514" lon="6.71457"><ele>414.5</ele></trkpt>
   <trkpt lat="50.522237" lon="6.714566"><ele>416</ele></trkpt>
   <trkpt lat="50.521547" lon="6.714494"><ele>419.75</ele></trkpt>
   <trkpt lat="50.521119" lon="6.71456"><ele>420.5</ele></trkpt>
   <trkpt lat="50.520679" lon="6.71455"><ele>422</ele></trkpt>
   <trkpt lat="50.519984" lon="6.714232"><ele>424.5</ele></trkpt>
   <trkpt lat="50.519875" lon="6.714194"><ele>424.75</ele></trkpt>
   <trkpt lat="50.519763" lon="6.714224"><ele>424.5</ele></trkpt>
   <trkpt lat="50.519554" lon="6.714346"><ele>423</ele></trkpt>
   <trkpt lat="50.519352" lon="6.714502"><ele>421.5</ele></trkpt>
   <trkpt lat="50.51927" lon="6.714603"><ele>421</ele></trkpt>
   <trkpt lat="50.519201" lon="6.714769"><ele>420.75</ele></trkpt>
   <trkpt lat="50.519038" lon="6.715237"><ele>422.25</ele></trkpt>
   <trkpt lat="50.518817" lon="6.715488"><ele>423.75</ele></trkpt>
   <trkpt lat="50.518642" lon="6.715569"><ele>424.5</ele></trkpt>
   <trkpt lat="50.518363" lon="6.715659"><ele>426.5</ele></trkpt>
   <trkpt lat="50.518061" lon="6.715841"><ele>427.75</ele></trkpt>
   <trkpt lat="50.517701" lon="6.715993"><ele>429.5</ele></trkpt>
   <trkpt lat="50.517142" lon="6.715937"><ele>433.5</ele></trkpt>
   <trkpt lat="50.517046" lon="6.715939"><ele>433.25</ele></trkpt>
   <trkpt lat="50.51676" lon="6.715919"><ele>434.5</ele></trkpt>
   <trkpt lat="50.516018" lon="6.716092"><ele>441</ele></trkpt>
   <trkpt lat="50.515752" lon="6.716288"><ele>442.25</ele></trkpt>
   <trkpt lat="50.515481" lon="6.716539"><ele>443.75</ele></trkpt>
   <trkpt lat="50.5152" lon="6.716573"><ele>445.75</ele></trkpt>
   <trkpt lat="50.514546" lon="6.716364"><ele>451.75</ele></trkpt>
   <trkpt lat="50.514353" lon="6.71623"><ele>453</ele></trkpt>
   <trkpt lat="50.513976" lon="6.715832"><ele>456.25</ele></trkpt>
   <trkpt lat="50.512178" lon="6.714185"><ele>461.25</ele></trkpt>
   <trkpt lat="50.511326" lon="6.713481"><ele>468.5</ele></trkpt>
   <trkpt lat="50.510761" lon="6.713054"><ele>473.75</ele></trkpt>
   <trkpt lat="50.510177" lon="6.712666"><ele>476.5</ele></trkpt>
   <trkpt lat="50.509639" lon="6.712198"><ele>479.25</ele></trkpt>
   <trkpt lat="50.509602" lon="6.712327"><ele>478.5</ele></trkpt>
   <trkpt lat="50.509624" lon="6.7125"><ele>478</ele></trkpt>
   <trkpt lat="50.510082" lon="6.713836"><ele>483</ele></trkpt>
   <trkpt lat="50.510415" lon="6.714862"><ele>486.25</ele></trkpt>
   <trkpt lat="50.509005" lon="6.714357"><ele>497.5</ele></trkpt>
   <trkpt lat="50.508554" lon="6.714277"><ele>500.75</ele></trkpt>
   <trkpt lat="50.507668" lon="6.714105"><ele>504.5</ele></trkpt>
   <trkpt lat="50.507546" lon="6.714187"><ele>505</ele></trkpt>
   <trkpt lat="50.507381" lon="6.714635"><ele>505.5</ele></trkpt>
   <trkpt lat="50.506897" lon="6.714257"><ele>504.5</ele></trkpt>
   <trkpt lat="50.506557" lon="6.713918"><ele>504</ele></trkpt>
   <trkpt lat="50.506498" lon="6.713835"><ele>504</ele></trkpt>
   <trkpt lat="50.506469" lon="6.713701"><ele>504</ele></trkpt>
   <trkpt lat="50.506482" lon="6.713478"><ele>504</ele></trkpt>
   <trkpt lat="50.506397" lon="6.713542"><ele>504</ele></trkpt>
   <trkpt lat="50.50595" lon="6.714202"><ele>501.5</ele></trkpt>
   <trkpt lat="50.50584" lon="6.714187"><ele>500.75</ele></trkpt>
   <trkpt lat="50.50573" lon="6.714058"><ele>500.75</ele></trkpt>
   <trkpt lat="50.50561" lon="6.713821"><ele>500.25</ele></trkpt>
   <trkpt lat="50.505295" lon="6.713543"><ele>499</ele></trkpt>
   <trkpt lat="50.504911" lon="6.713321"><ele>496</ele></trkpt>
   <trkpt lat="50.504833" lon="6.713281"><ele>495</ele></trkpt>
   <trkpt lat="50.50369" lon="6.712745"><ele>482.75</ele></trkpt>
   <trkpt lat="50.502544" lon="6.712226"><ele>471.75</ele></trkpt>
   <trkpt lat="50.500753" lon="6.713376"><ele>495</ele></trkpt>
   <trkpt lat="50.49997" lon="6.71062"><ele>505.25</ele></trkpt>
   <trkpt lat="50.498064" lon="6.710401"><ele>509.5</ele></trkpt>
   <trkpt lat="50.497564" lon="6.708623"><ele>515.25</ele></trkpt>
   <trkpt lat="50.496522" lon="6.709578"><ele>506.25</ele></trkpt>
   <trkpt lat="50.496308" lon="6.707755"><ele>513.75</ele></trkpt>
   <trkpt lat="50.496094" lon="6.707598"><ele>514</ele></trkpt>
   <trkpt lat="50.49595" lon="6.707422"><ele>514.5</ele></trkpt>
   <trkpt lat="50.495889" lon="6.707247"><ele>515.5</ele></trkpt>
   <trkpt lat="50.495878" lon="6.706908"><ele>516</ele></trkpt>
   <trkpt lat="50.495913" lon="6.706586"><ele>517.75</ele></trkpt>
   <trkpt lat="50.495781" lon="6.706301"><ele>516.75</ele></trkpt>
   <trkpt lat="50.495064" lon="6.706317"><ele>512.75</ele></trkpt>
   <trkpt lat="50.494908" lon="6.706332"><ele>511.5</ele></trkpt>
   <trkpt lat="50.494718" lon="6.706284"><ele>510.5</ele></trkpt>
   <trkpt lat="50.494644" lon="6.706223"><ele>510.5</ele></trkpt>
   <trkpt lat="50.49451" lon="6.706043"><ele>510.5</ele></trkpt>
   <trkpt lat="50.494454" lon="6.705951"><ele>510.5</ele></trkpt>
   <trkpt lat="50.49439" lon="6.705694"><ele>511.25</ele></trkpt>
   <trkpt lat="50.494024" lon="6.704369"><ele>513</ele></trkpt>
   <trkpt lat="50.49385" lon="6.703779"><ele>513.25</ele></trkpt>
   <trkpt lat="50.493579" lon="6.702793"><ele>511.5</ele></trkpt>
   <trkpt lat="50.493334" lon="6.701937"><ele>510</ele></trkpt>
   <trkpt lat="50.493294" lon="6.701853"><ele>510.25</ele></trkpt>
   <trkpt lat="50.491713" lon="6.699333"><ele>510.25</ele></trkpt>
   <trkpt lat="50.490152" lon="6.696868"><ele>506</ele></trkpt>
   <trkpt lat="50.489455" lon="6.695152"><ele>506.5</ele></trkpt>
   <trkpt lat="50.488254" lon="6.691708"><ele>514</ele></trkpt>
   <trkpt lat="50.488085" lon="6.691178"><ele>515</ele></trkpt>
   <trkpt lat="50.487276" lon="6.68739"><ele>526.5</ele></trkpt>
   <trkpt lat="50.487231" lon="6.68722"><ele>527</ele></trkpt>
   <trkpt lat="50.48698" lon="6.686913"><ele>528</ele></trkpt>
   <trkpt lat="50.486941" lon="6.686802"><ele>527.75</ele></trkpt>
   <trkpt lat="50.486391" lon="6.686146"><ele>526</ele></trkpt>
   <trkpt lat="50.48604" lon="6.684843"><ele>521.25</ele></trkpt>
   <trkpt lat="50.485977" lon="6.684707"><ele>520.75</ele></trkpt>
   <trkpt lat="50.484818" lon="6.680457"><ele>513</ele></trkpt>
   <trkpt lat="50.48486" lon="6.680138"><ele>513.75</ele></trkpt>
   <trkpt lat="50.485233" lon="6.679538"><ele>516.75</ele></trkpt>
   <trkpt lat="50.485137" lon="6.679286"><ele>520</ele></trkpt>
   <trkpt lat="50.484918" lon="6.67886"><ele>519.25</ele></trkpt>
   <trkpt lat="50.484797" lon="6.678653"><ele>512.5</ele></trkpt>
   <trkpt lat="50.484041" lon="6.67725"><ele>504.5</ele></trkpt>
   <trkpt lat="50.483221" lon="6.675761"><ele>499.75</ele></trkpt>
   <trkpt lat="50.482901" lon="6.674356"><ele>497.5</ele></trkpt>
   <trkpt lat="50.48283" lon="6.674165"><ele>496.5</ele></trkpt>
   <trkpt lat="50.482596" lon="6.673801"><ele>494.25</ele></trkpt>
   <trkpt lat="50.48244" lon="6.673622"><ele>493.25</ele></trkpt>
   <trkpt lat="50.482389" lon="6.673564"><ele>492.5</ele></trkpt>
   <trkpt lat="50.482173" lon="6.67387"><ele>492</ele></trkpt>
   <trkpt lat="50.481939" lon="6.673781"><ele>491.75</ele></trkpt>
   <trkpt lat="50.481822" lon="6.673793"><ele>490.75</ele></trkpt>
   <trkpt lat="50.481737" lon="6.673871"><ele>490.5</ele></trkpt>
   <trkpt lat="50.481131" lon="6.674765"><ele>491.5</ele></trkpt>
   <trkpt lat="50.480597" lon="6.675065"><ele>491</ele></trkpt>
   <trkpt lat="50.480398" lon="6.675174"><ele>491.5</ele></trkpt>
   <trkpt lat="50.479906" lon="6.675295"><ele>491.25</ele></trkpt>
   <trkpt lat="50.479657" lon="6.675283"><ele>491.5</ele></trkpt>
   <trkpt lat="50.479174" lon="6.675123"><ele>493.25</ele></trkpt>
   <trkpt lat="50.478525" lon="6.675302"><ele>493.25</ele></trkpt>
   <trkpt lat="50.478125" lon="6.675481"><ele>494.75</ele></trkpt>
   <trkpt lat="50.477811" lon="6.675742"><ele>495.5</ele></trkpt>
   <trkpt lat="50.477579" lon="6.676101"><ele>496.25</ele></trkpt>
   <trkpt lat="50.477211" lon="6.676718"><ele>497.5</ele></trkpt>
   <trkpt lat="50.476159" lon="6.677881"><ele>500.5</ele></trkpt>
   <trkpt lat="50.47593" lon="6.678251"><ele>501.75</ele></trkpt>
   <trkpt lat="50.475284" lon="6.678804"><ele>502</ele></trkpt>
   <trkpt lat="50.475214" lon="6.678314"><ele>500.5</ele></trkpt>
   <trkpt lat="50.475176" lon="6.678215"><ele>500.5</ele></trkpt>
   <trkpt lat="50.475048" lon="6.677909"><ele>501.25</ele></trkpt>
   <trkpt lat="50.472542" lon="6.67325"><ele>526.25</ele></trkpt>
   <trkpt lat="50.472001" lon="6.672214"><ele>528</ele></trkpt>
   <trkpt lat="50.471579" lon="6.671563"><ele>529.25</ele></trkpt>
   <trkpt lat="50.471537" lon="6.671531"><ele>529.25</ele></trkpt>
   <trkpt lat="50.471382" lon="6.671413"><ele>529.75</ele></trkpt>
   <trkpt lat="50.4697" lon="6.669908"><ele>532.5</ele></trkpt>
   <trkpt lat="50.468137" lon="6.669165"><ele>541.5</ele></trkpt>
   <trkpt lat="50.467874" lon="6.66904"><ele>543.25</ele></trkpt>
   <trkpt lat="50.466838" lon="6.66849"><ele>548</ele></trkpt>
   <trkpt lat="50.466098" lon="6.667945"><ele>552</ele></trkpt>
   <trkpt lat="50.465992" lon="6.667869"><ele>552.25</ele></trkpt>
   <trkpt lat="50.465483" lon="6.667413"><ele>552.5</ele></trkpt>
   <trkpt lat="50.461778" lon="6.664618"><ele>539.75</ele></trkpt>
   <trkpt lat="50.461365" lon="6.664309"><ele>540</ele></trkpt>
   <trkpt lat="50.460984" lon="6.664051"><ele>541</ele></trkpt>
   <trkpt lat="50.460236" lon="6.663544"><ele>548.25</ele></trkpt>
   <trkpt lat="50.459129" lon="6.662794"><ele>556.75</ele></trkpt>
   <trkpt lat="50.458988" lon="6.662699"><ele>557.25</ele></trkpt>
   <trkpt lat="50.458631" lon="6.662509"><ele>558.75</ele></trkpt>
   <trkpt lat="50.457763" lon="6.662017"><ele>565</ele></trkpt>
   <trkpt lat="50.456463" lon="6.661353"><ele>569</ele></trkpt>
   <trkpt lat="50.454683" lon="6.660433"><ele>565.75</ele></trkpt>
   <trkpt lat="50.454641" lon="6.659801"><ele>565.25</ele></trkpt>
   <trkpt lat="50.454212" lon="6.65926"><ele>563</ele></trkpt>
   <trkpt lat="50.454105" lon="6.658172"><ele>560.5</ele></trkpt>
   <trkpt lat="50.45378" lon="6.657471"><ele>558</ele></trkpt>
   <trkpt lat="50.453605" lon="6.656936"><ele>556</ele></trkpt>
   <trkpt lat="50.453148" lon="6.654666"><ele>552</ele></trkpt>
   <trkpt lat="50.452881" lon="6.653389"><ele>552.25</ele></trkpt>
   <trkpt lat="50.452454" lon="6.651253"><ele>551.25</ele></trkpt>
   <trkpt lat="50.45243" lon="6.651173"><ele>551.75</ele></trkpt>
   <trkpt lat="50.451695" lon="6.648661"><ele>552.75</ele></trkpt>
   <trkpt lat="50.45131" lon="6.647205"><ele>551.5</ele></trkpt>
   <trkpt lat="50.45024" lon="6.643336"><ele>548.25</ele></trkpt>
   <trkpt lat="50.450213" lon="6.643248"><ele>548</ele></trkpt>
   <trkpt lat="50.449466" lon="6.641308"><ele>548.5</ele></trkpt>
   <trkpt lat="50.449409" lon="6.64111"><ele>548.25</ele></trkpt>
   <trkpt lat="50.449347" lon="6.640957"><ele>548.5</ele></trkpt>
   <trkpt lat="50.449142" lon="6.640135"><ele>550</ele></trkpt>
   <trkpt lat="50.448932" lon="6.639193"><ele>549.25</ele></trkpt>
   <trkpt lat="50.448851" lon="6.638835"><ele>549</ele></trkpt>
   <trkpt lat="50.448774" lon="6.638548"><ele>548.75</ele></trkpt>
   <trkpt lat="50.448635" lon="6.638166"><ele>548.5</ele></trkpt>
   <trkpt lat="50.448128" lon="6.636997"><ele>548.5</ele></trkpt>
   <trkpt lat="50.448074" lon="6.636932"><ele>548.75</ele></trkpt>
   <trkpt lat="50.448097" lon="6.63683"><ele>548.5</ele></trkpt>
   <trkpt lat="50.448173" lon="6.636847"><ele>548</ele></trkpt>
   <trkpt lat="50.448411" lon="6.637356"><ele>547.75</ele></trkpt>
   <trkpt lat="50.448518" lon="6.637567"><ele>547.25</ele></trkpt>
   <trkpt lat="50.44857" lon="6.637697"><ele>547.5</ele></trkpt>
   <trkpt lat="50.448711" lon="6.637641"><ele>546.25</ele></trkpt>
   <trkpt lat="50.448735" lon="6.637518"><ele>545.5</ele></trkpt>
   <trkpt lat="50.448772" lon="6.637184"><ele>545.25</ele></trkpt>
   <trkpt lat="50.448882" lon="6.634259"><ele>541</ele></trkpt>
   <trkpt lat="50.448822" lon="6.634024"><ele>541.25</ele></trkpt>
   <trkpt lat="50.448565" lon="6.633372"><ele>542.25</ele></trkpt>
   <trkpt lat="50.448202" lon="6.632513"><ele>543.25</ele></trkpt>
   <trkpt lat="50.447928" lon="6.632042"><ele>544</ele></trkpt>
   <trkpt lat="50.447388" lon="6.631543"><ele>544</ele></trkpt>
   <trkpt lat="50.446612" lon="6.630979"><ele>543</ele></trkpt>
   <trkpt lat="50.445172" lon="6.629007"><ele>538</ele></trkpt>
   <trkpt lat="50.445061" lon="6.628865"><ele>537.5</ele></trkpt>
   <trkpt lat="50.44501" lon="6.628783"><ele>537</ele></trkpt>
   <trkpt lat="50.444725" lon="6.628859"><ele>537.75</ele></trkpt>
   <trkpt lat="50.444241" lon="6.628941"><ele>540</ele></trkpt>
   <trkpt lat="50.444087" lon="6.628917"><ele>539.75</ele></trkpt>
   <trkpt lat="50.443715" lon="6.628884"><ele>539.25</ele></trkpt>
   <trkpt lat="50.443646" lon="6.628888"><ele>539</ele></trkpt>
   <trkpt lat="50.443604" lon="6.62888"><ele>538.75</ele></trkpt>
   <trkpt lat="50.44355" lon="6.628855"><ele>538.5</ele></trkpt>
   <trkpt lat="50.4435" lon="6.628814"><ele>538</ele></trkpt>
   <trkpt lat="50.443455" lon="6.628762"><ele>537.75</ele></trkpt>
   <trkpt lat="50.442909" lon="6.628026"><ele>534.25</ele></trkpt>
   <trkpt lat="50.442303" lon="6.627147"><ele>533.75</ele></trkpt>
   <trkpt lat="50.441817" lon="6.626446"><ele>533.75</ele></trkpt>
   <trkpt lat="50.441778" lon="6.62641"><ele>533.75</ele></trkpt>
   <trkpt lat="50.441762" lon="6.626402"><ele>533.75</ele></trkpt>
   <trkpt lat="50.441761" lon="6.626313"><ele>534.25</ele></trkpt>
   <trkpt lat="50.441694" lon="6.625831"><ele>536</ele></trkpt>
   <trkpt lat="50.441674" lon="6.625726"><ele>536.75</ele></trkpt>
   <trkpt lat="50.44163" lon="6.625566"><ele>538</ele></trkpt>
   <trkpt lat="50.441549" lon="6.625358"><ele>538.75</ele></trkpt>
   <trkpt lat="50.441493" lon="6.625196"><ele>539</ele></trkpt>
   <trkpt lat="50.441409" lon="6.624933"><ele>539.75</ele></trkpt>
   <trkpt lat="50.441387" lon="6.624809"><ele>540</ele></trkpt>
   <trkpt lat="50.441378" lon="6.624677"><ele>540</ele></trkpt>
   <trkpt lat="50.441382" lon="6.62456"><ele>540.5</ele></trkpt>
   <trkpt lat="50.441405" lon="6.624393"><ele>540.75</ele></trkpt>
   <trkpt lat="50.441393" lon="6.624288"><ele>540.75</ele></trkpt>
   <trkpt lat="50.441412" lon="6.623939"><ele>541</ele></trkpt>
   <trkpt lat="50.441401" lon="6.623707"><ele>541</ele></trkpt>
   <trkpt lat="50.441364" lon="6.623455"><ele>541.5</ele></trkpt>
   <trkpt lat="50.441306" lon="6.623241"><ele>541.75</ele></trkpt>
   <trkpt lat="50.441175" lon="6.62289"><ele>541</ele></trkpt>
   <trkpt lat="50.44108" lon="6.622657"><ele>540.75</ele></trkpt>
   <trkpt lat="50.441004" lon="6.622499"><ele>540.75</ele></trkpt>
   <trkpt lat="50.440582" lon="6.621736"><ele>538.25</ele></trkpt>
   <trkpt lat="50.440277" lon="6.621171"><ele>537</ele></trkpt>
   <trkpt lat="50.439904" lon="6.620318"><ele>535.25</ele></trkpt>
   <trkpt lat="50.439843" lon="6.62021"><ele>535.25</ele></trkpt>
   <trkpt lat="50.439779" lon="6.620137"><ele>534.75</ele></trkpt>
   <trkpt lat="50.439687" lon="6.620053"><ele>534.25</ele></trkpt>
   <trkpt lat="50.439454" lon="6.619837"><ele>534.75</ele></trkpt>
   <trkpt lat="50.439227" lon="6.619638"><ele>537.25</ele></trkpt>
   <trkpt lat="50.439013" lon="6.619403"><ele>538.5</ele></trkpt>
   <trkpt lat="50.438668" lon="6.618995"><ele>540.75</ele></trkpt>
   <trkpt lat="50.438504" lon="6.618792"><ele>541.5</ele></trkpt>
   <trkpt lat="50.438347" lon="6.618568"><ele>542</ele></trkpt>
   <trkpt lat="50.43823" lon="6.618376"><ele>542.75</ele></trkpt>
   <trkpt lat="50.437605" lon="6.617314"><ele>545.75</ele></trkpt>
   <trkpt lat="50.437113" lon="6.616507"><ele>548.25</ele></trkpt>
   <trkpt lat="50.436851" lon="6.616088"><ele>549.5</ele></trkpt>
   <trkpt lat="50.436693" lon="6.615788"><ele>550.5</ele></trkpt>
   <trkpt lat="50.436566" lon="6.615504"><ele>550.5</ele></trkpt>
   <trkpt lat="50.435947" lon="6.61319"><ele>551.5</ele></trkpt>
   <trkpt lat="50.435861" lon="6.612919"><ele>551.25</ele></trkpt>
   <trkpt lat="50.435434" lon="6.612051"><ele>550.25</ele></trkpt>
   <trkpt lat="50.435326" lon="6.611866"><ele>549.75</ele></trkpt>
   <trkpt lat="50.435125" lon="6.611601"><ele>549.25</ele></trkpt>
   <trkpt lat="50.434267" lon="6.610591"><ele>545</ele></trkpt>
   <trkpt lat="50.43397" lon="6.610381"><ele>544.75</ele></trkpt>
   <trkpt lat="50.433464" lon="6.61007"><ele>544.25</ele></trkpt>
   <trkpt lat="50.433145" lon="6.609972"><ele>544.5</ele></trkpt>
   <trkpt lat="50.433058" lon="6.609958"><ele>544.75</ele></trkpt>
   <trkpt lat="50.432999" lon="6.609871"><ele>544.75</ele></trkpt>
   <trkpt lat="50.432939" lon="6.609746"><ele>544.75</ele></trkpt>
   <trkpt lat="50.43291" lon="6.609612"><ele>546.25</ele></trkpt>
   <trkpt lat="50.43292" lon="6.609419"><ele>548.75</ele></trkpt>
   <trkpt lat="50.433002" lon="6.609066"><ele>548</ele></trkpt>
   <trkpt lat="50.43305" lon="6.608887"><ele>543</ele></trkpt>
   <trkpt lat="50.432966" lon="6.608859"><ele>544.25</ele></trkpt>
   <trkpt lat="50.432258" lon="6.608551"><ele>548.75</ele></trkpt>
   <trkpt lat="50.431386" lon="6.608011"><ele>552.5</ele></trkpt>
   <trkpt lat="50.43041" lon="6.607217"><ele>553</ele></trkpt>
   <trkpt lat="50.428729" lon="6.605562"><ele>558</ele></trkpt>
   <trkpt lat="50.428004" lon="6.604707"><ele>559.25</ele></trkpt>
   <trkpt lat="50.427231" lon="6.603692"><ele>561.25</ele></trkpt>
   <trkpt lat="50.426826" lon="6.603043"><ele>561.75</ele></trkpt>
   <trkpt lat="50.426774" lon="6.602918"><ele>561.5</ele></trkpt>
   <trkpt lat="50.426763" lon="6.60264"><ele>561</ele></trkpt>
   <trkpt lat="50.426728" lon="6.602502"><ele>561</ele></trkpt>
   <trkpt lat="50.42669" lon="6.602415"><ele>561</ele></trkpt>
   <trkpt lat="50.42656" lon="6.602557"><ele>561.5</ele></trkpt>
   <trkpt lat="50.426145" lon="6.601869"><ele>561.5</ele></trkpt>
   <trkpt lat="50.425743" lon="6.601161"><ele>562.25</ele></trkpt>
   <trkpt lat="50.425151" lon="6.600082"><ele>563</ele></trkpt>
   <trkpt lat="50.424392" lon="6.598836"><ele>559.5</ele></trkpt>
   <trkpt lat="50.424337" lon="6.598714"><ele>559</ele></trkpt>
   <trkpt lat="50.424248" lon="6.598368"><ele>558</ele></trkpt>
   <trkpt lat="50.42416" lon="6.598137"><ele>557.25</ele></trkpt>
   <trkpt lat="50.424049" lon="6.597987"><ele>556.75</ele></trkpt>
   <trkpt lat="50.423887" lon="6.5979"><ele>556.25</ele></trkpt>
   <trkpt lat="50.423818" lon="6.597831"><ele>556.25</ele></trkpt>
   <trkpt lat="50.420605" lon="6.592179"><ele>558.5</ele></trkpt>
   <trkpt lat="50.420472" lon="6.591753"><ele>559</ele></trkpt>
   <trkpt lat="50.420401" lon="6.591565"><ele>559.25</ele></trkpt>
   <trkpt lat="50.420918" lon="6.590873"><ele>555.75</ele></trkpt>
   <trkpt lat="50.421794" lon="6.589653"><ele>550.25</ele></trkpt>
   <trkpt lat="50.422104" lon="6.589223"><ele>547</ele></trkpt>
   <trkpt lat="50.422155" lon="6.589111"><ele>546.25</ele></trkpt>
   <trkpt lat="50.422132" lon="6.588993"><ele>546.5</ele></trkpt>
   <trkpt lat="50.421626" lon="6.588075"><ele>549.25</ele></trkpt>
   <trkpt lat="50.420152" lon="6.585501"><ele>553.75</ele></trkpt>
   <trkpt lat="50.419571" lon="6.58426"><ele>552.25</ele></trkpt>
   <trkpt lat="50.418492" lon="6.581804"><ele>549.5</ele></trkpt>
   <trkpt lat="50.418479" lon="6.581759"><ele>549.75</ele></trkpt>
   <trkpt lat="50.417725" lon="6.579"><ele>555.75</ele></trkpt>
   <trkpt lat="50.417105" lon="6.576445"><ele>555.75</ele></trkpt>
   <trkpt lat="50.416899" lon="6.575533"><ele>557</ele></trkpt>
   <trkpt lat="50.416701" lon="6.574788"><ele>558.5</ele></trkpt>
   <trkpt lat="50.416668" lon="6.574545"><ele>558.75</ele></trkpt>
   <trkpt lat="50.416583" lon="6.574509"><ele>559.25</ele></trkpt>
   <trkpt lat="50.416468" lon="6.574521"><ele>559.5</ele></trkpt>
   <trkpt lat="50.416379" lon="6.574572"><ele>560</ele></trkpt>
   <trkpt lat="50.416136" lon="6.574894"><ele>560.75</ele></trkpt>
   <trkpt lat="50.415519" lon="6.575495"><ele>564.25</ele></trkpt>
   <trkpt lat="50.41482" lon="6.576246"><ele>568.25</ele></trkpt>
   <trkpt lat="50.41466" lon="6.576437"><ele>569.5</ele></trkpt>
   <trkpt lat="50.414449" lon="6.575675"><ele>570.75</ele></trkpt>
   <trkpt lat="50.414102" lon="6.57398"><ele>571</ele></trkpt>
   <trkpt lat="50.413965" lon="6.572951"><ele>571</ele></trkpt>
   <trkpt lat="50.413833" lon="6.57202"><ele>571</ele></trkpt>
   <trkpt lat="50.41368" lon="6.57135"><ele>571.75</ele></trkpt>
   <trkpt lat="50.412579" lon="6.567254"><ele>573.5</ele></trkpt>
   <trkpt lat="50.412122" lon="6.56514"><ele>573</ele></trkpt>
   <trkpt lat="50.411811" lon="6.563971"><ele>572</ele></trkpt>
   <trkpt lat="50.411567" lon="6.563142"><ele>572.75</ele></trkpt>
   <trkpt lat="50.411369" lon="6.562449"><ele>573</ele></trkpt>
   <trkpt lat="50.411444" lon="6.56239"><ele>572.75</ele></trkpt>
   <trkpt lat="50.411716" lon="6.562175"><ele>572</ele></trkpt>
   <trkpt lat="50.411994" lon="6.561985"><ele>571.5</ele></trkpt>
   <trkpt lat="50.412149" lon="6.561906"><ele>570.5</ele></trkpt>
   <trkpt lat="50.412151" lon="6.561826"><ele>570.5</ele></trkpt>
   <trkpt lat="50.412168" lon="6.56172"><ele>570.25</ele></trkpt>
   <trkpt lat="50.412702" lon="6.560529"><ele>565.5</ele></trkpt>
   <trkpt lat="50.412506" lon="6.559424"><ele>567.75</ele></trkpt>
   <trkpt lat="50.412381" lon="6.558768"><ele>568.25</ele></trkpt>
   <trkpt lat="50.41237" lon="6.558618"><ele>567.75</ele></trkpt>
   <trkpt lat="50.412372" lon="6.558491"><ele>567.75</ele></trkpt>
   <trkpt lat="50.412478" lon="6.557457"><ele>566</ele></trkpt>
   <trkpt lat="50.412485" lon="6.557401"><ele>566</ele></trkpt>
   <trkpt lat="50.412573" lon="6.556562"><ele>562.25</ele></trkpt>
   <trkpt lat="50.412664" lon="6.555685"><ele>563</ele></trkpt>
   <trkpt lat="50.41275" lon="6.554939"><ele>563.75</ele></trkpt>
   <trkpt lat="50.412758" lon="6.554775"><ele>563.25</ele></trkpt>
   <trkpt lat="50.41278" lon="6.55364"><ele>556</ele></trkpt>
   <trkpt lat="50.412794" lon="6.553555"><ele>555.75</ele></trkpt>
   <trkpt lat="50.412027" lon="6.552815"><ele>561.25</ele></trkpt>
   <trkpt lat="50.411951" lon="6.552711"><ele>561.5</ele></trkpt>
   <trkpt lat="50.411869" lon="6.552544"><ele>561.5</ele></trkpt>
   <trkpt lat="50.411815" lon="6.5524"><ele>561.75</ele></trkpt>
   <trkpt lat="50.411447" lon="6.551038"><ele>563.75</ele></trkpt>
   <trkpt lat="50.411338" lon="6.550801"><ele>563.25</ele></trkpt>
   <trkpt lat="50.411267" lon="6.550727"><ele>561.75</ele></trkpt>
   <trkpt lat="50.411309" lon="6.55051"><ele>557.75</ele></trkpt>
   <trkpt lat="50.411343" lon="6.550246"><ele>557.75</ele></trkpt>
   <trkpt lat="50.411352" lon="6.550118"><ele>560.75</ele></trkpt>
   <trkpt lat="50.411347" lon="6.549992"><ele>563.5</ele></trkpt>
   <trkpt lat="50.411324" lon="6.549863"><ele>563.25</ele></trkpt>
   <trkpt lat="50.41129" lon="6.549749"><ele>563.5</ele></trkpt>
   <trkpt lat="50.411186" lon="6.549529"><ele>563.75</ele></trkpt>
   <trkpt lat="50.411022" lon="6.549727"><ele>564.5</ele></trkpt>
   <trkpt lat="50.410972" lon="6.549759"><ele>563.75</ele></trkpt>
   <trkpt lat="50.410907" lon="6.549763"><ele>563.25</ele></trkpt>
   <trkpt lat="50.410637" lon="6.549639"><ele>564.75</ele></trkpt>
   <trkpt lat="50.410354" lon="6.549606"><ele>564.25</ele></trkpt>
   <trkpt lat="50.410161" lon="6.5496"><ele>563.25</ele></trkpt>
   <trkpt lat="50.409638" lon="6.549643"><ele>560.25</ele></trkpt>
   <trkpt lat="50.408986" lon="6.549772"><ele>555.75</ele></trkpt>
   <trkpt lat="50.408279" lon="6.549862"><ele>554</ele></trkpt>
   <trkpt lat="50.407107" lon="6.550059"><ele>552.5</ele></trkpt>
   <trkpt lat="50.406653" lon="6.550147"><ele>549.75</ele></trkpt>
   <trkpt lat="50.406398" lon="6.55023"><ele>549</ele></trkpt>
   <trkpt lat="50.406063" lon="6.550363"><ele>547.75</ele></trkpt>
   <trkpt lat="50.405958" lon="6.550425"><ele>547</ele></trkpt>
   <trkpt lat="50.405677" lon="6.550668"><ele>545.5</ele></trkpt>
   <trkpt lat="50.405573" lon="6.550746"><ele>545.5</ele></trkpt>
   <trkpt lat="50.405494" lon="6.550774"><ele>545.25</ele></trkpt>
   <trkpt lat="50.405441" lon="6.55076"><ele>545</ele></trkpt>
   <trkpt lat="50.405379" lon="6.550724"><ele>544.75</ele></trkpt>
   <trkpt lat="50.405347" lon="6.55068"><ele>544.75</ele></trkpt>
   <trkpt lat="50.40533" lon="6.550628"><ele>544.75</ele></trkpt>
   <trkpt lat="50.405329" lon="6.550565"><ele>544.75</ele></trkpt>
   <trkpt lat="50.405397" lon="6.55026"><ele>545</ele></trkpt>
   <trkpt lat="50.405615" lon="6.548988"><ele>547</ele></trkpt>
   <trkpt lat="50.405639" lon="6.548773"><ele>547</ele></trkpt>
   <trkpt lat="50.405649" lon="6.548558"><ele>547</ele></trkpt>
   <trkpt lat="50.405644" lon="6.547784"><ele>548</ele></trkpt>
   <trkpt lat="50.403951" lon="6.547001"><ele>557.75</ele></trkpt>
   <trkpt lat="50.402119" lon="6.54618"><ele>558.25</ele></trkpt>
   <trkpt lat="50.401924" lon="6.545996"><ele>557.25</ele></trkpt>
   <trkpt lat="50.401805" lon="6.545924"><ele>556.25</ele></trkpt>
   <trkpt lat="50.40048" lon="6.545331"><ele>545</ele></trkpt>
   <trkpt lat="50.400155" lon="6.545199"><ele>542.25</ele></trkpt>
   <trkpt lat="50.399954" lon="6.545156"><ele>540.75</ele></trkpt>
   <trkpt lat="50.399772" lon="6.545149"><ele>540</ele></trkpt>
   <trkpt lat="50.399751" lon="6.545021"><ele>540</ele></trkpt>
   <trkpt lat="50.399496" lon="6.544071"><ele>539</ele></trkpt>
   <trkpt lat="50.398618" lon="6.540713"><ele>532.25</ele></trkpt>
   <trkpt lat="50.398247" lon="6.539276"><ele>534</ele></trkpt>
   <trkpt lat="50.398041" lon="6.538478"><ele>532.75</ele></trkpt>
   <trkpt lat="50.397827" lon="6.537646"><ele>533.25</ele></trkpt>
   <trkpt lat="50.39747" lon="6.536859"><ele>532</ele></trkpt>
   <trkpt lat="50.396961" lon="6.53571"><ele>537.25</ele></trkpt>
   <trkpt lat="50.395516" lon="6.531864"><ele>547.75</ele></trkpt>
   <trkpt lat="50.394299" lon="6.529995"><ele>551.25</ele></trkpt>
   <trkpt lat="50.393722" lon="6.529091"><ele>551.5</ele></trkpt>
   <trkpt lat="50.393125" lon="6.528155"><ele>550.25</ele></trkpt>
   <trkpt lat="50.392216" lon="6.526765"><ele>547.75</ele></trkpt>
   <trkpt lat="50.391678" lon="6.525925"><ele>547</ele></trkpt>
   <trkpt lat="50.391191" lon="6.525162"><ele>545.25</ele></trkpt>
   <trkpt lat="50.389804" lon="6.52412"><ele>539.25</ele></trkpt>
   <trkpt lat="50.389623" lon="6.523951"><ele>539</ele></trkpt>
   <trkpt lat="50.388471" lon="6.521873"><ele>536.25</ele></trkpt>
   <trkpt lat="50.387616" lon="6.522863"><ele>529.5</ele></trkpt>
   <trkpt lat="50.386076" lon="6.524874"><ele>533</ele></trkpt>
   <trkpt lat="50.385755" lon="6.525262"><ele>536</ele></trkpt>
   <trkpt lat="50.385284" lon="6.525862"><ele>545</ele></trkpt>
   <trkpt lat="50.38486" lon="6.526145"><ele>544.25</ele></trkpt>
   <trkpt lat="50.384732" lon="6.526251"><ele>543</ele></trkpt>
   <trkpt lat="50.384567" lon="6.526416"><ele>541.75</ele></trkpt>
   <trkpt lat="50.382445" lon="6.528561"><ele>536</ele></trkpt>
   <trkpt lat="50.380494" lon="6.530555"><ele>541</ele></trkpt>
   <trkpt lat="50.378346" lon="6.532743"><ele>560.75</ele></trkpt>
   <trkpt lat="50.377586" lon="6.531003"><ele>565.25</ele></trkpt>
   <trkpt lat="50.376713" lon="6.529001"><ele>567.75</ele></trkpt>
   <trkpt lat="50.375155" lon="6.525433"><ele>569</ele></trkpt>
   <trkpt lat="50.37433" lon="6.525884"><ele>568.5</ele></trkpt>
   <trkpt lat="50.373805" lon="6.525983"><ele>564</ele></trkpt>
   <trkpt lat="50.372624" lon="6.526203"><ele>555.75</ele></trkpt>
   <trkpt lat="50.372512" lon="6.526287"><ele>554.25</ele></trkpt>
   <trkpt lat="50.372301" lon="6.526486"><ele>552</ele></trkpt>
   <trkpt lat="50.37228" lon="6.526506"><ele>551.75</ele></trkpt>
   <trkpt lat="50.371499" lon="6.527322"><ele>546.75</ele></trkpt>
   <trkpt lat="50.370987" lon="6.527801"><ele>547</ele></trkpt>
   <trkpt lat="50.370455" lon="6.528277"><ele>547.25</ele></trkpt>
   <trkpt lat="50.369842" lon="6.525983"><ele>545.75</ele></trkpt>
   <trkpt lat="50.369757" lon="6.525718"><ele>545.25</ele></trkpt>
   <trkpt lat="50.369331" lon="6.524633"><ele>542.25</ele></trkpt>
   <trkpt lat="50.36912" lon="6.524137"><ele>541</ele></trkpt>
   <trkpt lat="50.368966" lon="6.523683"><ele>540.5</ele></trkpt>
   <trkpt lat="50.368484" lon="6.522494"><ele>540.75</ele></trkpt>
   <trkpt lat="50.368224" lon="6.521455"><ele>538.5</ele></trkpt>
   <trkpt lat="50.368016" lon="6.52075"><ele>537</ele></trkpt>
   <trkpt lat="50.367757" lon="6.519975"><ele>533.75</ele></trkpt>
   <trkpt lat="50.367436" lon="6.519212"><ele>528.5</ele></trkpt>
   <trkpt lat="50.366501" lon="6.515629"><ele>507.25</ele></trkpt>
   <trkpt lat="50.366187" lon="6.514047"><ele>501.25</ele></trkpt>
   <trkpt lat="50.365978" lon="6.513537"><ele>498</ele></trkpt>
   <trkpt lat="50.365724" lon="6.512956"><ele>494.75</ele></trkpt>
   <trkpt lat="50.365484" lon="6.511946"><ele>488.75</ele></trkpt>
   <trkpt lat="50.365468" lon="6.51188"><ele>488.25</ele></trkpt>
   <trkpt lat="50.365069" lon="6.511205"><ele>483.5</ele></trkpt>
   <trkpt lat="50.364754" lon="6.510779"><ele>478.5</ele></trkpt>
   <trkpt lat="50.364602" lon="6.510671"><ele>476.75</ele></trkpt>
   <trkpt lat="50.364454" lon="6.510644"><ele>475.75</ele></trkpt>
   <trkpt lat="50.364295" lon="6.510683"><ele>474</ele></trkpt>
   <trkpt lat="50.363864" lon="6.510977"><ele>469</ele></trkpt>
   <trkpt lat="50.36359" lon="6.511233"><ele>466.75</ele></trkpt>
   <trkpt lat="50.362988" lon="6.511782"><ele>469.25</ele></trkpt>
   <trkpt lat="50.362826" lon="6.51204"><ele>471.75</ele></trkpt>
   <trkpt lat="50.362709" lon="6.512192"><ele>473.25</ele></trkpt>
   <trkpt lat="50.362447" lon="6.512358"><ele>473.75</ele></trkpt>
   <trkpt lat="50.362131" lon="6.512542"><ele>478</ele></trkpt>
   <trkpt lat="50.361935" lon="6.51264"><ele>480</ele></trkpt>
   <trkpt lat="50.361826" lon="6.512791"><ele>478.5</ele></trkpt>
   <trkpt lat="50.361568" lon="6.513567"><ele>477.25</ele></trkpt>
   <trkpt lat="50.361268" lon="6.514239"><ele>470.5</ele></trkpt>
   <trkpt lat="50.361002" lon="6.514662"><ele>465.5</ele></trkpt>
   <trkpt lat="50.36067" lon="6.515295"><ele>462</ele></trkpt>
   <trkpt lat="50.360561" lon="6.515113"><ele>460</ele></trkpt>
   <trkpt lat="50.360495" lon="6.51522"><ele>459.5</ele></trkpt>
   <trkpt lat="50.360469" lon="6.515164"><ele>459.25</ele></trkpt>
   <trkpt lat="50.360428" lon="6.515104"><ele>458.75</ele></trkpt>
   <trkpt lat="50.360308" lon="6.515279"><ele>459</ele></trkpt>
   <trkpt lat="50.36003" lon="6.515726"><ele>457.5</ele></trkpt>
   <trkpt lat="50.35996" lon="6.515737"><ele>457.25</ele></trkpt>
   <trkpt lat="50.359574" lon="6.515303"><ele>456</ele></trkpt>
   <trkpt lat="50.359503" lon="6.515159"><ele>455.5</ele></trkpt>
   <trkpt lat="50.359496" lon="6.515006"><ele>455</ele></trkpt>
   <trkpt lat="50.359604" lon="6.514528"><ele>455.75</ele></trkpt>
   <trkpt lat="50.359652" lon="6.51412"><ele>456</ele></trkpt>
   <trkpt lat="50.359679" lon="6.513648"><ele>456</ele></trkpt>
   <trkpt lat="50.359707" lon="6.513399"><ele>456</ele></trkpt>
   <trkpt lat="50.359721" lon="6.513331"><ele>456</ele></trkpt>
   <trkpt lat="50.359754" lon="6.51324"><ele>456</ele></trkpt>
   <trkpt lat="50.359859" lon="6.513106"><ele>456</ele></trkpt>
   <trkpt lat="50.35987" lon="6.513024"><ele>456</ele></trkpt>
   <trkpt lat="50.35996" lon="6.512722"><ele>456.75</ele></trkpt>
   <trkpt lat="50.359819" lon="6.512463"><ele>457.75</ele></trkpt>
   <trkpt lat="50.35979" lon="6.512331"><ele>458.5</ele></trkpt>
   <trkpt lat="50.359828" lon="6.512283"><ele>458.25</ele></trkpt>
   <trkpt lat="50.360002" lon="6.51187"><ele>459</ele></trkpt>
   <trkpt lat="50.3602" lon="6.511356"><ele>459.75</ele></trkpt>
   <trkpt lat="50.360328" lon="6.510863"><ele>463.75</ele></trkpt>
   <trkpt lat="50.360386" lon="6.510427"><ele>463</ele></trkpt>
   <trkpt lat="50.360447" lon="6.510093"><ele>462.25</ele></trkpt>
   <trkpt lat="50.360501" lon="6.509835"><ele>461.25</ele></trkpt>
   <trkpt lat="50.360539" lon="6.509528"><ele>461.75</ele></trkpt>
   <trkpt lat="50.360552" lon="6.508979"><ele>463</ele></trkpt>
   <trkpt lat="50.360541" lon="6.508611"><ele>462.25</ele></trkpt>
   <trkpt lat="50.36055" lon="6.508317"><ele>462</ele></trkpt>
   <trkpt lat="50.360612" lon="6.507828"><ele>460.75</ele></trkpt>
   <trkpt lat="50.360742" lon="6.507134"><ele>460</ele></trkpt>
   <trkpt lat="50.360802" lon="6.506846"><ele>460.25</ele></trkpt>
   <trkpt lat="50.360859" lon="6.506695"><ele>460.75</ele></trkpt>
   <trkpt lat="50.361307" lon="6.505893"><ele>460</ele></trkpt>
   <trkpt lat="50.36135" lon="6.505795"><ele>460</ele></trkpt>
   <trkpt lat="50.361397" lon="6.505661"><ele>460.5</ele></trkpt>
   <trkpt lat="50.361241" lon="6.505512"><ele>460.25</ele></trkpt>
   <trkpt lat="50.361078" lon="6.50541"><ele>460.5</ele></trkpt>
   <trkpt lat="50.360647" lon="6.50521"><ele>460.25</ele></trkpt>
   <trkpt lat="50.359471" lon="6.504211"><ele>465.5</ele></trkpt>
   <trkpt lat="50.359289" lon="6.504029"><ele>467.5</ele></trkpt>
   <trkpt lat="50.359174" lon="6.503845"><ele>468.75</ele></trkpt>
   <trkpt lat="50.359086" lon="6.503624"><ele>470</ele></trkpt>
   <trkpt lat="50.358864" lon="6.503728"><ele>474</ele></trkpt>
   <trkpt lat="50.358699" lon="6.50379"><ele>472.5</ele></trkpt>
   <trkpt lat="50.358594" lon="6.503782"><ele>471.5</ele></trkpt>
   <trkpt lat="50.358544" lon="6.503756"><ele>470.75</ele></trkpt>
   <trkpt lat="50.357852" lon="6.503391"><ele>468.75</ele></trkpt>
   <trkpt lat="50.357338" lon="6.503155"><ele>470.5</ele></trkpt>
   <trkpt lat="50.356818" lon="6.503091"><ele>471</ele></trkpt>
   <trkpt lat="50.355867" lon="6.502865"><ele>473</ele></trkpt>
   <trkpt lat="50.354806" lon="6.502511"><ele>475.25</ele></trkpt>
   <trkpt lat="50.354315" lon="6.502464"><ele>476.25</ele></trkpt>
   <trkpt lat="50.354272" lon="6.502486"><ele>476.25</ele></trkpt>
   <trkpt lat="50.353692" lon="6.502808"><ele>475.25</ele></trkpt>
   <trkpt lat="50.353414" lon="6.502939"><ele>474.75</ele></trkpt>
   <trkpt lat="50.353149" lon="6.503095"><ele>474.75</ele></trkpt>
   <trkpt lat="50.352374" lon="6.503706"><ele>474.75</ele></trkpt>
   <trkpt lat="50.352123" lon="6.503931"><ele>475.25</ele></trkpt>
   <trkpt lat="50.352002" lon="6.504093"><ele>475.5</ele></trkpt>
   <trkpt lat="50.351891" lon="6.504263"><ele>476.25</ele></trkpt>
   <trkpt lat="50.351814" lon="6.504403"><ele>476.5</ele></trkpt>
   <trkpt lat="50.351758" lon="6.504504"><ele>476.5</ele></trkpt>
   <trkpt lat="50.351686" lon="6.504636"><ele>476.75</ele></trkpt>
   <trkpt lat="50.351439" lon="6.505012"><ele>478.5</ele></trkpt>
   <trkpt lat="50.351382" lon="6.505208"><ele>479</ele></trkpt>
   <trkpt lat="50.351308" lon="6.505355"><ele>479.5</ele></trkpt>
   <trkpt lat="50.3512" lon="6.505545"><ele>480</ele></trkpt>
   <trkpt lat="50.351086" lon="6.505719"><ele>480.5</ele></trkpt>
   <trkpt lat="50.350986" lon="6.505836"><ele>481.25</ele></trkpt>
   <trkpt lat="50.350867" lon="6.505929"><ele>481.75</ele></trkpt>
   <trkpt lat="50.350748" lon="6.505979"><ele>482.5</ele></trkpt>
   <trkpt lat="50.350631" lon="6.506004"><ele>483.5</ele></trkpt>
   <trkpt lat="50.350504" lon="6.506"><ele>484.25</ele></trkpt>
   <trkpt lat="50.350377" lon="6.50596"><ele>485.25</ele></trkpt>
   <trkpt lat="50.350229" lon="6.505837"><ele>486.75</ele></trkpt>
   <trkpt lat="50.350064" lon="6.505665"><ele>488.25</ele></trkpt>
   <trkpt lat="50.349796" lon="6.50542"><ele>491.25</ele></trkpt>
   <trkpt lat="50.349531" lon="6.505148"><ele>494.25</ele></trkpt>
   <trkpt lat="50.349386" lon="6.504891"><ele>496.75</ele></trkpt>
   <trkpt lat="50.349423" lon="6.504802"><ele>497.75</ele></trkpt>
   <trkpt lat="50.349439" lon="6.504709"><ele>498.75</ele></trkpt>
   <trkpt lat="50.349441" lon="6.504662"><ele>499</ele></trkpt>
   <trkpt lat="50.349433" lon="6.504565"><ele>499.25</ele></trkpt>
   <trkpt lat="50.349417" lon="6.504513"><ele>499.5</ele></trkpt>
   <trkpt lat="50.349328" lon="6.504337"><ele>500.5</ele></trkpt>
   <trkpt lat="50.349234" lon="6.504108"><ele>502.25</ele></trkpt>
   <trkpt lat="50.349153" lon="6.503829"><ele>504</ele></trkpt>
   <trkpt lat="50.349142" lon="6.503768"><ele>504.25</ele></trkpt>
   <trkpt lat="50.349134" lon="6.50364"><ele>504.75</ele></trkpt>
   <trkpt lat="50.348902" lon="6.503607"><ele>505</ele></trkpt>
   <trkpt lat="50.348694" lon="6.503583"><ele>505</ele></trkpt>
   <trkpt lat="50.348242" lon="6.503744"><ele>508.25</ele></trkpt>
   <trkpt lat="50.34773" lon="6.503933"><ele>509.75</ele></trkpt>
   <trkpt lat="50.347551" lon="6.503938"><ele>509.75</ele></trkpt>
   <trkpt lat="50.347334" lon="6.503943"><ele>509</ele></trkpt>
   <trkpt lat="50.347263" lon="6.503978"><ele>508.5</ele></trkpt>
   <trkpt lat="50.347207" lon="6.503928"><ele>508.75</ele></trkpt>
   <trkpt lat="50.347137" lon="6.50379"><ele>510.5</ele></trkpt>
   <trkpt lat="50.34706" lon="6.503489"><ele>513.5</ele></trkpt>
   <trkpt lat="50.34703" lon="6.503007"><ele>517.25</ele></trkpt>
   <trkpt lat="50.347033" lon="6.502876"><ele>518.25</ele></trkpt>
   <trkpt lat="50.347061" lon="6.502599"><ele>520.25</ele></trkpt>
   <trkpt lat="50.347063" lon="6.502298"><ele>522</ele></trkpt>
   <trkpt lat="50.346993" lon="6.502055"><ele>524</ele></trkpt>
   <trkpt lat="50.346691" lon="6.501323"><ele>530.25</ele></trkpt>
   <trkpt lat="50.346618" lon="6.501097"><ele>530.75</ele></trkpt>
   <trkpt lat="50.346586" lon="6.50087"><ele>531.75</ele></trkpt>
   <trkpt lat="50.346447" lon="6.500872"><ele>531.75</ele></trkpt>
   <trkpt lat="50.3462" lon="6.500814"><ele>530.75</ele></trkpt>
   <trkpt lat="50.346054" lon="6.500771"><ele>530.5</ele></trkpt>
   <trkpt lat="50.345145" lon="6.500471"><ele>525.75</ele></trkpt>
   <trkpt lat="50.344809" lon="6.50041"><ele>524.25</ele></trkpt>
   <trkpt lat="50.344172" lon="6.500487"><ele>521</ele></trkpt>
   <trkpt lat="50.344096" lon="6.500582"><ele>519.75</ele></trkpt>
   <trkpt lat="50.343347" lon="6.501125"><ele>512</ele></trkpt>
   <trkpt lat="50.343003" lon="6.501274"><ele>507.25</ele></trkpt>
   <trkpt lat="50.342391" lon="6.501491"><ele>498.75</ele></trkpt>
   <trkpt lat="50.342198" lon="6.501531"><ele>496.75</ele></trkpt>
   <trkpt lat="50.342023" lon="6.501493"><ele>495.5</ele></trkpt>
   <trkpt lat="50.341715" lon="6.501297"><ele>496</ele></trkpt>
   <trkpt lat="50.341527" lon="6.501117"><ele>496.25</ele></trkpt>
   <trkpt lat="50.341316" lon="6.500972"><ele>497.25</ele></trkpt>
   <trkpt lat="50.341107" lon="6.500856"><ele>498</ele></trkpt>
   <trkpt lat="50.340469" lon="6.500594"><ele>500</ele></trkpt>
   <trkpt lat="50.339277" lon="6.499996"><ele>504</ele></trkpt>
   <trkpt lat="50.338837" lon="6.499724"><ele>504.75</ele></trkpt>
   <trkpt lat="50.338472" lon="6.499447"><ele>505.25</ele></trkpt>
   <trkpt lat="50.338095" lon="6.499132"><ele>506.75</ele></trkpt>
   <trkpt lat="50.337816" lon="6.498868"><ele>507.5</ele></trkpt>
   <trkpt lat="50.337612" lon="6.498725"><ele>507.75</ele></trkpt>
   <trkpt lat="50.337214" lon="6.498578"><ele>509.5</ele></trkpt>
   <trkpt lat="50.337022" lon="6.498535"><ele>510.75</ele></trkpt>
   <trkpt lat="50.336828" lon="6.498534"><ele>511.75</ele></trkpt>
   <trkpt lat="50.336645" lon="6.498573"><ele>512.25</ele></trkpt>
   <trkpt lat="50.336447" lon="6.498628"><ele>512.5</ele></trkpt>
   <trkpt lat="50.336346" lon="6.498579"><ele>513.25</ele></trkpt>
   <trkpt lat="50.335494" lon="6.498326"><ele>518.5</ele></trkpt>
   <trkpt lat="50.335334" lon="6.498257"><ele>520.25</ele></trkpt>
   <trkpt lat="50.335024" lon="6.498043"><ele>523</ele></trkpt>
   <trkpt lat="50.334776" lon="6.497793"><ele>525</ele></trkpt>
   <trkpt lat="50.334677" lon="6.497621"><ele>525</ele></trkpt>
   <trkpt lat="50.334598" lon="6.497431"><ele>525.25</ele></trkpt>
   <trkpt lat="50.33453" lon="6.497251"><ele>525.75</ele></trkpt>
   <trkpt lat="50.334437" lon="6.49705"><ele>526.5</ele></trkpt>
   <trkpt lat="50.334343" lon="6.496877"><ele>526.5</ele></trkpt>
   <trkpt lat="50.333472" lon="6.49577"><ele>523.5</ele></trkpt>
   <trkpt lat="50.333137" lon="6.495478"><ele>521</ele></trkpt>
   <trkpt lat="50.332809" lon="6.49486"><ele>521</ele></trkpt>
   <trkpt lat="50.332721" lon="6.494755"><ele>521.5</ele></trkpt>
   <trkpt lat="50.332244" lon="6.494534"><ele>521.75</ele></trkpt>
   <trkpt lat="50.331571" lon="6.493701"><ele>528</ele></trkpt>
   <trkpt lat="50.330964" lon="6.493134"><ele>530.75</ele></trkpt>
   <trkpt lat="50.330782" lon="6.493003"><ele>531</ele></trkpt>
   <trkpt lat="50.330535" lon="6.492929"><ele>531.25</ele></trkpt>
   <trkpt lat="50.329352" lon="6.492474"><ele>531</ele></trkpt>
   <trkpt lat="50.328721" lon="6.492396"><ele>531.5</ele></trkpt>
   <trkpt lat="50.32779" lon="6.492045"><ele>536.75</ele></trkpt>
   <trkpt lat="50.327083" lon="6.491701"><ele>539.75</ele></trkpt>
   <trkpt lat="50.326776" lon="6.491384"><ele>540.5</ele></trkpt>
   <trkpt lat="50.326514" lon="6.491099"><ele>540.5</ele></trkpt>
   <trkpt lat="50.326401" lon="6.491104"><ele>541</ele></trkpt>
   <trkpt lat="50.326369" lon="6.491274"><ele>540.25</ele></trkpt>
   <trkpt lat="50.326553" lon="6.491847"><ele>537.25</ele></trkpt>
   <trkpt lat="50.32662" lon="6.491999"><ele>537</ele></trkpt>
   <trkpt lat="50.326664" lon="6.492143"><ele>536.25</ele></trkpt>
   <trkpt lat="50.32675" lon="6.492363"><ele>538.25</ele></trkpt>
   <trkpt lat="50.326907" lon="6.492524"><ele>539.25</ele></trkpt>
   <trkpt lat="50.327044" lon="6.492583"><ele>539.5</ele></trkpt>
   <trkpt lat="50.327291" lon="6.492723"><ele>540.75</ele></trkpt>
   <trkpt lat="50.327852" lon="6.493007"><ele>542.25</ele></trkpt>
   <trkpt lat="50.32836" lon="6.493319"><ele>546.25</ele></trkpt>
   <trkpt lat="50.328642" lon="6.493424"><ele>546</ele></trkpt>
   <trkpt lat="50.328851" lon="6.493586"><ele>546.75</ele></trkpt>
   <trkpt lat="50.328899" lon="6.493776"><ele>546.75</ele></trkpt>
   <trkpt lat="50.328867" lon="6.49397"><ele>546.75</ele></trkpt>
   <trkpt lat="50.328781" lon="6.494129"><ele>547.25</ele></trkpt>
   <trkpt lat="50.328579" lon="6.494249"><ele>548.25</ele></trkpt>
   <trkpt lat="50.328014" lon="6.494406"><ele>552.25</ele></trkpt>
   <trkpt lat="50.327898" lon="6.494515"><ele>554.25</ele></trkpt>
   <trkpt lat="50.327857" lon="6.494675"><ele>554.5</ele></trkpt>
   <trkpt lat="50.327877" lon="6.494977"><ele>556</ele></trkpt>
   <trkpt lat="50.327881" lon="6.495359"><ele>556.5</ele></trkpt>
   <trkpt lat="50.327821" lon="6.49563"><ele>557.75</ele></trkpt>
   <trkpt lat="50.327706" lon="6.495845"><ele>560.25</ele></trkpt>
   <trkpt lat="50.327467" lon="6.496038"><ele>563</ele></trkpt>
   <trkpt lat="50.326878" lon="6.496242"><ele>567.5</ele></trkpt>
   <trkpt lat="50.326412" lon="6.496478"><ele>570.5</ele></trkpt>
   <trkpt lat="50.326145" lon="6.4968"><ele>571.75</ele></trkpt>
   <trkpt lat="50.325978" lon="6.496932"><ele>573</ele></trkpt>
   <trkpt lat="50.32567" lon="6.497126"><ele>575.5</ele></trkpt>
   <trkpt lat="50.325523" lon="6.497285"><ele>577</ele></trkpt>
   <trkpt lat="50.325434" lon="6.497517"><ele>577.75</ele></trkpt>
   <trkpt lat="50.325387" lon="6.497763"><ele>579.25</ele></trkpt>
   <trkpt lat="50.325264" lon="6.498015"><ele>581</ele></trkpt>
   <trkpt lat="50.324995" lon="6.498282"><ele>583</ele></trkpt>
   <trkpt lat="50.324744" lon="6.498574"><ele>585.75</ele></trkpt>
   <trkpt lat="50.324533" lon="6.498649"><ele>587.25</ele></trkpt>
   <trkpt lat="50.324238" lon="6.498499"><ele>589.25</ele></trkpt>
   <trkpt lat="50.323916" lon="6.498359"><ele>591.75</ele></trkpt>
   <trkpt lat="50.323779" lon="6.498349"><ele>592.75</ele></trkpt>
   <trkpt lat="50.323498" lon="6.49837"><ele>594.5</ele></trkpt>
   <trkpt lat="50.322686" lon="6.498317"><ele>598.25</ele></trkpt>
   <trkpt lat="50.321571" lon="6.498652"><ele>602</ele></trkpt>
   <trkpt lat="50.321419" lon="6.498856"><ele>602</ele></trkpt>
   <trkpt lat="50.321159" lon="6.499252"><ele>601.75</ele></trkpt>
   <trkpt lat="50.320996" lon="6.499384"><ele>602</ele></trkpt>
   <trkpt lat="50.320539" lon="6.500065"><ele>601.75</ele></trkpt>
   <trkpt lat="50.320357" lon="6.49963"><ele>600.75</ele></trkpt>
   <trkpt lat="50.320235" lon="6.499474"><ele>600</ele></trkpt>
   <trkpt lat="50.31971" lon="6.49897"><ele>596.75</ele></trkpt>
   <trkpt lat="50.319286" lon="6.498176"><ele>598.5</ele></trkpt>
   <trkpt lat="50.318875" lon="6.497447"><ele>600.75</ele></trkpt>
   <trkpt lat="50.31814" lon="6.496875"><ele>602.5</ele></trkpt>
   <trkpt lat="50.316559" lon="6.494421"><ele>610</ele></trkpt>
   <trkpt lat="50.316422" lon="6.494228"><ele>611.5</ele></trkpt>
   <trkpt lat="50.314257" lon="6.493177"><ele>617.25</ele></trkpt>
   <trkpt lat="50.313883" lon="6.493407"><ele>615</ele></trkpt>
   <trkpt lat="50.313498" lon="6.494048"><ele>613</ele></trkpt>
   <trkpt lat="50.313217" lon="6.4941"><ele>614.25</ele></trkpt>
   <trkpt lat="50.312698" lon="6.49391"><ele>615.25</ele></trkpt>
   <trkpt lat="50.312328" lon="6.493576"><ele>614.25</ele></trkpt>
   <trkpt lat="50.312101" lon="6.493441"><ele>613.25</ele></trkpt>
   <trkpt lat="50.312216" lon="6.492753"><ele>616</ele></trkpt>
   <trkpt lat="50.31227" lon="6.492145"><ele>618.75</ele></trkpt>
   <trkpt lat="50.312261" lon="6.491486"><ele>622.25</ele></trkpt>
   <trkpt lat="50.312193" lon="6.490714"><ele>626.5</ele></trkpt>
   <trkpt lat="50.312102" lon="6.490031"><ele>630.25</ele></trkpt>
   <trkpt lat="50.311952" lon="6.489184"><ele>633.75</ele></trkpt>
   <trkpt lat="50.311659" lon="6.48778"><ele>638.75</ele></trkpt>
   <trkpt lat="50.311361" lon="6.486505"><ele>642</ele></trkpt>
   <trkpt lat="50.311124" lon="6.484963"><ele>640.75</ele></trkpt>
   <trkpt lat="50.310963" lon="6.484592"><ele>641.5</ele></trkpt>
   <trkpt lat="50.310883" lon="6.48401"><ele>642.25</ele></trkpt>
   <trkpt lat="50.310867" lon="6.483229"><ele>642.75</ele></trkpt>
   <trkpt lat="50.31076" lon="6.482522"><ele>643.5</ele></trkpt>
   <trkpt lat="50.310644" lon="6.482345"><ele>644.75</ele></trkpt>
   <trkpt lat="50.310497" lon="6.482225"><ele>646</ele></trkpt>
   <trkpt lat="50.310332" lon="6.482185"><ele>646.75</ele></trkpt>
   <trkpt lat="50.309981" lon="6.482455"><ele>647</ele></trkpt>
   <trkpt lat="50.309521" lon="6.483028"><ele>643.5</ele></trkpt>
   <trkpt lat="50.308801" lon="6.483873"><ele>632.25</ele></trkpt>
   <trkpt lat="50.308373" lon="6.484638"><ele>626.5</ele></trkpt>
   <trkpt lat="50.307016" lon="6.486192"><ele>615.75</ele></trkpt>
   <trkpt lat="50.306832" lon="6.486492"><ele>615.25</ele></trkpt>
   <trkpt lat="50.305741" lon="6.486502"><ele>617.75</ele></trkpt>
   <trkpt lat="50.305673" lon="6.486533"><ele>617.25</ele></trkpt>
   <trkpt lat="50.305639" lon="6.486572"><ele>616.75</ele></trkpt>
   <trkpt lat="50.305602" lon="6.486647"><ele>616.25</ele></trkpt>
   <trkpt lat="50.305587" lon="6.48673"><ele>616</ele></trkpt>
   <trkpt lat="50.305587" lon="6.486841"><ele>615.5</ele></trkpt>
   <trkpt lat="50.30562" lon="6.48711"><ele>613.75</ele></trkpt>
   <trkpt lat="50.30553" lon="6.487286"><ele>610.5</ele></trkpt>
   <trkpt lat="50.305508" lon="6.48733"><ele>609.5</ele></trkpt>
   <trkpt lat="50.305378" lon="6.487594"><ele>608.75</ele></trkpt>
   <trkpt lat="50.305312" lon="6.48772"><ele>610.25</ele></trkpt>
   <trkpt lat="50.305298" lon="6.487745"><ele>610.5</ele></trkpt>
   <trkpt lat="50.305249" lon="6.487793"><ele>610.5</ele></trkpt>
   <trkpt lat="50.305196" lon="6.487813"><ele>610</ele></trkpt>
   <trkpt lat="50.305144" lon="6.487817"><ele>609.75</ele></trkpt>
   <trkpt lat="50.305104" lon="6.487806"><ele>609.5</ele></trkpt>
   <trkpt lat="50.305058" lon="6.487769"><ele>609.25</ele></trkpt>
   <trkpt lat="50.304995" lon="6.487692"><ele>608.75</ele></trkpt>
   <trkpt lat="50.304953" lon="6.487575"><ele>608</ele></trkpt>
   <trkpt lat="50.304847" lon="6.487717"><ele>606.5</ele></trkpt>
   <trkpt lat="50.304523" lon="6.488432"><ele>602.25</ele></trkpt>
   <trkpt lat="50.304133" lon="6.489344"><ele>605.75</ele></trkpt>
   <trkpt lat="50.303905" lon="6.489918"><ele>608</ele></trkpt>
   <trkpt lat="50.304123" lon="6.490197"><ele>608.5</ele></trkpt>
   <trkpt lat="50.304733" lon="6.491085"><ele>607</ele></trkpt>
   <trkpt lat="50.305081" lon="6.491547"><ele>605.25</ele></trkpt>
   <trkpt lat="50.305359" lon="6.492012"><ele>602.75</ele></trkpt>
   <trkpt lat="50.304954" lon="6.492906"><ele>599</ele></trkpt>
   <trkpt lat="50.303993" lon="6.495206"><ele>594.75</ele></trkpt>
   <trkpt lat="50.303847" lon="6.495573"><ele>593.75</ele></trkpt>
   <trkpt lat="50.303661" lon="6.495622"><ele>593.5</ele></trkpt>
   <trkpt lat="50.303454" lon="6.495636"><ele>593.75</ele></trkpt>
   <trkpt lat="50.302824" lon="6.495729"><ele>593.75</ele></trkpt>
   <trkpt lat="50.301934" lon="6.495881"><ele>594.75</ele></trkpt>
   <trkpt lat="50.301483" lon="6.495996"><ele>591.5</ele></trkpt>
   <trkpt lat="50.300693" lon="6.496095"><ele>585.25</ele></trkpt>
   <trkpt lat="50.299284" lon="6.496327"><ele>572.25</ele></trkpt>
   <trkpt lat="50.298512" lon="6.49572"><ele>563.25</ele></trkpt>
   <trkpt lat="50.298019" lon="6.495361"><ele>559.25</ele></trkpt>
   <trkpt lat="50.297913" lon="6.495333"><ele>558.25</ele></trkpt>
   <trkpt lat="50.297602" lon="6.495543"><ele>554.75</ele></trkpt>
   <trkpt lat="50.297026" lon="6.495978"><ele>550</ele></trkpt>
   <trkpt lat="50.296952" lon="6.496022"><ele>549.5</ele></trkpt>
   <trkpt lat="50.296863" lon="6.496064"><ele>549.25</ele></trkpt>
   <trkpt lat="50.296799" lon="6.496066"><ele>548.75</ele></trkpt>
   <trkpt lat="50.296745" lon="6.496044"><ele>548.25</ele></trkpt>
   <trkpt lat="50.296115" lon="6.495556"><ele>543</ele></trkpt>
   <trkpt lat="50.296022" lon="6.495547"><ele>542.25</ele></trkpt>
   <trkpt lat="50.295849" lon="6.495092"><ele>541</ele></trkpt>
   <trkpt lat="50.295633" lon="6.494482"><ele>542.25</ele></trkpt>
   <trkpt lat="50.295407" lon="6.493869"><ele>543.25</ele></trkpt>
   <trkpt lat="50.294925" lon="6.494564"><ele>539.5</ele></trkpt>
   <trkpt lat="50.294471" lon="6.495249"><ele>545.75</ele></trkpt>
   <trkpt lat="50.293944" lon="6.496406"><ele>556</ele></trkpt>
   <trkpt lat="50.293792" lon="6.496709"><ele>558.25</ele></trkpt>
   <trkpt lat="50.293122" lon="6.498147"><ele>572</ele></trkpt>
   <trkpt lat="50.293077" lon="6.498178"><ele>572.5</ele></trkpt>
   <trkpt lat="50.293339" lon="6.499234"><ele>579.25</ele></trkpt>
   <trkpt lat="50.293349" lon="6.499326"><ele>580</ele></trkpt>
   <trkpt lat="50.293345" lon="6.499386"><ele>580.5</ele></trkpt>
   <trkpt lat="50.293325" lon="6.499438"><ele>580.75</ele></trkpt>
   <trkpt lat="50.293263" lon="6.499511"><ele>581.25</ele></trkpt>
   <trkpt lat="50.292243" lon="6.500012"><ele>587.75</ele></trkpt>
   <trkpt lat="50.292189" lon="6.500021"><ele>587.75</ele></trkpt>
   <trkpt lat="50.292134" lon="6.500019"><ele>587.75</ele></trkpt>
   <trkpt lat="50.292059" lon="6.5"><ele>588</ele></trkpt>
   <trkpt lat="50.291289" lon="6.499668"><ele>587.75</ele></trkpt>
   <trkpt lat="50.291207" lon="6.499657"><ele>587.5</ele></trkpt>
   <trkpt lat="50.291147" lon="6.499683"><ele>587.25</ele></trkpt>
   <trkpt lat="50.291094" lon="6.499726"><ele>587</ele></trkpt>
   <trkpt lat="50.290307" lon="6.500593"><ele>589.25</ele></trkpt>
   <trkpt lat="50.289614" lon="6.501362"><ele>595.5</ele></trkpt>
   <trkpt lat="50.289502" lon="6.501539"><ele>597</ele></trkpt>
   <trkpt lat="50.289453" lon="6.501672"><ele>597.75</ele></trkpt>
   <trkpt lat="50.289417" lon="6.50184"><ele>598.25</ele></trkpt>
   <trkpt lat="50.289324" lon="6.50261"><ele>601.5</ele></trkpt>
   <trkpt lat="50.289295" lon="6.502782"><ele>602</ele></trkpt>
   <trkpt lat="50.289253" lon="6.50294"><ele>601.75</ele></trkpt>
   <trkpt lat="50.28919" lon="6.503088"><ele>602.25</ele></trkpt>
   <trkpt lat="50.28902" lon="6.503403"><ele>603.25</ele></trkpt>
   <trkpt lat="50.28861" lon="6.504276"><ele>607</ele></trkpt>
   <trkpt lat="50.288522" lon="6.504473"><ele>608.5</ele></trkpt>
   <trkpt lat="50.28846" lon="6.504656"><ele>608.75</ele></trkpt>
   <trkpt lat="50.288409" lon="6.50483"><ele>609.5</ele></trkpt>
   <trkpt lat="50.288321" lon="6.505229"><ele>611.25</ele></trkpt>
   <trkpt lat="50.288163" lon="6.506037"><ele>615</ele></trkpt>
   <trkpt lat="50.288111" lon="6.506231"><ele>616</ele></trkpt>
   <trkpt lat="50.287808" lon="6.506889"><ele>619.5</ele></trkpt>
   <trkpt lat="50.287742" lon="6.506994"><ele>620.25</ele></trkpt>
   <trkpt lat="50.287667" lon="6.507079"><ele>621</ele></trkpt>
   <trkpt lat="50.287569" lon="6.507156"><ele>621.5</ele></trkpt>
   <trkpt lat="50.287068" lon="6.507419"><ele>623</ele></trkpt>
   <trkpt lat="50.28698" lon="6.507442"><ele>623.75</ele></trkpt>
   <trkpt lat="50.286911" lon="6.507416"><ele>624</ele></trkpt>
   <trkpt lat="50.286859" lon="6.507583"><ele>624.25</ele></trkpt>
   <trkpt lat="50.286746" lon="6.50795"><ele>625.25</ele></trkpt>
   <trkpt lat="50.286036" lon="6.509583"><ele>634.25</ele></trkpt>
   <trkpt lat="50.285774" lon="6.510372"><ele>633.5</ele></trkpt>
   <trkpt lat="50.28574" lon="6.510593"><ele>632.75</ele></trkpt>
   <trkpt lat="50.285688" lon="6.511512"><ele>631.5</ele></trkpt>
   <trkpt lat="50.285451" lon="6.511492"><ele>631.25</ele></trkpt>
   <trkpt lat="50.28383" lon="6.512602"><ele>629.75</ele></trkpt>
   <trkpt lat="50.282454" lon="6.513753"><ele>623</ele></trkpt>
   <trkpt lat="50.282037" lon="6.513922"><ele>623.5</ele></trkpt>
   <trkpt lat="50.281558" lon="6.513963"><ele>624.5</ele></trkpt>
   <trkpt lat="50.281145" lon="6.514055"><ele>626.25</ele></trkpt>
   <trkpt lat="50.280585" lon="6.51414"><ele>627.75</ele></trkpt>
   <trkpt lat="50.279413" lon="6.514098"><ele>627</ele></trkpt>
   <trkpt lat="50.278862" lon="6.514454"><ele>629</ele></trkpt>
   <trkpt lat="50.278001" lon="6.51545"><ele>628.5</ele></trkpt>
   <trkpt lat="50.277661" lon="6.516012"><ele>625.25</ele></trkpt>
   <trkpt lat="50.277451" lon="6.516313"><ele>622.75</ele></trkpt>
   <trkpt lat="50.277407" lon="6.516439"><ele>622.75</ele></trkpt>
   <trkpt lat="50.27715" lon="6.51663"><ele>625</ele></trkpt>
   <trkpt lat="50.276408" lon="6.51713"><ele>629</ele></trkpt>
   <trkpt lat="50.27573" lon="6.517472"><ele>632.75</ele></trkpt>
   <trkpt lat="50.275237" lon="6.517467"><ele>632.75</ele></trkpt>
   <trkpt lat="50.275103" lon="6.517315"><ele>632.75</ele></trkpt>
   <trkpt lat="50.274915" lon="6.517102"><ele>632</ele></trkpt>
   <trkpt lat="50.274668" lon="6.516545"><ele>631</ele></trkpt>
   <trkpt lat="50.274121" lon="6.516032"><ele>630</ele></trkpt>
   <trkpt lat="50.273414" lon="6.515198"><ele>630.5</ele></trkpt>
   <trkpt lat="50.272611" lon="6.514656"><ele>631.75</ele></trkpt>
   <trkpt lat="50.270636" lon="6.513862"><ele>627.25</ele></trkpt>
   <trkpt lat="50.270013" lon="6.513459"><ele>623</ele></trkpt>
   <trkpt lat="50.269608" lon="6.513197"><ele>624.25</ele></trkpt>
   <trkpt lat="50.268881" lon="6.512618"><ele>626.5</ele></trkpt>
   <trkpt lat="50.266961" lon="6.512124"><ele>634.25</ele></trkpt>
   <trkpt lat="50.266507" lon="6.512125"><ele>636.5</ele></trkpt>
   <trkpt lat="50.266042" lon="6.512253"><ele>638</ele></trkpt>
   <trkpt lat="50.265424" lon="6.512369"><ele>641</ele></trkpt>
   <trkpt lat="50.264734" lon="6.512243"><ele>644.75</ele></trkpt>
   <trkpt lat="50.264149" lon="6.511888"><ele>644.75</ele></trkpt>
   <trkpt lat="50.2636" lon="6.511759"><ele>642.5</ele></trkpt>
   <trkpt lat="50.263093" lon="6.511588"><ele>639.75</ele></trkpt>
   <trkpt lat="50.262685" lon="6.511266"><ele>636.25</ele></trkpt>
   <trkpt lat="50.262427" lon="6.511091"><ele>633.75</ele></trkpt>
   <trkpt lat="50.261946" lon="6.510951"><ele>632.5</ele></trkpt>
   <trkpt lat="50.260331" lon="6.511358"><ele>633.75</ele></trkpt>
   <trkpt lat="50.260101" lon="6.511379"><ele>634.5</ele></trkpt>
   <trkpt lat="50.260037" lon="6.511215"><ele>634.25</ele></trkpt>
   <trkpt lat="50.258825" lon="6.509408"><ele>633.25</ele></trkpt>
   <trkpt lat="50.258511" lon="6.508992"><ele>634</ele></trkpt>
   <trkpt lat="50.257972" lon="6.506986"><ele>632</ele></trkpt>
   <trkpt lat="50.257679" lon="6.506185"><ele>632</ele></trkpt>
   <trkpt lat="50.257526" lon="6.504731"><ele>632.5</ele></trkpt>
   <trkpt lat="50.257537" lon="6.503385"><ele>632.5</ele></trkpt>
   <trkpt lat="50.257447" lon="6.502108"><ele>632.75</ele></trkpt>
   <trkpt lat="50.257434" lon="6.501914"><ele>632.5</ele></trkpt>
   <trkpt lat="50.257015" lon="6.500377"><ele>629.75</ele></trkpt>
   <trkpt lat="50.255546" lon="6.498008"><ele>617</ele></trkpt>
   <trkpt lat="50.255005" lon="6.496611"><ele>612.25</ele></trkpt>
   <trkpt lat="50.254372" lon="6.495446"><ele>607</ele></trkpt>
   <trkpt lat="50.252399" lon="6.491487"><ele>592.5</ele></trkpt>
   <trkpt lat="50.251667" lon="6.490555"><ele>588</ele></trkpt>
   <trkpt lat="50.251233" lon="6.489391"><ele>583.5</ele></trkpt>
   <trkpt lat="50.250642" lon="6.488672"><ele>579.25</ele></trkpt>
   <trkpt lat="50.250018" lon="6.48791"><ele>577</ele></trkpt>
   <trkpt lat="50.248679" lon="6.487956"><ele>564.5</ele></trkpt>
   <trkpt lat="50.247178" lon="6.487578"><ele>548</ele></trkpt>
   <trkpt lat="50.246733" lon="6.48732"><ele>543</ele></trkpt>
   <trkpt lat="50.24625" lon="6.486803"><ele>540</ele></trkpt>
   <trkpt lat="50.24458" lon="6.486179"><ele>525</ele></trkpt>
   <trkpt lat="50.243337" lon="6.485642"><ele>520.25</ele></trkpt>
   <trkpt lat="50.242898" lon="6.485055"><ele>515.25</ele></trkpt>
   <trkpt lat="50.242382" lon="6.484865"><ele>512.5</ele></trkpt>
   <trkpt lat="50.24229" lon="6.484813"><ele>512.75</ele></trkpt>
   <trkpt lat="50.242207" lon="6.484713"><ele>513</ele></trkpt>
   <trkpt lat="50.242146" lon="6.484625"><ele>513</ele></trkpt>
   <trkpt lat="50.241796" lon="6.484117"><ele>514.5</ele></trkpt>
   <trkpt lat="50.241342" lon="6.483571"><ele>519.25</ele></trkpt>
   <trkpt lat="50.241072" lon="6.483285"><ele>519</ele></trkpt>
   <trkpt lat="50.240719" lon="6.482993"><ele>523.5</ele></trkpt>
   <trkpt lat="50.240567" lon="6.482776"><ele>522.75</ele></trkpt>
   <trkpt lat="50.240361" lon="6.482387"><ele>526</ele></trkpt>
   <trkpt lat="50.239771" lon="6.481072"><ele>533.75</ele></trkpt>
   <trkpt lat="50.239658" lon="6.480934"><ele>535</ele></trkpt>
   <trkpt lat="50.238999" lon="6.480582"><ele>540</ele></trkpt>
   <trkpt lat="50.238831" lon="6.480539"><ele>541.25</ele></trkpt>
   <trkpt lat="50.238662" lon="6.480542"><ele>542.5</ele></trkpt>
   <trkpt lat="50.238415" lon="6.480599"><ele>544.25</ele></trkpt>
   <trkpt lat="50.238006" lon="6.480718"><ele>546.5</ele></trkpt>
   <trkpt lat="50.237658" lon="6.480804"><ele>548.25</ele></trkpt>
   <trkpt lat="50.237406" lon="6.48081"><ele>549.25</ele></trkpt>
   <trkpt lat="50.237262" lon="6.480753"><ele>549.75</ele></trkpt>
   <trkpt lat="50.237175" lon="6.480677"><ele>549.75</ele></trkpt>
   <trkpt lat="50.236865" lon="6.480316"><ele>550.75</ele></trkpt>
   <trkpt lat="50.236494" lon="6.479852"><ele>553</ele></trkpt>
   <trkpt lat="50.23616" lon="6.479449"><ele>554.75</ele></trkpt>
   <trkpt lat="50.235727" lon="6.478965"><ele>556.5</ele></trkpt>
   <trkpt lat="50.235348" lon="6.478502"><ele>558.25</ele></trkpt>
   <trkpt lat="50.235002" lon="6.477944"><ele>559.75</ele></trkpt>
   <trkpt lat="50.234794" lon="6.477564"><ele>560.75</ele></trkpt>
   <trkpt lat="50.234332" lon="6.476631"><ele>562.75</ele></trkpt>
   <trkpt lat="50.233961" lon="6.47596"><ele>563.75</ele></trkpt>
   <trkpt lat="50.233843" lon="6.475769"><ele>563.75</ele></trkpt>
   <trkpt lat="50.233777" lon="6.475866"><ele>563</ele></trkpt>
   <trkpt lat="50.232922" lon="6.476838"><ele>555.75</ele></trkpt>
   <trkpt lat="50.232462" lon="6.477323"><ele>552.75</ele></trkpt>
   <trkpt lat="50.232149" lon="6.477725"><ele>550.75</ele></trkpt>
   <trkpt lat="50.23132" lon="6.478633"><ele>545.75</ele></trkpt>
   <trkpt lat="50.231259" lon="6.478689"><ele>545.5</ele></trkpt>
   <trkpt lat="50.227667" lon="6.482473"><ele>526.5</ele></trkpt>
   <trkpt lat="50.226851" lon="6.483314"><ele>521.5</ele></trkpt>
   <trkpt lat="50.226681" lon="6.483496"><ele>520.25</ele></trkpt>
   <trkpt lat="50.226554" lon="6.483632"><ele>519.75</ele></trkpt>
   <trkpt lat="50.226385" lon="6.483815"><ele>519.25</ele></trkpt>
   <trkpt lat="50.226258" lon="6.48394"><ele>518.5</ele></trkpt>
   <trkpt lat="50.226094" lon="6.484125"><ele>517.75</ele></trkpt>
   <trkpt lat="50.22596" lon="6.484263"><ele>517.25</ele></trkpt>
   <trkpt lat="50.225798" lon="6.484429"><ele>516.75</ele></trkpt>
   <trkpt lat="50.225697" lon="6.48454"><ele>516.25</ele></trkpt>
   <trkpt lat="50.224544" lon="6.485473"><ele>528.25</ele></trkpt>
   <trkpt lat="50.224154" lon="6.485432"><ele>532.75</ele></trkpt>
   <trkpt lat="50.223824" lon="6.485239"><ele>529.5</ele></trkpt>
   <trkpt lat="50.223565" lon="6.484788"><ele>525.75</ele></trkpt>
   <trkpt lat="50.223365" lon="6.484199"><ele>521</ele></trkpt>
   <trkpt lat="50.221785" lon="6.484713"><ele>509.75</ele></trkpt>
   <trkpt lat="50.2204" lon="6.485584"><ele>504.5</ele></trkpt>
   <trkpt lat="50.218295" lon="6.486919"><ele>521</ele></trkpt>
   <trkpt lat="50.218231" lon="6.486935"><ele>521.25</ele></trkpt>
   <trkpt lat="50.218174" lon="6.486608"><ele>521.5</ele></trkpt>
   <trkpt lat="50.218133" lon="6.486627"><ele>522</ele></trkpt>
   <trkpt lat="50.218105" lon="6.486659"><ele>522.25</ele></trkpt>
   <trkpt lat="50.218077" lon="6.486793"><ele>522.25</ele></trkpt>
   <trkpt lat="50.21804" lon="6.486844"><ele>522.5</ele></trkpt>
   <trkpt lat="50.218014" lon="6.486854"><ele>522.75</ele></trkpt>
   <trkpt lat="50.217935" lon="6.486843"><ele>523.75</ele></trkpt>
   <trkpt lat="50.217898" lon="6.486817"><ele>524</ele></trkpt>
   <trkpt lat="50.217859" lon="6.486775"><ele>524.5</ele></trkpt>
   <trkpt lat="50.217811" lon="6.486694"><ele>524.75</ele></trkpt>
   <trkpt lat="50.217701" lon="6.48644"><ele>526</ele></trkpt>
   <trkpt lat="50.217573" lon="6.486174"><ele>527</ele></trkpt>
   <trkpt lat="50.217204" lon="6.485645"><ele>529.25</ele></trkpt>
   <trkpt lat="50.217058" lon="6.485498"><ele>530</ele></trkpt>
   <trkpt lat="50.216979" lon="6.485443"><ele>531</ele></trkpt>
   <trkpt lat="50.216973" lon="6.485397"><ele>531</ele></trkpt>
   <trkpt lat="50.216959" lon="6.485351"><ele>531.5</ele></trkpt>
   <trkpt lat="50.216908" lon="6.485216"><ele>532</ele></trkpt>
   <trkpt lat="50.215626" lon="6.482674"><ele>533.75</ele></trkpt>
   <trkpt lat="50.215277" lon="6.4829"><ele>531.25</ele></trkpt>
   <trkpt lat="50.213025" lon="6.48467"><ele>508.75</ele></trkpt>
   <trkpt lat="50.211793" lon="6.482122"><ele>505.75</ele></trkpt>
   <trkpt lat="50.20971" lon="6.483715"><ele>494.75</ele></trkpt>
   <trkpt lat="50.208153" lon="6.484944"><ele>503.5</ele></trkpt>
   <trkpt lat="50.208062" lon="6.484983"><ele>503.75</ele></trkpt>
   <trkpt lat="50.20572" lon="6.48673"><ele>493</ele></trkpt>
   <trkpt lat="50.204369" lon="6.487701"><ele>497.75</ele></trkpt>
   <trkpt lat="50.203227" lon="6.488522"><ele>501.25</ele></trkpt>
   <trkpt lat="50.203148" lon="6.488678"><ele>501</ele></trkpt>
   <trkpt lat="50.203339" lon="6.488846"><ele>502</ele></trkpt>
   <trkpt lat="50.204181" lon="6.490163"><ele>503.25</ele></trkpt>
   <trkpt lat="50.204966" lon="6.491219"><ele>506.25</ele></trkpt>
   <trkpt lat="50.206315" lon="6.49321"><ele>511.25</ele></trkpt>
   <trkpt lat="50.204538" lon="6.495482"><ele>498.5</ele></trkpt>
   <trkpt lat="50.203447" lon="6.496866"><ele>494.25</ele></trkpt>
   <trkpt lat="50.203328" lon="6.497042"><ele>495.25</ele></trkpt>
   <trkpt lat="50.203161" lon="6.497179"><ele>498</ele></trkpt>
   <trkpt lat="50.203076" lon="6.497219"><ele>499.5</ele></trkpt>
   <trkpt lat="50.201738" lon="6.497432"><ele>518.75</ele></trkpt>
   <trkpt lat="50.201631" lon="6.497534"><ele>520.25</ele></trkpt>
   <trkpt lat="50.202481" lon="6.499601"><ele>521.5</ele></trkpt>
   <trkpt lat="50.20239" lon="6.499534"><ele>522</ele></trkpt>
   <trkpt lat="50.202039" lon="6.499531"><ele>524.25</ele></trkpt>
   <trkpt lat="50.20171" lon="6.499711"><ele>525.75</ele></trkpt>
   <trkpt lat="50.201461" lon="6.500078"><ele>528</ele></trkpt>
   <trkpt lat="50.20126" lon="6.500373"><ele>528.75</ele></trkpt>
   <trkpt lat="50.201074" lon="6.500481"><ele>528.25</ele></trkpt>
   <trkpt lat="50.200628" lon="6.500592"><ele>528</ele></trkpt>
   <trkpt lat="50.200108" lon="6.500617"><ele>528.5</ele></trkpt>
   <trkpt lat="50.199912" lon="6.500421"><ele>528.5</ele></trkpt>
   <trkpt lat="50.199293" lon="6.499351"><ele>528.5</ele></trkpt>
   <trkpt lat="50.198816" lon="6.499166"><ele>532.5</ele></trkpt>
   <trkpt lat="50.198347" lon="6.499406"><ele>535.5</ele></trkpt>
   <trkpt lat="50.198166" lon="6.499498"><ele>535</ele></trkpt>
   <trkpt lat="50.197658" lon="6.499929"><ele>534.25</ele></trkpt>
   <trkpt lat="50.197017" lon="6.500137"><ele>533.25</ele></trkpt>
   <trkpt lat="50.196989" lon="6.500281"><ele>533</ele></trkpt>
   <trkpt lat="50.196965" lon="6.500553"><ele>531.25</ele></trkpt>
   <trkpt lat="50.196967" lon="6.500817"><ele>529.5</ele></trkpt>
   <trkpt lat="50.197027" lon="6.501362"><ele>527.5</ele></trkpt>
   <trkpt lat="50.197136" lon="6.501682"><ele>526.25</ele></trkpt>
   <trkpt lat="50.197139" lon="6.501727"><ele>525.75</ele></trkpt>
   <trkpt lat="50.197155" lon="6.501867"><ele>524.25</ele></trkpt>
   <trkpt lat="50.197133" lon="6.502072"><ele>523.25</ele></trkpt>
   <trkpt lat="50.197084" lon="6.502212"><ele>523</ele></trkpt>
   <trkpt lat="50.196683" lon="6.502873"><ele>519</ele></trkpt>
   <trkpt lat="50.195933" lon="6.503162"><ele>513.25</ele></trkpt>
   <trkpt lat="50.195772" lon="6.503382"><ele>511.5</ele></trkpt>
   <trkpt lat="50.195571" lon="6.504047"><ele>508.25</ele></trkpt>
   <trkpt lat="50.19554" lon="6.504149"><ele>508.25</ele></trkpt>
   <trkpt lat="50.195439" lon="6.505222"><ele>504.25</ele></trkpt>
   <trkpt lat="50.195285" lon="6.505868"><ele>500.75</ele></trkpt>
   <trkpt lat="50.195143" lon="6.506349"><ele>498</ele></trkpt>
   <trkpt lat="50.194927" lon="6.50643"><ele>497</ele></trkpt>
   <trkpt lat="50.194697" lon="6.506372"><ele>496</ele></trkpt>
   <trkpt lat="50.193887" lon="6.505784"><ele>495.5</ele></trkpt>
   <trkpt lat="50.193061" lon="6.504551"><ele>495.5</ele></trkpt>
   <trkpt lat="50.192227" lon="6.503693"><ele>490.75</ele></trkpt>
   <trkpt lat="50.192043" lon="6.503585"><ele>490.5</ele></trkpt>
   <trkpt lat="50.191867" lon="6.503624"><ele>489.5</ele></trkpt>
   <trkpt lat="50.191787" lon="6.503662"><ele>489.25</ele></trkpt>
   <trkpt lat="50.191672" lon="6.503774"><ele>489.5</ele></trkpt>
   <trkpt lat="50.191593" lon="6.50385"><ele>490</ele></trkpt>
   <trkpt lat="50.191002" lon="6.504422"><ele>493.5</ele></trkpt>
   <trkpt lat="50.19072" lon="6.504695"><ele>491.5</ele></trkpt>
   <trkpt lat="50.190689" lon="6.5047"><ele>491.25</ele></trkpt>
   <trkpt lat="50.190265" lon="6.505062"><ele>490.25</ele></trkpt>
   <trkpt lat="50.188865" lon="6.506595"><ele>486.5</ele></trkpt>
   <trkpt lat="50.188132" lon="6.507022"><ele>486.75</ele></trkpt>
   <trkpt lat="50.187354" lon="6.506954"><ele>485</ele></trkpt>
   <trkpt lat="50.186795" lon="6.506734"><ele>484.75</ele></trkpt>
   <trkpt lat="50.18648" lon="6.506839"><ele>484.75</ele></trkpt>
   <trkpt lat="50.186247" lon="6.507034"><ele>484.25</ele></trkpt>
   <trkpt lat="50.186027" lon="6.507136"><ele>483.75</ele></trkpt>
   <trkpt lat="50.18583" lon="6.507109"><ele>483.5</ele></trkpt>
   <trkpt lat="50.185325" lon="6.506961"><ele>483</ele></trkpt>
   <trkpt lat="50.18493" lon="6.506726"><ele>483.5</ele></trkpt>
   <trkpt lat="50.184827" lon="6.506686"><ele>483</ele></trkpt>
   <trkpt lat="50.184723" lon="6.506685"><ele>483</ele></trkpt>
   <trkpt lat="50.184571" lon="6.506775"><ele>483.5</ele></trkpt>
   <trkpt lat="50.184235" lon="6.507011"><ele>482.75</ele></trkpt>
   <trkpt lat="50.183477" lon="6.507543"><ele>488.75</ele></trkpt>
   <trkpt lat="50.183326" lon="6.507613"><ele>490</ele></trkpt>
   <trkpt lat="50.182963" lon="6.507715"><ele>491</ele></trkpt>
   <trkpt lat="50.182729" lon="6.507739"><ele>491.5</ele></trkpt>
   <trkpt lat="50.182481" lon="6.507748"><ele>492.25</ele></trkpt>
   <trkpt lat="50.182142" lon="6.507712"><ele>493.75</ele></trkpt>
   <trkpt lat="50.181888" lon="6.507736"><ele>494.5</ele></trkpt>
   <trkpt lat="50.181598" lon="6.507814"><ele>496.5</ele></trkpt>
   <trkpt lat="50.181417" lon="6.507908"><ele>497.75</ele></trkpt>
   <trkpt lat="50.180998" lon="6.508302"><ele>501</ele></trkpt>
   <trkpt lat="50.180826" lon="6.508533"><ele>503.75</ele></trkpt>
   <trkpt lat="50.180747" lon="6.508688"><ele>505.75</ele></trkpt>
   <trkpt lat="50.18072" lon="6.508866"><ele>507.25</ele></trkpt>
   <trkpt lat="50.180863" lon="6.509302"><ele>508.5</ele></trkpt>
   <trkpt lat="50.180824" lon="6.509681"><ele>510</ele></trkpt>
   <trkpt lat="50.180547" lon="6.509851"><ele>514.5</ele></trkpt>
   <trkpt lat="50.18006" lon="6.509753"><ele>516.75</ele></trkpt>
   <trkpt lat="50.179814" lon="6.510007"><ele>518.25</ele></trkpt>
   <trkpt lat="50.179232" lon="6.510985"><ele>516.25</ele></trkpt>
   <trkpt lat="50.178838" lon="6.511809"><ele>512.5</ele></trkpt>
   <trkpt lat="50.178047" lon="6.512713"><ele>504.75</ele></trkpt>
   <trkpt lat="50.177786" lon="6.512929"><ele>502</ele></trkpt>
   <trkpt lat="50.177504" lon="6.513072"><ele>501.75</ele></trkpt>
   <trkpt lat="50.17735" lon="6.513139"><ele>500.75</ele></trkpt>
   <trkpt lat="50.177212" lon="6.513248"><ele>500.5</ele></trkpt>
   <trkpt lat="50.177121" lon="6.513372"><ele>500.5</ele></trkpt>
   <trkpt lat="50.176784" lon="6.513938"><ele>500.5</ele></trkpt>
   <trkpt lat="50.176556" lon="6.514182"><ele>501.5</ele></trkpt>
   <trkpt lat="50.175742" lon="6.514862"><ele>503.5</ele></trkpt>
   <trkpt lat="50.175051" lon="6.515486"><ele>504.75</ele></trkpt>
   <trkpt lat="50.17494" lon="6.515635"><ele>505</ele></trkpt>
   <trkpt lat="50.174888" lon="6.515794"><ele>505.25</ele></trkpt>
   <trkpt lat="50.174891" lon="6.515833"><ele>505.5</ele></trkpt>
   <trkpt lat="50.175062" lon="6.516652"><ele>509</ele></trkpt>
   <trkpt lat="50.174972" lon="6.516811"><ele>509.75</ele></trkpt>
   <trkpt lat="50.17479" lon="6.51703"><ele>509.75</ele></trkpt>
   <trkpt lat="50.174658" lon="6.517222"><ele>509.25</ele></trkpt>
   <trkpt lat="50.17453" lon="6.517481"><ele>508.75</ele></trkpt>
   <trkpt lat="50.174471" lon="6.517569"><ele>508.5</ele></trkpt>
   <trkpt lat="50.174465" lon="6.517578"><ele>508.5</ele></trkpt>
   <trkpt lat="50.17403" lon="6.51803"><ele>504.25</ele></trkpt>
   <trkpt lat="50.173724" lon="6.518316"><ele>504.25</ele></trkpt>
   <trkpt lat="50.173543" lon="6.518361"><ele>505.5</ele></trkpt>
   <trkpt lat="50.173499" lon="6.518645"><ele>507.75</ele></trkpt>
   <trkpt lat="50.173505" lon="6.518828"><ele>509</ele></trkpt>
   <trkpt lat="50.17324" lon="6.52023"><ele>524.5</ele></trkpt>
   <trkpt lat="50.172845" lon="6.521662"><ele>535.75</ele></trkpt>
   <trkpt lat="50.172395" lon="6.522905"><ele>542</ele></trkpt>
   <trkpt lat="50.171871" lon="6.523863"><ele>546.5</ele></trkpt>
   <trkpt lat="50.171716" lon="6.524081"><ele>548.25</ele></trkpt>
   <trkpt lat="50.17098" lon="6.525025"><ele>547.25</ele></trkpt>
   <trkpt lat="50.170415" lon="6.525528"><ele>545</ele></trkpt>
   <trkpt lat="50.170261" lon="6.525665"><ele>545</ele></trkpt>
   <trkpt lat="50.169906" lon="6.526025"><ele>545</ele></trkpt>
   <trkpt lat="50.169548" lon="6.526541"><ele>545</ele></trkpt>
   <trkpt lat="50.169256" lon="6.527109"><ele>545.5</ele></trkpt>
   <trkpt lat="50.168417" lon="6.528875"><ele>552.25</ele></trkpt>
   <trkpt lat="50.168156" lon="6.529224"><ele>554.75</ele></trkpt>
   <trkpt lat="50.167554" lon="6.529677"><ele>559.25</ele></trkpt>
   <trkpt lat="50.167104" lon="6.530366"><ele>564</ele></trkpt>
   <trkpt lat="50.166778" lon="6.530827"><ele>564.5</ele></trkpt>
   <trkpt lat="50.166463" lon="6.531061"><ele>561.75</ele></trkpt>
   <trkpt lat="50.165866" lon="6.53201"><ele>555.75</ele></trkpt>
   <trkpt lat="50.165477" lon="6.532284"><ele>552.75</ele></trkpt>
   <trkpt lat="50.164895" lon="6.532766"><ele>550</ele></trkpt>
   <trkpt lat="50.164849" lon="6.532799"><ele>549.75</ele></trkpt>
   <trkpt lat="50.164456" lon="6.533082"><ele>548.75</ele></trkpt>
   <trkpt lat="50.163963" lon="6.53337"><ele>547</ele></trkpt>
   <trkpt lat="50.163595" lon="6.533519"><ele>545.25</ele></trkpt>
   <trkpt lat="50.163226" lon="6.533712"><ele>544.25</ele></trkpt>
   <trkpt lat="50.163112" lon="6.533991"><ele>542.75</ele></trkpt>
   <trkpt lat="50.163012" lon="6.534163"><ele>541.75</ele></trkpt>
   <trkpt lat="50.162786" lon="6.534616"><ele>540</ele></trkpt>
   <trkpt lat="50.162431" lon="6.535352"><ele>537.75</ele></trkpt>
   <trkpt lat="50.162135" lon="6.535594"><ele>536.5</ele></trkpt>
   <trkpt lat="50.161767" lon="6.535817"><ele>534.25</ele></trkpt>
   <trkpt lat="50.161072" lon="6.536055"><ele>530</ele></trkpt>
   <trkpt lat="50.160659" lon="6.536386"><ele>529.25</ele></trkpt>
   <trkpt lat="50.160149" lon="6.536978"><ele>528.5</ele></trkpt>
   <trkpt lat="50.159843" lon="6.537286"><ele>527</ele></trkpt>
   <trkpt lat="50.159598" lon="6.537404"><ele>526</ele></trkpt>
   <trkpt lat="50.159547" lon="6.53731"><ele>525.75</ele></trkpt>
   <trkpt lat="50.159432" lon="6.537498"><ele>525.75</ele></trkpt>
   <trkpt lat="50.159338" lon="6.537637"><ele>525.25</ele></trkpt>
   <trkpt lat="50.15877" lon="6.538388"><ele>526</ele></trkpt>
   <trkpt lat="50.158587" lon="6.538602"><ele>526.75</ele></trkpt>
   <trkpt lat="50.158515" lon="6.538668"><ele>527</ele></trkpt>
   <trkpt lat="50.158411" lon="6.538729"><ele>527.5</ele></trkpt>
   <trkpt lat="50.158423" lon="6.538861"><ele>528</ele></trkpt>
   <trkpt lat="50.158175" lon="6.539379"><ele>530.75</ele></trkpt>
   <trkpt lat="50.157027" lon="6.542212"><ele>542.25</ele></trkpt>
   <trkpt lat="50.156674" lon="6.544389"><ele>540.5</ele></trkpt>
   <trkpt lat="50.156162" lon="6.545133"><ele>547</ele></trkpt>
   <trkpt lat="50.155438" lon="6.546288"><ele>549</ele></trkpt>
   <trkpt lat="50.154506" lon="6.547091"><ele>538.5</ele></trkpt>
   <trkpt lat="50.153632" lon="6.547816"><ele>536.75</ele></trkpt>
   <trkpt lat="50.153469" lon="6.547951"><ele>537</ele></trkpt>
   <trkpt lat="50.15361" lon="6.54852"><ele>535.25</ele></trkpt>
   <trkpt lat="50.153663" lon="6.548568"><ele>535</ele></trkpt>
   <trkpt lat="50.153725" lon="6.548557"><ele>535</ele></trkpt>
   <trkpt lat="50.153835" lon="6.548466"><ele>535</ele></trkpt>
   <trkpt lat="50.153881" lon="6.548444"><ele>535</ele></trkpt>
   <trkpt lat="50.153921" lon="6.548485"><ele>534.5</ele></trkpt>
   <trkpt lat="50.154017" lon="6.54863"><ele>533.5</ele></trkpt>
   <trkpt lat="50.154098" lon="6.5489"><ele>532.5</ele></trkpt>
   <trkpt lat="50.154201" lon="6.549136"><ele>531.75</ele></trkpt>
   <trkpt lat="50.15422" lon="6.549281"><ele>531.25</ele></trkpt>
   <trkpt lat="50.154215" lon="6.549423"><ele>531</ele></trkpt>
   <trkpt lat="50.154258" lon="6.549533"><ele>530.75</ele></trkpt>
   <trkpt lat="50.154316" lon="6.549627"><ele>530.5</ele></trkpt>
   <trkpt lat="50.154753" lon="6.54989"><ele>527.5</ele></trkpt>
   <trkpt lat="50.154875" lon="6.549997"><ele>525.75</ele></trkpt>
   <trkpt lat="50.154962" lon="6.550177"><ele>524.25</ele></trkpt>
   <trkpt lat="50.155327" lon="6.551113"><ele>519.75</ele></trkpt>
   <trkpt lat="50.15523" lon="6.551262"><ele>519.75</ele></trkpt>
   <trkpt lat="50.155122" lon="6.551472"><ele>519.75</ele></trkpt>
   <trkpt lat="50.154984" lon="6.551676"><ele>520</ele></trkpt>
   <trkpt lat="50.154848" lon="6.551802"><ele>520.75</ele></trkpt>
   <trkpt lat="50.154405" lon="6.551766"><ele>522.5</ele></trkpt>
   <trkpt lat="50.15366" lon="6.551529"><ele>525.25</ele></trkpt>
   <trkpt lat="50.153455" lon="6.551466"><ele>525.75</ele></trkpt>
   <trkpt lat="50.153289" lon="6.551415"><ele>526</ele></trkpt>
   <trkpt lat="50.152561" lon="6.551258"><ele>528.75</ele></trkpt>
   <trkpt lat="50.152085" lon="6.551265"><ele>530.25</ele></trkpt>
   <trkpt lat="50.151349" lon="6.551395"><ele>531</ele></trkpt>
   <trkpt lat="50.150646" lon="6.551501"><ele>530</ele></trkpt>
   <trkpt lat="50.150273" lon="6.551596"><ele>529.5</ele></trkpt>
   <trkpt lat="50.149799" lon="6.551724"><ele>528.25</ele></trkpt>
   <trkpt lat="50.14873" lon="6.551751"><ele>530.25</ele></trkpt>
   <trkpt lat="50.148195" lon="6.551797"><ele>529.5</ele></trkpt>
   <trkpt lat="50.14793" lon="6.551855"><ele>528.75</ele></trkpt>
   <trkpt lat="50.14763" lon="6.551704"><ele>527.75</ele></trkpt>
   <trkpt lat="50.147486" lon="6.551688"><ele>527.75</ele></trkpt>
   <trkpt lat="50.147031" lon="6.551104"><ele>529.5</ele></trkpt>
   <trkpt lat="50.146639" lon="6.550748"><ele>528.5</ele></trkpt>
   <trkpt lat="50.145863" lon="6.550104"><ele>527.25</ele></trkpt>
   <trkpt lat="50.145378" lon="6.549853"><ele>526.25</ele></trkpt>
   <trkpt lat="50.144927" lon="6.549918"><ele>526.25</ele></trkpt>
   <trkpt lat="50.144593" lon="6.549984"><ele>524.75</ele></trkpt>
   <trkpt lat="50.143625" lon="6.550143"><ele>521</ele></trkpt>
   <trkpt lat="50.143223" lon="6.550013"><ele>519</ele></trkpt>
   <trkpt lat="50.142927" lon="6.549817"><ele>518.75</ele></trkpt>
   <trkpt lat="50.142406" lon="6.549129"><ele>517.5</ele></trkpt>
   <trkpt lat="50.141996" lon="6.548655"><ele>515.25</ele></trkpt>
   <trkpt lat="50.141606" lon="6.548295"><ele>513.25</ele></trkpt>
   <trkpt lat="50.141255" lon="6.547897"><ele>512</ele></trkpt>
   <trkpt lat="50.141078" lon="6.547731"><ele>510.75</ele></trkpt>
   <trkpt lat="50.14089" lon="6.547657"><ele>510</ele></trkpt>
   <trkpt lat="50.14045" lon="6.547693"><ele>507.5</ele></trkpt>
   <trkpt lat="50.140294" lon="6.547781"><ele>508</ele></trkpt>
   <trkpt lat="50.140153" lon="6.547933"><ele>506.25</ele></trkpt>
   <trkpt lat="50.140014" lon="6.548168"><ele>504.5</ele></trkpt>
   <trkpt lat="50.139925" lon="6.548515"><ele>503.25</ele></trkpt>
   <trkpt lat="50.139928" lon="6.549081"><ele>501</ele></trkpt>
   <trkpt lat="50.139869" lon="6.54932"><ele>500.25</ele></trkpt>
   <trkpt lat="50.1397" lon="6.549739"><ele>499.75</ele></trkpt>
   <trkpt lat="50.139606" lon="6.550052"><ele>499</ele></trkpt>
   <trkpt lat="50.139471" lon="6.550678"><ele>498</ele></trkpt>
   <trkpt lat="50.139307" lon="6.550919"><ele>497</ele></trkpt>
   <trkpt lat="50.139177" lon="6.551041"><ele>496.75</ele></trkpt>
   <trkpt lat="50.138191" lon="6.551647"><ele>500.25</ele></trkpt>
   <trkpt lat="50.137238" lon="6.552715"><ele>497.25</ele></trkpt>
   <trkpt lat="50.136732" lon="6.553237"><ele>494.75</ele></trkpt>
   <trkpt lat="50.136537" lon="6.553452"><ele>494.25</ele></trkpt>
   <trkpt lat="50.136393" lon="6.553584"><ele>494</ele></trkpt>
   <trkpt lat="50.136292" lon="6.553584"><ele>493.75</ele></trkpt>
   <trkpt lat="50.136015" lon="6.55349"><ele>493.75</ele></trkpt>
   <trkpt lat="50.135894" lon="6.553452"><ele>494.25</ele></trkpt>
   <trkpt lat="50.135288" lon="6.553117"><ele>498</ele></trkpt>
   <trkpt lat="50.134636" lon="6.552666"><ele>503</ele></trkpt>
   <trkpt lat="50.134152" lon="6.552062"><ele>503.5</ele></trkpt>
   <trkpt lat="50.1337" lon="6.551703"><ele>508.5</ele></trkpt>
   <trkpt lat="50.133188" lon="6.551412"><ele>509.5</ele></trkpt>
   <trkpt lat="50.132774" lon="6.551412"><ele>511.5</ele></trkpt>
   <trkpt lat="50.132452" lon="6.551611"><ele>513</ele></trkpt>
   <trkpt lat="50.132024" lon="6.552245"><ele>517</ele></trkpt>
   <trkpt lat="50.131901" lon="6.552659"><ele>519.25</ele></trkpt>
   <trkpt lat="50.131841" lon="6.553213"><ele>522.25</ele></trkpt>
   <trkpt lat="50.131624" lon="6.553608"><ele>523.5</ele></trkpt>
   <trkpt lat="50.131546" lon="6.553887"><ele>524.25</ele></trkpt>
   <trkpt lat="50.131592" lon="6.55484"><ele>524.75</ele></trkpt>
   <trkpt lat="50.131517" lon="6.555556"><ele>525.25</ele></trkpt>
   <trkpt lat="50.131382" lon="6.55601"><ele>525.5</ele></trkpt>
   <trkpt lat="50.131036" lon="6.556525"><ele>524</ele></trkpt>
   <trkpt lat="50.130835" lon="6.556881"><ele>524.75</ele></trkpt>
   <trkpt lat="50.130753" lon="6.557047"><ele>525</ele></trkpt>
   <trkpt lat="50.130516" lon="6.557404"><ele>525.75</ele></trkpt>
   <trkpt lat="50.13033" lon="6.557593"><ele>526</ele></trkpt>
   <trkpt lat="50.130017" lon="6.557819"><ele>526</ele></trkpt>
   <trkpt lat="50.129814" lon="6.55788"><ele>526</ele></trkpt>
   <trkpt lat="50.129424" lon="6.557904"><ele>525.25</ele></trkpt>
   <trkpt lat="50.129235" lon="6.557901"><ele>525</ele></trkpt>
   <trkpt lat="50.129024" lon="6.557975"><ele>525</ele></trkpt>
   <trkpt lat="50.12871" lon="6.558208"><ele>523.75</ele></trkpt>
   <trkpt lat="50.128311" lon="6.55868"><ele>520.75</ele></trkpt>
   <trkpt lat="50.128092" lon="6.55897"><ele>520</ele></trkpt>
   <trkpt lat="50.127585" lon="6.55939"><ele>519</ele></trkpt>
   <trkpt lat="50.126431" lon="6.559842"><ele>513</ele></trkpt>
   <trkpt lat="50.125389" lon="6.560282"><ele>509.25</ele></trkpt>
   <trkpt lat="50.124736" lon="6.560518"><ele>506.75</ele></trkpt>
   <trkpt lat="50.12421" lon="6.560379"><ele>506</ele></trkpt>
   <trkpt lat="50.123928" lon="6.560264"><ele>505</ele></trkpt>
   <trkpt lat="50.123732" lon="6.560106"><ele>505.5</ele></trkpt>
   <trkpt lat="50.123645" lon="6.559936"><ele>505.5</ele></trkpt>
   <trkpt lat="50.123566" lon="6.559614"><ele>503.5</ele></trkpt>
   <trkpt lat="50.123502" lon="6.558956"><ele>500</ele></trkpt>
   <trkpt lat="50.123372" lon="6.55855"><ele>498</ele></trkpt>
   <trkpt lat="50.123311" lon="6.558529"><ele>498</ele></trkpt>
   <trkpt lat="50.123206" lon="6.557885"><ele>497.25</ele></trkpt>
   <trkpt lat="50.123066" lon="6.557986"><ele>497.5</ele></trkpt>
   <trkpt lat="50.123018" lon="6.558082"><ele>498.75</ele></trkpt>
   <trkpt lat="50.123025" lon="6.558354"><ele>499.5</ele></trkpt>
   <trkpt lat="50.123099" lon="6.558898"><ele>501.25</ele></trkpt>
   <trkpt lat="50.123102" lon="6.559041"><ele>502</ele></trkpt>
   <trkpt lat="50.123087" lon="6.559145"><ele>503</ele></trkpt>
   <trkpt lat="50.123059" lon="6.559268"><ele>504.25</ele></trkpt>
   <trkpt lat="50.122952" lon="6.55945"><ele>505.75</ele></trkpt>
   <trkpt lat="50.122798" lon="6.55959"><ele>506.75</ele></trkpt>
   <trkpt lat="50.122617" lon="6.559686"><ele>507.5</ele></trkpt>
   <trkpt lat="50.122254" lon="6.560019"><ele>508.5</ele></trkpt>
   <trkpt lat="50.121444" lon="6.561352"><ele>509</ele></trkpt>
   <trkpt lat="50.12127" lon="6.561568"><ele>509</ele></trkpt>
   <trkpt lat="50.121106" lon="6.561664"><ele>510</ele></trkpt>
   <trkpt lat="50.120945" lon="6.561721"><ele>510</ele></trkpt>
   <trkpt lat="50.120759" lon="6.561736"><ele>510.25</ele></trkpt>
   <trkpt lat="50.120552" lon="6.561689"><ele>510.5</ele></trkpt>
   <trkpt lat="50.120277" lon="6.561441"><ele>510.75</ele></trkpt>
   <trkpt lat="50.120011" lon="6.56101"><ele>511.25</ele></trkpt>
   <trkpt lat="50.119664" lon="6.560331"><ele>511.5</ele></trkpt>
   <trkpt lat="50.119448" lon="6.559959"><ele>512</ele></trkpt>
   <trkpt lat="50.119254" lon="6.559698"><ele>511.25</ele></trkpt>
   <trkpt lat="50.119125" lon="6.559572"><ele>511.25</ele></trkpt>
   <trkpt lat="50.118998" lon="6.559482"><ele>511.75</ele></trkpt>
   <trkpt lat="50.118901" lon="6.559427"><ele>512</ele></trkpt>
   <trkpt lat="50.11879" lon="6.559378"><ele>511.5</ele></trkpt>
   <trkpt lat="50.118553" lon="6.559307"><ele>511.25</ele></trkpt>
   <trkpt lat="50.118566" lon="6.559274"><ele>511.5</ele></trkpt>
   <trkpt lat="50.118535" lon="6.559079"><ele>511.75</ele></trkpt>
   <trkpt lat="50.118506" lon="6.558953"><ele>511.75</ele></trkpt>
   <trkpt lat="50.118403" lon="6.558657"><ele>512</ele></trkpt>
   <trkpt lat="50.118266" lon="6.55819"><ele>513</ele></trkpt>
   <trkpt lat="50.11815" lon="6.557821"><ele>513.75</ele></trkpt>
   <trkpt lat="50.118083" lon="6.557499"><ele>514</ele></trkpt>
   <trkpt lat="50.1178" lon="6.556689"><ele>515.75</ele></trkpt>
   <trkpt lat="50.11761" lon="6.556113"><ele>516</ele></trkpt>
   <trkpt lat="50.117424" lon="6.555604"><ele>515.25</ele></trkpt>
   <trkpt lat="50.11732" lon="6.555125"><ele>515.25</ele></trkpt>
   <trkpt lat="50.117171" lon="6.555059"><ele>516</ele></trkpt>
   <trkpt lat="50.116924" lon="6.554908"><ele>517</ele></trkpt>
   <trkpt lat="50.116661" lon="6.5547"><ele>518</ele></trkpt>
   <trkpt lat="50.116548" lon="6.554591"><ele>518.25</ele></trkpt>
   <trkpt lat="50.116312" lon="6.554482"><ele>519.25</ele></trkpt>
   <trkpt lat="50.116065" lon="6.554295"><ele>520</ele></trkpt>
   <trkpt lat="50.115786" lon="6.553979"><ele>521</ele></trkpt>
   <trkpt lat="50.11522" lon="6.553143"><ele>523</ele></trkpt>
   <trkpt lat="50.114983" lon="6.552867"><ele>523.5</ele></trkpt>
   <trkpt lat="50.1147" lon="6.552504"><ele>523.75</ele></trkpt>
   <trkpt lat="50.114547" lon="6.552234"><ele>524.5</ele></trkpt>
   <trkpt lat="50.114357" lon="6.55186"><ele>525</ele></trkpt>
   <trkpt lat="50.114158" lon="6.551517"><ele>526</ele></trkpt>
   <trkpt lat="50.113988" lon="6.551268"><ele>526.5</ele></trkpt>
   <trkpt lat="50.113378" lon="6.550645"><ele>529.75</ele></trkpt>
   <trkpt lat="50.113192" lon="6.550526"><ele>531</ele></trkpt>
   <trkpt lat="50.112933" lon="6.550402"><ele>532</ele></trkpt>
   <trkpt lat="50.112528" lon="6.550188"><ele>532.5</ele></trkpt>
   <trkpt lat="50.112328" lon="6.550094"><ele>533.5</ele></trkpt>
   <trkpt lat="50.112257" lon="6.550133"><ele>534</ele></trkpt>
   <trkpt lat="50.112287" lon="6.550005"><ele>533.5</ele></trkpt>
   <trkpt lat="50.112306" lon="6.549401"><ele>530.5</ele></trkpt>
   <trkpt lat="50.112279" lon="6.549215"><ele>528.75</ele></trkpt>
   <trkpt lat="50.111757" lon="6.54739"><ele>514.5</ele></trkpt>
   <trkpt lat="50.111619" lon="6.546937"><ele>510.75</ele></trkpt>
   <trkpt lat="50.111618" lon="6.546764"><ele>509.5</ele></trkpt>
   <trkpt lat="50.111658" lon="6.546651"><ele>507.75</ele></trkpt>
   <trkpt lat="50.111775" lon="6.546388"><ele>503.25</ele></trkpt>
   <trkpt lat="50.111949" lon="6.545955"><ele>497.75</ele></trkpt>
   <trkpt lat="50.112867" lon="6.54374"><ele>479.25</ele></trkpt>
   <trkpt lat="50.1129" lon="6.543651"><ele>479</ele></trkpt>
   <trkpt lat="50.112919" lon="6.543576"><ele>479</ele></trkpt>
   <trkpt lat="50.112897" lon="6.543572"><ele>479.25</ele></trkpt>
   <trkpt lat="50.112862" lon="6.543514"><ele>480</ele></trkpt>
   <trkpt lat="50.112197" lon="6.541218"><ele>495.5</ele></trkpt>
   <trkpt lat="50.112146" lon="6.541051"><ele>495.75</ele></trkpt>
   <trkpt lat="50.112091" lon="6.540912"><ele>496</ele></trkpt>
   <trkpt lat="50.111548" lon="6.539895"><ele>496.5</ele></trkpt>
   <trkpt lat="50.111478" lon="6.539779"><ele>496.25</ele></trkpt>
   <trkpt lat="50.111414" lon="6.539705"><ele>496.5</ele></trkpt>
   <trkpt lat="50.111375" lon="6.539678"><ele>496.5</ele></trkpt>
   <trkpt lat="50.111325" lon="6.539643"><ele>496.25</ele></trkpt>
   <trkpt lat="50.109456" lon="6.539563"><ele>494.75</ele></trkpt>
   <trkpt lat="50.108774" lon="6.539523"><ele>490.25</ele></trkpt>
   <trkpt lat="50.108696" lon="6.539506"><ele>489.75</ele></trkpt>
   <trkpt lat="50.108642" lon="6.539478"><ele>489.25</ele></trkpt>
   <trkpt lat="50.10859" lon="6.539436"><ele>489</ele></trkpt>
   <trkpt lat="50.107911" lon="6.53877"><ele>492.5</ele></trkpt>
   <trkpt lat="50.107684" lon="6.53856"><ele>493.5</ele></trkpt>
   <trkpt lat="50.107531" lon="6.538399"><ele>494</ele></trkpt>
   <trkpt lat="50.107368" lon="6.53817"><ele>493.25</ele></trkpt>
   <trkpt lat="50.107401" lon="6.538085"><ele>492.25</ele></trkpt>
   <trkpt lat="50.107405" lon="6.538013"><ele>491.5</ele></trkpt>
   <trkpt lat="50.107385" lon="6.537918"><ele>491</ele></trkpt>
   <trkpt lat="50.107156" lon="6.5375"><ele>488.25</ele></trkpt>
   <trkpt lat="50.106844" lon="6.537005"><ele>485.25</ele></trkpt>
   <trkpt lat="50.106747" lon="6.536884"><ele>484.75</ele></trkpt>
   <trkpt lat="50.106601" lon="6.536741"><ele>484.25</ele></trkpt>
   <trkpt lat="50.106499" lon="6.536677"><ele>483.25</ele></trkpt>
   <trkpt lat="50.106361" lon="6.536633"><ele>482</ele></trkpt>
   <trkpt lat="50.106189" lon="6.536633"><ele>481</ele></trkpt>
   <trkpt lat="50.105981" lon="6.536665"><ele>479.5</ele></trkpt>
   <trkpt lat="50.105824" lon="6.5367"><ele>478.25</ele></trkpt>
   <trkpt lat="50.10558" lon="6.536816"><ele>477.25</ele></trkpt>
   <trkpt lat="50.105368" lon="6.536934"><ele>475.25</ele></trkpt>
   <trkpt lat="50.105232" lon="6.537036"><ele>474</ele></trkpt>
   <trkpt lat="50.104836" lon="6.537422"><ele>470.75</ele></trkpt>
   <trkpt lat="50.104766" lon="6.537475"><ele>470.25</ele></trkpt>
   <trkpt lat="50.104692" lon="6.537474"><ele>469.5</ele></trkpt>
   <trkpt lat="50.104626" lon="6.537447"><ele>469.25</ele></trkpt>
   <trkpt lat="50.104558" lon="6.537386"><ele>469</ele></trkpt>
   <trkpt lat="50.104498" lon="6.537303"><ele>468.25</ele></trkpt>
   <trkpt lat="50.104456" lon="6.537213"><ele>467.75</ele></trkpt>
   <trkpt lat="50.104433" lon="6.537083"><ele>467</ele></trkpt>
   <trkpt lat="50.104393" lon="6.536575"><ele>463.25</ele></trkpt>
   <trkpt lat="50.104345" lon="6.536096"><ele>460.5</ele></trkpt>
   <trkpt lat="50.104306" lon="6.535784"><ele>458.5</ele></trkpt>
   <trkpt lat="50.104269" lon="6.535551"><ele>457</ele></trkpt>
   <trkpt lat="50.104083" lon="6.534202"><ele>449.75</ele></trkpt>
   <trkpt lat="50.104074" lon="6.534175"><ele>449.5</ele></trkpt>
   <trkpt lat="50.104064" lon="6.533977"><ele>448</ele></trkpt>
   <trkpt lat="50.104032" lon="6.533403"><ele>442.5</ele></trkpt>
   <trkpt lat="50.104015" lon="6.53282"><ele>436.5</ele></trkpt>
   <trkpt lat="50.104015" lon="6.532176"><ele>431.25</ele></trkpt>
   <trkpt lat="50.104038" lon="6.531415"><ele>427.75</ele></trkpt>
   <trkpt lat="50.104023" lon="6.530946"><ele>423</ele></trkpt>
   <trkpt lat="50.104004" lon="6.530709"><ele>422.25</ele></trkpt>
   <trkpt lat="50.104037" lon="6.530669"><ele>422</ele></trkpt>
   <trkpt lat="50.10414" lon="6.530455"><ele>421.5</ele></trkpt>
   <trkpt lat="50.104187" lon="6.530396"><ele>421.5</ele></trkpt>
   <trkpt lat="50.104249" lon="6.53033"><ele>421.5</ele></trkpt>
   <trkpt lat="50.104309" lon="6.530282"><ele>421.75</ele></trkpt>
   <trkpt lat="50.104318" lon="6.530236"><ele>421.75</ele></trkpt>
   <trkpt lat="50.104348" lon="6.530137"><ele>422.75</ele></trkpt>
   <trkpt lat="50.104352" lon="6.530061"><ele>423.25</ele></trkpt>
   <trkpt lat="50.104348" lon="6.529947"><ele>424</ele></trkpt>
   <trkpt lat="50.104315" lon="6.529546"><ele>426.5</ele></trkpt>
   <trkpt lat="50.104294" lon="6.529421"><ele>427.25</ele></trkpt>
   <trkpt lat="50.104237" lon="6.529138"><ele>426.75</ele></trkpt>
   <trkpt lat="50.104193" lon="6.528963"><ele>427.5</ele></trkpt>
   <trkpt lat="50.104143" lon="6.528799"><ele>428.25</ele></trkpt>
   <trkpt lat="50.104094" lon="6.528657"><ele>429</ele></trkpt>
   <trkpt lat="50.103948" lon="6.528281"><ele>432.25</ele></trkpt>
   <trkpt lat="50.103687" lon="6.527745"><ele>439.5</ele></trkpt>
   <trkpt lat="50.103405" lon="6.527266"><ele>445</ele></trkpt>
   <trkpt lat="50.10334" lon="6.527173"><ele>446.25</ele></trkpt>
   <trkpt lat="50.103245" lon="6.527082"><ele>448.25</ele></trkpt>
   <trkpt lat="50.103143" lon="6.527031"><ele>449.25</ele></trkpt>
   <trkpt lat="50.103081" lon="6.527022"><ele>449.25</ele></trkpt>
   <trkpt lat="50.102884" lon="6.52702"><ele>450.75</ele></trkpt>
   <trkpt lat="50.102787" lon="6.526993"><ele>452</ele></trkpt>
   <trkpt lat="50.102717" lon="6.526945"><ele>452</ele></trkpt>
   <trkpt lat="50.102676" lon="6.52689"><ele>452.25</ele></trkpt>
   <trkpt lat="50.102626" lon="6.526788"><ele>453.25</ele></trkpt>
   <trkpt lat="50.102526" lon="6.526472"><ele>456.75</ele></trkpt>
   <trkpt lat="50.102345" lon="6.525966"><ele>457</ele></trkpt>
   <trkpt lat="50.102025" lon="6.525187"><ele>457.5</ele></trkpt>
   <trkpt lat="50.101996" lon="6.525054"><ele>457.75</ele></trkpt>
   <trkpt lat="50.101985" lon="6.524954"><ele>458</ele></trkpt>
   <trkpt lat="50.101984" lon="6.524891"><ele>458</ele></trkpt>
   <trkpt lat="50.101994" lon="6.524736"><ele>459</ele></trkpt>
   <trkpt lat="50.102013" lon="6.524626"><ele>459.25</ele></trkpt>
   <trkpt lat="50.102275" lon="6.523401"><ele>463.75</ele></trkpt>
   <trkpt lat="50.102351" lon="6.522984"><ele>466</ele></trkpt>
   <trkpt lat="50.102368" lon="6.522828"><ele>466.75</ele></trkpt>
   <trkpt lat="50.102364" lon="6.522687"><ele>467.5</ele></trkpt>
   <trkpt lat="50.102327" lon="6.522271"><ele>470.25</ele></trkpt>
   <trkpt lat="50.102156" lon="6.519962"><ele>481</ele></trkpt>
   <trkpt lat="50.102102" lon="6.519946"><ele>481</ele></trkpt>
   <trkpt lat="50.102062" lon="6.51991"><ele>481</ele></trkpt>
   <trkpt lat="50.101788" lon="6.519888"><ele>482.25</ele></trkpt>
   <trkpt lat="50.101176" lon="6.519882"><ele>486.75</ele></trkpt>
   <trkpt lat="50.101114" lon="6.519873"><ele>487.25</ele></trkpt>
   <trkpt lat="50.101066" lon="6.519851"><ele>488</ele></trkpt>
   <trkpt lat="50.101025" lon="6.519813"><ele>488.75</ele></trkpt>
   <trkpt lat="50.100952" lon="6.5197"><ele>490.25</ele></trkpt>
   <trkpt lat="50.100735" lon="6.519331"><ele>493.25</ele></trkpt>
   <trkpt lat="50.100585" lon="6.519191"><ele>494.75</ele></trkpt>
   <trkpt lat="50.100321" lon="6.519041"><ele>497.5</ele></trkpt>
   <trkpt lat="50.099654" lon="6.518868"><ele>499</ele></trkpt>
   <trkpt lat="50.099601" lon="6.518854"><ele>499</ele></trkpt>
   <trkpt lat="50.099204" lon="6.518683"><ele>499.5</ele></trkpt>
   <trkpt lat="50.098988" lon="6.518554"><ele>499.25</ele></trkpt>
   <trkpt lat="50.098654" lon="6.518327"><ele>499</ele></trkpt>
   <trkpt lat="50.098317" lon="6.518079"><ele>498.75</ele></trkpt>
   <trkpt lat="50.097852" lon="6.517701"><ele>498.5</ele></trkpt>
   <trkpt lat="50.097756" lon="6.517641"><ele>498.25</ele></trkpt>
   <trkpt lat="50.096824" lon="6.51705"><ele>498</ele></trkpt>
   <trkpt lat="50.096529" lon="6.516888"><ele>498</ele></trkpt>
   <trkpt lat="50.096501" lon="6.516814"><ele>498</ele></trkpt>
   <trkpt lat="50.096489" lon="6.516785"><ele>498</ele></trkpt>
   <trkpt lat="50.095669" lon="6.515644"><ele>495.5</ele></trkpt>
   <trkpt lat="50.095093" lon="6.514615"><ele>492</ele></trkpt>
   <trkpt lat="50.09484" lon="6.514063"><ele>491.25</ele></trkpt>
   <trkpt lat="50.093766" lon="6.512172"><ele>490</ele></trkpt>
   <trkpt lat="50.093416" lon="6.511838"><ele>490</ele></trkpt>
   <trkpt lat="50.092853" lon="6.51133"><ele>489</ele></trkpt>
   <trkpt lat="50.092709" lon="6.511096"><ele>488.75</ele></trkpt>
   <trkpt lat="50.092805" lon="6.510441"><ele>487</ele></trkpt>
   <trkpt lat="50.093021" lon="6.50988"><ele>483</ele></trkpt>
   <trkpt lat="50.093063" lon="6.509487"><ele>481</ele></trkpt>
   <trkpt lat="50.093062" lon="6.509427"><ele>480.75</ele></trkpt>
   <trkpt lat="50.093051" lon="6.509112"><ele>478.5</ele></trkpt>
   <trkpt lat="50.092943" lon="6.50857"><ele>475</ele></trkpt>
   <trkpt lat="50.091992" lon="6.506572"><ele>466.5</ele></trkpt>
   <trkpt lat="50.091547" lon="6.505201"><ele>461</ele></trkpt>
   <trkpt lat="50.091371" lon="6.504433"><ele>456.25</ele></trkpt>
   <trkpt lat="50.091031" lon="6.503574"><ele>451</ele></trkpt>
   <trkpt lat="50.090057" lon="6.501765"><ele>441.75</ele></trkpt>
   <trkpt lat="50.089178" lon="6.500632"><ele>435.75</ele></trkpt>
   <trkpt lat="50.088908" lon="6.500431"><ele>434</ele></trkpt>
   <trkpt lat="50.088568" lon="6.500303"><ele>430.75</ele></trkpt>
   <trkpt lat="50.088381" lon="6.500376"><ele>429.75</ele></trkpt>
   <trkpt lat="50.087935" lon="6.500888"><ele>426.25</ele></trkpt>
   <trkpt lat="50.087724" lon="6.500961"><ele>424.75</ele></trkpt>
   <trkpt lat="50.087571" lon="6.50087"><ele>424.25</ele></trkpt>
   <trkpt lat="50.087337" lon="6.500595"><ele>422.75</ele></trkpt>
   <trkpt lat="50.086927" lon="6.499773"><ele>418.75</ele></trkpt>
   <trkpt lat="50.08668" lon="6.498859"><ele>413</ele></trkpt>
   <trkpt lat="50.086441" lon="6.498485"><ele>410.75</ele></trkpt>
   <trkpt lat="50.085522" lon="6.4979"><ele>404.75</ele></trkpt>
   <trkpt lat="50.084907" lon="6.497325"><ele>398</ele></trkpt>
   <trkpt lat="50.084074" lon="6.496703"><ele>392.25</ele></trkpt>
   <trkpt lat="50.08305" lon="6.496126"><ele>389.25</ele></trkpt>
   <trkpt lat="50.082295" lon="6.495761"><ele>389.25</ele></trkpt>
   <trkpt lat="50.082205" lon="6.49573"><ele>389.25</ele></trkpt>
   <trkpt lat="50.082138" lon="6.495733"><ele>388.75</ele></trkpt>
   <trkpt lat="50.082063" lon="6.495785"><ele>388.5</ele></trkpt>
   <trkpt lat="50.082005" lon="6.495881"><ele>389</ele></trkpt>
   <trkpt lat="50.081952" lon="6.495997"><ele>389.25</ele></trkpt>
   <trkpt lat="50.081923" lon="6.496191"><ele>389</ele></trkpt>
   <trkpt lat="50.081919" lon="6.496484"><ele>388.75</ele></trkpt>
   <trkpt lat="50.081926" lon="6.496781"><ele>389.5</ele></trkpt>
   <trkpt lat="50.08191" lon="6.497096"><ele>389.25</ele></trkpt>
   <trkpt lat="50.081823" lon="6.497791"><ele>390.25</ele></trkpt>
   <trkpt lat="50.081777" lon="6.497949"><ele>391.25</ele></trkpt>
   <trkpt lat="50.081706" lon="6.498028"><ele>390.5</ele></trkpt>
   <trkpt lat="50.08163" lon="6.498051"><ele>389.75</ele></trkpt>
   <trkpt lat="50.081337" lon="6.498006"><ele>388.25</ele></trkpt>
   <trkpt lat="50.081219" lon="6.49803"><ele>388</ele></trkpt>
   <trkpt lat="50.081126" lon="6.498079"><ele>388.5</ele></trkpt>
   <trkpt lat="50.081005" lon="6.498187"><ele>388.25</ele></trkpt>
   <trkpt lat="50.080883" lon="6.498325"><ele>388</ele></trkpt>
   <trkpt lat="50.080675" lon="6.498672"><ele>387.75</ele></trkpt>
   <trkpt lat="50.080565" lon="6.498993"><ele>387.5</ele></trkpt>
   <trkpt lat="50.08043" lon="6.499553"><ele>386</ele></trkpt>
   <trkpt lat="50.080243" lon="6.500461"><ele>387</ele></trkpt>
   <trkpt lat="50.08016" lon="6.500621"><ele>388</ele></trkpt>
   <trkpt lat="50.080071" lon="6.500658"><ele>387.25</ele></trkpt>
   <trkpt lat="50.079961" lon="6.500591"><ele>385.25</ele></trkpt>
   <trkpt lat="50.079773" lon="6.500381"><ele>385.25</ele></trkpt>
   <trkpt lat="50.079418" lon="6.499917"><ele>384.25</ele></trkpt>
   <trkpt lat="50.079195" lon="6.499783"><ele>384.75</ele></trkpt>
   <trkpt lat="50.078726" lon="6.49989"><ele>384.25</ele></trkpt>
   <trkpt lat="50.078491" lon="6.499846"><ele>383.75</ele></trkpt>
   <trkpt lat="50.078251" lon="6.499739"><ele>383.5</ele></trkpt>
   <trkpt lat="50.077844" lon="6.499454"><ele>383</ele></trkpt>
   <trkpt lat="50.077364" lon="6.499052"><ele>384</ele></trkpt>
   <trkpt lat="50.077072" lon="6.498669"><ele>381.75</ele></trkpt>
   <trkpt lat="50.076574" lon="6.49825"><ele>380.5</ele></trkpt>
   <trkpt lat="50.076019" lon="6.497955"><ele>378.5</ele></trkpt>
   <trkpt lat="50.075079" lon="6.497621"><ele>373</ele></trkpt>
   <trkpt lat="50.074763" lon="6.497542"><ele>370.75</ele></trkpt>
   <trkpt lat="50.074473" lon="6.497551"><ele>368.75</ele></trkpt>
   <trkpt lat="50.074281" lon="6.497585"><ele>367.25</ele></trkpt>
   <trkpt lat="50.074172" lon="6.497645"><ele>366.5</ele></trkpt>
   <trkpt lat="50.074156" lon="6.497618"><ele>366</ele></trkpt>
   <trkpt lat="50.074128" lon="6.497606"><ele>365.5</ele></trkpt>
   <trkpt lat="50.074045" lon="6.497642"><ele>365</ele></trkpt>
   <trkpt lat="50.073266" lon="6.498216"><ele>360.25</ele></trkpt>
   <trkpt lat="50.072828" lon="6.498638"><ele>356.5</ele></trkpt>
   <trkpt lat="50.072659" lon="6.498854"><ele>355.5</ele></trkpt>
   <trkpt lat="50.072431" lon="6.499219"><ele>352.5</ele></trkpt>
   <trkpt lat="50.072447" lon="6.499689"><ele>360.5</ele></trkpt>
   <trkpt lat="50.072324" lon="6.499981"><ele>361.5</ele></trkpt>
   <trkpt lat="50.072127" lon="6.500324"><ele>361.75</ele></trkpt>
   <trkpt lat="50.071779" lon="6.500753"><ele>362</ele></trkpt>
   <trkpt lat="50.071494" lon="6.501027"><ele>362</ele></trkpt>
   <trkpt lat="50.071219" lon="6.501255"><ele>361.25</ele></trkpt>
   <trkpt lat="50.070803" lon="6.501497"><ele>358.5</ele></trkpt>
   <trkpt lat="50.070234" lon="6.502063"><ele>363.75</ele></trkpt>
   <trkpt lat="50.070067" lon="6.502159"><ele>364</ele></trkpt>
   <trkpt lat="50.069425" lon="6.502429"><ele>365</ele></trkpt>
   <trkpt lat="50.069041" lon="6.502474"><ele>362.75</ele></trkpt>
   <trkpt lat="50.068587" lon="6.502589"><ele>363.25</ele></trkpt>
   <trkpt lat="50.068379" lon="6.502602"><ele>363</ele></trkpt>
   <trkpt lat="50.068141" lon="6.502602"><ele>362.25</ele></trkpt>
   <trkpt lat="50.067966" lon="6.502557"><ele>359.75</ele></trkpt>
   <trkpt lat="50.067847" lon="6.502505"><ele>357.5</ele></trkpt>
   <trkpt lat="50.067655" lon="6.502439"><ele>355.75</ele></trkpt>
   <trkpt lat="50.067657" lon="6.5024"><ele>354.75</ele></trkpt>
   <trkpt lat="50.067647" lon="6.502346"><ele>353.75</ele></trkpt>
   <trkpt lat="50.067613" lon="6.502305"><ele>353</ele></trkpt>
   <trkpt lat="50.06752" lon="6.50225"><ele>352.25</ele></trkpt>
   <trkpt lat="50.066954" lon="6.502146"><ele>346.5</ele></trkpt>
   <trkpt lat="50.066815" lon="6.502095"><ele>345</ele></trkpt>
   <trkpt lat="50.066595" lon="6.501988"><ele>342.5</ele></trkpt>
   <trkpt lat="50.066513" lon="6.501919"><ele>341</ele></trkpt>
   <trkpt lat="50.066446" lon="6.501871"><ele>340</ele></trkpt>
   <trkpt lat="50.066199" lon="6.501733"><ele>336.75</ele></trkpt>
   <trkpt lat="50.066023" lon="6.501648"><ele>333.75</ele></trkpt>
   <trkpt lat="50.065948" lon="6.501616"><ele>332.5</ele></trkpt>
   <trkpt lat="50.065794" lon="6.501574"><ele>330.5</ele></trkpt>
   <trkpt lat="50.065622" lon="6.501565"><ele>328.5</ele></trkpt>
   <trkpt lat="50.065559" lon="6.50157"><ele>328</ele></trkpt>
   <trkpt lat="50.065487" lon="6.5016"><ele>326.75</ele></trkpt>
   <trkpt lat="50.065428" lon="6.501664"><ele>326.25</ele></trkpt>
   <trkpt lat="50.065379" lon="6.501768"><ele>325.75</ele></trkpt>
   <trkpt lat="50.065292" lon="6.502098"><ele>322.5</ele></trkpt>
   <trkpt lat="50.065242" lon="6.502224"><ele>320.25</ele></trkpt>
   <trkpt lat="50.065182" lon="6.502335"><ele>319.25</ele></trkpt>
   <trkpt lat="50.065122" lon="6.502378"><ele>318.5</ele></trkpt>
   <trkpt lat="50.06507" lon="6.502393"><ele>317.5</ele></trkpt>
   <trkpt lat="50.065023" lon="6.50239"><ele>316.75</ele></trkpt>
   <trkpt lat="50.064954" lon="6.502366"><ele>316.75</ele></trkpt>
   <trkpt lat="50.064928" lon="6.502427"><ele>317.25</ele></trkpt>
   <trkpt lat="50.064911" lon="6.502524"><ele>317.5</ele></trkpt>
   <trkpt lat="50.064849" lon="6.502463"><ele>318</ele></trkpt>
   <trkpt lat="50.064732" lon="6.502454"><ele>318.75</ele></trkpt>
   <trkpt lat="50.064574" lon="6.502463"><ele>320.75</ele></trkpt>
   <trkpt lat="50.064283" lon="6.502387"><ele>324</ele></trkpt>
   <trkpt lat="50.064259" lon="6.502267"><ele>322.75</ele></trkpt>
   <trkpt lat="50.064161" lon="6.502015"><ele>321.5</ele></trkpt>
   <trkpt lat="50.064132" lon="6.501895"><ele>320.75</ele></trkpt>
   <trkpt lat="50.064056" lon="6.501897"><ele>321</ele></trkpt>
   <trkpt lat="50.063919" lon="6.501858"><ele>321.25</ele></trkpt>
   <trkpt lat="50.063641" lon="6.501848"><ele>321.75</ele></trkpt>
   <trkpt lat="50.063363" lon="6.501792"><ele>320</ele></trkpt>
   <trkpt lat="50.063188" lon="6.501831"><ele>319</ele></trkpt>
   <trkpt lat="50.063037" lon="6.501937"><ele>318.5</ele></trkpt>
   <trkpt lat="50.062619" lon="6.502403"><ele>317.5</ele></trkpt>
   <trkpt lat="50.061813" lon="6.503382"><ele>315</ele></trkpt>
   <trkpt lat="50.061579" lon="6.503657"><ele>315.75</ele></trkpt>
   <trkpt lat="50.06148" lon="6.503756"><ele>317</ele></trkpt>
   <trkpt lat="50.061391" lon="6.503796"><ele>316.5</ele></trkpt>
   <trkpt lat="50.061304" lon="6.503806"><ele>316.75</ele></trkpt>
   <trkpt lat="50.061141" lon="6.503811"><ele>317</ele></trkpt>
   <trkpt lat="50.06101" lon="6.503782"><ele>317.5</ele></trkpt>
   <trkpt lat="50.060692" lon="6.503655"><ele>317.75</ele></trkpt>
   <trkpt lat="50.060473" lon="6.503509"><ele>317.25</ele></trkpt>
   <trkpt lat="50.059972" lon="6.50309"><ele>317.5</ele></trkpt>
   <trkpt lat="50.059906" lon="6.503061"><ele>317.75</ele></trkpt>
   <trkpt lat="50.059715" lon="6.503101"><ele>319.5</ele></trkpt>
   <trkpt lat="50.059286" lon="6.503127"><ele>320.75</ele></trkpt>
   <trkpt lat="50.059224" lon="6.503143"><ele>321</ele></trkpt>
   <trkpt lat="50.059158" lon="6.503179"><ele>321.75</ele></trkpt>
   <trkpt lat="50.058851" lon="6.503452"><ele>325.5</ele></trkpt>
   <trkpt lat="50.058735" lon="6.503515"><ele>326.25</ele></trkpt>
   <trkpt lat="50.057551" lon="6.503745"><ele>338</ele></trkpt>
   <trkpt lat="50.057174" lon="6.503797"><ele>340</ele></trkpt>
   <trkpt lat="50.056858" lon="6.503815"><ele>340.75</ele></trkpt>
   <trkpt lat="50.056587" lon="6.503846"><ele>340.5</ele></trkpt>
   <trkpt lat="50.056372" lon="6.503905"><ele>340.25</ele></trkpt>
   <trkpt lat="50.056241" lon="6.503959"><ele>340.5</ele></trkpt>
   <trkpt lat="50.056044" lon="6.504067"><ele>341.5</ele></trkpt>
   <trkpt lat="50.054773" lon="6.504787"><ele>344.75</ele></trkpt>
   <trkpt lat="50.054295" lon="6.505025"><ele>347.25</ele></trkpt>
   <trkpt lat="50.053781" lon="6.50475"><ele>342.25</ele></trkpt>
   <trkpt lat="50.053309" lon="6.504386"><ele>337.25</ele></trkpt>
   <trkpt lat="50.05234" lon="6.503377"><ele>326.25</ele></trkpt>
   <trkpt lat="50.051707" lon="6.502827"><ele>322.25</ele></trkpt>
   <trkpt lat="50.051211" lon="6.502348"><ele>319.5</ele></trkpt>
   <trkpt lat="50.050848" lon="6.502033"><ele>317.5</ele></trkpt>
   <trkpt lat="50.050632" lon="6.501933"><ele>318.25</ele></trkpt>
   <trkpt lat="50.050178" lon="6.501895"><ele>318.75</ele></trkpt>
   <trkpt lat="50.049893" lon="6.501949"><ele>317.75</ele></trkpt>
   <trkpt lat="50.049457" lon="6.502105"><ele>314.5</ele></trkpt>
   <trkpt lat="50.049117" lon="6.502241"><ele>312.5</ele></trkpt>
   <trkpt lat="50.04886" lon="6.502418"><ele>310.75</ele></trkpt>
   <trkpt lat="50.048633" lon="6.502744"><ele>311</ele></trkpt>
   <trkpt lat="50.048334" lon="6.503287"><ele>310.5</ele></trkpt>
   <trkpt lat="50.047994" lon="6.504022"><ele>311.25</ele></trkpt>
   <trkpt lat="50.047654" lon="6.505088"><ele>312.75</ele></trkpt>
   <trkpt lat="50.04745" lon="6.505657"><ele>312.5</ele></trkpt>
   <trkpt lat="50.047407" lon="6.505816"><ele>313.5</ele></trkpt>
   <trkpt lat="50.047346" lon="6.506236"><ele>313.75</ele></trkpt>
   <trkpt lat="50.047324" lon="6.506333"><ele>313.5</ele></trkpt>
   <trkpt lat="50.047291" lon="6.506423"><ele>313.25</ele></trkpt>
   <trkpt lat="50.047121" lon="6.506768"><ele>311.75</ele></trkpt>
   <trkpt lat="50.046883" lon="6.507295"><ele>314.75</ele></trkpt>
   <trkpt lat="50.046424" lon="6.508062"><ele>311.75</ele></trkpt>
   <trkpt lat="50.045042" lon="6.510333"><ele>309.25</ele></trkpt>
   <trkpt lat="50.044699" lon="6.510952"><ele>311</ele></trkpt>
   <trkpt lat="50.044453" lon="6.511267"><ele>310.25</ele></trkpt>
   <trkpt lat="50.044008" lon="6.511645"><ele>309.5</ele></trkpt>
   <trkpt lat="50.043737" lon="6.51181"><ele>308.5</ele></trkpt>
   <trkpt lat="50.043425" lon="6.511959"><ele>306.75</ele></trkpt>
   <trkpt lat="50.043214" lon="6.512035"><ele>308</ele></trkpt>
   <trkpt lat="50.042812" lon="6.512079"><ele>308.75</ele></trkpt>
   <trkpt lat="50.042572" lon="6.512095"><ele>308.75</ele></trkpt>
   <trkpt lat="50.042496" lon="6.512127"><ele>308.75</ele></trkpt>
   <trkpt lat="50.04234" lon="6.512317"><ele>311</ele></trkpt>
   <trkpt lat="50.04225" lon="6.512354"><ele>310.25</ele></trkpt>
   <trkpt lat="50.042141" lon="6.512324"><ele>311.75</ele></trkpt>
   <trkpt lat="50.041869" lon="6.512102"><ele>313.25</ele></trkpt>
   <trkpt lat="50.041601" lon="6.5118"><ele>312.5</ele></trkpt>
   <trkpt lat="50.041395" lon="6.511492"><ele>312.75</ele></trkpt>
   <trkpt lat="50.041082" lon="6.510863"><ele>315.25</ele></trkpt>
   <trkpt lat="50.040903" lon="6.510377"><ele>317</ele></trkpt>
   <trkpt lat="50.040648" lon="6.509464"><ele>314.5</ele></trkpt>
   <trkpt lat="50.040491" lon="6.508725"><ele>311.25</ele></trkpt>
   <trkpt lat="50.040198" lon="6.507602"><ele>305.75</ele></trkpt>
   <trkpt lat="50.039083" lon="6.506796"><ele>306.5</ele></trkpt>
   <trkpt lat="50.038985" lon="6.506748"><ele>306.5</ele></trkpt>
   <trkpt lat="50.038913" lon="6.506746"><ele>307</ele></trkpt>
   <trkpt lat="50.038698" lon="6.506796"><ele>308</ele></trkpt>
   <trkpt lat="50.038602" lon="6.506798"><ele>308</ele></trkpt>
   <trkpt lat="50.038519" lon="6.506782"><ele>308.5</ele></trkpt>
   <trkpt lat="50.036949" lon="6.50608"><ele>313.25</ele></trkpt>
   <trkpt lat="50.036001" lon="6.50567"><ele>315.5</ele></trkpt>
   <trkpt lat="50.035451" lon="6.505475"><ele>318.25</ele></trkpt>
   <trkpt lat="50.035375" lon="6.505485"><ele>319.25</ele></trkpt>
   <trkpt lat="50.035311" lon="6.505507"><ele>320</ele></trkpt>
   <trkpt lat="50.035225" lon="6.50538"><ele>319.5</ele></trkpt>
   <trkpt lat="50.034841" lon="6.504646"><ele>314</ele></trkpt>
   <trkpt lat="50.03459" lon="6.504231"><ele>311.75</ele></trkpt>
   <trkpt lat="50.034181" lon="6.503593"><ele>310</ele></trkpt>
   <trkpt lat="50.034097" lon="6.503432"><ele>307.75</ele></trkpt>
   <trkpt lat="50.033988" lon="6.50318"><ele>306.25</ele></trkpt>
   <trkpt lat="50.033719" lon="6.502469"><ele>304.25</ele></trkpt>
   <trkpt lat="50.033631" lon="6.502313"><ele>303.75</ele></trkpt>
   <trkpt lat="50.03356" lon="6.50221"><ele>303.25</ele></trkpt>
   <trkpt lat="50.033467" lon="6.502106"><ele>303</ele></trkpt>
   <trkpt lat="50.033258" lon="6.501946"><ele>302</ele></trkpt>
   <trkpt lat="50.033165" lon="6.501852"><ele>301.25</ele></trkpt>
   <trkpt lat="50.033129" lon="6.501783"><ele>300.75</ele></trkpt>
   <trkpt lat="50.0331" lon="6.501689"><ele>300.25</ele></trkpt>
   <trkpt lat="50.033079" lon="6.501544"><ele>299.5</ele></trkpt>
   <trkpt lat="50.033075" lon="6.50139"><ele>299</ele></trkpt>
   <trkpt lat="50.033085" lon="6.501224"><ele>299</ele></trkpt>
   <trkpt lat="50.03298" lon="6.501197"><ele>298.75</ele></trkpt>
   <trkpt lat="50.032917" lon="6.501191"><ele>298.75</ele></trkpt>
   <trkpt lat="50.032867" lon="6.501202"><ele>298.75</ele></trkpt>
   <trkpt lat="50.032756" lon="6.50127"><ele>299</ele></trkpt>
   <trkpt lat="50.032687" lon="6.501325"><ele>299.5</ele></trkpt>
   <trkpt lat="50.032589" lon="6.501428"><ele>300.25</ele></trkpt>
   <trkpt lat="50.032425" lon="6.501698"><ele>302.5</ele></trkpt>
   <trkpt lat="50.032204" lon="6.501978"><ele>303.5</ele></trkpt>
   <trkpt lat="50.03214" lon="6.502042"><ele>304.5</ele></trkpt>
   <trkpt lat="50.03202" lon="6.502108"><ele>305.5</ele></trkpt>
   <trkpt lat="50.03182" lon="6.502184"><ele>306</ele></trkpt>
   <trkpt lat="50.031639" lon="6.502231"><ele>306</ele></trkpt>
   <trkpt lat="50.03127" lon="6.50232"><ele>305.5</ele></trkpt>
   <trkpt lat="50.031123" lon="6.502365"><ele>305</ele></trkpt>
   <trkpt lat="50.031092" lon="6.502397"><ele>305.25</ele></trkpt>
   <trkpt lat="50.03105" lon="6.502275"><ele>304.5</ele></trkpt>
   <trkpt lat="50.028069" lon="6.501154"><ele>302.5</ele></trkpt>
   <trkpt lat="50.027536" lon="6.500742"><ele>300</ele></trkpt>
   <trkpt lat="50.027284" lon="6.500655"><ele>299.5</ele></trkpt>
   <trkpt lat="50.026995" lon="6.500587"><ele>298.75</ele></trkpt>
   <trkpt lat="50.026403" lon="6.500564"><ele>299</ele></trkpt>
   <trkpt lat="50.025621" lon="6.500658"><ele>297.75</ele></trkpt>
   <trkpt lat="50.025571" lon="6.50068"><ele>297.75</ele></trkpt>
   <trkpt lat="50.025303" lon="6.500858"><ele>296.25</ele></trkpt>
   <trkpt lat="50.025098" lon="6.501079"><ele>297.5</ele></trkpt>
   <trkpt lat="50.024929" lon="6.501361"><ele>299</ele></trkpt>
   <trkpt lat="50.024891" lon="6.501465"><ele>299</ele></trkpt>
   <trkpt lat="50.024843" lon="6.501638"><ele>298.5</ele></trkpt>
   <trkpt lat="50.024778" lon="6.501753"><ele>298.25</ele></trkpt>
   <trkpt lat="50.024661" lon="6.501822"><ele>297.75</ele></trkpt>
   <trkpt lat="50.023272" lon="6.502379"><ele>294</ele></trkpt>
   <trkpt lat="50.023183" lon="6.502391"><ele>293.75</ele></trkpt>
   <trkpt lat="50.022369" lon="6.502259"><ele>293</ele></trkpt>
   <trkpt lat="50.021589" lon="6.502151"><ele>293.5</ele></trkpt>
   <trkpt lat="50.021406" lon="6.503235"><ele>295.5</ele></trkpt>
   <trkpt lat="50.021384" lon="6.503397"><ele>295.75</ele></trkpt>
   <trkpt lat="50.021123" lon="6.503395"><ele>295.25</ele></trkpt>
   <trkpt lat="50.020909" lon="6.503402"><ele>295.25</ele></trkpt>
   <trkpt lat="50.018776" lon="6.503397"><ele>294</ele></trkpt>
   <trkpt lat="50.018588" lon="6.503385"><ele>294</ele></trkpt>
   <trkpt lat="50.018495" lon="6.503359"><ele>294</ele></trkpt>
   <trkpt lat="50.017513" lon="6.502964"><ele>294.25</ele></trkpt>
   <trkpt lat="50.017414" lon="6.502934"><ele>294</ele></trkpt>
   <trkpt lat="50.017354" lon="6.502925"><ele>294</ele></trkpt>
   <trkpt lat="50.014918" lon="6.502895"><ele>296.25</ele></trkpt>
   <trkpt lat="50.014825" lon="6.502878"><ele>296</ele></trkpt>
   <trkpt lat="50.014089" lon="6.502657"><ele>295.75</ele></trkpt>
   <trkpt lat="50.014024" lon="6.502659"><ele>296.25</ele></trkpt>
   <trkpt lat="50.013977" lon="6.502763"><ele>297.25</ele></trkpt>
   <trkpt lat="50.013749" lon="6.504618"><ele>311</ele></trkpt>
   <trkpt lat="50.012071" lon="6.504011"><ele>309.25</ele></trkpt>
   <trkpt lat="50.011961" lon="6.50387"><ele>308.75</ele></trkpt>
   <trkpt lat="50.011911" lon="6.503774"><ele>308</ele></trkpt>
   <trkpt lat="50.01183" lon="6.503573"><ele>306.75</ele></trkpt>
   <trkpt lat="50.011637" lon="6.503023"><ele>303.75</ele></trkpt>
   <trkpt lat="50.011525" lon="6.502771"><ele>303.25</ele></trkpt>
   <trkpt lat="50.011446" lon="6.502521"><ele>302</ele></trkpt>
   <trkpt lat="50.011185" lon="6.501537"><ele>297.5</ele></trkpt>
   <trkpt lat="50.01113" lon="6.501544"><ele>297.5</ele></trkpt>
   <trkpt lat="50.011064" lon="6.50155"><ele>297.5</ele></trkpt>
   <trkpt lat="50.010903" lon="6.501564"><ele>298</ele></trkpt>
   <trkpt lat="50.009566" lon="6.501406"><ele>299</ele></trkpt>
   <trkpt lat="50.009031" lon="6.501356"><ele>298.75</ele></trkpt>
   <trkpt lat="50.008036" lon="6.501254"><ele>295.25</ele></trkpt>
   <trkpt lat="50.007937" lon="6.501258"><ele>295.25</ele></trkpt>
   <trkpt lat="50.007855" lon="6.501272"><ele>295.25</ele></trkpt>
   <trkpt lat="50.006348" lon="6.502047"><ele>293.5</ele></trkpt>
   <trkpt lat="50.006294" lon="6.502045"><ele>293.25</ele></trkpt>
   <trkpt lat="50.005257" lon="6.501715"><ele>293.5</ele></trkpt>
   <trkpt lat="50.005091" lon="6.5017"><ele>294</ele></trkpt>
   <trkpt lat="50.004607" lon="6.501793"><ele>296</ele></trkpt>
   <trkpt lat="50.004426" lon="6.501804"><ele>296</ele></trkpt>
   <trkpt lat="50.00403" lon="6.501679"><ele>295.5</ele></trkpt>
   <trkpt lat="50.003718" lon="6.50151"><ele>294.5</ele></trkpt>
   <trkpt lat="50.003191" lon="6.501315"><ele>293.5</ele></trkpt>
   <trkpt lat="50.002679" lon="6.501147"><ele>293.25</ele></trkpt>
   <trkpt lat="50.002509" lon="6.501112"><ele>293</ele></trkpt>
   <trkpt lat="50.002422" lon="6.501125"><ele>293.25</ele></trkpt>
   <trkpt lat="50.002199" lon="6.501229"><ele>294.25</ele></trkpt>
   <trkpt lat="50.001461" lon="6.501583"><ele>298</ele></trkpt>
   <trkpt lat="50.001118" lon="6.50174"><ele>300</ele></trkpt>
   <trkpt lat="50.00078" lon="6.501881"><ele>303.75</ele></trkpt>
   <trkpt lat="50.000461" lon="6.501985"><ele>306.5</ele></trkpt>
   <trkpt lat="50.000065" lon="6.502086"><ele>308.75</ele></trkpt>
   <trkpt lat="49.999605" lon="6.502159"><ele>312.5</ele></trkpt>
   <trkpt lat="49.999439" lon="6.502173"><ele>313.25</ele></trkpt>
   <trkpt lat="49.999389" lon="6.502198"><ele>314</ele></trkpt>
   <trkpt lat="49.999192" lon="6.502184"><ele>313.75</ele></trkpt>
   <trkpt lat="49.999048" lon="6.502141"><ele>312.75</ele></trkpt>
   <trkpt lat="49.998721" lon="6.50215"><ele>313.75</ele></trkpt>
   <trkpt lat="49.998637" lon="6.50218"><ele>314.75</ele></trkpt>
   <trkpt lat="49.998242" lon="6.50243"><ele>318.75</ele></trkpt>
   <trkpt lat="49.99731" lon="6.503018"><ele>326.75</ele></trkpt>
   <trkpt lat="49.99723" lon="6.503091"><ele>327.5</ele></trkpt>
   <trkpt lat="49.997161" lon="6.50317"><ele>327</ele></trkpt>
   <trkpt lat="49.996908" lon="6.503711"><ele>330</ele></trkpt>
   <trkpt lat="49.996667" lon="6.504307"><ele>332.5</ele></trkpt>
   <trkpt lat="49.996569" lon="6.50454"><ele>334.25</ele></trkpt>
   <trkpt lat="49.996229" lon="6.505387"><ele>341.75</ele></trkpt>
   <trkpt lat="49.995988" lon="6.506245"><ele>347.5</ele></trkpt>
   <trkpt lat="49.995876" lon="6.50667"><ele>349.75</ele></trkpt>
   <trkpt lat="49.995803" lon="6.507076"><ele>351.25</ele></trkpt>
   <trkpt lat="49.995756" lon="6.507388"><ele>352.5</ele></trkpt>
   <trkpt lat="49.995711" lon="6.50793"><ele>353.25</ele></trkpt>
   <trkpt lat="49.995594" lon="6.509188"><ele>354</ele></trkpt>
   <trkpt lat="49.99559" lon="6.50963"><ele>354.75</ele></trkpt>
   <trkpt lat="49.993262" lon="6.510143"><ele>334.5</ele></trkpt>
   <trkpt lat="49.992512" lon="6.51032"><ele>327</ele></trkpt>
   <trkpt lat="49.992444" lon="6.510359"><ele>327.5</ele></trkpt>
   <trkpt lat="49.992472" lon="6.510422"><ele>327.5</ele></trkpt>
   <trkpt lat="49.99248" lon="6.510502"><ele>327.75</ele></trkpt>
   <trkpt lat="49.992494" lon="6.512373"><ele>330</ele></trkpt>
   <trkpt lat="49.992493" lon="6.512657"><ele>330.5</ele></trkpt>
   <trkpt lat="49.992474" lon="6.512975"><ele>331.75</ele></trkpt>
   <trkpt lat="49.992437" lon="6.513376"><ele>332.5</ele></trkpt>
   <trkpt lat="49.992" lon="6.513705"><ele>335.25</ele></trkpt>
   <trkpt lat="49.990083" lon="6.515205"><ele>350.5</ele></trkpt>
   <trkpt lat="49.989956" lon="6.515288"><ele>350.75</ele></trkpt>
   <trkpt lat="49.989307" lon="6.515557"><ele>349.5</ele></trkpt>
   <trkpt lat="49.988429" lon="6.515936"><ele>348.5</ele></trkpt>
   <trkpt lat="49.988155" lon="6.516066"><ele>350</ele></trkpt>
   <trkpt lat="49.987969" lon="6.516088"><ele>351.25</ele></trkpt>
   <trkpt lat="49.987762" lon="6.516083"><ele>352</ele></trkpt>
   <trkpt lat="49.987288" lon="6.516121"><ele>353</ele></trkpt>
   <trkpt lat="49.987012" lon="6.516119"><ele>352.25</ele></trkpt>
   <trkpt lat="49.986967" lon="6.516137"><ele>352</ele></trkpt>
   <trkpt lat="49.986934" lon="6.516182"><ele>351.75</ele></trkpt>
   <trkpt lat="49.986718" lon="6.516776"><ele>349</ele></trkpt>
   <trkpt lat="49.986656" lon="6.516945"><ele>345.75</ele></trkpt>
   <trkpt lat="49.986485" lon="6.517453"><ele>345.25</ele></trkpt>
   <trkpt lat="49.986445" lon="6.517614"><ele>346.25</ele></trkpt>
   <trkpt lat="49.986369" lon="6.517579"><ele>346.5</ele></trkpt>
   <trkpt lat="49.986312" lon="6.517523"><ele>346</ele></trkpt>
   <trkpt lat="49.986109" lon="6.517287"><ele>344.5</ele></trkpt>
   <trkpt lat="49.985994" lon="6.517242"><ele>343.5</ele></trkpt>
   <trkpt lat="49.985926" lon="6.51725"><ele>342.75</ele></trkpt>
   <trkpt lat="49.985094" lon="6.517452"><ele>337.5</ele></trkpt>
   <trkpt lat="49.984576" lon="6.51755"><ele>334.25</ele></trkpt>
   <trkpt lat="49.984055" lon="6.517638"><ele>332.5</ele></trkpt>
   <trkpt lat="49.983545" lon="6.517704"><ele>330.5</ele></trkpt>
   <trkpt lat="49.982903" lon="6.517868"><ele>327.5</ele></trkpt>
   <trkpt lat="49.982737" lon="6.517938"><ele>326.75</ele></trkpt>
   <trkpt lat="49.982524" lon="6.518063"><ele>326.75</ele></trkpt>
   <trkpt lat="49.982231" lon="6.518022"><ele>326.75</ele></trkpt>
   <trkpt lat="49.981974" lon="6.517961"><ele>328.25</ele></trkpt>
   <trkpt lat="49.981754" lon="6.517954"><ele>329.5</ele></trkpt>
   <trkpt lat="49.981588" lon="6.517981"><ele>330.75</ele></trkpt>
   <trkpt lat="49.981468" lon="6.518012"><ele>332</ele></trkpt>
   <trkpt lat="49.981036" lon="6.518191"><ele>337</ele></trkpt>
   <trkpt lat="49.980953" lon="6.518238"><ele>337.75</ele></trkpt>
   <trkpt lat="49.980884" lon="6.518297"><ele>338.5</ele></trkpt>
   <trkpt lat="49.980719" lon="6.51848"><ele>340</ele></trkpt>
   <trkpt lat="49.980614" lon="6.518539"><ele>340.5</ele></trkpt>
   <trkpt lat="49.980432" lon="6.518824"><ele>341.25</ele></trkpt>
   <trkpt lat="49.980311" lon="6.518798"><ele>341.5</ele></trkpt>
   <trkpt lat="49.97982" lon="6.518815"><ele>338.5</ele></trkpt>
   <trkpt lat="49.979782" lon="6.518818"><ele>338.25</ele></trkpt>
   <trkpt lat="49.979496" lon="6.518837"><ele>335.5</ele></trkpt>
   <trkpt lat="49.978758" lon="6.518976"><ele>330.25</ele></trkpt>
   <trkpt lat="49.978718" lon="6.518983"><ele>330</ele></trkpt>
   <trkpt lat="49.978647" lon="6.518997"><ele>329.75</ele></trkpt>
   <trkpt lat="49.977831" lon="6.519164"><ele>327.75</ele></trkpt>
   <trkpt lat="49.977784" lon="6.519176"><ele>327.75</ele></trkpt>
   <trkpt lat="49.977659" lon="6.519202"><ele>327.75</ele></trkpt>
   <trkpt lat="49.97742" lon="6.519251"><ele>328</ele></trkpt>
   <trkpt lat="49.976836" lon="6.519401"><ele>328.25</ele></trkpt>
   <trkpt lat="49.976474" lon="6.519498"><ele>329.5</ele></trkpt>
   <trkpt lat="49.976276" lon="6.51955"><ele>330.25</ele></trkpt>
   <trkpt lat="49.97591" lon="6.519651"><ele>332.25</ele></trkpt>
   <trkpt lat="49.975859" lon="6.519844"><ele>333.25</ele></trkpt>
   <trkpt lat="49.975744" lon="6.52051"><ele>335</ele></trkpt>
   <trkpt lat="49.975578" lon="6.521098"><ele>335.75</ele></trkpt>
   <trkpt lat="49.975557" lon="6.52114"><ele>336</ele></trkpt>
   <trkpt lat="49.975485" lon="6.521281"><ele>336.75</ele></trkpt>
   <trkpt lat="49.975411" lon="6.521369"><ele>337.25</ele></trkpt>
   <trkpt lat="49.97536" lon="6.521425"><ele>337.5</ele></trkpt>
   <trkpt lat="49.975158" lon="6.521571"><ele>338.25</ele></trkpt>
   <trkpt lat="49.975026" lon="6.521652"><ele>338.75</ele></trkpt>
   <trkpt lat="49.975033" lon="6.521685"><ele>338.75</ele></trkpt>
   <trkpt lat="49.975026" lon="6.521751"><ele>339</ele></trkpt>
   <trkpt lat="49.975011" lon="6.521782"><ele>339.25</ele></trkpt>
   <trkpt lat="49.974991" lon="6.521803"><ele>339.5</ele></trkpt>
   <trkpt lat="49.974968" lon="6.521812"><ele>339.5</ele></trkpt>
   <trkpt lat="49.974943" lon="6.521808"><ele>339.5</ele></trkpt>
   <trkpt lat="49.974921" lon="6.521792"><ele>339.5</ele></trkpt>
   <trkpt lat="49.974902" lon="6.521759"><ele>339.5</ele></trkpt>
   <trkpt lat="49.974767" lon="6.521863"><ele>339.75</ele></trkpt>
   <trkpt lat="49.974642" lon="6.521964"><ele>340.5</ele></trkpt>
   <trkpt lat="49.974373" lon="6.522147"><ele>341.75</ele></trkpt>
   <trkpt lat="49.974291" lon="6.522208"><ele>341.75</ele></trkpt>
   <trkpt lat="49.974123" lon="6.522424"><ele>342.5</ele></trkpt>
   <trkpt lat="49.974074" lon="6.522515"><ele>342.5</ele></trkpt>
   <trkpt lat="49.974059" lon="6.522532"><ele>342.5</ele></trkpt>
   <trkpt lat="49.974015" lon="6.522577"><ele>342.5</ele></trkpt>
   <trkpt lat="49.973984" lon="6.52274"><ele>343</ele></trkpt>
   <trkpt lat="49.973557" lon="6.522614"><ele>341</ele></trkpt>
   <trkpt lat="49.973236" lon="6.522486"><ele>339.5</ele></trkpt>
   <trkpt lat="49.973179" lon="6.522473"><ele>339.25</ele></trkpt>
   <trkpt lat="49.973025" lon="6.522703"><ele>338.75</ele></trkpt>
   <trkpt lat="49.972886" lon="6.522831"><ele>337.75</ele></trkpt>
   <trkpt lat="49.972673" lon="6.522948"><ele>336.25</ele></trkpt>
   <trkpt lat="49.972599" lon="6.52301"><ele>336.25</ele></trkpt>
   <trkpt lat="49.972446" lon="6.523168"><ele>336</ele></trkpt>
   <trkpt lat="49.972236" lon="6.523449"><ele>335.25</ele></trkpt>
   <trkpt lat="49.972161" lon="6.52359"><ele>335.5</ele></trkpt>
   <trkpt lat="49.972135" lon="6.523756"><ele>335.75</ele></trkpt>
   <trkpt lat="49.972123" lon="6.523835"><ele>335.75</ele></trkpt>
   <trkpt lat="49.971965" lon="6.523773"><ele>335.5</ele></trkpt>
   <trkpt lat="49.971846" lon="6.523727"><ele>335.25</ele></trkpt>
   <trkpt lat="49.971781" lon="6.523702"><ele>335</ele></trkpt>
   <trkpt lat="49.971717" lon="6.523681"><ele>335</ele></trkpt>
   <trkpt lat="49.971714" lon="6.52374"><ele>335</ele></trkpt>
   <trkpt lat="49.9717" lon="6.523987"><ele>335</ele></trkpt>
   <trkpt lat="49.971687" lon="6.524305"><ele>335.5</ele></trkpt>
   <trkpt lat="49.971688" lon="6.524523"><ele>336</ele></trkpt>
   <trkpt lat="49.971722" lon="6.524672"><ele>336</ele></trkpt>
   <trkpt lat="49.971787" lon="6.524831"><ele>336.25</ele></trkpt>
   <trkpt lat="49.972001" lon="6.525246"><ele>337</ele></trkpt>
   <trkpt lat="49.972085" lon="6.525404"><ele>337.5</ele></trkpt>
   <trkpt lat="49.97194" lon="6.525554"><ele>337</ele></trkpt>
   <trkpt lat="49.971699" lon="6.525709"><ele>336.75</ele></trkpt>
   <trkpt lat="49.97144" lon="6.525806"><ele>336.75</ele></trkpt>
   <trkpt lat="49.971388" lon="6.525814"><ele>336.75</ele></trkpt>
   <trkpt lat="49.971202" lon="6.525843"><ele>337</ele></trkpt>
   <trkpt lat="49.971088" lon="6.525813"><ele>336.75</ele></trkpt>
   <trkpt lat="49.970834" lon="6.525745"><ele>337.75</ele></trkpt>
   <trkpt lat="49.970809" lon="6.525724"><ele>338</ele></trkpt>
   <trkpt lat="49.97075" lon="6.525674"><ele>338</ele></trkpt>
   <trkpt lat="49.970399" lon="6.525351"><ele>338.75</ele></trkpt>
   <trkpt lat="49.970366" lon="6.525322"><ele>338.75</ele></trkpt>
   <trkpt lat="49.970277" lon="6.525271"><ele>339</ele></trkpt>
   <trkpt lat="49.970061" lon="6.525195"><ele>339.5</ele></trkpt>
   <trkpt lat="49.969972" lon="6.525524"><ele>339</ele></trkpt>
   <trkpt lat="49.969941" lon="6.525697"><ele>338.75</ele></trkpt>
   <trkpt lat="49.969912" lon="6.525872"><ele>338.5</ele></trkpt>
   <trkpt lat="49.9699" lon="6.525943"><ele>338</ele></trkpt>
   <trkpt lat="49.969868" lon="6.526023"><ele>337.75</ele></trkpt>
   <trkpt lat="49.969832" lon="6.526088"><ele>337.25</ele></trkpt>
   <trkpt lat="49.969782" lon="6.526136"><ele>337</ele></trkpt>
   <trkpt lat="49.969728" lon="6.526165"><ele>336.5</ele></trkpt>
   <trkpt lat="49.969666" lon="6.526166"><ele>336.25</ele></trkpt>
   <trkpt lat="49.968807" lon="6.525931"><ele>334</ele></trkpt>
   <trkpt lat="49.96867" lon="6.525888"><ele>333</ele></trkpt>
   <trkpt lat="49.968304" lon="6.525766"><ele>332.25</ele></trkpt>
   <trkpt lat="49.967764" lon="6.525585"><ele>329.75</ele></trkpt>
   <trkpt lat="49.967548" lon="6.52554"><ele>330</ele></trkpt>
   <trkpt lat="49.967545" lon="6.526139"><ele>329</ele></trkpt>
   <trkpt lat="49.967529" lon="6.526545"><ele>328</ele></trkpt>
   <trkpt lat="49.967484" lon="6.527119"><ele>327</ele></trkpt>
   <trkpt lat="49.967472" lon="6.527253"><ele>326.5</ele></trkpt>
  </trkseg>
 </trk>
</gpx>