<?xml version="1.0" encoding="UTF-8"?>
<!-- track-length = 83664 filtered ascend = 1280 plain-ascend = -128 cost=183244 energy=0.6kwh time=4h 12m 47s -->
<gpx
 xmlns="http://www.topografix.com/GPX/1/1"
 xmlns:xsi="http://www.w3.org/2001/XMLSchema-instance"
 xsi:schemaLocation="http://www.topografix.com/GPX/1/1 http://www.topografix.com/GPX/1/1/gpx.xsd"
 version="1.1"
 creator="bikerouter.de 2026.22">
 <trk>
  <name>etappe#6-v1</name>
  <link href="https://bikerouter.de/#map=13/49.4506/6.6676/osm-mapnik-german_style&amp;lonlats=6.527248,49.967444;6.680139,49.468902&amp;profile=gravel">
   <text>bikerouter.de</text>
  </link>
  <trkseg>
   <trkpt lat="49.967472" lon="6.527253"><ele>326.75</ele></trkpt>
   <trkpt lat="49.967484" lon="6.527119"><ele>327</ele></trkpt>
   <trkpt lat="49.96776" lon="6.527175"><ele>327</ele></trkpt>
   <trkpt lat="49.967997" lon="6.527201"><ele>326.25</ele></trkpt>
   <trkpt lat="49.968217" lon="6.527218"><ele>325.25</ele></trkpt>
   <trkpt lat="49.968189" lon="6.527987"><ele>321.75</ele></trkpt>
   <trkpt lat="49.968204" lon="6.528131"><ele>321.25</ele></trkpt>
   <trkpt lat="49.968225" lon="6.528191"><ele>320.75</ele></trkpt>
   <trkpt lat="49.96826" lon="6.528248"><ele>320.5</ele></trkpt>
   <trkpt lat="49.968301" lon="6.528296"><ele>320</ele></trkpt>
   <trkpt lat="49.9684" lon="6.528365"><ele>319.5</ele></trkpt>
   <trkpt lat="49.968378" lon="6.528534"><ele>319</ele></trkpt>
   <trkpt lat="49.968356" lon="6.528641"><ele>318.5</ele></trkpt>
   <trkpt lat="49.968334" lon="6.528669"><ele>318</ele></trkpt>
   <trkpt lat="49.968272" lon="6.528662"><ele>317.5</ele></trkpt>
   <trkpt lat="49.968242" lon="6.52863"><ele>317.5</ele></trkpt>
   <trkpt lat="49.967292" lon="6.52802"><ele>318.25</ele></trkpt>
   <trkpt lat="49.9665" lon="6.527541"><ele>319.25</ele></trkpt>
   <trkpt lat="49.96605" lon="6.527287"><ele>320.5</ele></trkpt>
   <trkpt lat="49.965997" lon="6.527068"><ele>321.25</ele></trkpt>
   <trkpt lat="49.965966" lon="6.526865"><ele>321.75</ele></trkpt>
   <trkpt lat="49.965954" lon="6.526743"><ele>321.5</ele></trkpt>
   <trkpt lat="49.965918" lon="6.526626"><ele>321.5</ele></trkpt>
   <trkpt lat="49.965843" lon="6.526555"><ele>321.25</ele></trkpt>
   <trkpt lat="49.965694" lon="6.52646"><ele>321.25</ele></trkpt>
   <trkpt lat="49.96552" lon="6.526364"><ele>320.75</ele></trkpt>
   <trkpt lat="49.965422" lon="6.526359"><ele>320.5</ele></trkpt>
   <trkpt lat="49.965179" lon="6.526176"><ele>319.5</ele></trkpt>
   <trkpt lat="49.965124" lon="6.5262"><ele>319.5</ele></trkpt>
   <trkpt lat="49.965032" lon="6.526171"><ele>319.25</ele></trkpt>
   <trkpt lat="49.964642" lon="6.525945"><ele>320</ele></trkpt>
   <trkpt lat="49.964385" lon="6.525812"><ele>320</ele></trkpt>
   <trkpt lat="49.964214" lon="6.525724"><ele>320</ele></trkpt>
   <trkpt lat="49.964072" lon="6.52564"><ele>319.75</ele></trkpt>
   <trkpt lat="49.963373" lon="6.52523"><ele>320</ele></trkpt>
   <trkpt lat="49.963334" lon="6.525209"><ele>320</ele></trkpt>
   <trkpt lat="49.963033" lon="6.525035"><ele>319.75</ele></trkpt>
   <trkpt lat="49.962482" lon="6.524702"><ele>319.75</ele></trkpt>
   <trkpt lat="49.962389" lon="6.524613"><ele>319.5</ele></trkpt>
   <trkpt lat="49.962363" lon="6.524741"><ele>319.5</ele></trkpt>
   <trkpt lat="49.962278" lon="6.525084"><ele>319</ele></trkpt>
   <trkpt lat="49.961995" lon="6.524896"><ele>319</ele></trkpt>
   <trkpt lat="49.961756" lon="6.524698"><ele>319</ele></trkpt>
   <trkpt lat="49.961031" lon="6.524242"><ele>318.25</ele></trkpt>
   <trkpt lat="49.960772" lon="6.524121"><ele>318.5</ele></trkpt>
   <trkpt lat="49.960704" lon="6.524116"><ele>318.25</ele></trkpt>
   <trkpt lat="49.960595" lon="6.52415"><ele>318.75</ele></trkpt>
   <trkpt lat="49.960523" lon="6.52422"><ele>318.75</ele></trkpt>
   <trkpt lat="49.960463" lon="6.524255"><ele>318.5</ele></trkpt>
   <trkpt lat="49.960413" lon="6.524269"><ele>318.25</ele></trkpt>
   <trkpt lat="49.960359" lon="6.524278"><ele>318</ele></trkpt>
   <trkpt lat="49.960214" lon="6.524278"><ele>317.5</ele></trkpt>
   <trkpt lat="49.958839" lon="6.524477"><ele>319</ele></trkpt>
   <trkpt lat="49.958252" lon="6.524541"><ele>318</ele></trkpt>
   <trkpt lat="49.956814" lon="6.525075"><ele>320.25</ele></trkpt>
   <trkpt lat="49.955398" lon="6.52565"><ele>325.25</ele></trkpt>
   <trkpt lat="49.954638" lon="6.526015"><ele>329</ele></trkpt>
   <trkpt lat="49.954538" lon="6.526042"><ele>329.5</ele></trkpt>
   <trkpt lat="49.95444" lon="6.526142"><ele>330</ele></trkpt>
   <trkpt lat="49.954428" lon="6.52621"><ele>330</ele></trkpt>
   <trkpt lat="49.954421" lon="6.526305"><ele>330</ele></trkpt>
   <trkpt lat="49.954428" lon="6.526356"><ele>330</ele></trkpt>
   <trkpt lat="49.954394" lon="6.526373"><ele>330</ele></trkpt>
   <trkpt lat="49.954331" lon="6.526404"><ele>330.25</ele></trkpt>
   <trkpt lat="49.954256" lon="6.52643"><ele>330.75</ele></trkpt>
   <trkpt lat="49.954228" lon="6.526431"><ele>330.75</ele></trkpt>
   <trkpt lat="49.95418" lon="6.526434"><ele>331</ele></trkpt>
   <trkpt lat="49.953913" lon="6.526551"><ele>331.75</ele></trkpt>
   <trkpt lat="49.953472" lon="6.526792"><ele>335.25</ele></trkpt>
   <trkpt lat="49.95278" lon="6.527134"><ele>340.75</ele></trkpt>
   <trkpt lat="49.951503" lon="6.527789"><ele>342.25</ele></trkpt>
   <trkpt lat="49.950827" lon="6.528615"><ele>342.75</ele></trkpt>
   <trkpt lat="49.95069" lon="6.528851"><ele>343</ele></trkpt>
   <trkpt lat="49.95062" lon="6.528732"><ele>342</ele></trkpt>
   <trkpt lat="49.950544" lon="6.528389"><ele>340.75</ele></trkpt>
   <trkpt lat="49.950392" lon="6.528164"><ele>340.25</ele></trkpt>
   <trkpt lat="49.950205" lon="6.528067"><ele>339.25</ele></trkpt>
   <trkpt lat="49.950087" lon="6.528259"><ele>339</ele></trkpt>
   <trkpt lat="49.950042" lon="6.528289"><ele>339</ele></trkpt>
   <trkpt lat="49.950005" lon="6.528278"><ele>338.75</ele></trkpt>
   <trkpt lat="49.949915" lon="6.528159"><ele>337.5</ele></trkpt>
   <trkpt lat="49.949819" lon="6.528099"><ele>336.5</ele></trkpt>
   <trkpt lat="49.94971" lon="6.528081"><ele>335.5</ele></trkpt>
   <trkpt lat="49.949345" lon="6.52817"><ele>332.25</ele></trkpt>
   <trkpt lat="49.947601" lon="6.528869"><ele>326.25</ele></trkpt>
   <trkpt lat="49.947587" lon="6.52897"><ele>326.25</ele></trkpt>
   <trkpt lat="49.947555" lon="6.531091"><ele>329.25</ele></trkpt>
   <trkpt lat="49.947535" lon="6.531218"><ele>329.75</ele></trkpt>
   <trkpt lat="49.946892" lon="6.531454"><ele>328</ele></trkpt>
   <trkpt lat="49.946578" lon="6.531606"><ele>327.75</ele></trkpt>
   <trkpt lat="49.946502" lon="6.53172"><ele>328</ele></trkpt>
   <trkpt lat="49.946263" lon="6.53244"><ele>328.25</ele></trkpt>
   <trkpt lat="49.945997" lon="6.533035"><ele>329.25</ele></trkpt>
   <trkpt lat="49.945949" lon="6.533109"><ele>329.5</ele></trkpt>
   <trkpt lat="49.945898" lon="6.533136"><ele>329.75</ele></trkpt>
   <trkpt lat="49.944638" lon="6.532612"><ele>334.25</ele></trkpt>
   <trkpt lat="49.944597" lon="6.532655"><ele>334.25</ele></trkpt>
   <trkpt lat="49.944472" lon="6.533067"><ele>335.75</ele></trkpt>
   <trkpt lat="49.94433" lon="6.53326"><ele>337.25</ele></trkpt>
   <trkpt lat="49.944275" lon="6.533314"><ele>337.5</ele></trkpt>
   <trkpt lat="49.944348" lon="6.533611"><ele>337.5</ele></trkpt>
   <trkpt lat="49.944413" lon="6.533817"><ele>337</ele></trkpt>
   <trkpt lat="49.944335" lon="6.534494"><ele>337.75</ele></trkpt>
   <trkpt lat="49.944316" lon="6.534719"><ele>338.75</ele></trkpt>
   <trkpt lat="49.944316" lon="6.534987"><ele>338.75</ele></trkpt>
   <trkpt lat="49.944254" lon="6.535266"><ele>340</ele></trkpt>
   <trkpt lat="49.944225" lon="6.53542"><ele>340.25</ele></trkpt>
   <trkpt lat="49.944173" lon="6.535463"><ele>340.75</ele></trkpt>
   <trkpt lat="49.944111" lon="6.535434"><ele>341.25</ele></trkpt>
   <trkpt lat="49.944034" lon="6.535294"><ele>341.75</ele></trkpt>
   <trkpt lat="49.943733" lon="6.535299"><ele>344.5</ele></trkpt>
   <trkpt lat="49.943749" lon="6.536141"><ele>343</ele></trkpt>
   <trkpt lat="49.943376" lon="6.536144"><ele>344.75</ele></trkpt>
   <trkpt lat="49.943384" lon="6.536803"><ele>345.5</ele></trkpt>
   <trkpt lat="49.943381" lon="6.536938"><ele>345.5</ele></trkpt>
   <trkpt lat="49.943356" lon="6.537061"><ele>345.75</ele></trkpt>
   <trkpt lat="49.943327" lon="6.537155"><ele>346</ele></trkpt>
   <trkpt lat="49.94327" lon="6.537292"><ele>346.5</ele></trkpt>
   <trkpt lat="49.942637" lon="6.538587"><ele>352</ele></trkpt>
   <trkpt lat="49.94259" lon="6.53867"><ele>352.75</ele></trkpt>
   <trkpt lat="49.942543" lon="6.538732"><ele>353.5</ele></trkpt>
   <trkpt lat="49.942497" lon="6.538759"><ele>354.5</ele></trkpt>
   <trkpt lat="49.942397" lon="6.538764"><ele>355.5</ele></trkpt>
   <trkpt lat="49.942281" lon="6.53877"><ele>356.75</ele></trkpt>
   <trkpt lat="49.942286" lon="6.538375"><ele>357.5</ele></trkpt>
   <trkpt lat="49.942282" lon="6.538253"><ele>358</ele></trkpt>
   <trkpt lat="49.942265" lon="6.538137"><ele>358.75</ele></trkpt>
   <trkpt lat="49.942238" lon="6.538032"><ele>359.75</ele></trkpt>
   <trkpt lat="49.942145" lon="6.537866"><ele>361</ele></trkpt>
   <trkpt lat="49.942079" lon="6.537793"><ele>361.25</ele></trkpt>
   <trkpt lat="49.941756" lon="6.538335"><ele>363</ele></trkpt>
   <trkpt lat="49.941695" lon="6.538315"><ele>363.75</ele></trkpt>
   <trkpt lat="49.94159" lon="6.53833"><ele>364.5</ele></trkpt>
   <trkpt lat="49.941439" lon="6.538445"><ele>366</ele></trkpt>
   <trkpt lat="49.941366" lon="6.53848"><ele>366.5</ele></trkpt>
   <trkpt lat="49.941216" lon="6.538477"><ele>366.75</ele></trkpt>
   <trkpt lat="49.941017" lon="6.538442"><ele>367.5</ele></trkpt>
   <trkpt lat="49.940479" lon="6.538378"><ele>371.25</ele></trkpt>
   <trkpt lat="49.939997" lon="6.538249"><ele>373.25</ele></trkpt>
   <trkpt lat="49.939792" lon="6.53823"><ele>373.5</ele></trkpt>
   <trkpt lat="49.939654" lon="6.538255"><ele>373.75</ele></trkpt>
   <trkpt lat="49.939455" lon="6.538322"><ele>374.75</ele></trkpt>
   <trkpt lat="49.939183" lon="6.538458"><ele>376.25</ele></trkpt>
   <trkpt lat="49.938958" lon="6.53859"><ele>377.5</ele></trkpt>
   <trkpt lat="49.938696" lon="6.538794"><ele>379.5</ele></trkpt>
   <trkpt lat="49.938545" lon="6.53896"><ele>380</ele></trkpt>
   <trkpt lat="49.938357" lon="6.539358"><ele>380.25</ele></trkpt>
   <trkpt lat="49.938092" lon="6.540006"><ele>376</ele></trkpt>
   <trkpt lat="49.93796" lon="6.540309"><ele>374</ele></trkpt>
   <trkpt lat="49.93786" lon="6.540612"><ele>372</ele></trkpt>
   <trkpt lat="49.937826" lon="6.540745"><ele>371.25</ele></trkpt>
   <trkpt lat="49.937694" lon="6.540697"><ele>371</ele></trkpt>
   <trkpt lat="49.936665" lon="6.539889"><ele>372.25</ele></trkpt>
   <trkpt lat="49.935352" lon="6.53873"><ele>370.75</ele></trkpt>
   <trkpt lat="49.935285" lon="6.540342"><ele>368</ele></trkpt>
   <trkpt lat="49.93527" lon="6.540525"><ele>367.75</ele></trkpt>
   <trkpt lat="49.93522" lon="6.540694"><ele>368.25</ele></trkpt>
   <trkpt lat="49.934692" lon="6.542257"><ele>369.75</ele></trkpt>
   <trkpt lat="49.934635" lon="6.542466"><ele>369.5</ele></trkpt>
   <trkpt lat="49.934363" lon="6.544276"><ele>367.25</ele></trkpt>
   <trkpt lat="49.934332" lon="6.544394"><ele>367</ele></trkpt>
   <trkpt lat="49.934302" lon="6.544461"><ele>367</ele></trkpt>
   <trkpt lat="49.934151" lon="6.544689"><ele>366.75</ele></trkpt>
   <trkpt lat="49.933675" lon="6.545277"><ele>366.75</ele></trkpt>
   <trkpt lat="49.932923" lon="6.546049"><ele>366.25</ele></trkpt>
   <trkpt lat="49.932488" lon="6.546479"><ele>365.75</ele></trkpt>
   <trkpt lat="49.931401" lon="6.547527"><ele>366</ele></trkpt>
   <trkpt lat="49.931402" lon="6.547629"><ele>366</ele></trkpt>
   <trkpt lat="49.93107" lon="6.550103"><ele>364.5</ele></trkpt>
   <trkpt lat="49.931065" lon="6.550298"><ele>364.5</ele></trkpt>
   <trkpt lat="49.931087" lon="6.550446"><ele>364.75</ele></trkpt>
   <trkpt lat="49.931471" lon="6.552064"><ele>365</ele></trkpt>
   <trkpt lat="49.931353" lon="6.552375"><ele>364.75</ele></trkpt>
   <trkpt lat="49.931215" lon="6.552601"><ele>364</ele></trkpt>
   <trkpt lat="49.931049" lon="6.552794"><ele>362.75</ele></trkpt>
   <trkpt lat="49.930557" lon="6.553277"><ele>361</ele></trkpt>
   <trkpt lat="49.930522" lon="6.553335"><ele>361</ele></trkpt>
   <trkpt lat="49.930494" lon="6.553399"><ele>361</ele></trkpt>
   <trkpt lat="49.930468" lon="6.553502"><ele>361.25</ele></trkpt>
   <trkpt lat="49.930454" lon="6.554029"><ele>360.25</ele></trkpt>
   <trkpt lat="49.928321" lon="6.554322"><ele>357.75</ele></trkpt>
   <trkpt lat="49.928224" lon="6.554322"><ele>357.5</ele></trkpt>
   <trkpt lat="49.928138" lon="6.554295"><ele>357.25</ele></trkpt>
   <trkpt lat="49.926905" lon="6.553703"><ele>354</ele></trkpt>
   <trkpt lat="49.926776" lon="6.554734"><ele>354</ele></trkpt>
   <trkpt lat="49.926728" lon="6.554903"><ele>354.5</ele></trkpt>
   <trkpt lat="49.926679" lon="6.555025"><ele>354.75</ele></trkpt>
   <trkpt lat="49.926604" lon="6.554935"><ele>354.75</ele></trkpt>
   <trkpt lat="49.926476" lon="6.554759"><ele>354.5</ele></trkpt>
   <trkpt lat="49.926329" lon="6.554536"><ele>355.75</ele></trkpt>
   <trkpt lat="49.926102" lon="6.554158"><ele>357</ele></trkpt>
   <trkpt lat="49.926088" lon="6.554161"><ele>357</ele></trkpt>
   <trkpt lat="49.926061" lon="6.554208"><ele>357.25</ele></trkpt>
   <trkpt lat="49.925998" lon="6.554368"><ele>357.5</ele></trkpt>
   <trkpt lat="49.925931" lon="6.554304"><ele>357.75</ele></trkpt>
   <trkpt lat="49.925918" lon="6.554261"><ele>358</ele></trkpt>
   <trkpt lat="49.925893" lon="6.554105"><ele>358.5</ele></trkpt>
   <trkpt lat="49.925866" lon="6.554031"><ele>358.75</ele></trkpt>
   <trkpt lat="49.9257" lon="6.553702"><ele>359.25</ele></trkpt>
   <trkpt lat="49.925657" lon="6.553613"><ele>359.25</ele></trkpt>
   <trkpt lat="49.925495" lon="6.553444"><ele>360.5</ele></trkpt>
   <trkpt lat="49.925278" lon="6.553311"><ele>361.75</ele></trkpt>
   <trkpt lat="49.923908" lon="6.552807"><ele>367</ele></trkpt>
   <trkpt lat="49.921923" lon="6.552048"><ele>361.75</ele></trkpt>
   <trkpt lat="49.920921" lon="6.55134"><ele>358.75</ele></trkpt>
   <trkpt lat="49.920161" lon="6.55105"><ele>355.5</ele></trkpt>
   <trkpt lat="49.919867" lon="6.551093"><ele>354.75</ele></trkpt>
   <trkpt lat="49.919779" lon="6.551106"><ele>354.75</ele></trkpt>
   <trkpt lat="49.91964" lon="6.551107"><ele>355.25</ele></trkpt>
   <trkpt lat="49.919362" lon="6.551066"><ele>356</ele></trkpt>
   <trkpt lat="49.919255" lon="6.551058"><ele>356.25</ele></trkpt>
   <trkpt lat="49.919175" lon="6.551063"><ele>356.75</ele></trkpt>
   <trkpt lat="49.91911" lon="6.551082"><ele>356.75</ele></trkpt>
   <trkpt lat="49.919014" lon="6.551136"><ele>356.75</ele></trkpt>
   <trkpt lat="49.918404" lon="6.551625"><ele>359.25</ele></trkpt>
   <trkpt lat="49.917838" lon="6.552031"><ele>363.5</ele></trkpt>
   <trkpt lat="49.917025" lon="6.552535"><ele>367.25</ele></trkpt>
   <trkpt lat="49.916951" lon="6.552579"><ele>367.75</ele></trkpt>
   <trkpt lat="49.916912" lon="6.55259"><ele>368</ele></trkpt>
   <trkpt lat="49.916866" lon="6.552572"><ele>368.5</ele></trkpt>
   <trkpt lat="49.916101" lon="6.552019"><ele>369.25</ele></trkpt>
   <trkpt lat="49.916058" lon="6.552005"><ele>369.25</ele></trkpt>
   <trkpt lat="49.916015" lon="6.552012"><ele>369.5</ele></trkpt>
   <trkpt lat="49.915792" lon="6.552083"><ele>370.25</ele></trkpt>
   <trkpt lat="49.915692" lon="6.552134"><ele>370</ele></trkpt>
   <trkpt lat="49.914559" lon="6.552971"><ele>363</ele></trkpt>
   <trkpt lat="49.913625" lon="6.553625"><ele>358.25</ele></trkpt>
   <trkpt lat="49.913558" lon="6.553661"><ele>356.5</ele></trkpt>
   <trkpt lat="49.913487" lon="6.553687"><ele>355.75</ele></trkpt>
   <trkpt lat="49.913362" lon="6.553716"><ele>355.75</ele></trkpt>
   <trkpt lat="49.911764" lon="6.553947"><ele>351.5</ele></trkpt>
   <trkpt lat="49.911597" lon="6.55399"><ele>352</ele></trkpt>
   <trkpt lat="49.911541" lon="6.554006"><ele>351.75</ele></trkpt>
   <trkpt lat="49.908833" lon="6.555214"><ele>341</ele></trkpt>
   <trkpt lat="49.908636" lon="6.554307"><ele>341</ele></trkpt>
   <trkpt lat="49.90842" lon="6.553389"><ele>342.5</ele></trkpt>
   <trkpt lat="49.907943" lon="6.551584"><ele>345.75</ele></trkpt>
   <trkpt lat="49.907724" lon="6.550822"><ele>345.25</ele></trkpt>
   <trkpt lat="49.907365" lon="6.549744"><ele>346</ele></trkpt>
   <trkpt lat="49.90697" lon="6.548688"><ele>345</ele></trkpt>
   <trkpt lat="49.906143" lon="6.551083"><ele>351.75</ele></trkpt>
   <trkpt lat="49.905729" lon="6.55222"><ele>348.5</ele></trkpt>
   <trkpt lat="49.905319" lon="6.553163"><ele>346.75</ele></trkpt>
   <trkpt lat="49.904381" lon="6.555255"><ele>352.75</ele></trkpt>
   <trkpt lat="49.902543" lon="6.55929"><ele>367.25</ele></trkpt>
   <trkpt lat="49.902399" lon="6.559877"><ele>367.5</ele></trkpt>
   <trkpt lat="49.902342" lon="6.560062"><ele>368</ele></trkpt>
   <trkpt lat="49.901211" lon="6.562349"><ele>376.75</ele></trkpt>
   <trkpt lat="49.900626" lon="6.561522"><ele>379.5</ele></trkpt>
   <trkpt lat="49.900469" lon="6.561255"><ele>380</ele></trkpt>
   <trkpt lat="49.900301" lon="6.560928"><ele>380.5</ele></trkpt>
   <trkpt lat="49.899763" lon="6.559503"><ele>379.5</ele></trkpt>
   <trkpt lat="49.899636" lon="6.559329"><ele>379.75</ele></trkpt>
   <trkpt lat="49.899563" lon="6.559306"><ele>380.25</ele></trkpt>
   <trkpt lat="49.899532" lon="6.559214"><ele>380.25</ele></trkpt>
   <trkpt lat="49.899558" lon="6.558835"><ele>380.25</ele></trkpt>
   <trkpt lat="49.899532" lon="6.558712"><ele>380.5</ele></trkpt>
   <trkpt lat="49.899467" lon="6.558671"><ele>381.5</ele></trkpt>
   <trkpt lat="49.898663" lon="6.558785"><ele>380.5</ele></trkpt>
   <trkpt lat="49.898507" lon="6.558764"><ele>379.75</ele></trkpt>
   <trkpt lat="49.898228" lon="6.558613"><ele>379</ele></trkpt>
   <trkpt lat="49.898089" lon="6.558512"><ele>378.5</ele></trkpt>
   <trkpt lat="49.897989" lon="6.558503"><ele>377.75</ele></trkpt>
   <trkpt lat="49.897957" lon="6.558523"><ele>377.25</ele></trkpt>
   <trkpt lat="49.897928" lon="6.558559"><ele>377</ele></trkpt>
   <trkpt lat="49.896158" lon="6.561285"><ele>365</ele></trkpt>
   <trkpt lat="49.894752" lon="6.562814"><ele>375.75</ele></trkpt>
   <trkpt lat="49.894634" lon="6.562899"><ele>376.5</ele></trkpt>
   <trkpt lat="49.89447" lon="6.562949"><ele>377.75</ele></trkpt>
   <trkpt lat="49.894739" lon="6.564004"><ele>376.75</ele></trkpt>
   <trkpt lat="49.894832" lon="6.564753"><ele>376.5</ele></trkpt>
   <trkpt lat="49.894832" lon="6.564991"><ele>376.5</ele></trkpt>
   <trkpt lat="49.894742" lon="6.565726"><ele>377.75</ele></trkpt>
   <trkpt lat="49.894217" lon="6.565023"><ele>379.75</ele></trkpt>
   <trkpt lat="49.89406" lon="6.565014"><ele>380</ele></trkpt>
   <trkpt lat="49.893944" lon="6.564966"><ele>380</ele></trkpt>
   <trkpt lat="49.89381" lon="6.564873"><ele>380.75</ele></trkpt>
   <trkpt lat="49.893764" lon="6.564894"><ele>380.75</ele></trkpt>
   <trkpt lat="49.89372" lon="6.564935"><ele>380.75</ele></trkpt>
   <trkpt lat="49.893283" lon="6.565901"><ele>376.5</ele></trkpt>
   <trkpt lat="49.893043" lon="6.566483"><ele>371</ele></trkpt>
   <trkpt lat="49.892506" lon="6.567964"><ele>350.5</ele></trkpt>
   <trkpt lat="49.892056" lon="6.567784"><ele>349.25</ele></trkpt>
   <trkpt lat="49.891736" lon="6.567651"><ele>349</ele></trkpt>
   <trkpt lat="49.890969" lon="6.567157"><ele>349</ele></trkpt>
   <trkpt lat="49.89041" lon="6.566869"><ele>349</ele></trkpt>
   <trkpt lat="49.890026" lon="6.566661"><ele>349</ele></trkpt>
   <trkpt lat="49.888315" lon="6.565565"><ele>346.75</ele></trkpt>
   <trkpt lat="49.888281" lon="6.565562"><ele>346.75</ele></trkpt>
   <trkpt lat="49.888251" lon="6.565574"><ele>346.5</ele></trkpt>
   <trkpt lat="49.888218" lon="6.565654"><ele>346</ele></trkpt>
   <trkpt lat="49.888006" lon="6.566667"><ele>342.75</ele></trkpt>
   <trkpt lat="49.887971" lon="6.566801"><ele>342</ele></trkpt>
   <trkpt lat="49.88794" lon="6.566868"><ele>341.75</ele></trkpt>
   <trkpt lat="49.887887" lon="6.566919"><ele>341.25</ele></trkpt>
   <trkpt lat="49.887783" lon="6.566933"><ele>341</ele></trkpt>
   <trkpt lat="49.887747" lon="6.56693"><ele>340.75</ele></trkpt>
   <trkpt lat="49.887278" lon="6.566785"><ele>339.75</ele></trkpt>
   <trkpt lat="49.887182" lon="6.566742"><ele>339.25</ele></trkpt>
   <trkpt lat="49.887099" lon="6.56669"><ele>339</ele></trkpt>
   <trkpt lat="49.886238" lon="6.565919"><ele>337</ele></trkpt>
   <trkpt lat="49.885984" lon="6.565677"><ele>336.75</ele></trkpt>
   <trkpt lat="49.885707" lon="6.565382"><ele>336.25</ele></trkpt>
   <trkpt lat="49.885571" lon="6.565253"><ele>336</ele></trkpt>
   <trkpt lat="49.885194" lon="6.564929"><ele>335.5</ele></trkpt>
   <trkpt lat="49.884792" lon="6.56448"><ele>335</ele></trkpt>
   <trkpt lat="49.884754" lon="6.564449"><ele>335</ele></trkpt>
   <trkpt lat="49.884713" lon="6.564433"><ele>335</ele></trkpt>
   <trkpt lat="49.884691" lon="6.564429"><ele>334.75</ele></trkpt>
   <trkpt lat="49.884622" lon="6.564478"><ele>334.5</ele></trkpt>
   <trkpt lat="49.88398" lon="6.565241"><ele>329.75</ele></trkpt>
   <trkpt lat="49.883901" lon="6.565321"><ele>329.75</ele></trkpt>
   <trkpt lat="49.883846" lon="6.565352"><ele>329.25</ele></trkpt>
   <trkpt lat="49.883756" lon="6.565374"><ele>328.5</ele></trkpt>
   <trkpt lat="49.883164" lon="6.564992"><ele>327.25</ele></trkpt>
   <trkpt lat="49.882951" lon="6.564832"><ele>326.75</ele></trkpt>
   <trkpt lat="49.882906" lon="6.564777"><ele>326.75</ele></trkpt>
   <trkpt lat="49.882557" lon="6.564223"><ele>327</ele></trkpt>
   <trkpt lat="49.882161" lon="6.563563"><ele>327.75</ele></trkpt>
   <trkpt lat="49.882113" lon="6.56345"><ele>327.75</ele></trkpt>
   <trkpt lat="49.881867" lon="6.562645"><ele>328.5</ele></trkpt>
   <trkpt lat="49.881686" lon="6.561748"><ele>329</ele></trkpt>
   <trkpt lat="49.881634" lon="6.561514"><ele>329</ele></trkpt>
   <trkpt lat="49.88158" lon="6.561323"><ele>329</ele></trkpt>
   <trkpt lat="49.881486" lon="6.561409"><ele>329</ele></trkpt>
   <trkpt lat="49.881209" lon="6.561712"><ele>328.75</ele></trkpt>
   <trkpt lat="49.88074" lon="6.562305"><ele>330</ele></trkpt>
   <trkpt lat="49.880269" lon="6.562878"><ele>328.75</ele></trkpt>
   <trkpt lat="49.879644" lon="6.563636"><ele>327.5</ele></trkpt>
   <trkpt lat="49.878803" lon="6.564673"><ele>326.75</ele></trkpt>
   <trkpt lat="49.878462" lon="6.565192"><ele>326.25</ele></trkpt>
   <trkpt lat="49.877778" lon="6.566446"><ele>321</ele></trkpt>
   <trkpt lat="49.877497" lon="6.56562"><ele>321.5</ele></trkpt>
   <trkpt lat="49.877422" lon="6.565366"><ele>322</ele></trkpt>
   <trkpt lat="49.877377" lon="6.565152"><ele>322</ele></trkpt>
   <trkpt lat="49.877344" lon="6.564894"><ele>322.25</ele></trkpt>
   <trkpt lat="49.87732" lon="6.564627"><ele>322.5</ele></trkpt>
   <trkpt lat="49.877315" lon="6.564452"><ele>322.5</ele></trkpt>
   <trkpt lat="49.877327" lon="6.563963"><ele>322.25</ele></trkpt>
   <trkpt lat="49.877318" lon="6.563762"><ele>321.75</ele></trkpt>
   <trkpt lat="49.877279" lon="6.563485"><ele>321</ele></trkpt>
   <trkpt lat="49.877104" lon="6.562913"><ele>321.5</ele></trkpt>
   <trkpt lat="49.876838" lon="6.563208"><ele>321</ele></trkpt>
   <trkpt lat="49.87625" lon="6.563901"><ele>321.75</ele></trkpt>
   <trkpt lat="49.8762" lon="6.563983"><ele>321.75</ele></trkpt>
   <trkpt lat="49.875826" lon="6.564872"><ele>325</ele></trkpt>
   <trkpt lat="49.875737" lon="6.565014"><ele>325.25</ele></trkpt>
   <trkpt lat="49.875717" lon="6.565034"><ele>325.25</ele></trkpt>
   <trkpt lat="49.875677" lon="6.565042"><ele>325.5</ele></trkpt>
   <trkpt lat="49.875681" lon="6.565223"><ele>325.75</ele></trkpt>
   <trkpt lat="49.875583" lon="6.565216"><ele>326.5</ele></trkpt>
   <trkpt lat="49.875523" lon="6.565196"><ele>326.5</ele></trkpt>
   <trkpt lat="49.874909" lon="6.56494"><ele>326.5</ele></trkpt>
   <trkpt lat="49.874823" lon="6.564897"><ele>326.25</ele></trkpt>
   <trkpt lat="49.874033" lon="6.564276"><ele>323.75</ele></trkpt>
   <trkpt lat="49.873266" lon="6.563604"><ele>320.75</ele></trkpt>
   <trkpt lat="49.872909" lon="6.563309"><ele>319.5</ele></trkpt>
   <trkpt lat="49.872879" lon="6.563308"><ele>319.25</ele></trkpt>
   <trkpt lat="49.872848" lon="6.563325"><ele>319.25</ele></trkpt>
   <trkpt lat="49.872815" lon="6.563368"><ele>319</ele></trkpt>
   <trkpt lat="49.87266" lon="6.564621"><ele>316.25</ele></trkpt>
   <trkpt lat="49.871721" lon="6.567524"><ele>310</ele></trkpt>
   <trkpt lat="49.871643" lon="6.567434"><ele>309.75</ele></trkpt>
   <trkpt lat="49.870758" lon="6.566082"><ele>311.75</ele></trkpt>
   <trkpt lat="49.870159" lon="6.565159"><ele>314</ele></trkpt>
   <trkpt lat="49.86976" lon="6.564558"><ele>315.5</ele></trkpt>
   <trkpt lat="49.869338" lon="6.563882"><ele>318</ele></trkpt>
   <trkpt lat="49.869238" lon="6.563696"><ele>318.5</ele></trkpt>
   <trkpt lat="49.86916" lon="6.56351"><ele>319.25</ele></trkpt>
   <trkpt lat="49.868801" lon="6.562587"><ele>324</ele></trkpt>
   <trkpt lat="49.868662" lon="6.562244"><ele>325.75</ele></trkpt>
   <trkpt lat="49.86855" lon="6.561991"><ele>327.75</ele></trkpt>
   <trkpt lat="49.86842" lon="6.561785"><ele>329.75</ele></trkpt>
   <trkpt lat="49.868283" lon="6.561619"><ele>331.5</ele></trkpt>
   <trkpt lat="49.868125" lon="6.561459"><ele>333.25</ele></trkpt>
   <trkpt lat="49.868044" lon="6.561402"><ele>333.75</ele></trkpt>
   <trkpt lat="49.867993" lon="6.561364"><ele>334.5</ele></trkpt>
   <trkpt lat="49.867809" lon="6.561288"><ele>336.75</ele></trkpt>
   <trkpt lat="49.867674" lon="6.561261"><ele>338</ele></trkpt>
   <trkpt lat="49.867522" lon="6.56126"><ele>339</ele></trkpt>
   <trkpt lat="49.866854" lon="6.561449"><ele>343.5</ele></trkpt>
   <trkpt lat="49.866713" lon="6.561455"><ele>344</ele></trkpt>
   <trkpt lat="49.866587" lon="6.561381"><ele>344.75</ele></trkpt>
   <trkpt lat="49.866493" lon="6.561434"><ele>343.75</ele></trkpt>
   <trkpt lat="49.864425" lon="6.561268"><ele>325</ele></trkpt>
   <trkpt lat="49.864364" lon="6.561245"><ele>324</ele></trkpt>
   <trkpt lat="49.862722" lon="6.56111"><ele>307.75</ele></trkpt>
   <trkpt lat="49.861065" lon="6.561009"><ele>299.75</ele></trkpt>
   <trkpt lat="49.860183" lon="6.560932"><ele>293.25</ele></trkpt>
   <trkpt lat="49.860037" lon="6.560809"><ele>292.25</ele></trkpt>
   <trkpt lat="49.859258" lon="6.560214"><ele>280.25</ele></trkpt>
   <trkpt lat="49.858739" lon="6.559796"><ele>285</ele></trkpt>
   <trkpt lat="49.858207" lon="6.557929"><ele>295.25</ele></trkpt>
   <trkpt lat="49.85677" lon="6.554228"><ele>313</ele></trkpt>
   <trkpt lat="49.856691" lon="6.553929"><ele>314.5</ele></trkpt>
   <trkpt lat="49.856346" lon="6.552539"><ele>320</ele></trkpt>
   <trkpt lat="49.856385" lon="6.552048"><ele>321</ele></trkpt>
   <trkpt lat="49.856448" lon="6.551552"><ele>321.75</ele></trkpt>
   <trkpt lat="49.856591" lon="6.551096"><ele>322.25</ele></trkpt>
   <trkpt lat="49.856722" lon="6.550648"><ele>323.25</ele></trkpt>
   <trkpt lat="49.856948" lon="6.549775"><ele>326.5</ele></trkpt>
   <trkpt lat="49.857048" lon="6.549346"><ele>328.25</ele></trkpt>
   <trkpt lat="49.85711" lon="6.549016"><ele>330.25</ele></trkpt>
   <trkpt lat="49.857194" lon="6.548706"><ele>333</ele></trkpt>
   <trkpt lat="49.857287" lon="6.548425"><ele>334.75</ele></trkpt>
   <trkpt lat="49.857471" lon="6.54795"><ele>338.25</ele></trkpt>
   <trkpt lat="49.857479" lon="6.547916"><ele>338.5</ele></trkpt>
   <trkpt lat="49.857535" lon="6.547671"><ele>340.75</ele></trkpt>
   <trkpt lat="49.857758" lon="6.547311"><ele>342</ele></trkpt>
   <trkpt lat="49.858148" lon="6.546716"><ele>348.5</ele></trkpt>
   <trkpt lat="49.858281" lon="6.546448"><ele>349</ele></trkpt>
   <trkpt lat="49.858414" lon="6.546067"><ele>352.5</ele></trkpt>
   <trkpt lat="49.858497" lon="6.545867"><ele>353.25</ele></trkpt>
   <trkpt lat="49.858607" lon="6.545844"><ele>352.75</ele></trkpt>
   <trkpt lat="49.858748" lon="6.545782"><ele>354</ele></trkpt>
   <trkpt lat="49.858805" lon="6.545694"><ele>355</ele></trkpt>
   <trkpt lat="49.858442" lon="6.54561"><ele>355.5</ele></trkpt>
   <trkpt lat="49.858163" lon="6.545521"><ele>357.25</ele></trkpt>
   <trkpt lat="49.858292" lon="6.544707"><ele>360</ele></trkpt>
   <trkpt lat="49.8576" lon="6.544706"><ele>360.5</ele></trkpt>
   <trkpt lat="49.857392" lon="6.544719"><ele>361.75</ele></trkpt>
   <trkpt lat="49.857175" lon="6.544779"><ele>362.75</ele></trkpt>
   <trkpt lat="49.856948" lon="6.544842"><ele>363.5</ele></trkpt>
   <trkpt lat="49.856676" lon="6.54496"><ele>365</ele></trkpt>
   <trkpt lat="49.856553" lon="6.544984"><ele>365.75</ele></trkpt>
   <trkpt lat="49.856504" lon="6.544931"><ele>366.25</ele></trkpt>
   <trkpt lat="49.85647" lon="6.544794"><ele>366.5</ele></trkpt>
   <trkpt lat="49.856408" lon="6.544339"><ele>367</ele></trkpt>
   <trkpt lat="49.85634" lon="6.543952"><ele>368.25</ele></trkpt>
   <trkpt lat="49.856276" lon="6.543788"><ele>367.75</ele></trkpt>
   <trkpt lat="49.856181" lon="6.54374"><ele>368.5</ele></trkpt>
   <trkpt lat="49.855965" lon="6.543767"><ele>370</ele></trkpt>
   <trkpt lat="49.855825" lon="6.54374"><ele>370.5</ele></trkpt>
   <trkpt lat="49.855543" lon="6.543611"><ele>372</ele></trkpt>
   <trkpt lat="49.855434" lon="6.543579"><ele>371.75</ele></trkpt>
   <trkpt lat="49.855325" lon="6.543606"><ele>372.75</ele></trkpt>
   <trkpt lat="49.855225" lon="6.543727"><ele>372.5</ele></trkpt>
   <trkpt lat="49.855104" lon="6.543979"><ele>372.75</ele></trkpt>
   <trkpt lat="49.854758" lon="6.544778"><ele>374.75</ele></trkpt>
   <trkpt lat="49.854499" lon="6.545245"><ele>373.75</ele></trkpt>
   <trkpt lat="49.85412" lon="6.545837"><ele>373</ele></trkpt>
   <trkpt lat="49.853788" lon="6.546269"><ele>374.5</ele></trkpt>
   <trkpt lat="49.853499" lon="6.546596"><ele>375.75</ele></trkpt>
   <trkpt lat="49.853153" lon="6.5469"><ele>377.25</ele></trkpt>
   <trkpt lat="49.852857" lon="6.547129"><ele>378</ele></trkpt>
   <trkpt lat="49.852192" lon="6.547464"><ele>381.25</ele></trkpt>
   <trkpt lat="49.850941" lon="6.54801"><ele>385</ele></trkpt>
   <trkpt lat="49.850819" lon="6.548075"><ele>384.75</ele></trkpt>
   <trkpt lat="49.849456" lon="6.54869"><ele>382.25</ele></trkpt>
   <trkpt lat="49.849142" lon="6.548804"><ele>381.75</ele></trkpt>
   <trkpt lat="49.848633" lon="6.549067"><ele>377.5</ele></trkpt>
   <trkpt lat="49.848539" lon="6.548566"><ele>379.25</ele></trkpt>
   <trkpt lat="49.84848" lon="6.54861"><ele>379</ele></trkpt>
   <trkpt lat="49.846181" lon="6.54962"><ele>383</ele></trkpt>
   <trkpt lat="49.845252" lon="6.550024"><ele>387</ele></trkpt>
   <trkpt lat="49.844488" lon="6.550303"><ele>389.75</ele></trkpt>
   <trkpt lat="49.843301" lon="6.550675"><ele>398</ele></trkpt>
   <trkpt lat="49.842902" lon="6.550885"><ele>398</ele></trkpt>
   <trkpt lat="49.842454" lon="6.5512"><ele>393.5</ele></trkpt>
   <trkpt lat="49.841855" lon="6.551664"><ele>387.5</ele></trkpt>
   <trkpt lat="49.841226" lon="6.552136"><ele>380.75</ele></trkpt>
   <trkpt lat="49.84116" lon="6.552165"><ele>380.25</ele></trkpt>
   <trkpt lat="49.839382" lon="6.553384"><ele>359.25</ele></trkpt>
   <trkpt lat="49.838954" lon="6.553744"><ele>359.25</ele></trkpt>
   <trkpt lat="49.838854" lon="6.553845"><ele>358.75</ele></trkpt>
   <trkpt lat="49.838815" lon="6.553796"><ele>358.5</ele></trkpt>
   <trkpt lat="49.83877" lon="6.553763"><ele>358.25</ele></trkpt>
   <trkpt lat="49.838736" lon="6.553757"><ele>358.25</ele></trkpt>
   <trkpt lat="49.838701" lon="6.553763"><ele>358</ele></trkpt>
   <trkpt lat="49.838657" lon="6.553792"><ele>358.25</ele></trkpt>
   <trkpt lat="49.838604" lon="6.553874"><ele>358.75</ele></trkpt>
   <trkpt lat="49.838402" lon="6.554284"><ele>360.25</ele></trkpt>
   <trkpt lat="49.838353" lon="6.554361"><ele>360.5</ele></trkpt>
   <trkpt lat="49.838281" lon="6.554451"><ele>360.75</ele></trkpt>
   <trkpt lat="49.838231" lon="6.554495"><ele>360.75</ele></trkpt>
   <trkpt lat="49.837605" lon="6.554943"><ele>362</ele></trkpt>
   <trkpt lat="49.837473" lon="6.55502"><ele>362</ele></trkpt>
   <trkpt lat="49.837371" lon="6.555049"><ele>362</ele></trkpt>
   <trkpt lat="49.837237" lon="6.555073"><ele>362.25</ele></trkpt>
   <trkpt lat="49.836884" lon="6.555104"><ele>364.25</ele></trkpt>
   <trkpt lat="49.836877" lon="6.555045"><ele>364.25</ele></trkpt>
   <trkpt lat="49.836866" lon="6.555014"><ele>364.5</ele></trkpt>
   <trkpt lat="49.836847" lon="6.554988"><ele>364.5</ele></trkpt>
   <trkpt lat="49.836798" lon="6.554961"><ele>365</ele></trkpt>
   <trkpt lat="49.836764" lon="6.554959"><ele>365.25</ele></trkpt>
   <trkpt lat="49.836692" lon="6.554984"><ele>365.75</ele></trkpt>
   <trkpt lat="49.836618" lon="6.555059"><ele>366</ele></trkpt>
   <trkpt lat="49.836552" lon="6.555165"><ele>366</ele></trkpt>
   <trkpt lat="49.836533" lon="6.555221"><ele>366</ele></trkpt>
   <trkpt lat="49.836502" lon="6.555362"><ele>366.25</ele></trkpt>
   <trkpt lat="49.836477" lon="6.555541"><ele>367</ele></trkpt>
   <trkpt lat="49.836458" lon="6.555601"><ele>367</ele></trkpt>
   <trkpt lat="49.836416" lon="6.555672"><ele>367.25</ele></trkpt>
   <trkpt lat="49.836339" lon="6.555753"><ele>367.5</ele></trkpt>
   <trkpt lat="49.835997" lon="6.555954"><ele>368.75</ele></trkpt>
   <trkpt lat="49.833859" lon="6.557065"><ele>380</ele></trkpt>
   <trkpt lat="49.833715" lon="6.557189"><ele>381.25</ele></trkpt>
   <trkpt lat="49.832022" lon="6.558649"><ele>385.75</ele></trkpt>
   <trkpt lat="49.831166" lon="6.55927"><ele>387.25</ele></trkpt>
   <trkpt lat="49.830997" lon="6.559407"><ele>387.75</ele></trkpt>
   <trkpt lat="49.830784" lon="6.559602"><ele>389.25</ele></trkpt>
   <trkpt lat="49.830671" lon="6.55975"><ele>390</ele></trkpt>
   <trkpt lat="49.830528" lon="6.559999"><ele>391</ele></trkpt>
   <trkpt lat="49.830319" lon="6.560465"><ele>394.25</ele></trkpt>
   <trkpt lat="49.830033" lon="6.561209"><ele>397.25</ele></trkpt>
   <trkpt lat="49.82946" lon="6.560496"><ele>401.75</ele></trkpt>
   <trkpt lat="49.828972" lon="6.559998"><ele>405.25</ele></trkpt>
   <trkpt lat="49.828818" lon="6.559829"><ele>406.25</ele></trkpt>
   <trkpt lat="49.827995" lon="6.558769"><ele>407</ele></trkpt>
   <trkpt lat="49.827356" lon="6.557633"><ele>406</ele></trkpt>
   <trkpt lat="49.827112" lon="6.557154"><ele>405.75</ele></trkpt>
   <trkpt lat="49.826538" lon="6.555979"><ele>405.25</ele></trkpt>
   <trkpt lat="49.825313" lon="6.553445"><ele>403.25</ele></trkpt>
   <trkpt lat="49.822888" lon="6.550597"><ele>398</ele></trkpt>
   <trkpt lat="49.821731" lon="6.549274"><ele>396</ele></trkpt>
   <trkpt lat="49.820431" lon="6.547702"><ele>394</ele></trkpt>
   <trkpt lat="49.819968" lon="6.548549"><ele>389.25</ele></trkpt>
   <trkpt lat="49.819781" lon="6.548823"><ele>386</ele></trkpt>
   <trkpt lat="49.819547" lon="6.54906"><ele>381.75</ele></trkpt>
   <trkpt lat="49.819377" lon="6.549155"><ele>379.25</ele></trkpt>
   <trkpt lat="49.819247" lon="6.549181"><ele>377.75</ele></trkpt>
   <trkpt lat="49.819003" lon="6.549088"><ele>375.25</ele></trkpt>
   <trkpt lat="49.81881" lon="6.54897"><ele>373.5</ele></trkpt>
   <trkpt lat="49.818602" lon="6.548798"><ele>371.5</ele></trkpt>
   <trkpt lat="49.81846" lon="6.548608"><ele>368.5</ele></trkpt>
   <trkpt lat="49.818137" lon="6.547978"><ele>364.5</ele></trkpt>
   <trkpt lat="49.817938" lon="6.547609"><ele>361.25</ele></trkpt>
   <trkpt lat="49.817791" lon="6.54717"><ele>359</ele></trkpt>
   <trkpt lat="49.817758" lon="6.547118"><ele>358.5</ele></trkpt>
   <trkpt lat="49.817716" lon="6.547087"><ele>357.5</ele></trkpt>
   <trkpt lat="49.81766" lon="6.547098"><ele>355.75</ele></trkpt>
   <trkpt lat="49.817839" lon="6.547987"><ele>354.5</ele></trkpt>
   <trkpt lat="49.818108" lon="6.549564"><ele>348</ele></trkpt>
   <trkpt lat="49.818209" lon="6.550089"><ele>345</ele></trkpt>
   <trkpt lat="49.818339" lon="6.550896"><ele>342.75</ele></trkpt>
   <trkpt lat="49.818373" lon="6.55131"><ele>341.25</ele></trkpt>
   <trkpt lat="49.818368" lon="6.552405"><ele>336.75</ele></trkpt>
   <trkpt lat="49.818385" lon="6.552862"><ele>335</ele></trkpt>
   <trkpt lat="49.818484" lon="6.553813"><ele>332</ele></trkpt>
   <trkpt lat="49.818494" lon="6.554074"><ele>330.25</ele></trkpt>
   <trkpt lat="49.818485" lon="6.554168"><ele>330</ele></trkpt>
   <trkpt lat="49.81844" lon="6.554259"><ele>330.25</ele></trkpt>
   <trkpt lat="49.818272" lon="6.554081"><ele>332.5</ele></trkpt>
   <trkpt lat="49.818014" lon="6.553833"><ele>334</ele></trkpt>
   <trkpt lat="49.817904" lon="6.553717"><ele>329.25</ele></trkpt>
   <trkpt lat="49.817662" lon="6.553447"><ele>323</ele></trkpt>
   <trkpt lat="49.81751" lon="6.553338"><ele>321</ele></trkpt>
   <trkpt lat="49.817316" lon="6.553249"><ele>320.75</ele></trkpt>
   <trkpt lat="49.817178" lon="6.553085"><ele>319.25</ele></trkpt>
   <trkpt lat="49.817099" lon="6.553276"><ele>321.25</ele></trkpt>
   <trkpt lat="49.816819" lon="6.554118"><ele>330</ele></trkpt>
   <trkpt lat="49.816764" lon="6.554164"><ele>330</ele></trkpt>
   <trkpt lat="49.816719" lon="6.554327"><ele>331.25</ele></trkpt>
   <trkpt lat="49.81662" lon="6.554528"><ele>333</ele></trkpt>
   <trkpt lat="49.816421" lon="6.554874"><ele>335.5</ele></trkpt>
   <trkpt lat="49.816417" lon="6.555006"><ele>338</ele></trkpt>
   <trkpt lat="49.816501" lon="6.554978"><ele>338.25</ele></trkpt>
   <trkpt lat="49.816487" lon="6.555084"><ele>339</ele></trkpt>
   <trkpt lat="49.816462" lon="6.555178"><ele>339</ele></trkpt>
   <trkpt lat="49.816364" lon="6.555309"><ele>337.5</ele></trkpt>
   <trkpt lat="49.816319" lon="6.555447"><ele>337</ele></trkpt>
   <trkpt lat="49.81628" lon="6.555659"><ele>337</ele></trkpt>
   <trkpt lat="49.816208" lon="6.556048"><ele>337.25</ele></trkpt>
   <trkpt lat="49.816064" lon="6.556694"><ele>339.25</ele></trkpt>
   <trkpt lat="49.81602" lon="6.556748"><ele>339.75</ele></trkpt>
   <trkpt lat="49.815878" lon="6.556838"><ele>341.25</ele></trkpt>
   <trkpt lat="49.815404" lon="6.557106"><ele>347.25</ele></trkpt>
   <trkpt lat="49.814734" lon="6.557586"><ele>354.5</ele></trkpt>
   <trkpt lat="49.814259" lon="6.557795"><ele>361</ele></trkpt>
   <trkpt lat="49.814092" lon="6.557895"><ele>363.5</ele></trkpt>
   <trkpt lat="49.813674" lon="6.558022"><ele>369.75</ele></trkpt>
   <trkpt lat="49.81317" lon="6.558141"><ele>376</ele></trkpt>
   <trkpt lat="49.811982" lon="6.55834"><ele>387.75</ele></trkpt>
   <trkpt lat="49.810919" lon="6.558669"><ele>394</ele></trkpt>
   <trkpt lat="49.810623" lon="6.558729"><ele>395</ele></trkpt>
   <trkpt lat="49.810446" lon="6.558706"><ele>395.5</ele></trkpt>
   <trkpt lat="49.810418" lon="6.558712"><ele>395.5</ele></trkpt>
   <trkpt lat="49.809978" lon="6.558559"><ele>396</ele></trkpt>
   <trkpt lat="49.809553" lon="6.558508"><ele>396</ele></trkpt>
   <trkpt lat="49.809446" lon="6.558542"><ele>396</ele></trkpt>
   <trkpt lat="49.809362" lon="6.558569"><ele>396</ele></trkpt>
   <trkpt lat="49.809319" lon="6.558593"><ele>396</ele></trkpt>
   <trkpt lat="49.808884" lon="6.558837"><ele>395</ele></trkpt>
   <trkpt lat="49.808605" lon="6.558911"><ele>394.75</ele></trkpt>
   <trkpt lat="49.808319" lon="6.55917"><ele>395</ele></trkpt>
   <trkpt lat="49.808295" lon="6.559285"><ele>394.75</ele></trkpt>
   <trkpt lat="49.808262" lon="6.559321"><ele>394.75</ele></trkpt>
   <trkpt lat="49.807249" lon="6.560876"><ele>397.75</ele></trkpt>
   <trkpt lat="49.80687" lon="6.561822"><ele>392.75</ele></trkpt>
   <trkpt lat="49.806847" lon="6.56196"><ele>391.75</ele></trkpt>
   <trkpt lat="49.80686" lon="6.56214"><ele>390.5</ele></trkpt>
   <trkpt lat="49.806948" lon="6.562495"><ele>390</ele></trkpt>
   <trkpt lat="49.80699" lon="6.563991"><ele>383.25</ele></trkpt>
   <trkpt lat="49.806986" lon="6.564147"><ele>382.5</ele></trkpt>
   <trkpt lat="49.806942" lon="6.56429"><ele>382.25</ele></trkpt>
   <trkpt lat="49.806884" lon="6.564387"><ele>381.75</ele></trkpt>
   <trkpt lat="49.806727" lon="6.564596"><ele>379.75</ele></trkpt>
   <trkpt lat="49.806613" lon="6.564718"><ele>378.25</ele></trkpt>
   <trkpt lat="49.806544" lon="6.564771"><ele>377.5</ele></trkpt>
   <trkpt lat="49.806457" lon="6.564792"><ele>376.5</ele></trkpt>
   <trkpt lat="49.806321" lon="6.564768"><ele>375.25</ele></trkpt>
   <trkpt lat="49.806187" lon="6.564698"><ele>374.25</ele></trkpt>
   <trkpt lat="49.806103" lon="6.564625"><ele>373.5</ele></trkpt>
   <trkpt lat="49.806033" lon="6.564498"><ele>372.25</ele></trkpt>
   <trkpt lat="49.805885" lon="6.56397"><ele>368.75</ele></trkpt>
   <trkpt lat="49.805777" lon="6.563714"><ele>367</ele></trkpt>
   <trkpt lat="49.805682" lon="6.563573"><ele>366</ele></trkpt>
   <trkpt lat="49.805609" lon="6.563512"><ele>365.25</ele></trkpt>
   <trkpt lat="49.804672" lon="6.563109"><ele>356.25</ele></trkpt>
   <trkpt lat="49.804594" lon="6.563119"><ele>355.25</ele></trkpt>
   <trkpt lat="49.804531" lon="6.563154"><ele>354.5</ele></trkpt>
   <trkpt lat="49.804463" lon="6.563225"><ele>353.5</ele></trkpt>
   <trkpt lat="49.804015" lon="6.563848"><ele>349.5</ele></trkpt>
   <trkpt lat="49.803144" lon="6.565064"><ele>344.25</ele></trkpt>
   <trkpt lat="49.803108" lon="6.565146"><ele>344.5</ele></trkpt>
   <trkpt lat="49.801801" lon="6.567131"><ele>350</ele></trkpt>
   <trkpt lat="49.801477" lon="6.567645"><ele>354.5</ele></trkpt>
   <trkpt lat="49.80145" lon="6.567688"><ele>355</ele></trkpt>
   <trkpt lat="49.799647" lon="6.570441"><ele>374.5</ele></trkpt>
   <trkpt lat="49.799627" lon="6.5705"><ele>374.25</ele></trkpt>
   <trkpt lat="49.799617" lon="6.57056"><ele>373.75</ele></trkpt>
   <trkpt lat="49.799614" lon="6.570852"><ele>373</ele></trkpt>
   <trkpt lat="49.799049" lon="6.570962"><ele>374.5</ele></trkpt>
   <trkpt lat="49.798856" lon="6.571044"><ele>375</ele></trkpt>
   <trkpt lat="49.79868" lon="6.57107"><ele>376.5</ele></trkpt>
   <trkpt lat="49.798424" lon="6.571059"><ele>379</ele></trkpt>
   <trkpt lat="49.798102" lon="6.570987"><ele>380.25</ele></trkpt>
   <trkpt lat="49.797992" lon="6.570994"><ele>380</ele></trkpt>
   <trkpt lat="49.797855" lon="6.571077"><ele>378.75</ele></trkpt>
   <trkpt lat="49.797713" lon="6.571255"><ele>376.75</ele></trkpt>
   <trkpt lat="49.797631" lon="6.571345"><ele>376</ele></trkpt>
   <trkpt lat="49.797198" lon="6.571542"><ele>371.75</ele></trkpt>
   <trkpt lat="49.796913" lon="6.571633"><ele>369.75</ele></trkpt>
   <trkpt lat="49.796653" lon="6.571692"><ele>368.75</ele></trkpt>
   <trkpt lat="49.796551" lon="6.571705"><ele>368.25</ele></trkpt>
   <trkpt lat="49.796433" lon="6.571691"><ele>367.25</ele></trkpt>
   <trkpt lat="49.796199" lon="6.571617"><ele>365.25</ele></trkpt>
   <trkpt lat="49.794497" lon="6.571078"><ele>357.25</ele></trkpt>
   <trkpt lat="49.794124" lon="6.570924"><ele>355.75</ele></trkpt>
   <trkpt lat="49.793846" lon="6.570757"><ele>354.5</ele></trkpt>
   <trkpt lat="49.792743" lon="6.570159"><ele>352</ele></trkpt>
   <trkpt lat="49.792613" lon="6.570054"><ele>351.5</ele></trkpt>
   <trkpt lat="49.792357" lon="6.569653"><ele>350.75</ele></trkpt>
   <trkpt lat="49.792108" lon="6.569312"><ele>349.5</ele></trkpt>
   <trkpt lat="49.792061" lon="6.569306"><ele>349.25</ele></trkpt>
   <trkpt lat="49.792042" lon="6.569122"><ele>349.75</ele></trkpt>
   <trkpt lat="49.791919" lon="6.569165"><ele>348.75</ele></trkpt>
   <trkpt lat="49.790751" lon="6.56973"><ele>348.75</ele></trkpt>
   <trkpt lat="49.790571" lon="6.569814"><ele>350.75</ele></trkpt>
   <trkpt lat="49.790409" lon="6.569915"><ele>352</ele></trkpt>
   <trkpt lat="49.79027" lon="6.569981"><ele>353</ele></trkpt>
   <trkpt lat="49.788745" lon="6.569912"><ele>366.5</ele></trkpt>
   <trkpt lat="49.786934" lon="6.56988"><ele>382.25</ele></trkpt>
   <trkpt lat="49.786771" lon="6.569035"><ele>385</ele></trkpt>
   <trkpt lat="49.786749" lon="6.568974"><ele>385</ele></trkpt>
   <trkpt lat="49.786729" lon="6.568945"><ele>385.25</ele></trkpt>
   <trkpt lat="49.7867" lon="6.568904"><ele>385.5</ele></trkpt>
   <trkpt lat="49.786577" lon="6.568882"><ele>386.5</ele></trkpt>
   <trkpt lat="49.785032" lon="6.568762"><ele>391.75</ele></trkpt>
   <trkpt lat="49.782727" lon="6.56882"><ele>395</ele></trkpt>
   <trkpt lat="49.783089" lon="6.567791"><ele>396</ele></trkpt>
   <trkpt lat="49.782213" lon="6.567437"><ele>395.5</ele></trkpt>
   <trkpt lat="49.781953" lon="6.567332"><ele>395.75</ele></trkpt>
   <trkpt lat="49.78004" lon="6.566614"><ele>394.5</ele></trkpt>
   <trkpt lat="49.779261" lon="6.568996"><ele>403.25</ele></trkpt>
   <trkpt lat="49.779173" lon="6.569153"><ele>403.75</ele></trkpt>
   <trkpt lat="49.779074" lon="6.569132"><ele>403.75</ele></trkpt>
   <trkpt lat="49.778194" lon="6.568678"><ele>404.5</ele></trkpt>
   <trkpt lat="49.777135" lon="6.568085"><ele>404</ele></trkpt>
   <trkpt lat="49.776892" lon="6.567964"><ele>403.75</ele></trkpt>
   <trkpt lat="49.776879" lon="6.568384"><ele>403.5</ele></trkpt>
   <trkpt lat="49.776691" lon="6.569882"><ele>401.5</ele></trkpt>
   <trkpt lat="49.776403" lon="6.571216"><ele>395.75</ele></trkpt>
   <trkpt lat="49.776323" lon="6.571685"><ele>395.75</ele></trkpt>
   <trkpt lat="49.776309" lon="6.571733"><ele>395.75</ele></trkpt>
   <trkpt lat="49.776204" lon="6.572031"><ele>395.25</ele></trkpt>
   <trkpt lat="49.776357" lon="6.572183"><ele>394.25</ele></trkpt>
   <trkpt lat="49.776326" lon="6.572434"><ele>395</ele></trkpt>
   <trkpt lat="49.776274" lon="6.573292"><ele>397.25</ele></trkpt>
   <trkpt lat="49.776196" lon="6.574247"><ele>395.5</ele></trkpt>
   <trkpt lat="49.775947" lon="6.576494"><ele>389.5</ele></trkpt>
   <trkpt lat="49.775254" lon="6.576433"><ele>385.5</ele></trkpt>
   <trkpt lat="49.775199" lon="6.576404"><ele>384.75</ele></trkpt>
   <trkpt lat="49.775144" lon="6.57635"><ele>384.25</ele></trkpt>
   <trkpt lat="49.775072" lon="6.576206"><ele>383.5</ele></trkpt>
   <trkpt lat="49.774866" lon="6.575727"><ele>380.25</ele></trkpt>
   <trkpt lat="49.773928" lon="6.57331"><ele>367.25</ele></trkpt>
   <trkpt lat="49.773875" lon="6.573229"><ele>366.75</ele></trkpt>
   <trkpt lat="49.773493" lon="6.572763"><ele>362.75</ele></trkpt>
   <trkpt lat="49.773377" lon="6.572647"><ele>361.5</ele></trkpt>
   <trkpt lat="49.773196" lon="6.57253"><ele>359.75</ele></trkpt>
   <trkpt lat="49.772885" lon="6.572354"><ele>357</ele></trkpt>
   <trkpt lat="49.772248" lon="6.571934"><ele>351.5</ele></trkpt>
   <trkpt lat="49.772088" lon="6.57181"><ele>350.5</ele></trkpt>
   <trkpt lat="49.771909" lon="6.571698"><ele>349</ele></trkpt>
   <trkpt lat="49.77149" lon="6.571479"><ele>344.25</ele></trkpt>
   <trkpt lat="49.771317" lon="6.571399"><ele>342</ele></trkpt>
   <trkpt lat="49.77116" lon="6.571342"><ele>340.75</ele></trkpt>
   <trkpt lat="49.770226" lon="6.571097"><ele>336.75</ele></trkpt>
   <trkpt lat="49.770148" lon="6.571092"><ele>336.5</ele></trkpt>
   <trkpt lat="49.769555" lon="6.571244"><ele>334.5</ele></trkpt>
   <trkpt lat="49.769497" lon="6.571243"><ele>334.5</ele></trkpt>
   <trkpt lat="49.769425" lon="6.571218"><ele>334.25</ele></trkpt>
   <trkpt lat="49.768815" lon="6.570831"><ele>327.5</ele></trkpt>
   <trkpt lat="49.76831" lon="6.570418"><ele>322</ele></trkpt>
   <trkpt lat="49.768013" lon="6.570157"><ele>317.75</ele></trkpt>
   <trkpt lat="49.767754" lon="6.569865"><ele>314</ele></trkpt>
   <trkpt lat="49.767427" lon="6.569402"><ele>309.5</ele></trkpt>
   <trkpt lat="49.767316" lon="6.569209"><ele>308</ele></trkpt>
   <trkpt lat="49.767212" lon="6.569012"><ele>306.25</ele></trkpt>
   <trkpt lat="49.767117" lon="6.568807"><ele>305</ele></trkpt>
   <trkpt lat="49.767057" lon="6.568668"><ele>304.5</ele></trkpt>
   <trkpt lat="49.766992" lon="6.568468"><ele>303.5</ele></trkpt>
   <trkpt lat="49.76696" lon="6.568404"><ele>303</ele></trkpt>
   <trkpt lat="49.766865" lon="6.568371"><ele>301</ele></trkpt>
   <trkpt lat="49.766769" lon="6.568391"><ele>299</ele></trkpt>
   <trkpt lat="49.766509" lon="6.568475"><ele>294.5</ele></trkpt>
   <trkpt lat="49.766385" lon="6.56853"><ele>292.75</ele></trkpt>
   <trkpt lat="49.766162" lon="6.568658"><ele>290.25</ele></trkpt>
   <trkpt lat="49.765815" lon="6.568735"><ele>286.75</ele></trkpt>
   <trkpt lat="49.765693" lon="6.568799"><ele>286.25</ele></trkpt>
   <trkpt lat="49.765548" lon="6.568903"><ele>286</ele></trkpt>
   <trkpt lat="49.764969" lon="6.569557"><ele>290.5</ele></trkpt>
   <trkpt lat="49.763945" lon="6.570735"><ele>304</ele></trkpt>
   <trkpt lat="49.76379" lon="6.570925"><ele>305.75</ele></trkpt>
   <trkpt lat="49.763659" lon="6.571103"><ele>306.75</ele></trkpt>
   <trkpt lat="49.763406" lon="6.571471"><ele>308.25</ele></trkpt>
   <trkpt lat="49.762019" lon="6.569192"><ele>296</ele></trkpt>
   <trkpt lat="49.760715" lon="6.56722"><ele>289.25</ele></trkpt>
   <trkpt lat="49.76041" lon="6.566868"><ele>290.25</ele></trkpt>
   <trkpt lat="49.760341" lon="6.566788"><ele>290.75</ele></trkpt>
   <trkpt lat="49.759404" lon="6.565818"><ele>293.25</ele></trkpt>
   <trkpt lat="49.75935" lon="6.565939"><ele>294.25</ele></trkpt>
   <trkpt lat="49.758842" lon="6.566853"><ele>305.75</ele></trkpt>
   <trkpt lat="49.758557" lon="6.5673"><ele>311</ele></trkpt>
   <trkpt lat="49.758406" lon="6.567568"><ele>314</ele></trkpt>
   <trkpt lat="49.758254" lon="6.567982"><ele>317</ele></trkpt>
   <trkpt lat="49.757991" lon="6.568856"><ele>323.25</ele></trkpt>
   <trkpt lat="49.757513" lon="6.570591"><ele>340</ele></trkpt>
   <trkpt lat="49.757355" lon="6.571263"><ele>346.5</ele></trkpt>
   <trkpt lat="49.75733" lon="6.57149"><ele>348.5</ele></trkpt>
   <trkpt lat="49.757332" lon="6.571678"><ele>349.25</ele></trkpt>
   <trkpt lat="49.757366" lon="6.571884"><ele>350.5</ele></trkpt>
   <trkpt lat="49.75743" lon="6.572004"><ele>351</ele></trkpt>
   <trkpt lat="49.757358" lon="6.572042"><ele>351.75</ele></trkpt>
   <trkpt lat="49.757249" lon="6.572056"><ele>352.5</ele></trkpt>
   <trkpt lat="49.757081" lon="6.571987"><ele>353</ele></trkpt>
   <trkpt lat="49.756315" lon="6.57101"><ele>352.25</ele></trkpt>
   <trkpt lat="49.753762" lon="6.567882"><ele>350</ele></trkpt>
   <trkpt lat="49.753538" lon="6.567568"><ele>347.5</ele></trkpt>
   <trkpt lat="49.752977" lon="6.566713"><ele>341.25</ele></trkpt>
   <trkpt lat="49.752764" lon="6.566399"><ele>338.25</ele></trkpt>
   <trkpt lat="49.752628" lon="6.566235"><ele>338.75</ele></trkpt>
   <trkpt lat="49.752582" lon="6.566196"><ele>339</ele></trkpt>
   <trkpt lat="49.7521" lon="6.565876"><ele>348</ele></trkpt>
   <trkpt lat="49.752027" lon="6.565852"><ele>349</ele></trkpt>
   <trkpt lat="49.75197" lon="6.565817"><ele>349.5</ele></trkpt>
   <trkpt lat="49.751942" lon="6.565789"><ele>349.5</ele></trkpt>
   <trkpt lat="49.75179" lon="6.566093"><ele>359.5</ele></trkpt>
   <trkpt lat="49.751581" lon="6.566508"><ele>359.25</ele></trkpt>
   <trkpt lat="49.751421" lon="6.566847"><ele>356.5</ele></trkpt>
   <trkpt lat="49.751378" lon="6.566952"><ele>356</ele></trkpt>
   <trkpt lat="49.751358" lon="6.567022"><ele>356.5</ele></trkpt>
   <trkpt lat="49.751308" lon="6.566949"><ele>357.5</ele></trkpt>
   <trkpt lat="49.751263" lon="6.56685"><ele>359</ele></trkpt>
   <trkpt lat="49.751206" lon="6.56667"><ele>360.5</ele></trkpt>
   <trkpt lat="49.75106" lon="6.566029"><ele>362.5</ele></trkpt>
   <trkpt lat="49.750993" lon="6.565884"><ele>363.25</ele></trkpt>
   <trkpt lat="49.75091" lon="6.565751"><ele>363.5</ele></trkpt>
   <trkpt lat="49.750821" lon="6.565656"><ele>363.25</ele></trkpt>
   <trkpt lat="49.750755" lon="6.565619"><ele>364</ele></trkpt>
   <trkpt lat="49.750674" lon="6.565692"><ele>365</ele></trkpt>
   <trkpt lat="49.749589" lon="6.566957"><ele>382.25</ele></trkpt>
   <trkpt lat="49.749385" lon="6.567174"><ele>384.25</ele></trkpt>
   <trkpt lat="49.748434" lon="6.568241"><ele>390</ele></trkpt>
   <trkpt lat="49.747259" lon="6.569572"><ele>388</ele></trkpt>
   <trkpt lat="49.74596" lon="6.571006"><ele>381.25</ele></trkpt>
   <trkpt lat="49.744844" lon="6.572233"><ele>379</ele></trkpt>
   <trkpt lat="49.743804" lon="6.573422"><ele>382</ele></trkpt>
   <trkpt lat="49.742939" lon="6.574842"><ele>373.75</ele></trkpt>
   <trkpt lat="49.742568" lon="6.575369"><ele>367.75</ele></trkpt>
   <trkpt lat="49.742294" lon="6.57501"><ele>368.25</ele></trkpt>
   <trkpt lat="49.741283" lon="6.573978"><ele>370.75</ele></trkpt>
   <trkpt lat="49.741061" lon="6.57367"><ele>370.75</ele></trkpt>
   <trkpt lat="49.740939" lon="6.573578"><ele>370.75</ele></trkpt>
   <trkpt lat="49.740794" lon="6.573588"><ele>370.5</ele></trkpt>
   <trkpt lat="49.740439" lon="6.573754"><ele>368</ele></trkpt>
   <trkpt lat="49.739856" lon="6.573879"><ele>363.75</ele></trkpt>
   <trkpt lat="49.738945" lon="6.574098"><ele>356.25</ele></trkpt>
   <trkpt lat="49.738868" lon="6.574137"><ele>355.75</ele></trkpt>
   <trkpt lat="49.738886" lon="6.57425"><ele>355.75</ele></trkpt>
   <trkpt lat="49.738921" lon="6.574394"><ele>356.25</ele></trkpt>
   <trkpt lat="49.739184" lon="6.575275"><ele>358</ele></trkpt>
   <trkpt lat="49.739448" lon="6.576114"><ele>357.75</ele></trkpt>
   <trkpt lat="49.739511" lon="6.576379"><ele>356.5</ele></trkpt>
   <trkpt lat="49.739592" lon="6.576578"><ele>355.5</ele></trkpt>
   <trkpt lat="49.739671" lon="6.576744"><ele>355</ele></trkpt>
   <trkpt lat="49.739725" lon="6.576887"><ele>354.25</ele></trkpt>
   <trkpt lat="49.739781" lon="6.577232"><ele>351.75</ele></trkpt>
   <trkpt lat="49.739829" lon="6.57768"><ele>347.25</ele></trkpt>
   <trkpt lat="49.739834" lon="6.577933"><ele>345.25</ele></trkpt>
   <trkpt lat="49.739795" lon="6.578194"><ele>343.5</ele></trkpt>
   <trkpt lat="49.739621" lon="6.578538"><ele>341.75</ele></trkpt>
   <trkpt lat="49.739594" lon="6.578803"><ele>341</ele></trkpt>
   <trkpt lat="49.739361" lon="6.579246"><ele>343.25</ele></trkpt>
   <trkpt lat="49.73932" lon="6.5794"><ele>343.75</ele></trkpt>
   <trkpt lat="49.739214" lon="6.579644"><ele>344.5</ele></trkpt>
   <trkpt lat="49.739184" lon="6.579729"><ele>344.5</ele></trkpt>
   <trkpt lat="49.73904" lon="6.580051"><ele>345.25</ele></trkpt>
   <trkpt lat="49.738934" lon="6.58046"><ele>345.25</ele></trkpt>
   <trkpt lat="49.738879" lon="6.58057"><ele>345.75</ele></trkpt>
   <trkpt lat="49.738843" lon="6.580606"><ele>345.75</ele></trkpt>
   <trkpt lat="49.738793" lon="6.580627"><ele>346</ele></trkpt>
   <trkpt lat="49.738728" lon="6.580601"><ele>346.25</ele></trkpt>
   <trkpt lat="49.738674" lon="6.580556"><ele>346.75</ele></trkpt>
   <trkpt lat="49.738447" lon="6.58029"><ele>347</ele></trkpt>
   <trkpt lat="49.737918" lon="6.579691"><ele>346.25</ele></trkpt>
   <trkpt lat="49.737543" lon="6.579353"><ele>345</ele></trkpt>
   <trkpt lat="49.737457" lon="6.579292"><ele>345</ele></trkpt>
   <trkpt lat="49.737376" lon="6.579269"><ele>345</ele></trkpt>
   <trkpt lat="49.737295" lon="6.579287"><ele>345.25</ele></trkpt>
   <trkpt lat="49.737212" lon="6.579357"><ele>345.5</ele></trkpt>
   <trkpt lat="49.737091" lon="6.579543"><ele>345.5</ele></trkpt>
   <trkpt lat="49.737007" lon="6.579627"><ele>345</ele></trkpt>
   <trkpt lat="49.73684" lon="6.579494"><ele>344.5</ele></trkpt>
   <trkpt lat="49.736566" lon="6.578953"><ele>343.5</ele></trkpt>
   <trkpt lat="49.736202" lon="6.578379"><ele>342.25</ele></trkpt>
   <trkpt lat="49.735932" lon="6.577381"><ele>339.75</ele></trkpt>
   <trkpt lat="49.735148" lon="6.577552"><ele>338.5</ele></trkpt>
   <trkpt lat="49.73467" lon="6.57752"><ele>340.25</ele></trkpt>
   <trkpt lat="49.734577" lon="6.577044"><ele>338.75</ele></trkpt>
   <trkpt lat="49.734355" lon="6.576443"><ele>337.5</ele></trkpt>
   <trkpt lat="49.734205" lon="6.576125"><ele>336.75</ele></trkpt>
   <trkpt lat="49.733672" lon="6.574898"><ele>331.5</ele></trkpt>
   <trkpt lat="49.732801" lon="6.574941"><ele>330.5</ele></trkpt>
   <trkpt lat="49.732219" lon="6.574924"><ele>328.25</ele></trkpt>
   <trkpt lat="49.731842" lon="6.574323"><ele>324.75</ele></trkpt>
   <trkpt lat="49.731398" lon="6.573439"><ele>319</ele></trkpt>
   <trkpt lat="49.73101" lon="6.572821"><ele>313.75</ele></trkpt>
   <trkpt lat="49.73077" lon="6.572512"><ele>311</ele></trkpt>
   <trkpt lat="49.730622" lon="6.572413"><ele>309.75</ele></trkpt>
   <trkpt lat="49.730412" lon="6.572386"><ele>308.5</ele></trkpt>
   <trkpt lat="49.730244" lon="6.572437"><ele>307.5</ele></trkpt>
   <trkpt lat="49.730059" lon="6.572582"><ele>305.25</ele></trkpt>
   <trkpt lat="49.729822" lon="6.572838"><ele>304</ele></trkpt>
   <trkpt lat="49.729651" lon="6.573"><ele>302.75</ele></trkpt>
   <trkpt lat="49.729327" lon="6.573241"><ele>300.25</ele></trkpt>
   <trkpt lat="49.729195" lon="6.573267"><ele>298.25</ele></trkpt>
   <trkpt lat="49.728913" lon="6.573153"><ele>295.75</ele></trkpt>
   <trkpt lat="49.728779" lon="6.573153"><ele>295.25</ele></trkpt>
   <trkpt lat="49.728015" lon="6.572917"><ele>288.75</ele></trkpt>
   <trkpt lat="49.727437" lon="6.57272"><ele>282.75</ele></trkpt>
   <trkpt lat="49.728412" lon="6.572276"><ele>280.25</ele></trkpt>
   <trkpt lat="49.728764" lon="6.572233"><ele>281</ele></trkpt>
   <trkpt lat="49.729036" lon="6.57223"><ele>281.5</ele></trkpt>
   <trkpt lat="49.729332" lon="6.572144"><ele>283.25</ele></trkpt>
   <trkpt lat="49.729428" lon="6.572049"><ele>283.25</ele></trkpt>
   <trkpt lat="49.729613" lon="6.571699"><ele>281.75</ele></trkpt>
   <trkpt lat="49.729787" lon="6.571259"><ele>281</ele></trkpt>
   <trkpt lat="49.729875" lon="6.571101"><ele>280.5</ele></trkpt>
   <trkpt lat="49.730178" lon="6.570811"><ele>279.25</ele></trkpt>
   <trkpt lat="49.730327" lon="6.570761"><ele>278.5</ele></trkpt>
   <trkpt lat="49.730652" lon="6.570771"><ele>278.25</ele></trkpt>
   <trkpt lat="49.730882" lon="6.570804"><ele>277.5</ele></trkpt>
   <trkpt lat="49.731375" lon="6.571031"><ele>275.5</ele></trkpt>
   <trkpt lat="49.731683" lon="6.571227"><ele>275.75</ele></trkpt>
   <trkpt lat="49.731845" lon="6.571369"><ele>275.25</ele></trkpt>
   <trkpt lat="49.731936" lon="6.571373"><ele>273.75</ele></trkpt>
   <trkpt lat="49.731998" lon="6.571308"><ele>274.25</ele></trkpt>
   <trkpt lat="49.732044" lon="6.571027"><ele>272.25</ele></trkpt>
   <trkpt lat="49.732064" lon="6.570761"><ele>271.5</ele></trkpt>
   <trkpt lat="49.732102" lon="6.570546"><ele>271.75</ele></trkpt>
   <trkpt lat="49.732119" lon="6.570315"><ele>271.25</ele></trkpt>
   <trkpt lat="49.732175" lon="6.570092"><ele>271</ele></trkpt>
   <trkpt lat="49.732269" lon="6.569971"><ele>270.75</ele></trkpt>
   <trkpt lat="49.732363" lon="6.56992"><ele>270.75</ele></trkpt>
   <trkpt lat="49.732618" lon="6.569817"><ele>270</ele></trkpt>
   <trkpt lat="49.732824" lon="6.5698"><ele>270.25</ele></trkpt>
   <trkpt lat="49.733042" lon="6.569757"><ele>269.5</ele></trkpt>
   <trkpt lat="49.733471" lon="6.569733"><ele>268.5</ele></trkpt>
   <trkpt lat="49.733856" lon="6.569757"><ele>267.75</ele></trkpt>
   <trkpt lat="49.734138" lon="6.569663"><ele>267.5</ele></trkpt>
   <trkpt lat="49.734325" lon="6.569658"><ele>267.5</ele></trkpt>
   <trkpt lat="49.734449" lon="6.569705"><ele>267.75</ele></trkpt>
   <trkpt lat="49.734526" lon="6.569692"><ele>266.75</ele></trkpt>
   <trkpt lat="49.734512" lon="6.569587"><ele>265.75</ele></trkpt>
   <trkpt lat="49.73444" lon="6.569422"><ele>264.25</ele></trkpt>
   <trkpt lat="49.734305" lon="6.569302"><ele>261.25</ele></trkpt>
   <trkpt lat="49.733517" lon="6.569044"><ele>252.5</ele></trkpt>
   <trkpt lat="49.733118" lon="6.568873"><ele>247.25</ele></trkpt>
   <trkpt lat="49.732896" lon="6.56883"><ele>246</ele></trkpt>
   <trkpt lat="49.732752" lon="6.568787"><ele>244.75</ele></trkpt>
   <trkpt lat="49.732585" lon="6.568632"><ele>241.75</ele></trkpt>
   <trkpt lat="49.732435" lon="6.568547"><ele>240.75</ele></trkpt>
   <trkpt lat="49.732047" lon="6.568289"><ele>236</ele></trkpt>
   <trkpt lat="49.731919" lon="6.568169"><ele>232.25</ele></trkpt>
   <trkpt lat="49.731675" lon="6.568083"><ele>229</ele></trkpt>
   <trkpt lat="49.731453" lon="6.568143"><ele>227.5</ele></trkpt>
   <trkpt lat="49.731176" lon="6.568358"><ele>224.75</ele></trkpt>
   <trkpt lat="49.731087" lon="6.568358"><ele>222.5</ele></trkpt>
   <trkpt lat="49.730965" lon="6.568229"><ele>220.25</ele></trkpt>
   <trkpt lat="49.730771" lon="6.568203"><ele>219</ele></trkpt>
   <trkpt lat="49.730605" lon="6.568272"><ele>218</ele></trkpt>
   <trkpt lat="49.730177" lon="6.568487"><ele>216.25</ele></trkpt>
   <trkpt lat="49.729883" lon="6.568529"><ele>212.25</ele></trkpt>
   <trkpt lat="49.729623" lon="6.568718"><ele>212.75</ele></trkpt>
   <trkpt lat="49.729423" lon="6.56883"><ele>206.25</ele></trkpt>
   <trkpt lat="49.729273" lon="6.569087"><ele>208.75</ele></trkpt>
   <trkpt lat="49.72919" lon="6.569147"><ele>206.5</ele></trkpt>
   <trkpt lat="49.728801" lon="6.569748"><ele>203.75</ele></trkpt>
   <trkpt lat="49.728718" lon="6.569886"><ele>204</ele></trkpt>
   <trkpt lat="49.728568" lon="6.569946"><ele>201.5</ele></trkpt>
   <trkpt lat="49.728457" lon="6.569971"><ele>201</ele></trkpt>
   <trkpt lat="49.728069" lon="6.570092"><ele>198.5</ele></trkpt>
   <trkpt lat="49.727747" lon="6.570092"><ele>192</ele></trkpt>
   <trkpt lat="49.727609" lon="6.570177"><ele>192</ele></trkpt>
   <trkpt lat="49.727237" lon="6.570306"><ele>190.25</ele></trkpt>
   <trkpt lat="49.726943" lon="6.570332"><ele>192</ele></trkpt>
   <trkpt lat="49.726627" lon="6.570306"><ele>189.75</ele></trkpt>
   <trkpt lat="49.726405" lon="6.570306"><ele>188</ele></trkpt>
   <trkpt lat="49.725988" lon="6.570392"><ele>185.5</ele></trkpt>
   <trkpt lat="49.725423" lon="6.570649"><ele>182</ele></trkpt>
   <trkpt lat="49.725295" lon="6.570761"><ele>181</ele></trkpt>
   <trkpt lat="49.724934" lon="6.570933"><ele>176.75</ele></trkpt>
   <trkpt lat="49.724875" lon="6.57099"><ele>176.25</ele></trkpt>
   <trkpt lat="49.72479" lon="6.57107"><ele>176.25</ele></trkpt>
   <trkpt lat="49.724666" lon="6.571114"><ele>174.75</ele></trkpt>
   <trkpt lat="49.724547" lon="6.571185"><ele>173.5</ele></trkpt>
   <trkpt lat="49.72445" lon="6.57127"><ele>173</ele></trkpt>
   <trkpt lat="49.724357" lon="6.571379"><ele>170.25</ele></trkpt>
   <trkpt lat="49.724276" lon="6.571489"><ele>168.25</ele></trkpt>
   <trkpt lat="49.723992" lon="6.57214"><ele>166.5</ele></trkpt>
   <trkpt lat="49.723941" lon="6.572214"><ele>164.5</ele></trkpt>
   <trkpt lat="49.723796" lon="6.573102"><ele>161.75</ele></trkpt>
   <trkpt lat="49.723623" lon="6.573745"><ele>161.75</ele></trkpt>
   <trkpt lat="49.72353" lon="6.574181"><ele>160</ele></trkpt>
   <trkpt lat="49.723496" lon="6.574892"><ele>159.25</ele></trkpt>
   <trkpt lat="49.723473" lon="6.575207"><ele>159.25</ele></trkpt>
   <trkpt lat="49.723416" lon="6.575472"><ele>158.5</ele></trkpt>
   <trkpt lat="49.723285" lon="6.575891"><ele>155</ele></trkpt>
   <trkpt lat="49.723154" lon="6.576223"><ele>155.75</ele></trkpt>
   <trkpt lat="49.723078" lon="6.576538"><ele>155.75</ele></trkpt>
   <trkpt lat="49.722945" lon="6.577192"><ele>156.75</ele></trkpt>
   <trkpt lat="49.722845" lon="6.577519"><ele>155.25</ele></trkpt>
   <trkpt lat="49.722722" lon="6.57783"><ele>151.25</ele></trkpt>
   <trkpt lat="49.7226" lon="6.578206"><ele>150.75</ele></trkpt>
   <trkpt lat="49.722301" lon="6.577919"><ele>146.75</ele></trkpt>
   <trkpt lat="49.722248" lon="6.577882"><ele>146.25</ele></trkpt>
   <trkpt lat="49.72212" lon="6.57823"><ele>146</ele></trkpt>
   <trkpt lat="49.721979" lon="6.578502"><ele>145.25</ele></trkpt>
   <trkpt lat="49.721909" lon="6.578701"><ele>145</ele></trkpt>
   <trkpt lat="49.721843" lon="6.578811"><ele>145</ele></trkpt>
   <trkpt lat="49.721797" lon="6.578876"><ele>144.75</ele></trkpt>
   <trkpt lat="49.721781" lon="6.578897"><ele>144.75</ele></trkpt>
   <trkpt lat="49.721554" lon="6.579207"><ele>143.5</ele></trkpt>
   <trkpt lat="49.721424" lon="6.57937"><ele>142.25</ele></trkpt>
   <trkpt lat="49.721326" lon="6.579542"><ele>141.75</ele></trkpt>
   <trkpt lat="49.721142" lon="6.579466"><ele>141</ele></trkpt>
   <trkpt lat="49.721043" lon="6.579447"><ele>141</ele></trkpt>
   <trkpt lat="49.721007" lon="6.579466"><ele>141</ele></trkpt>
   <trkpt lat="49.720971" lon="6.579518"><ele>141</ele></trkpt>
   <trkpt lat="49.720944" lon="6.579589"><ele>141</ele></trkpt>
   <trkpt lat="49.720569" lon="6.578941"><ele>142.75</ele></trkpt>
   <trkpt lat="49.720514" lon="6.578865"><ele>143.25</ele></trkpt>
   <trkpt lat="49.720292" lon="6.578629"><ele>144.75</ele></trkpt>
   <trkpt lat="49.719977" lon="6.578232"><ele>144.5</ele></trkpt>
   <trkpt lat="49.719809" lon="6.578055"><ele>144.5</ele></trkpt>
   <trkpt lat="49.719425" lon="6.57771"><ele>144</ele></trkpt>
   <trkpt lat="49.719193" lon="6.5775"><ele>143</ele></trkpt>
   <trkpt lat="49.718718" lon="6.577081"><ele>143</ele></trkpt>
   <trkpt lat="49.717864" lon="6.57824"><ele>140</ele></trkpt>
   <trkpt lat="49.717815" lon="6.578265"><ele>140</ele></trkpt>
   <trkpt lat="49.717767" lon="6.57824"><ele>139.75</ele></trkpt>
   <trkpt lat="49.717641" lon="6.578108"><ele>139.75</ele></trkpt>
   <trkpt lat="49.717006" lon="6.577234"><ele>140.25</ele></trkpt>
   <trkpt lat="49.716967" lon="6.577308"><ele>140</ele></trkpt>
   <trkpt lat="49.71722" lon="6.577663"><ele>139.75</ele></trkpt>
   <trkpt lat="49.717241" lon="6.577733"><ele>140</ele></trkpt>
   <trkpt lat="49.717233" lon="6.577803"><ele>139.75</ele></trkpt>
   <trkpt lat="49.717171" lon="6.577968"><ele>139</ele></trkpt>
   <trkpt lat="49.717164" lon="6.577986"><ele>139</ele></trkpt>
   <trkpt lat="49.717157" lon="6.578003"><ele>138.75</ele></trkpt>
   <trkpt lat="49.717083" lon="6.5782"><ele>138.25</ele></trkpt>
   <trkpt lat="49.717074" lon="6.578223"><ele>138.25</ele></trkpt>
   <trkpt lat="49.716897" lon="6.578056"><ele>137.75</ele></trkpt>
   <trkpt lat="49.716745" lon="6.577957"><ele>138.25</ele></trkpt>
   <trkpt lat="49.71661" lon="6.577826"><ele>138.5</ele></trkpt>
   <trkpt lat="49.716504" lon="6.577653"><ele>138.5</ele></trkpt>
   <trkpt lat="49.715914" lon="6.577223"><ele>139.25</ele></trkpt>
   <trkpt lat="49.715491" lon="6.577002"><ele>139.75</ele></trkpt>
   <trkpt lat="49.715305" lon="6.576931"><ele>140</ele></trkpt>
   <trkpt lat="49.714875" lon="6.57675"><ele>139.75</ele></trkpt>
   <trkpt lat="49.714473" lon="6.576569"><ele>139.25</ele></trkpt>
   <trkpt lat="49.714102" lon="6.576425"><ele>139.25</ele></trkpt>
   <trkpt lat="49.713848" lon="6.576302"><ele>138.75</ele></trkpt>
   <trkpt lat="49.71359" lon="6.576142"><ele>138.75</ele></trkpt>
   <trkpt lat="49.713421" lon="6.576021"><ele>138.75</ele></trkpt>
   <trkpt lat="49.713343" lon="6.575953"><ele>139</ele></trkpt>
   <trkpt lat="49.713121" lon="6.575733"><ele>139</ele></trkpt>
   <trkpt lat="49.712684" lon="6.575254"><ele>138.5</ele></trkpt>
   <trkpt lat="49.712592" lon="6.575137"><ele>138.25</ele></trkpt>
   <trkpt lat="49.712332" lon="6.574952"><ele>138</ele></trkpt>
   <trkpt lat="49.711928" lon="6.574769"><ele>137</ele></trkpt>
   <trkpt lat="49.710991" lon="6.574322"><ele>136.25</ele></trkpt>
   <trkpt lat="49.710853" lon="6.57423"><ele>136.75</ele></trkpt>
   <trkpt lat="49.710384" lon="6.573818"><ele>136.25</ele></trkpt>
   <trkpt lat="49.709975" lon="6.573439"><ele>136</ele></trkpt>
   <trkpt lat="49.709519" lon="6.572987"><ele>136.5</ele></trkpt>
   <trkpt lat="49.709111" lon="6.572556"><ele>136.5</ele></trkpt>
   <trkpt lat="49.708816" lon="6.572207"><ele>135.5</ele></trkpt>
   <trkpt lat="49.708117" lon="6.571306"><ele>135.75</ele></trkpt>
   <trkpt lat="49.707876" lon="6.57101"><ele>136</ele></trkpt>
   <trkpt lat="49.707659" lon="6.57077"><ele>136.75</ele></trkpt>
   <trkpt lat="49.707614" lon="6.570732"><ele>137</ele></trkpt>
   <trkpt lat="49.707484" lon="6.570712"><ele>137</ele></trkpt>
   <trkpt lat="49.707411" lon="6.570745"><ele>136.75</ele></trkpt>
   <trkpt lat="49.707176" lon="6.570883"><ele>135.75</ele></trkpt>
   <trkpt lat="49.706755" lon="6.571256"><ele>135.25</ele></trkpt>
   <trkpt lat="49.706716" lon="6.571247"><ele>136</ele></trkpt>
   <trkpt lat="49.706537" lon="6.571407"><ele>136</ele></trkpt>
   <trkpt lat="49.706232" lon="6.571717"><ele>136</ele></trkpt>
   <trkpt lat="49.706153" lon="6.571838"><ele>135.5</ele></trkpt>
   <trkpt lat="49.706077" lon="6.571971"><ele>133.75</ele></trkpt>
   <trkpt lat="49.704934" lon="6.574275"><ele>132.5</ele></trkpt>
   <trkpt lat="49.704644" lon="6.574882"><ele>138.25</ele></trkpt>
   <trkpt lat="49.70464" lon="6.574948"><ele>138.25</ele></trkpt>
   <trkpt lat="49.704681" lon="6.575006"><ele>138.5</ele></trkpt>
   <trkpt lat="49.704744" lon="6.574935"><ele>139</ele></trkpt>
   <trkpt lat="49.704829" lon="6.574878"><ele>137.75</ele></trkpt>
   <trkpt lat="49.704926" lon="6.574878"><ele>136.5</ele></trkpt>
   <trkpt lat="49.704996" lon="6.574914"><ele>136</ele></trkpt>
   <trkpt lat="49.705066" lon="6.575004"><ele>135.75</ele></trkpt>
   <trkpt lat="49.705118" lon="6.575124"><ele>134</ele></trkpt>
   <trkpt lat="49.70516" lon="6.57534"><ele>132.75</ele></trkpt>
   <trkpt lat="49.705207" lon="6.575529"><ele>132.75</ele></trkpt>
   <trkpt lat="49.705271" lon="6.575688"><ele>133</ele></trkpt>
   <trkpt lat="49.705372" lon="6.575892"><ele>132.75</ele></trkpt>
   <trkpt lat="49.70545" lon="6.575993"><ele>132.75</ele></trkpt>
   <trkpt lat="49.705644" lon="6.57573"><ele>131.75</ele></trkpt>
   <trkpt lat="49.705703" lon="6.575651"><ele>131.75</ele></trkpt>
   <trkpt lat="49.705728" lon="6.575444"><ele>131.5</ele></trkpt>
   <trkpt lat="49.705726" lon="6.57535"><ele>131</ele></trkpt>
   <trkpt lat="49.705677" lon="6.575227"><ele>131</ele></trkpt>
   <trkpt lat="49.705207" lon="6.57456"><ele>131.25</ele></trkpt>
   <trkpt lat="49.705011" lon="6.574279"><ele>131.5</ele></trkpt>
   <trkpt lat="49.70469" lon="6.573889"><ele>131</ele></trkpt>
   <trkpt lat="49.704172" lon="6.573262"><ele>131.25</ele></trkpt>
   <trkpt lat="49.70401" lon="6.573076"><ele>131</ele></trkpt>
   <trkpt lat="49.7033" lon="6.572313"><ele>131.25</ele></trkpt>
   <trkpt lat="49.703214" lon="6.57247"><ele>132.5</ele></trkpt>
   <trkpt lat="49.703131" lon="6.57246"><ele>133</ele></trkpt>
   <trkpt lat="49.702913" lon="6.572266"><ele>134.75</ele></trkpt>
   <trkpt lat="49.7028" lon="6.57218"><ele>136</ele></trkpt>
   <trkpt lat="49.70262" lon="6.572222"><ele>138</ele></trkpt>
   <trkpt lat="49.702556" lon="6.572198"><ele>138.5</ele></trkpt>
   <trkpt lat="49.702072" lon="6.57161"><ele>139.5</ele></trkpt>
   <trkpt lat="49.701792" lon="6.571227"><ele>140.25</ele></trkpt>
   <trkpt lat="49.701362" lon="6.57053"><ele>141.25</ele></trkpt>
   <trkpt lat="49.701059" lon="6.569915"><ele>142.25</ele></trkpt>
   <trkpt lat="49.700848" lon="6.569442"><ele>142.75</ele></trkpt>
   <trkpt lat="49.700543" lon="6.568672"><ele>143.75</ele></trkpt>
   <trkpt lat="49.70029" lon="6.567838"><ele>145</ele></trkpt>
   <trkpt lat="49.700258" lon="6.567725"><ele>145</ele></trkpt>
   <trkpt lat="49.70019" lon="6.567425"><ele>142.25</ele></trkpt>
   <trkpt lat="49.700054" lon="6.566579"><ele>141.75</ele></trkpt>
   <trkpt lat="49.69999" lon="6.565939"><ele>137.25</ele></trkpt>
   <trkpt lat="49.699956" lon="6.565472"><ele>135</ele></trkpt>
   <trkpt lat="49.699945" lon="6.565103"><ele>134.5</ele></trkpt>
   <trkpt lat="49.699951" lon="6.565015"><ele>133.75</ele></trkpt>
   <trkpt lat="49.699973" lon="6.564937"><ele>133</ele></trkpt>
   <trkpt lat="49.700048" lon="6.564821"><ele>132</ele></trkpt>
   <trkpt lat="49.700175" lon="6.564785"><ele>132</ele></trkpt>
   <trkpt lat="49.700217" lon="6.564812"><ele>132</ele></trkpt>
   <trkpt lat="49.700303" lon="6.564937"><ele>131.75</ele></trkpt>
   <trkpt lat="49.700353" lon="6.56563"><ele>131.25</ele></trkpt>
   <trkpt lat="49.70048" lon="6.566579"><ele>131.25</ele></trkpt>
   <trkpt lat="49.70062" lon="6.567279"><ele>131.5</ele></trkpt>
   <trkpt lat="49.700772" lon="6.567739"><ele>131</ele></trkpt>
   <trkpt lat="49.700868" lon="6.567969"><ele>130.75</ele></trkpt>
   <trkpt lat="49.700903" lon="6.56814"><ele>130.75</ele></trkpt>
   <trkpt lat="49.700903" lon="6.568283"><ele>131.25</ele></trkpt>
   <trkpt lat="49.700886" lon="6.56841"><ele>131.5</ele></trkpt>
   <trkpt lat="49.700858" lon="6.568478"><ele>131.75</ele></trkpt>
   <trkpt lat="49.700732" lon="6.56865"><ele>131.75</ele></trkpt>
   <trkpt lat="49.700634" lon="6.568763"><ele>131.25</ele></trkpt>
   <trkpt lat="49.700559" lon="6.568807"><ele>131.25</ele></trkpt>
   <trkpt lat="49.700431" lon="6.568813"><ele>131.25</ele></trkpt>
   <trkpt lat="49.69999" lon="6.568826"><ele>131.25</ele></trkpt>
   <trkpt lat="49.699186" lon="6.568869"><ele>132</ele></trkpt>
   <trkpt lat="49.699142" lon="6.56887"><ele>132</ele></trkpt>
   <trkpt lat="49.698753" lon="6.56888"><ele>131.5</ele></trkpt>
   <trkpt lat="49.698236" lon="6.568879"><ele>131</ele></trkpt>
   <trkpt lat="49.697943" lon="6.56884"><ele>131.5</ele></trkpt>
   <trkpt lat="49.697847" lon="6.568847"><ele>131.25</ele></trkpt>
   <trkpt lat="49.697023" lon="6.568773"><ele>130.75</ele></trkpt>
   <trkpt lat="49.696394" lon="6.568657"><ele>130.75</ele></trkpt>
   <trkpt lat="49.695991" lon="6.568561"><ele>131</ele></trkpt>
   <trkpt lat="49.695599" lon="6.568442"><ele>131.25</ele></trkpt>
   <trkpt lat="49.695525" lon="6.568412"><ele>131.25</ele></trkpt>
   <trkpt lat="49.695464" lon="6.568386"><ele>131</ele></trkpt>
   <trkpt lat="49.695379" lon="6.567914"><ele>132.75</ele></trkpt>
   <trkpt lat="49.695273" lon="6.567826"><ele>133.25</ele></trkpt>
   <trkpt lat="49.69477" lon="6.56759"><ele>132.5</ele></trkpt>
   <trkpt lat="49.694067" lon="6.567159"><ele>132.75</ele></trkpt>
   <trkpt lat="49.693021" lon="6.566481"><ele>132.75</ele></trkpt>
   <trkpt lat="49.692436" lon="6.56619"><ele>132.25</ele></trkpt>
   <trkpt lat="49.691985" lon="6.565892"><ele>132.5</ele></trkpt>
   <trkpt lat="49.691783" lon="6.565785"><ele>131.75</ele></trkpt>
   <trkpt lat="49.691707" lon="6.565707"><ele>131.5</ele></trkpt>
   <trkpt lat="49.691697" lon="6.565573"><ele>132</ele></trkpt>
   <trkpt lat="49.691695" lon="6.565391"><ele>132.5</ele></trkpt>
   <trkpt lat="49.691654" lon="6.565276"><ele>133</ele></trkpt>
   <trkpt lat="49.691545" lon="6.565221"><ele>133</ele></trkpt>
   <trkpt lat="49.688763" lon="6.564481"><ele>134</ele></trkpt>
   <trkpt lat="49.688628" lon="6.564521"><ele>134.25</ele></trkpt>
   <trkpt lat="49.688466" lon="6.564675"><ele>133.25</ele></trkpt>
   <trkpt lat="49.688438" lon="6.564844"><ele>132.5</ele></trkpt>
   <trkpt lat="49.68844" lon="6.564975"><ele>132</ele></trkpt>
   <trkpt lat="49.688455" lon="6.565099"><ele>132</ele></trkpt>
   <trkpt lat="49.688487" lon="6.565258"><ele>132.5</ele></trkpt>
   <trkpt lat="49.688497" lon="6.565379"><ele>132.25</ele></trkpt>
   <trkpt lat="49.688472" lon="6.565485"><ele>132</ele></trkpt>
   <trkpt lat="49.688419" lon="6.565551"><ele>132</ele></trkpt>
   <trkpt lat="49.688355" lon="6.56558"><ele>131.75</ele></trkpt>
   <trkpt lat="49.687739" lon="6.565574"><ele>131.75</ele></trkpt>
   <trkpt lat="49.686973" lon="6.565632"><ele>131.25</ele></trkpt>
   <trkpt lat="49.686342" lon="6.565702"><ele>130.75</ele></trkpt>
   <trkpt lat="49.685447" lon="6.565743"><ele>130.75</ele></trkpt>
   <trkpt lat="49.684844" lon="6.565774"><ele>131</ele></trkpt>
   <trkpt lat="49.683824" lon="6.565731"><ele>131.25</ele></trkpt>
   <trkpt lat="49.683118" lon="6.565651"><ele>131.25</ele></trkpt>
   <trkpt lat="49.682178" lon="6.565447"><ele>131.25</ele></trkpt>
   <trkpt lat="49.681316" lon="6.565127"><ele>131.25</ele></trkpt>
   <trkpt lat="49.680703" lon="6.564826"><ele>131.25</ele></trkpt>
   <trkpt lat="49.68005" lon="6.564518"><ele>131.5</ele></trkpt>
   <trkpt lat="49.678546" lon="6.563676"><ele>131.25</ele></trkpt>
   <trkpt lat="49.678465" lon="6.562962"><ele>133.25</ele></trkpt>
   <trkpt lat="49.678364" lon="6.562783"><ele>134</ele></trkpt>
   <trkpt lat="49.678244" lon="6.562617"><ele>134.25</ele></trkpt>
   <trkpt lat="49.678158" lon="6.562605"><ele>133.75</ele></trkpt>
   <trkpt lat="49.678005" lon="6.562553"><ele>133.5</ele></trkpt>
   <trkpt lat="49.677643" lon="6.562243"><ele>133.25</ele></trkpt>
   <trkpt lat="49.677307" lon="6.562019"><ele>133.75</ele></trkpt>
   <trkpt lat="49.676957" lon="6.561831"><ele>133.75</ele></trkpt>
   <trkpt lat="49.676345" lon="6.561662"><ele>133</ele></trkpt>
   <trkpt lat="49.676228" lon="6.561624"><ele>133</ele></trkpt>
   <trkpt lat="49.676139" lon="6.561652"><ele>133</ele></trkpt>
   <trkpt lat="49.67611" lon="6.561677"><ele>132.75</ele></trkpt>
   <trkpt lat="49.676079" lon="6.561718"><ele>132.5</ele></trkpt>
   <trkpt lat="49.675996" lon="6.561868"><ele>131.5</ele></trkpt>
   <trkpt lat="49.675768" lon="6.561528"><ele>132.25</ele></trkpt>
   <trkpt lat="49.675394" lon="6.561073"><ele>132.75</ele></trkpt>
   <trkpt lat="49.673586" lon="6.559529"><ele>132.5</ele></trkpt>
   <trkpt lat="49.673014" lon="6.559078"><ele>132.75</ele></trkpt>
   <trkpt lat="49.672889" lon="6.559022"><ele>132.75</ele></trkpt>
   <trkpt lat="49.67285" lon="6.55891"><ele>133.25</ele></trkpt>
   <trkpt lat="49.672897" lon="6.558668"><ele>135.25</ele></trkpt>
   <trkpt lat="49.671667" lon="6.557766"><ele>134</ele></trkpt>
   <trkpt lat="49.66953" lon="6.555979"><ele>134.5</ele></trkpt>
   <trkpt lat="49.669046" lon="6.555711"><ele>134</ele></trkpt>
   <trkpt lat="49.668287" lon="6.555361"><ele>133.5</ele></trkpt>
   <trkpt lat="49.667266" lon="6.555137"><ele>133.5</ele></trkpt>
   <trkpt lat="49.666382" lon="6.554846"><ele>136.25</ele></trkpt>
   <trkpt lat="49.665825" lon="6.55474"><ele>134.5</ele></trkpt>
   <trkpt lat="49.664463" lon="6.554738"><ele>134.75</ele></trkpt>
   <trkpt lat="49.66387" lon="6.554801"><ele>135.75</ele></trkpt>
   <trkpt lat="49.66325" lon="6.554907"><ele>135.5</ele></trkpt>
   <trkpt lat="49.662501" lon="6.555185"><ele>133.75</ele></trkpt>
   <trkpt lat="49.662045" lon="6.555373"><ele>133.75</ele></trkpt>
   <trkpt lat="49.661507" lon="6.55577"><ele>133.5</ele></trkpt>
   <trkpt lat="49.661265" lon="6.556043"><ele>133.25</ele></trkpt>
   <trkpt lat="49.661098" lon="6.556248"><ele>133.25</ele></trkpt>
   <trkpt lat="49.66097" lon="6.556452"><ele>132.25</ele></trkpt>
   <trkpt lat="49.660808" lon="6.556744"><ele>133.75</ele></trkpt>
   <trkpt lat="49.660852" lon="6.556864"><ele>133.5</ele></trkpt>
   <trkpt lat="49.660869" lon="6.556979"><ele>133</ele></trkpt>
   <trkpt lat="49.660828" lon="6.557095"><ele>131.75</ele></trkpt>
   <trkpt lat="49.659498" lon="6.558833"><ele>132.5</ele></trkpt>
   <trkpt lat="49.659446" lon="6.558854"><ele>133</ele></trkpt>
   <trkpt lat="49.659364" lon="6.558819"><ele>134.25</ele></trkpt>
   <trkpt lat="49.659292" lon="6.558729"><ele>135</ele></trkpt>
   <trkpt lat="49.658756" lon="6.559637"><ele>144.25</ele></trkpt>
   <trkpt lat="49.658102" lon="6.560503"><ele>145</ele></trkpt>
   <trkpt lat="49.657247" lon="6.56167"><ele>143.75</ele></trkpt>
   <trkpt lat="49.656651" lon="6.562366"><ele>145.25</ele></trkpt>
   <trkpt lat="49.656633" lon="6.562617"><ele>143.5</ele></trkpt>
   <trkpt lat="49.655233" lon="6.564473"><ele>143</ele></trkpt>
   <trkpt lat="49.655164" lon="6.564476"><ele>143.5</ele></trkpt>
   <trkpt lat="49.655106" lon="6.564387"><ele>145</ele></trkpt>
   <trkpt lat="49.654757" lon="6.56481"><ele>144.5</ele></trkpt>
   <trkpt lat="49.654066" lon="6.565435"><ele>148</ele></trkpt>
   <trkpt lat="49.653921" lon="6.565549"><ele>150</ele></trkpt>
   <trkpt lat="49.653868" lon="6.56557"><ele>150.5</ele></trkpt>
   <trkpt lat="49.653815" lon="6.565552"><ele>151</ele></trkpt>
   <trkpt lat="49.653745" lon="6.565456"><ele>150.75</ele></trkpt>
   <trkpt lat="49.653627" lon="6.565678"><ele>150.25</ele></trkpt>
   <trkpt lat="49.653521" lon="6.565806"><ele>150.25</ele></trkpt>
   <trkpt lat="49.653463" lon="6.565871"><ele>150</ele></trkpt>
   <trkpt lat="49.653264" lon="6.566094"><ele>151</ele></trkpt>
   <trkpt lat="49.653079" lon="6.566416"><ele>150</ele></trkpt>
   <trkpt lat="49.652832" lon="6.566638"><ele>150.25</ele></trkpt>
   <trkpt lat="49.652664" lon="6.566125"><ele>152.75</ele></trkpt>
   <trkpt lat="49.652471" lon="6.565537"><ele>155.25</ele></trkpt>
   <trkpt lat="49.652298" lon="6.565053"><ele>158.5</ele></trkpt>
   <trkpt lat="49.652239" lon="6.564909"><ele>160</ele></trkpt>
   <trkpt lat="49.652076" lon="6.564773"><ele>162.25</ele></trkpt>
   <trkpt lat="49.651857" lon="6.564719"><ele>164.5</ele></trkpt>
   <trkpt lat="49.651681" lon="6.564784"><ele>165.5</ele></trkpt>
   <trkpt lat="49.651504" lon="6.564828"><ele>167.25</ele></trkpt>
   <trkpt lat="49.651278" lon="6.564937"><ele>170</ele></trkpt>
   <trkpt lat="49.651116" lon="6.565133"><ele>172.25</ele></trkpt>
   <trkpt lat="49.650977" lon="6.565393"><ele>174</ele></trkpt>
   <trkpt lat="49.650685" lon="6.565889"><ele>177.5</ele></trkpt>
   <trkpt lat="49.650627" lon="6.566045"><ele>177</ele></trkpt>
   <trkpt lat="49.650546" lon="6.566182"><ele>176.25</ele></trkpt>
   <trkpt lat="49.650449" lon="6.56629"><ele>174.75</ele></trkpt>
   <trkpt lat="49.65025" lon="6.566411"><ele>175.5</ele></trkpt>
   <trkpt lat="49.650046" lon="6.56654"><ele>174.75</ele></trkpt>
   <trkpt lat="49.649756" lon="6.566747"><ele>173.25</ele></trkpt>
   <trkpt lat="49.649562" lon="6.566897"><ele>171.75</ele></trkpt>
   <trkpt lat="49.648985" lon="6.567518"><ele>168.75</ele></trkpt>
   <trkpt lat="49.6484" lon="6.567491"><ele>169</ele></trkpt>
   <trkpt lat="49.64812" lon="6.56741"><ele>169.25</ele></trkpt>
   <trkpt lat="49.647979" lon="6.567299"><ele>169.5</ele></trkpt>
   <trkpt lat="49.647765" lon="6.566891"><ele>171</ele></trkpt>
   <trkpt lat="49.647248" lon="6.566062"><ele>174</ele></trkpt>
   <trkpt lat="49.647174" lon="6.565971"><ele>174.75</ele></trkpt>
   <trkpt lat="49.647093" lon="6.565932"><ele>175.5</ele></trkpt>
   <trkpt lat="49.645176" lon="6.565934"><ele>184.5</ele></trkpt>
   <trkpt lat="49.645122" lon="6.56589"><ele>185</ele></trkpt>
   <trkpt lat="49.64508" lon="6.565807"><ele>185.75</ele></trkpt>
   <trkpt lat="49.644348" lon="6.566839"><ele>180</ele></trkpt>
   <trkpt lat="49.644162" lon="6.56702"><ele>178.25</ele></trkpt>
   <trkpt lat="49.643959" lon="6.567142"><ele>177.75</ele></trkpt>
   <trkpt lat="49.643467" lon="6.567312"><ele>174.25</ele></trkpt>
   <trkpt lat="49.643196" lon="6.567386"><ele>172.5</ele></trkpt>
   <trkpt lat="49.642827" lon="6.567417"><ele>170.25</ele></trkpt>
   <trkpt lat="49.642053" lon="6.56726"><ele>166</ele></trkpt>
   <trkpt lat="49.641378" lon="6.567087"><ele>162.25</ele></trkpt>
   <trkpt lat="49.640922" lon="6.566945"><ele>160.5</ele></trkpt>
   <trkpt lat="49.640704" lon="6.566924"><ele>160.25</ele></trkpt>
   <trkpt lat="49.639693" lon="6.566057"><ele>172.75</ele></trkpt>
   <trkpt lat="49.63953" lon="6.56586"><ele>175.5</ele></trkpt>
   <trkpt lat="49.639446" lon="6.565832"><ele>176</ele></trkpt>
   <trkpt lat="49.639388" lon="6.565842"><ele>176.25</ele></trkpt>
   <trkpt lat="49.639168" lon="6.565946"><ele>176.25</ele></trkpt>
   <trkpt lat="49.638725" lon="6.566196"><ele>174.5</ele></trkpt>
   <trkpt lat="49.638204" lon="6.566329"><ele>174.25</ele></trkpt>
   <trkpt lat="49.637895" lon="6.566451"><ele>174.25</ele></trkpt>
   <trkpt lat="49.637557" lon="6.566652"><ele>174.25</ele></trkpt>
   <trkpt lat="49.637334" lon="6.566895"><ele>173</ele></trkpt>
   <trkpt lat="49.636711" lon="6.56731"><ele>171.75</ele></trkpt>
   <trkpt lat="49.636251" lon="6.567651"><ele>172.25</ele></trkpt>
   <trkpt lat="49.636167" lon="6.567783"><ele>171</ele></trkpt>
   <trkpt lat="49.636022" lon="6.567945"><ele>170</ele></trkpt>
   <trkpt lat="49.635866" lon="6.568082"><ele>168.25</ele></trkpt>
   <trkpt lat="49.635733" lon="6.568126"><ele>167.25</ele></trkpt>
   <trkpt lat="49.635257" lon="6.56822"><ele>163.75</ele></trkpt>
   <trkpt lat="49.635018" lon="6.568263"><ele>161.25</ele></trkpt>
   <trkpt lat="49.634553" lon="6.568362"><ele>156.5</ele></trkpt>
   <trkpt lat="49.634318" lon="6.568352"><ele>153.75</ele></trkpt>
   <trkpt lat="49.633922" lon="6.568069"><ele>151.25</ele></trkpt>
   <trkpt lat="49.633844" lon="6.568072"><ele>150.5</ele></trkpt>
   <trkpt lat="49.633676" lon="6.568313"><ele>148.25</ele></trkpt>
   <trkpt lat="49.633655" lon="6.568283"><ele>148.25</ele></trkpt>
   <trkpt lat="49.633353" lon="6.56879"><ele>146</ele></trkpt>
   <trkpt lat="49.633314" lon="6.568869"><ele>145.75</ele></trkpt>
   <trkpt lat="49.633241" lon="6.569135"><ele>145.5</ele></trkpt>
   <trkpt lat="49.6332" lon="6.569393"><ele>145.5</ele></trkpt>
   <trkpt lat="49.633153" lon="6.569419"><ele>145.25</ele></trkpt>
   <trkpt lat="49.632974" lon="6.56947"><ele>145</ele></trkpt>
   <trkpt lat="49.632914" lon="6.569488"><ele>145</ele></trkpt>
   <trkpt lat="49.632741" lon="6.569539"><ele>145</ele></trkpt>
   <trkpt lat="49.632724" lon="6.569481"><ele>145</ele></trkpt>
   <trkpt lat="49.632694" lon="6.569425"><ele>145.25</ele></trkpt>
   <trkpt lat="49.632649" lon="6.569365"><ele>145.25</ele></trkpt>
   <trkpt lat="49.63206" lon="6.568672"><ele>146.75</ele></trkpt>
   <trkpt lat="49.630459" lon="6.56684"><ele>153</ele></trkpt>
   <trkpt lat="49.628346" lon="6.564397"><ele>161</ele></trkpt>
   <trkpt lat="49.627466" lon="6.566112"><ele>163</ele></trkpt>
   <trkpt lat="49.627075" lon="6.566857"><ele>163</ele></trkpt>
   <trkpt lat="49.627005" lon="6.566924"><ele>163.5</ele></trkpt>
   <trkpt lat="49.626904" lon="6.566864"><ele>164</ele></trkpt>
   <trkpt lat="49.626835" lon="6.566847"><ele>164.5</ele></trkpt>
   <trkpt lat="49.626689" lon="6.566869"><ele>165.25</ele></trkpt>
   <trkpt lat="49.626679" lon="6.567311"><ele>163.5</ele></trkpt>
   <trkpt lat="49.626227" lon="6.569284"><ele>161</ele></trkpt>
   <trkpt lat="49.62613" lon="6.56948"><ele>160.75</ele></trkpt>
   <trkpt lat="49.626039" lon="6.569543"><ele>161</ele></trkpt>
   <trkpt lat="49.625966" lon="6.569724"><ele>161</ele></trkpt>
   <trkpt lat="49.625817" lon="6.570154"><ele>161</ele></trkpt>
   <trkpt lat="49.625745" lon="6.570353"><ele>161</ele></trkpt>
   <trkpt lat="49.625662" lon="6.570551"><ele>160.5</ele></trkpt>
   <trkpt lat="49.625425" lon="6.57087"><ele>159.75</ele></trkpt>
   <trkpt lat="49.625234" lon="6.571096"><ele>159</ele></trkpt>
   <trkpt lat="49.625047" lon="6.571239"><ele>159.5</ele></trkpt>
   <trkpt lat="49.62485" lon="6.57138"><ele>159</ele></trkpt>
   <trkpt lat="49.624851" lon="6.571559"><ele>159.25</ele></trkpt>
   <trkpt lat="49.624533" lon="6.57174"><ele>159.25</ele></trkpt>
   <trkpt lat="49.624382" lon="6.571805"><ele>159.25</ele></trkpt>
   <trkpt lat="49.624118" lon="6.571902"><ele>159.25</ele></trkpt>
   <trkpt lat="49.623706" lon="6.571998"><ele>159.25</ele></trkpt>
   <trkpt lat="49.623426" lon="6.572032"><ele>159.25</ele></trkpt>
   <trkpt lat="49.623141" lon="6.572032"><ele>159.25</ele></trkpt>
   <trkpt lat="49.622754" lon="6.571976"><ele>159.25</ele></trkpt>
   <trkpt lat="49.622523" lon="6.571918"><ele>159.25</ele></trkpt>
   <trkpt lat="49.622277" lon="6.571835"><ele>159.25</ele></trkpt>
   <trkpt lat="49.62198" lon="6.571694"><ele>159.25</ele></trkpt>
   <trkpt lat="49.621789" lon="6.571592"><ele>159.25</ele></trkpt>
   <trkpt lat="49.621663" lon="6.571515"><ele>159.25</ele></trkpt>
   <trkpt lat="49.620925" lon="6.570878"><ele>161.75</ele></trkpt>
   <trkpt lat="49.620948" lon="6.570811"><ele>161.25</ele></trkpt>
   <trkpt lat="49.621005" lon="6.570727"><ele>160</ele></trkpt>
   <trkpt lat="49.622027" lon="6.571239"><ele>148</ele></trkpt>
   <trkpt lat="49.622065" lon="6.571368"><ele>148.5</ele></trkpt>
   <trkpt lat="49.622219" lon="6.572063"><ele>147</ele></trkpt>
   <trkpt lat="49.622272" lon="6.572219"><ele>146.75</ele></trkpt>
   <trkpt lat="49.621634" lon="6.572771"><ele>161.25</ele></trkpt>
   <trkpt lat="49.62125" lon="6.573083"><ele>170</ele></trkpt>
   <trkpt lat="49.621031" lon="6.573286"><ele>174.75</ele></trkpt>
   <trkpt lat="49.620764" lon="6.573724"><ele>183</ele></trkpt>
   <trkpt lat="49.620435" lon="6.57423"><ele>195</ele></trkpt>
   <trkpt lat="49.621156" lon="6.574718"><ele>198.5</ele></trkpt>
   <trkpt lat="49.621765" lon="6.575082"><ele>201</ele></trkpt>
   <trkpt lat="49.62186" lon="6.575221"><ele>201.5</ele></trkpt>
   <trkpt lat="49.62188" lon="6.575402"><ele>201.25</ele></trkpt>
   <trkpt lat="49.621698" lon="6.576266"><ele>198.25</ele></trkpt>
   <trkpt lat="49.621728" lon="6.576843"><ele>194.75</ele></trkpt>
   <trkpt lat="49.621788" lon="6.577673"><ele>191.25</ele></trkpt>
   <trkpt lat="49.621993" lon="6.578594"><ele>187.25</ele></trkpt>
   <trkpt lat="49.621723" lon="6.578815"><ele>191.25</ele></trkpt>
   <trkpt lat="49.621389" lon="6.579202"><ele>194.75</ele></trkpt>
   <trkpt lat="49.62094" lon="6.57968"><ele>198.5</ele></trkpt>
   <trkpt lat="49.620502" lon="6.580121"><ele>203</ele></trkpt>
   <trkpt lat="49.62037" lon="6.580289"><ele>204.25</ele></trkpt>
   <trkpt lat="49.620244" lon="6.580479"><ele>205.75</ele></trkpt>
   <trkpt lat="49.62002" lon="6.580819"><ele>207.75</ele></trkpt>
   <trkpt lat="49.619806" lon="6.581351"><ele>210</ele></trkpt>
   <trkpt lat="49.619663" lon="6.581601"><ele>211.75</ele></trkpt>
   <trkpt lat="49.619518" lon="6.581737"><ele>213.75</ele></trkpt>
   <trkpt lat="49.619299" lon="6.58191"><ele>216.75</ele></trkpt>
   <trkpt lat="49.619177" lon="6.582356"><ele>220</ele></trkpt>
   <trkpt lat="49.619086" lon="6.582616"><ele>222.5</ele></trkpt>
   <trkpt lat="49.617607" lon="6.584954"><ele>235.5</ele></trkpt>
   <trkpt lat="49.617531" lon="6.585113"><ele>236</ele></trkpt>
   <trkpt lat="49.617484" lon="6.585279"><ele>236</ele></trkpt>
   <trkpt lat="49.617382" lon="6.585689"><ele>235.75</ele></trkpt>
   <trkpt lat="49.617328" lon="6.585692"><ele>236.25</ele></trkpt>
   <trkpt lat="49.61623" lon="6.584892"><ele>248.25</ele></trkpt>
   <trkpt lat="49.616002" lon="6.584748"><ele>249.25</ele></trkpt>
   <trkpt lat="49.615811" lon="6.584386"><ele>249.75</ele></trkpt>
   <trkpt lat="49.614689" lon="6.585349"><ele>253</ele></trkpt>
   <trkpt lat="49.613317" lon="6.586482"><ele>257</ele></trkpt>
   <trkpt lat="49.612332" lon="6.587325"><ele>258.75</ele></trkpt>
   <trkpt lat="49.612267" lon="6.587382"><ele>258.75</ele></trkpt>
   <trkpt lat="49.612131" lon="6.587819"><ele>258</ele></trkpt>
   <trkpt lat="49.611421" lon="6.589753"><ele>254.75</ele></trkpt>
   <trkpt lat="49.610712" lon="6.591179"><ele>251.25</ele></trkpt>
   <trkpt lat="49.610646" lon="6.591357"><ele>251</ele></trkpt>
   <trkpt lat="49.610618" lon="6.592631"><ele>249.5</ele></trkpt>
   <trkpt lat="49.610758" lon="6.593777"><ele>247.5</ele></trkpt>
   <trkpt lat="49.611148" lon="6.594348"><ele>244</ele></trkpt>
   <trkpt lat="49.611306" lon="6.594603"><ele>242.25</ele></trkpt>
   <trkpt lat="49.611269" lon="6.594768"><ele>242.25</ele></trkpt>
   <trkpt lat="49.610887" lon="6.595598"><ele>241.5</ele></trkpt>
   <trkpt lat="49.610837" lon="6.59574"><ele>241.25</ele></trkpt>
   <trkpt lat="49.610604" lon="6.596248"><ele>238.25</ele></trkpt>
   <trkpt lat="49.610518" lon="6.596364"><ele>236.75</ele></trkpt>
   <trkpt lat="49.610312" lon="6.596398"><ele>235</ele></trkpt>
   <trkpt lat="49.609934" lon="6.596362"><ele>230.5</ele></trkpt>
   <trkpt lat="49.609609" lon="6.596253"><ele>228</ele></trkpt>
   <trkpt lat="49.60945" lon="6.596224"><ele>226.25</ele></trkpt>
   <trkpt lat="49.609245" lon="6.596238"><ele>224</ele></trkpt>
   <trkpt lat="49.609121" lon="6.596201"><ele>223</ele></trkpt>
   <trkpt lat="49.608816" lon="6.595916"><ele>220.25</ele></trkpt>
   <trkpt lat="49.608514" lon="6.595987"><ele>213.75</ele></trkpt>
   <trkpt lat="49.608424" lon="6.59605"><ele>212</ele></trkpt>
   <trkpt lat="49.608119" lon="6.596236"><ele>208.75</ele></trkpt>
   <trkpt lat="49.607636" lon="6.596602"><ele>208.5</ele></trkpt>
   <trkpt lat="49.607133" lon="6.596998"><ele>210</ele></trkpt>
   <trkpt lat="49.607109" lon="6.597052"><ele>210</ele></trkpt>
   <trkpt lat="49.607094" lon="6.597118"><ele>210.25</ele></trkpt>
   <trkpt lat="49.607011" lon="6.597124"><ele>210.25</ele></trkpt>
   <trkpt lat="49.606887" lon="6.597174"><ele>210.75</ele></trkpt>
   <trkpt lat="49.606636" lon="6.59733"><ele>211.25</ele></trkpt>
   <trkpt lat="49.606597" lon="6.597341"><ele>211.5</ele></trkpt>
   <trkpt lat="49.60656" lon="6.597344"><ele>211.75</ele></trkpt>
   <trkpt lat="49.606533" lon="6.597299"><ele>211.75</ele></trkpt>
   <trkpt lat="49.606487" lon="6.597326"><ele>212</ele></trkpt>
   <trkpt lat="49.606454" lon="6.597372"><ele>212.25</ele></trkpt>
   <trkpt lat="49.6064" lon="6.597471"><ele>212.75</ele></trkpt>
   <trkpt lat="49.606352" lon="6.597541"><ele>213</ele></trkpt>
   <trkpt lat="49.606057" lon="6.598039"><ele>215</ele></trkpt>
   <trkpt lat="49.605645" lon="6.598846"><ele>218.5</ele></trkpt>
   <trkpt lat="49.605342" lon="6.599807"><ele>222</ele></trkpt>
   <trkpt lat="49.605077" lon="6.600566"><ele>225.5</ele></trkpt>
   <trkpt lat="49.604442" lon="6.599716"><ele>226</ele></trkpt>
   <trkpt lat="49.604342" lon="6.599626"><ele>226.75</ele></trkpt>
   <trkpt lat="49.604221" lon="6.599498"><ele>227.5</ele></trkpt>
   <trkpt lat="49.603843" lon="6.599275"><ele>230.5</ele></trkpt>
   <trkpt lat="49.603725" lon="6.599708"><ele>233.5</ele></trkpt>
   <trkpt lat="49.603536" lon="6.60018"><ele>237.5</ele></trkpt>
   <trkpt lat="49.60313" lon="6.600848"><ele>243</ele></trkpt>
   <trkpt lat="49.602996" lon="6.601119"><ele>246</ele></trkpt>
   <trkpt lat="49.602711" lon="6.60185"><ele>250</ele></trkpt>
   <trkpt lat="49.602425" lon="6.602544"><ele>252</ele></trkpt>
   <trkpt lat="49.601631" lon="6.604683"><ele>261.25</ele></trkpt>
   <trkpt lat="49.60157" lon="6.604794"><ele>262.25</ele></trkpt>
   <trkpt lat="49.601258" lon="6.605652"><ele>269.25</ele></trkpt>
   <trkpt lat="49.601165" lon="6.606147"><ele>272</ele></trkpt>
   <trkpt lat="49.601086" lon="6.606571"><ele>276</ele></trkpt>
   <trkpt lat="49.600991" lon="6.607283"><ele>280.25</ele></trkpt>
   <trkpt lat="49.60093" lon="6.608142"><ele>285.5</ele></trkpt>
   <trkpt lat="49.600941" lon="6.608691"><ele>289</ele></trkpt>
   <trkpt lat="49.601053" lon="6.609729"><ele>296.25</ele></trkpt>
   <trkpt lat="49.601395" lon="6.611293"><ele>306</ele></trkpt>
   <trkpt lat="49.601486" lon="6.611553"><ele>307</ele></trkpt>
   <trkpt lat="49.60153" lon="6.611751"><ele>308.5</ele></trkpt>
   <trkpt lat="49.601753" lon="6.612613"><ele>312.5</ele></trkpt>
   <trkpt lat="49.602198" lon="6.614055"><ele>324.5</ele></trkpt>
   <trkpt lat="49.602399" lon="6.614999"><ele>332.25</ele></trkpt>
   <trkpt lat="49.602365" lon="6.615686"><ele>337.5</ele></trkpt>
   <trkpt lat="49.602321" lon="6.616381"><ele>338.75</ele></trkpt>
   <trkpt lat="49.602237" lon="6.617137"><ele>344.25</ele></trkpt>
   <trkpt lat="49.602182" lon="6.61748"><ele>347</ele></trkpt>
   <trkpt lat="49.602215" lon="6.618355"><ele>352.5</ele></trkpt>
   <trkpt lat="49.60226" lon="6.619145"><ele>360.75</ele></trkpt>
   <trkpt lat="49.602215" lon="6.619772"><ele>363.25</ele></trkpt>
   <trkpt lat="49.602193" lon="6.619848"><ele>364.25</ele></trkpt>
   <trkpt lat="49.602057" lon="6.620328"><ele>366.25</ele></trkpt>
   <trkpt lat="49.601868" lon="6.6207"><ele>368.5</ele></trkpt>
   <trkpt lat="49.601589" lon="6.62106"><ele>371.75</ele></trkpt>
   <trkpt lat="49.601256" lon="6.621212"><ele>375.5</ele></trkpt>
   <trkpt lat="49.601129" lon="6.621284"><ele>376.75</ele></trkpt>
   <trkpt lat="49.601062" lon="6.621384"><ele>377.75</ele></trkpt>
   <trkpt lat="49.601028" lon="6.621502"><ele>379.25</ele></trkpt>
   <trkpt lat="49.601021" lon="6.621617"><ele>380.25</ele></trkpt>
   <trkpt lat="49.601028" lon="6.621729"><ele>381.75</ele></trkpt>
   <trkpt lat="49.601351" lon="6.623531"><ele>395.5</ele></trkpt>
   <trkpt lat="49.601546" lon="6.624302"><ele>405</ele></trkpt>
   <trkpt lat="49.601688" lon="6.624823"><ele>409</ele></trkpt>
   <trkpt lat="49.601801" lon="6.625248"><ele>412.75</ele></trkpt>
   <trkpt lat="49.601991" lon="6.625526"><ele>417</ele></trkpt>
   <trkpt lat="49.602152" lon="6.62588"><ele>420</ele></trkpt>
   <trkpt lat="49.602255" lon="6.626086"><ele>422.5</ele></trkpt>
   <trkpt lat="49.602388" lon="6.626394"><ele>424.75</ele></trkpt>
   <trkpt lat="49.602501" lon="6.62681"><ele>427</ele></trkpt>
   <trkpt lat="49.602598" lon="6.627206"><ele>429</ele></trkpt>
   <trkpt lat="49.602632" lon="6.627399"><ele>429.25</ele></trkpt>
   <trkpt lat="49.602694" lon="6.627751"><ele>431.25</ele></trkpt>
   <trkpt lat="49.602721" lon="6.628022"><ele>432.25</ele></trkpt>
   <trkpt lat="49.602732" lon="6.62825"><ele>433.25</ele></trkpt>
   <trkpt lat="49.60272" lon="6.628478"><ele>434.5</ele></trkpt>
   <trkpt lat="49.602694" lon="6.628702"><ele>435.75</ele></trkpt>
   <trkpt lat="49.602626" lon="6.628938"><ele>436.5</ele></trkpt>
   <trkpt lat="49.602525" lon="6.629178"><ele>437.25</ele></trkpt>
   <trkpt lat="49.602414" lon="6.629353"><ele>438</ele></trkpt>
   <trkpt lat="49.602149" lon="6.629743"><ele>440</ele></trkpt>
   <trkpt lat="49.602032" lon="6.629865"><ele>440.75</ele></trkpt>
   <trkpt lat="49.601809" lon="6.630023"><ele>442</ele></trkpt>
   <trkpt lat="49.601165" lon="6.630539"><ele>443.75</ele></trkpt>
   <trkpt lat="49.600841" lon="6.630886"><ele>444.75</ele></trkpt>
   <trkpt lat="49.600314" lon="6.630034"><ele>444</ele></trkpt>
   <trkpt lat="49.600267" lon="6.629969"><ele>443.75</ele></trkpt>
   <trkpt lat="49.600048" lon="6.629686"><ele>442</ele></trkpt>
   <trkpt lat="49.599945" lon="6.62957"><ele>441.25</ele></trkpt>
   <trkpt lat="49.599835" lon="6.629595"><ele>441.25</ele></trkpt>
   <trkpt lat="49.599832" lon="6.629595"><ele>441.25</ele></trkpt>
   <trkpt lat="49.59806" lon="6.630481"><ele>439.25</ele></trkpt>
   <trkpt lat="49.597855" lon="6.630961"><ele>436.5</ele></trkpt>
   <trkpt lat="49.59773" lon="6.631695"><ele>432</ele></trkpt>
   <trkpt lat="49.59768" lon="6.633233"><ele>422</ele></trkpt>
   <trkpt lat="49.597697" lon="6.633802"><ele>418.75</ele></trkpt>
   <trkpt lat="49.597546" lon="6.634419"><ele>417.25</ele></trkpt>
   <trkpt lat="49.597208" lon="6.634839"><ele>416.25</ele></trkpt>
   <trkpt lat="49.596914" lon="6.635117"><ele>418.25</ele></trkpt>
   <trkpt lat="49.596609" lon="6.635445"><ele>420</ele></trkpt>
   <trkpt lat="49.596471" lon="6.635594"><ele>421.25</ele></trkpt>
   <trkpt lat="49.595611" lon="6.635545"><ele>428.25</ele></trkpt>
   <trkpt lat="49.595132" lon="6.635398"><ele>430</ele></trkpt>
   <trkpt lat="49.594782" lon="6.635618"><ele>432.25</ele></trkpt>
   <trkpt lat="49.594754" lon="6.636001"><ele>432.5</ele></trkpt>
   <trkpt lat="49.594847" lon="6.637264"><ele>428.5</ele></trkpt>
   <trkpt lat="49.594815" lon="6.637706"><ele>427</ele></trkpt>
   <trkpt lat="49.594225" lon="6.637959"><ele>426.75</ele></trkpt>
   <trkpt lat="49.593985" lon="6.638062"><ele>429.25</ele></trkpt>
   <trkpt lat="49.593661" lon="6.638172"><ele>432.25</ele></trkpt>
   <trkpt lat="49.593406" lon="6.638259"><ele>434</ele></trkpt>
   <trkpt lat="49.592554" lon="6.638885"><ele>441.5</ele></trkpt>
   <trkpt lat="49.591663" lon="6.639229"><ele>449.25</ele></trkpt>
   <trkpt lat="49.590894" lon="6.639503"><ele>454.75</ele></trkpt>
   <trkpt lat="49.590007" lon="6.639819"><ele>458.5</ele></trkpt>
   <trkpt lat="49.58972" lon="6.639942"><ele>458.75</ele></trkpt>
   <trkpt lat="49.589371" lon="6.640226"><ele>458.25</ele></trkpt>
   <trkpt lat="49.589162" lon="6.640569"><ele>457.75</ele></trkpt>
   <trkpt lat="49.589009" lon="6.641041"><ele>456.25</ele></trkpt>
   <trkpt lat="49.58887" lon="6.6422"><ele>452.5</ele></trkpt>
   <trkpt lat="49.588675" lon="6.64323"><ele>447.75</ele></trkpt>
   <trkpt lat="49.588494" lon="6.64353"><ele>446.5</ele></trkpt>
   <trkpt lat="49.587749" lon="6.643537"><ele>442.25</ele></trkpt>
   <trkpt lat="49.5883" lon="6.644102"><ele>447.5</ele></trkpt>
   <trkpt lat="49.588724" lon="6.645535"><ele>456.75</ele></trkpt>
   <trkpt lat="49.588767" lon="6.645743"><ele>458</ele></trkpt>
   <trkpt lat="49.588784" lon="6.646273"><ele>461</ele></trkpt>
   <trkpt lat="49.588788" lon="6.646776"><ele>463.5</ele></trkpt>
   <trkpt lat="49.587493" lon="6.646925"><ele>463.75</ele></trkpt>
   <trkpt lat="49.584941" lon="6.647127"><ele>465.75</ele></trkpt>
   <trkpt lat="49.584592" lon="6.648128"><ele>470.75</ele></trkpt>
   <trkpt lat="49.584108" lon="6.6489"><ele>476.25</ele></trkpt>
   <trkpt lat="49.583999" lon="6.649068"><ele>477.5</ele></trkpt>
   <trkpt lat="49.582929" lon="6.648738"><ele>478.5</ele></trkpt>
   <trkpt lat="49.582859" lon="6.648696"><ele>478.75</ele></trkpt>
   <trkpt lat="49.582259" lon="6.648403"><ele>480</ele></trkpt>
   <trkpt lat="49.581567" lon="6.647879"><ele>483.25</ele></trkpt>
   <trkpt lat="49.581114" lon="6.647478"><ele>486.75</ele></trkpt>
   <trkpt lat="49.581008" lon="6.647138"><ele>488</ele></trkpt>
   <trkpt lat="49.580897" lon="6.646799"><ele>490</ele></trkpt>
   <trkpt lat="49.580543" lon="6.64654"><ele>493.5</ele></trkpt>
   <trkpt lat="49.580009" lon="6.646402"><ele>494</ele></trkpt>
   <trkpt lat="49.579763" lon="6.646353"><ele>493.75</ele></trkpt>
   <trkpt lat="49.579508" lon="6.646068"><ele>493.5</ele></trkpt>
   <trkpt lat="49.579129" lon="6.64551"><ele>493</ele></trkpt>
   <trkpt lat="49.578549" lon="6.644785"><ele>496.25</ele></trkpt>
   <trkpt lat="49.578137" lon="6.644328"><ele>497</ele></trkpt>
   <trkpt lat="49.577688" lon="6.644153"><ele>496.25</ele></trkpt>
   <trkpt lat="49.576844" lon="6.644266"><ele>497.5</ele></trkpt>
   <trkpt lat="49.57617" lon="6.644577"><ele>498.25</ele></trkpt>
   <trkpt lat="49.575873" lon="6.64494"><ele>499.75</ele></trkpt>
   <trkpt lat="49.57553" lon="6.645149"><ele>501.5</ele></trkpt>
   <trkpt lat="49.575231" lon="6.645189"><ele>502.5</ele></trkpt>
   <trkpt lat="49.575179" lon="6.645196"><ele>502.75</ele></trkpt>
   <trkpt lat="49.575007" lon="6.645184"><ele>503.25</ele></trkpt>
   <trkpt lat="49.574579" lon="6.64505"><ele>504.75</ele></trkpt>
   <trkpt lat="49.573605" lon="6.644191"><ele>509</ele></trkpt>
   <trkpt lat="49.572075" lon="6.643033"><ele>508.75</ele></trkpt>
   <trkpt lat="49.571824" lon="6.642947"><ele>508.75</ele></trkpt>
   <trkpt lat="49.571563" lon="6.642947"><ele>509</ele></trkpt>
   <trkpt lat="49.571045" lon="6.643161"><ele>510</ele></trkpt>
   <trkpt lat="49.570806" lon="6.643179"><ele>510</ele></trkpt>
   <trkpt lat="49.570682" lon="6.643168"><ele>510.5</ele></trkpt>
   <trkpt lat="49.5706" lon="6.643161"><ele>510.75</ele></trkpt>
   <trkpt lat="49.570131" lon="6.643216"><ele>511.5</ele></trkpt>
   <trkpt lat="49.569347" lon="6.643307"><ele>513.25</ele></trkpt>
   <trkpt lat="49.568674" lon="6.643308"><ele>516.5</ele></trkpt>
   <trkpt lat="49.568081" lon="6.643274"><ele>518</ele></trkpt>
   <trkpt lat="49.567753" lon="6.643287"><ele>519.25</ele></trkpt>
   <trkpt lat="49.564975" lon="6.64412"><ele>534</ele></trkpt>
   <trkpt lat="49.562937" lon="6.644893"><ele>529.75</ele></trkpt>
   <trkpt lat="49.562631" lon="6.645018"><ele>528.5</ele></trkpt>
   <trkpt lat="49.5624" lon="6.645111"><ele>527.5</ele></trkpt>
   <trkpt lat="49.562166" lon="6.645204"><ele>526.5</ele></trkpt>
   <trkpt lat="49.561246" lon="6.645288"><ele>520.25</ele></trkpt>
   <trkpt lat="49.561036" lon="6.645307"><ele>519.25</ele></trkpt>
   <trkpt lat="49.560085" lon="6.645875"><ele>514.25</ele></trkpt>
   <trkpt lat="49.559529" lon="6.646221"><ele>510.25</ele></trkpt>
   <trkpt lat="49.557937" lon="6.646766"><ele>505.75</ele></trkpt>
   <trkpt lat="49.557536" lon="6.646807"><ele>506</ele></trkpt>
   <trkpt lat="49.55669" lon="6.647034"><ele>504.75</ele></trkpt>
   <trkpt lat="49.556176" lon="6.647277"><ele>505</ele></trkpt>
   <trkpt lat="49.555739" lon="6.647514"><ele>506.25</ele></trkpt>
   <trkpt lat="49.555652" lon="6.647616"><ele>506</ele></trkpt>
   <trkpt lat="49.555079" lon="6.648268"><ele>508.25</ele></trkpt>
   <trkpt lat="49.554372" lon="6.649092"><ele>508.25</ele></trkpt>
   <trkpt lat="49.554071" lon="6.649515"><ele>507.5</ele></trkpt>
   <trkpt lat="49.553794" lon="6.650065"><ele>506</ele></trkpt>
   <trkpt lat="49.553371" lon="6.650781"><ele>505</ele></trkpt>
   <trkpt lat="49.553121" lon="6.651366"><ele>505</ele></trkpt>
   <trkpt lat="49.552451" lon="6.653032"><ele>504.75</ele></trkpt>
   <trkpt lat="49.551995" lon="6.653605"><ele>505</ele></trkpt>
   <trkpt lat="49.551874" lon="6.653694"><ele>504.5</ele></trkpt>
   <trkpt lat="49.551803" lon="6.653775"><ele>504</ele></trkpt>
   <trkpt lat="49.550556" lon="6.654883"><ele>499.25</ele></trkpt>
   <trkpt lat="49.54946" lon="6.65595"><ele>500.5</ele></trkpt>
   <trkpt lat="49.548195" lon="6.656903"><ele>502</ele></trkpt>
   <trkpt lat="49.547893" lon="6.65715"><ele>502.75</ele></trkpt>
   <trkpt lat="49.547823" lon="6.657246"><ele>502.75</ele></trkpt>
   <trkpt lat="49.54774" lon="6.657372"><ele>503.25</ele></trkpt>
   <trkpt lat="49.547552" lon="6.657513"><ele>504.5</ele></trkpt>
   <trkpt lat="49.547328" lon="6.657591"><ele>505.5</ele></trkpt>
   <trkpt lat="49.5472" lon="6.657631"><ele>506</ele></trkpt>
   <trkpt lat="49.546847" lon="6.657662"><ele>507.5</ele></trkpt>
   <trkpt lat="49.546428" lon="6.657667"><ele>509.5</ele></trkpt>
   <trkpt lat="49.545406" lon="6.658036"><ele>512.25</ele></trkpt>
   <trkpt lat="49.544237" lon="6.658242"><ele>513.5</ele></trkpt>
   <trkpt lat="49.543897" lon="6.658439"><ele>513.25</ele></trkpt>
   <trkpt lat="49.543525" lon="6.660301"><ele>511.5</ele></trkpt>
   <trkpt lat="49.542912" lon="6.660499"><ele>506.25</ele></trkpt>
   <trkpt lat="49.541629" lon="6.660819"><ele>499.75</ele></trkpt>
   <trkpt lat="49.540291" lon="6.661215"><ele>492.5</ele></trkpt>
   <trkpt lat="49.539714" lon="6.661538"><ele>491.25</ele></trkpt>
   <trkpt lat="49.539285" lon="6.662018"><ele>490.25</ele></trkpt>
   <trkpt lat="49.539057" lon="6.662774"><ele>487.75</ele></trkpt>
   <trkpt lat="49.53884" lon="6.663143"><ele>485</ele></trkpt>
   <trkpt lat="49.538462" lon="6.663445"><ele>480.75</ele></trkpt>
   <trkpt lat="49.537846" lon="6.663647"><ele>472.75</ele></trkpt>
   <trkpt lat="49.537697" lon="6.663669"><ele>470.75</ele></trkpt>
   <trkpt lat="49.537639" lon="6.663677"><ele>470.25</ele></trkpt>
   <trkpt lat="49.537074" lon="6.663761"><ele>463</ele></trkpt>
   <trkpt lat="49.536448" lon="6.663808"><ele>454.25</ele></trkpt>
   <trkpt lat="49.5362" lon="6.663714"><ele>452.25</ele></trkpt>
   <trkpt lat="49.535971" lon="6.6637"><ele>450.25</ele></trkpt>
   <trkpt lat="49.535867" lon="6.663726"><ele>449.25</ele></trkpt>
   <trkpt lat="49.535704" lon="6.66313"><ele>450.25</ele></trkpt>
   <trkpt lat="49.535525" lon="6.662587"><ele>451.75</ele></trkpt>
   <trkpt lat="49.535387" lon="6.662205"><ele>455</ele></trkpt>
   <trkpt lat="49.535165" lon="6.661163"><ele>459.25</ele></trkpt>
   <trkpt lat="49.534869" lon="6.660308"><ele>461.75</ele></trkpt>
   <trkpt lat="49.534613" lon="6.65978"><ele>460.75</ele></trkpt>
   <trkpt lat="49.534432" lon="6.65927"><ele>456</ele></trkpt>
   <trkpt lat="49.534265" lon="6.658583"><ele>449.25</ele></trkpt>
   <trkpt lat="49.534133" lon="6.657871"><ele>442.75</ele></trkpt>
   <trkpt lat="49.534064" lon="6.657331"><ele>440.25</ele></trkpt>
   <trkpt lat="49.533933" lon="6.656843"><ele>435.75</ele></trkpt>
   <trkpt lat="49.533885" lon="6.656405"><ele>434.75</ele></trkpt>
   <trkpt lat="49.533963" lon="6.655965"><ele>434.75</ele></trkpt>
   <trkpt lat="49.534087" lon="6.655719"><ele>434.5</ele></trkpt>
   <trkpt lat="49.534269" lon="6.65559"><ele>435.5</ele></trkpt>
   <trkpt lat="49.535012" lon="6.65537"><ele>433.25</ele></trkpt>
   <trkpt lat="49.535384" lon="6.65516"><ele>428.25</ele></trkpt>
   <trkpt lat="49.535597" lon="6.655055"><ele>428.75</ele></trkpt>
   <trkpt lat="49.535725" lon="6.65485"><ele>429.25</ele></trkpt>
   <trkpt lat="49.535771" lon="6.654509"><ele>428.75</ele></trkpt>
   <trkpt lat="49.535738" lon="6.654093"><ele>427.25</ele></trkpt>
   <trkpt lat="49.535572" lon="6.653411"><ele>422</ele></trkpt>
   <trkpt lat="49.535494" lon="6.653146"><ele>419.75</ele></trkpt>
   <trkpt lat="49.535062" lon="6.652017"><ele>407</ele></trkpt>
   <trkpt lat="49.534729" lon="6.651588"><ele>399.75</ele></trkpt>
   <trkpt lat="49.534172" lon="6.65294"><ele>391</ele></trkpt>
   <trkpt lat="49.534113" lon="6.653083"><ele>390.5</ele></trkpt>
   <trkpt lat="49.533829" lon="6.653447"><ele>392</ele></trkpt>
   <trkpt lat="49.533584" lon="6.653814"><ele>393.75</ele></trkpt>
   <trkpt lat="49.533194" lon="6.654337"><ele>393.75</ele></trkpt>
   <trkpt lat="49.532855" lon="6.654863"><ele>392.75</ele></trkpt>
   <trkpt lat="49.532606" lon="6.655415"><ele>391</ele></trkpt>
   <trkpt lat="49.531937" lon="6.656993"><ele>391.25</ele></trkpt>
   <trkpt lat="49.531688" lon="6.657961"><ele>393.75</ele></trkpt>
   <trkpt lat="49.531487" lon="6.658901"><ele>395</ele></trkpt>
   <trkpt lat="49.531392" lon="6.659425"><ele>394.75</ele></trkpt>
   <trkpt lat="49.531201" lon="6.659692"><ele>394.25</ele></trkpt>
   <trkpt lat="49.530902" lon="6.659885"><ele>393.25</ele></trkpt>
   <trkpt lat="49.530431" lon="6.659996"><ele>394.25</ele></trkpt>
   <trkpt lat="49.529951" lon="6.659795"><ele>395.75</ele></trkpt>
   <trkpt lat="49.529476" lon="6.659674"><ele>399.25</ele></trkpt>
   <trkpt lat="49.528903" lon="6.659554"><ele>397.25</ele></trkpt>
   <trkpt lat="49.528713" lon="6.65953"><ele>396.5</ele></trkpt>
   <trkpt lat="49.527812" lon="6.659706"><ele>395.75</ele></trkpt>
   <trkpt lat="49.526914" lon="6.65987"><ele>395.75</ele></trkpt>
   <trkpt lat="49.526736" lon="6.659932"><ele>395.75</ele></trkpt>
   <trkpt lat="49.526657" lon="6.659865"><ele>394.75</ele></trkpt>
   <trkpt lat="49.525743" lon="6.659844"><ele>393.75</ele></trkpt>
   <trkpt lat="49.52541" lon="6.659824"><ele>391</ele></trkpt>
   <trkpt lat="49.525106" lon="6.659922"><ele>389.25</ele></trkpt>
   <trkpt lat="49.524962" lon="6.65988"><ele>388.25</ele></trkpt>
   <trkpt lat="49.524531" lon="6.659517"><ele>387.75</ele></trkpt>
   <trkpt lat="49.524262" lon="6.659222"><ele>388.5</ele></trkpt>
   <trkpt lat="49.523882" lon="6.658713"><ele>387.25</ele></trkpt>
   <trkpt lat="49.523334" lon="6.658376"><ele>384</ele></trkpt>
   <trkpt lat="49.522908" lon="6.658245"><ele>383</ele></trkpt>
   <trkpt lat="49.522507" lon="6.657841"><ele>384.25</ele></trkpt>
   <trkpt lat="49.522305" lon="6.65756"><ele>382.75</ele></trkpt>
   <trkpt lat="49.521706" lon="6.656637"><ele>380.25</ele></trkpt>
   <trkpt lat="49.520676" lon="6.655178"><ele>376.75</ele></trkpt>
   <trkpt lat="49.520272" lon="6.654728"><ele>374</ele></trkpt>
   <trkpt lat="49.519937" lon="6.65446"><ele>374.75</ele></trkpt>
   <trkpt lat="49.519701" lon="6.654181"><ele>374.5</ele></trkpt>
   <trkpt lat="49.519471" lon="6.65388"><ele>375.25</ele></trkpt>
   <trkpt lat="49.519241" lon="6.653676"><ele>375.75</ele></trkpt>
   <trkpt lat="49.518948" lon="6.653633"><ele>377</ele></trkpt>
   <trkpt lat="49.518677" lon="6.653709"><ele>379.25</ele></trkpt>
   <trkpt lat="49.518489" lon="6.653719"><ele>380.5</ele></trkpt>
   <trkpt lat="49.518335" lon="6.653633"><ele>381</ele></trkpt>
   <trkpt lat="49.518179" lon="6.65361"><ele>381.5</ele></trkpt>
   <trkpt lat="49.51805" lon="6.653672"><ele>382</ele></trkpt>
   <trkpt lat="49.518706" lon="6.6522"><ele>368.5</ele></trkpt>
   <trkpt lat="49.51915" lon="6.651048"><ele>362.25</ele></trkpt>
   <trkpt lat="49.519457" lon="6.650275"><ele>359.75</ele></trkpt>
   <trkpt lat="49.519568" lon="6.649868"><ele>359</ele></trkpt>
   <trkpt lat="49.519568" lon="6.649546"><ele>359</ele></trkpt>
   <trkpt lat="49.519499" lon="6.64902"><ele>359.25</ele></trkpt>
   <trkpt lat="49.51931" lon="6.648387"><ele>360.5</ele></trkpt>
   <trkpt lat="49.519095" lon="6.64784"><ele>362.75</ele></trkpt>
   <trkpt lat="49.518976" lon="6.647185"><ele>362.75</ele></trkpt>
   <trkpt lat="49.518816" lon="6.645093"><ele>351.25</ele></trkpt>
   <trkpt lat="49.518753" lon="6.643913"><ele>344.5</ele></trkpt>
   <trkpt lat="49.518537" lon="6.642969"><ele>340</ele></trkpt>
   <trkpt lat="49.518468" lon="6.642486"><ele>336.75</ele></trkpt>
   <trkpt lat="49.518482" lon="6.642111"><ele>333.75</ele></trkpt>
   <trkpt lat="49.518433" lon="6.641757"><ele>331</ele></trkpt>
   <trkpt lat="49.51828" lon="6.641424"><ele>328.25</ele></trkpt>
   <trkpt lat="49.518154" lon="6.641027"><ele>325.25</ele></trkpt>
   <trkpt lat="49.517869" lon="6.640244"><ele>319.25</ele></trkpt>
   <trkpt lat="49.517534" lon="6.639128"><ele>311.5</ele></trkpt>
   <trkpt lat="49.51747" lon="6.639035"><ele>311.25</ele></trkpt>
   <trkpt lat="49.517279" lon="6.638752"><ele>309</ele></trkpt>
   <trkpt lat="49.516965" lon="6.6385"><ele>303.25</ele></trkpt>
   <trkpt lat="49.516792" lon="6.63831"><ele>299.5</ele></trkpt>
   <trkpt lat="49.516638" lon="6.637812"><ele>295.5</ele></trkpt>
   <trkpt lat="49.516467" lon="6.637217"><ele>292</ele></trkpt>
   <trkpt lat="49.516372" lon="6.637035"><ele>289.5</ele></trkpt>
   <trkpt lat="49.516291" lon="6.63691"><ele>289.75</ele></trkpt>
   <trkpt lat="49.51609" lon="6.636803"><ele>291</ele></trkpt>
   <trkpt lat="49.515319" lon="6.635965"><ele>290.5</ele></trkpt>
   <trkpt lat="49.515179" lon="6.637087"><ele>299.75</ele></trkpt>
   <trkpt lat="49.515156" lon="6.637498"><ele>302.75</ele></trkpt>
   <trkpt lat="49.515129" lon="6.637977"><ele>305.5</ele></trkpt>
   <trkpt lat="49.515125" lon="6.638201"><ele>306.75</ele></trkpt>
   <trkpt lat="49.515139" lon="6.639053"><ele>310.25</ele></trkpt>
   <trkpt lat="49.515187" lon="6.63945"><ele>310.75</ele></trkpt>
   <trkpt lat="49.515257" lon="6.639929"><ele>310.75</ele></trkpt>
   <trkpt lat="49.515264" lon="6.640292"><ele>312</ele></trkpt>
   <trkpt lat="49.515248" lon="6.640456"><ele>312.25</ele></trkpt>
   <trkpt lat="49.515214" lon="6.640618"><ele>312.5</ele></trkpt>
   <trkpt lat="49.515116" lon="6.640761"><ele>313.5</ele></trkpt>
   <trkpt lat="49.515025" lon="6.640842"><ele>314.5</ele></trkpt>
   <trkpt lat="49.514941" lon="6.640947"><ele>316</ele></trkpt>
   <trkpt lat="49.514808" lon="6.641066"><ele>317.25</ele></trkpt>
   <trkpt lat="49.514617" lon="6.64114"><ele>321</ele></trkpt>
   <trkpt lat="49.514417" lon="6.64125"><ele>323.5</ele></trkpt>
   <trkpt lat="49.514356" lon="6.641244"><ele>324.25</ele></trkpt>
   <trkpt lat="49.514084" lon="6.641333"><ele>324.75</ele></trkpt>
   <trkpt lat="49.513971" lon="6.641277"><ele>325.5</ele></trkpt>
   <trkpt lat="49.513749" lon="6.641143"><ele>327.25</ele></trkpt>
   <trkpt lat="49.513478" lon="6.641142"><ele>328.25</ele></trkpt>
   <trkpt lat="49.513199" lon="6.641187"><ele>328.25</ele></trkpt>
   <trkpt lat="49.513027" lon="6.641227"><ele>328</ele></trkpt>
   <trkpt lat="49.512787" lon="6.641308"><ele>328.25</ele></trkpt>
   <trkpt lat="49.512658" lon="6.641381"><ele>328.75</ele></trkpt>
   <trkpt lat="49.512519" lon="6.641681"><ele>329.5</ele></trkpt>
   <trkpt lat="49.512301" lon="6.641966"><ele>330.25</ele></trkpt>
   <trkpt lat="49.511924" lon="6.642341"><ele>331.25</ele></trkpt>
   <trkpt lat="49.511654" lon="6.642465"><ele>333</ele></trkpt>
   <trkpt lat="49.511434" lon="6.642702"><ele>333.75</ele></trkpt>
   <trkpt lat="49.511099" lon="6.643388"><ele>336</ele></trkpt>
   <trkpt lat="49.510951" lon="6.643759"><ele>337.5</ele></trkpt>
   <trkpt lat="49.510829" lon="6.644166"><ele>338</ele></trkpt>
   <trkpt lat="49.510676" lon="6.644514"><ele>339</ele></trkpt>
   <trkpt lat="49.510479" lon="6.644795"><ele>340.25</ele></trkpt>
   <trkpt lat="49.510164" lon="6.645299"><ele>341</ele></trkpt>
   <trkpt lat="49.509967" lon="6.645709"><ele>341.25</ele></trkpt>
   <trkpt lat="49.509894" lon="6.646074"><ele>341.25</ele></trkpt>
   <trkpt lat="49.5094" lon="6.647597"><ele>345.25</ele></trkpt>
   <trkpt lat="49.509253" lon="6.648296"><ele>346.25</ele></trkpt>
   <trkpt lat="49.508787" lon="6.64933"><ele>348</ele></trkpt>
   <trkpt lat="49.507943" lon="6.650617"><ele>347.75</ele></trkpt>
   <trkpt lat="49.507693" lon="6.650889"><ele>347</ele></trkpt>
   <trkpt lat="49.507085" lon="6.651204"><ele>347.75</ele></trkpt>
   <trkpt lat="49.506724" lon="6.651101"><ele>348.75</ele></trkpt>
   <trkpt lat="49.506134" lon="6.651458"><ele>347</ele></trkpt>
   <trkpt lat="49.505679" lon="6.651656"><ele>344.25</ele></trkpt>
   <trkpt lat="49.505306" lon="6.651878"><ele>343</ele></trkpt>
   <trkpt lat="49.505011" lon="6.65207"><ele>342.75</ele></trkpt>
   <trkpt lat="49.50469" lon="6.652136"><ele>341.75</ele></trkpt>
   <trkpt lat="49.504268" lon="6.652249"><ele>341</ele></trkpt>
   <trkpt lat="49.502077" lon="6.652073"><ele>331.25</ele></trkpt>
   <trkpt lat="49.501811" lon="6.651968"><ele>330.75</ele></trkpt>
   <trkpt lat="49.50127" lon="6.651754"><ele>331</ele></trkpt>
   <trkpt lat="49.500964" lon="6.651604"><ele>332</ele></trkpt>
   <trkpt lat="49.500518" lon="6.651239"><ele>335.25</ele></trkpt>
   <trkpt lat="49.500337" lon="6.651175"><ele>336.75</ele></trkpt>
   <trkpt lat="49.499905" lon="6.651132"><ele>338.75</ele></trkpt>
   <trkpt lat="49.498971" lon="6.650638"><ele>342.25</ele></trkpt>
   <trkpt lat="49.498386" lon="6.650574"><ele>347.75</ele></trkpt>
   <trkpt lat="49.498204" lon="6.650638"><ele>349.75</ele></trkpt>
   <trkpt lat="49.498176" lon="6.650676"><ele>350.5</ele></trkpt>
   <trkpt lat="49.49748" lon="6.651625"><ele>349.25</ele></trkpt>
   <trkpt lat="49.497154" lon="6.651901"><ele>350.75</ele></trkpt>
   <trkpt lat="49.496836" lon="6.652314"><ele>349.5</ele></trkpt>
   <trkpt lat="49.496557" lon="6.652443"><ele>343.5</ele></trkpt>
   <trkpt lat="49.496237" lon="6.65255"><ele>339.75</ele></trkpt>
   <trkpt lat="49.495874" lon="6.652829"><ele>334.5</ele></trkpt>
   <trkpt lat="49.495568" lon="6.653194"><ele>332</ele></trkpt>
   <trkpt lat="49.495219" lon="6.653515"><ele>326.75</ele></trkpt>
   <trkpt lat="49.494709" lon="6.653638"><ele>324.5</ele></trkpt>
   <trkpt lat="49.493694" lon="6.654142"><ele>322</ele></trkpt>
   <trkpt lat="49.493456" lon="6.654299"><ele>320.5</ele></trkpt>
   <trkpt lat="49.493067" lon="6.654724"><ele>316.75</ele></trkpt>
   <trkpt lat="49.493003" lon="6.654985"><ele>313.25</ele></trkpt>
   <trkpt lat="49.492822" lon="6.655586"><ele>307.25</ele></trkpt>
   <trkpt lat="49.492697" lon="6.655811"><ele>303.25</ele></trkpt>
   <trkpt lat="49.492411" lon="6.656004"><ele>297.75</ele></trkpt>
   <trkpt lat="49.492028" lon="6.656241"><ele>291</ele></trkpt>
   <trkpt lat="49.491512" lon="6.656509"><ele>280.25</ele></trkpt>
   <trkpt lat="49.491101" lon="6.656552"><ele>271.5</ele></trkpt>
   <trkpt lat="49.490818" lon="6.656541"><ele>267.75</ele></trkpt>
   <trkpt lat="49.490762" lon="6.656584"><ele>267</ele></trkpt>
   <trkpt lat="49.490658" lon="6.656712"><ele>265</ele></trkpt>
   <trkpt lat="49.49063" lon="6.65682"><ele>263.5</ele></trkpt>
   <trkpt lat="49.490637" lon="6.656916"><ele>262.25</ele></trkpt>
   <trkpt lat="49.490665" lon="6.656991"><ele>261.25</ele></trkpt>
   <trkpt lat="49.490693" lon="6.657152"><ele>259</ele></trkpt>
   <trkpt lat="49.490734" lon="6.65727"><ele>257</ele></trkpt>
   <trkpt lat="49.490769" lon="6.657474"><ele>253.75</ele></trkpt>
   <trkpt lat="49.490783" lon="6.657592"><ele>252.75</ele></trkpt>
   <trkpt lat="49.490741" lon="6.658075"><ele>250.5</ele></trkpt>
   <trkpt lat="49.490707" lon="6.658214"><ele>250</ele></trkpt>
   <trkpt lat="49.490707" lon="6.658322"><ele>249.5</ele></trkpt>
   <trkpt lat="49.490741" lon="6.658375"><ele>250.25</ele></trkpt>
   <trkpt lat="49.490804" lon="6.658418"><ele>251.75</ele></trkpt>
   <trkpt lat="49.490863" lon="6.658495"><ele>254.5</ele></trkpt>
   <trkpt lat="49.490823" lon="6.658636"><ele>255.25</ele></trkpt>
   <trkpt lat="49.490353" lon="6.659189"><ele>249.5</ele></trkpt>
   <trkpt lat="49.490011" lon="6.659762"><ele>244.5</ele></trkpt>
   <trkpt lat="49.48969" lon="6.660229"><ele>243.75</ele></trkpt>
   <trkpt lat="49.489335" lon="6.660802"><ele>240.75</ele></trkpt>
   <trkpt lat="49.489054" lon="6.661449"><ele>236.75</ele></trkpt>
   <trkpt lat="49.488934" lon="6.662066"><ele>236</ele></trkpt>
   <trkpt lat="49.488874" lon="6.66248"><ele>234.75</ele></trkpt>
   <trkpt lat="49.489025" lon="6.663248"><ele>231.75</ele></trkpt>
   <trkpt lat="49.488969" lon="6.663435"><ele>231</ele></trkpt>
   <trkpt lat="49.488843" lon="6.663579"><ele>229.75</ele></trkpt>
   <trkpt lat="49.487759" lon="6.66362"><ele>226</ele></trkpt>
   <trkpt lat="49.487445" lon="6.663556"><ele>225.5</ele></trkpt>
   <trkpt lat="49.487057" lon="6.663372"><ele>223.5</ele></trkpt>
   <trkpt lat="49.485691" lon="6.66279"><ele>218.5</ele></trkpt>
   <trkpt lat="49.485303" lon="6.66263"><ele>218.25</ele></trkpt>
   <trkpt lat="49.485013" lon="6.662591"><ele>217.5</ele></trkpt>
   <trkpt lat="49.484794" lon="6.662607"><ele>217</ele></trkpt>
   <trkpt lat="49.484544" lon="6.662677"><ele>216.25</ele></trkpt>
   <trkpt lat="49.483806" lon="6.663053"><ele>214.5</ele></trkpt>
   <trkpt lat="49.483078" lon="6.663511"><ele>214.75</ele></trkpt>
   <trkpt lat="49.481811" lon="6.664904"><ele>213</ele></trkpt>
   <trkpt lat="49.481466" lon="6.665194"><ele>211.25</ele></trkpt>
   <trkpt lat="49.481139" lon="6.665416"><ele>212.25</ele></trkpt>
   <trkpt lat="49.480585" lon="6.66577"><ele>211.5</ele></trkpt>
   <trkpt lat="49.480395" lon="6.665912"><ele>211</ele></trkpt>
   <trkpt lat="49.479705" lon="6.666549"><ele>209.5</ele></trkpt>
   <trkpt lat="49.47923" lon="6.666974"><ele>208.5</ele></trkpt>
   <trkpt lat="49.479136" lon="6.667067"><ele>208.25</ele></trkpt>
   <trkpt lat="49.478758" lon="6.667423"><ele>209.5</ele></trkpt>
   <trkpt lat="49.47856" lon="6.667622"><ele>208.75</ele></trkpt>
   <trkpt lat="49.478484" lon="6.667701"><ele>208.75</ele></trkpt>
   <trkpt lat="49.478404" lon="6.667821"><ele>208</ele></trkpt>
   <trkpt lat="49.478294" lon="6.668051"><ele>206.5</ele></trkpt>
   <trkpt lat="49.478002" lon="6.668617"><ele>206.5</ele></trkpt>
   <trkpt lat="49.477895" lon="6.668768"><ele>206.5</ele></trkpt>
   <trkpt lat="49.477759" lon="6.668927"><ele>206</ele></trkpt>
   <trkpt lat="49.477632" lon="6.669045"><ele>206</ele></trkpt>
   <trkpt lat="49.477472" lon="6.669173"><ele>205.75</ele></trkpt>
   <trkpt lat="49.477159" lon="6.669401"><ele>205.75</ele></trkpt>
   <trkpt lat="49.477479" lon="6.670442"><ele>215.25</ele></trkpt>
   <trkpt lat="49.477535" lon="6.670663"><ele>217.75</ele></trkpt>
   <trkpt lat="49.477572" lon="6.670846"><ele>220.25</ele></trkpt>
   <trkpt lat="49.477592" lon="6.671013"><ele>221.5</ele></trkpt>
   <trkpt lat="49.4776" lon="6.671184"><ele>222.75</ele></trkpt>
   <trkpt lat="49.477594" lon="6.671347"><ele>224</ele></trkpt>
   <trkpt lat="49.477584" lon="6.671478"><ele>224.75</ele></trkpt>
   <trkpt lat="49.477559" lon="6.671611"><ele>225.25</ele></trkpt>
   <trkpt lat="49.477383" lon="6.672413"><ele>230</ele></trkpt>
   <trkpt lat="49.477061" lon="6.673778"><ele>229.75</ele></trkpt>
   <trkpt lat="49.476877" lon="6.674597"><ele>229.25</ele></trkpt>
   <trkpt lat="49.47675" lon="6.675188"><ele>231.75</ele></trkpt>
   <trkpt lat="49.476567" lon="6.675198"><ele>231.25</ele></trkpt>
   <trkpt lat="49.476371" lon="6.675232"><ele>230.75</ele></trkpt>
   <trkpt lat="49.476211" lon="6.675274"><ele>230.25</ele></trkpt>
   <trkpt lat="49.475973" lon="6.675358"><ele>229.5</ele></trkpt>
   <trkpt lat="49.475746" lon="6.675472"><ele>227.5</ele></trkpt>
   <trkpt lat="49.475591" lon="6.675582"><ele>226.25</ele></trkpt>
   <trkpt lat="49.475354" lon="6.675758"><ele>225</ele></trkpt>
   <trkpt lat="49.474924" lon="6.676117"><ele>221.25</ele></trkpt>
   <trkpt lat="49.474273" lon="6.676655"><ele>217.75</ele></trkpt>
   <trkpt lat="49.473994" lon="6.676913"><ele>216.75</ele></trkpt>
   <trkpt lat="49.4739" lon="6.677039"><ele>216</ele></trkpt>
   <trkpt lat="49.473745" lon="6.677317"><ele>215</ele></trkpt>
   <trkpt lat="49.473614" lon="6.677546"><ele>214</ele></trkpt>
   <trkpt lat="49.473506" lon="6.677754"><ele>213.5</ele></trkpt>
   <trkpt lat="49.473402" lon="6.677921"><ele>212.5</ele></trkpt>
   <trkpt lat="49.473353" lon="6.678001"><ele>212.25</ele></trkpt>
   <trkpt lat="49.472984" lon="6.678412"><ele>210.5</ele></trkpt>
   <trkpt lat="49.472905" lon="6.678521"><ele>210.25</ele></trkpt>
   <trkpt lat="49.47257" lon="6.678086"><ele>210</ele></trkpt>
   <trkpt lat="49.47241" lon="6.677885"><ele>210.25</ele></trkpt>
   <trkpt lat="49.471043" lon="6.678925"><ele>205.5</ele></trkpt>
   <trkpt lat="49.47094" lon="6.678836"><ele>205.5</ele></trkpt>
   <trkpt lat="49.470657" lon="6.67866"><ele>205</ele></trkpt>
   <trkpt lat="49.470364" lon="6.678491"><ele>203.75</ele></trkpt>
   <trkpt lat="49.470234" lon="6.678407"><ele>203.5</ele></trkpt>
   <trkpt lat="49.469923" lon="6.678207"><ele>203</ele></trkpt>
   <trkpt lat="49.469676" lon="6.678022"><ele>202.5</ele></trkpt>
   <trkpt lat="49.469331" lon="6.67767"><ele>202.75</ele></trkpt>
   <trkpt lat="49.469288" lon="6.67763"><ele>202.75</ele></trkpt>
   <trkpt lat="49.469276" lon="6.677665"><ele>202.75</ele></trkpt>
   <trkpt lat="49.469287" lon="6.677728"><ele>202.5</ele></trkpt>
   <trkpt lat="49.469394" lon="6.67785"><ele>202</ele></trkpt>
   <trkpt lat="49.469406" lon="6.677879"><ele>201.75</ele></trkpt>
   <trkpt lat="49.469409" lon="6.677933"><ele>201.25</ele></trkpt>
   <trkpt lat="49.46931" lon="6.678372"><ele>198.25</ele></trkpt>
   <trkpt lat="49.469282" lon="6.678464"><ele>198</ele></trkpt>
   <trkpt lat="49.469231" lon="6.678578"><ele>197.5</ele></trkpt>
   <trkpt lat="49.46898" lon="6.679025"><ele>197</ele></trkpt>
   <trkpt lat="49.468948" lon="6.679132"><ele>197</ele></trkpt>
   <trkpt lat="49.468927" lon="6.67928"><ele>197</ele></trkpt>
   <trkpt lat="49.468886" lon="6.679652"><ele>197.5</ele></trkpt>
   <trkpt lat="49.468835" lon="6.680122"><ele>198</ele></trkpt>
  </trkseg>
 </trk>
</gpx>