<?xml version="1.0" encoding="UTF-8"?>
<!-- track-length = 111238 filtered ascend = 754 plain-ascend = 122 cost=255034 energy=0.7kwh time=4h 47m 35s -->
<gpx
 xmlns="http://www.topografix.com/GPX/1/1"
 xmlns:xsi="http://www.w3.org/2001/XMLSchema-instance"
 xsi:schemaLocation="http://www.topografix.com/GPX/1/1 http://www.topografix.com/GPX/1/1/gpx.xsd"
 version="1.1"
 creator="bikerouter.de 2026.22">
 <trk>
  <name>etappe#4-v2</name>
  <link href="https://bikerouter.de/#map=15/50.5548/6.7662/osm-mapnik-german_style&amp;lonlats=7.151285,51.254907;6.764818,50.555321&amp;profile=gravel">
   <text>bikerouter.de</text>
  </link>
  <trkseg>
   <trkpt lat="51.254873" lon="7.151289"><ele>154.25</ele></trkpt>
   <trkpt lat="51.254869" lon="7.151215"><ele>154.25</ele></trkpt>
   <trkpt lat="51.254855" lon="7.151032"><ele>154.25</ele></trkpt>
   <trkpt lat="51.254906" lon="7.150953"><ele>153.25</ele></trkpt>
   <trkpt lat="51.255012" lon="7.150925"><ele>152.25</ele></trkpt>
   <trkpt lat="51.255279" lon="7.150862"><ele>151</ele></trkpt>
   <trkpt lat="51.255423" lon="7.150742"><ele>150</ele></trkpt>
   <trkpt lat="51.255454" lon="7.150717"><ele>150</ele></trkpt>
   <trkpt lat="51.25546" lon="7.150735"><ele>150</ele></trkpt>
   <trkpt lat="51.255544" lon="7.150994"><ele>151</ele></trkpt>
   <trkpt lat="51.255585" lon="7.150952"><ele>150.5</ele></trkpt>
   <trkpt lat="51.255911" lon="7.150708"><ele>148.25</ele></trkpt>
   <trkpt lat="51.255914" lon="7.150662"><ele>148.25</ele></trkpt>
   <trkpt lat="51.255915" lon="7.150646"><ele>148.25</ele></trkpt>
   <trkpt lat="51.255932" lon="7.150632"><ele>148.25</ele></trkpt>
   <trkpt lat="51.255999" lon="7.150579"><ele>148.25</ele></trkpt>
   <trkpt lat="51.256066" lon="7.150525"><ele>148.25</ele></trkpt>
   <trkpt lat="51.256091" lon="7.150504"><ele>148.25</ele></trkpt>
   <trkpt lat="51.256141" lon="7.150462"><ele>148.25</ele></trkpt>
   <trkpt lat="51.256192" lon="7.15042"><ele>148.25</ele></trkpt>
   <trkpt lat="51.25621" lon="7.15041"><ele>148.25</ele></trkpt>
   <trkpt lat="51.255881" lon="7.149381"><ele>148.25</ele></trkpt>
   <trkpt lat="51.25567" lon="7.148727"><ele>148.25</ele></trkpt>
   <trkpt lat="51.255568" lon="7.148411"><ele>147</ele></trkpt>
   <trkpt lat="51.255538" lon="7.148237"><ele>147.25</ele></trkpt>
   <trkpt lat="51.255521" lon="7.147979"><ele>146.75</ele></trkpt>
   <trkpt lat="51.255509" lon="7.147877"><ele>146.25</ele></trkpt>
   <trkpt lat="51.255338" lon="7.147312"><ele>146.5</ele></trkpt>
   <trkpt lat="51.255263" lon="7.147023"><ele>146.75</ele></trkpt>
   <trkpt lat="51.255253" lon="7.146948"><ele>146.25</ele></trkpt>
   <trkpt lat="51.255253" lon="7.146875"><ele>146</ele></trkpt>
   <trkpt lat="51.255283" lon="7.146812"><ele>145.25</ele></trkpt>
   <trkpt lat="51.255334" lon="7.146741"><ele>144.25</ele></trkpt>
   <trkpt lat="51.255366" lon="7.14669"><ele>143.75</ele></trkpt>
   <trkpt lat="51.255359" lon="7.14654"><ele>143.75</ele></trkpt>
   <trkpt lat="51.255318" lon="7.146535"><ele>144.25</ele></trkpt>
   <trkpt lat="51.255192" lon="7.146524"><ele>145</ele></trkpt>
   <trkpt lat="51.254627" lon="7.14647"><ele>147</ele></trkpt>
   <trkpt lat="51.254562" lon="7.1464"><ele>145.75</ele></trkpt>
   <trkpt lat="51.254534" lon="7.146343"><ele>145.75</ele></trkpt>
   <trkpt lat="51.254494" lon="7.146218"><ele>146</ele></trkpt>
   <trkpt lat="51.254482" lon="7.146038"><ele>146</ele></trkpt>
   <trkpt lat="51.254464" lon="7.145534"><ele>147</ele></trkpt>
   <trkpt lat="51.25446" lon="7.145389"><ele>147</ele></trkpt>
   <trkpt lat="51.254439" lon="7.144767"><ele>147</ele></trkpt>
   <trkpt lat="51.254436" lon="7.144635"><ele>147.25</ele></trkpt>
   <trkpt lat="51.254415" lon="7.144153"><ele>148</ele></trkpt>
   <trkpt lat="51.254407" lon="7.144047"><ele>148.5</ele></trkpt>
   <trkpt lat="51.25429" lon="7.142805"><ele>152.25</ele></trkpt>
   <trkpt lat="51.254228" lon="7.142198"><ele>153</ele></trkpt>
   <trkpt lat="51.254218" lon="7.142093"><ele>153.5</ele></trkpt>
   <trkpt lat="51.254185" lon="7.141928"><ele>154.5</ele></trkpt>
   <trkpt lat="51.254137" lon="7.141732"><ele>156.25</ele></trkpt>
   <trkpt lat="51.254081" lon="7.141546"><ele>157.5</ele></trkpt>
   <trkpt lat="51.253795" lon="7.140705"><ele>160</ele></trkpt>
   <trkpt lat="51.253717" lon="7.140474"><ele>160.25</ele></trkpt>
   <trkpt lat="51.253682" lon="7.140377"><ele>160.5</ele></trkpt>
   <trkpt lat="51.253693" lon="7.140245"><ele>159.75</ele></trkpt>
   <trkpt lat="51.253686" lon="7.140043"><ele>158.75</ele></trkpt>
   <trkpt lat="51.253641" lon="7.139809"><ele>159.5</ele></trkpt>
   <trkpt lat="51.253551" lon="7.139473"><ele>159.5</ele></trkpt>
   <trkpt lat="51.253293" lon="7.138799"><ele>157.25</ele></trkpt>
   <trkpt lat="51.253194" lon="7.138532"><ele>155</ele></trkpt>
   <trkpt lat="51.253182" lon="7.138498"><ele>154.75</ele></trkpt>
   <trkpt lat="51.253121" lon="7.138318"><ele>153.75</ele></trkpt>
   <trkpt lat="51.252871" lon="7.137566"><ele>148.25</ele></trkpt>
   <trkpt lat="51.252805" lon="7.137372"><ele>147</ele></trkpt>
   <trkpt lat="51.252752" lon="7.137199"><ele>146</ele></trkpt>
   <trkpt lat="51.252745" lon="7.137179"><ele>146</ele></trkpt>
   <trkpt lat="51.252717" lon="7.137093"><ele>146</ele></trkpt>
   <trkpt lat="51.252698" lon="7.137034"><ele>146</ele></trkpt>
   <trkpt lat="51.252688" lon="7.137004"><ele>146</ele></trkpt>
   <trkpt lat="51.252201" lon="7.1355"><ele>147</ele></trkpt>
   <trkpt lat="51.25218" lon="7.135441"><ele>147</ele></trkpt>
   <trkpt lat="51.252143" lon="7.135338"><ele>147.25</ele></trkpt>
   <trkpt lat="51.252098" lon="7.135235"><ele>147.25</ele></trkpt>
   <trkpt lat="51.252057" lon="7.135144"><ele>147.25</ele></trkpt>
   <trkpt lat="51.251884" lon="7.134773"><ele>146.25</ele></trkpt>
   <trkpt lat="51.251639" lon="7.134227"><ele>145.25</ele></trkpt>
   <trkpt lat="51.251341" lon="7.134584"><ele>149.25</ele></trkpt>
   <trkpt lat="51.251051" lon="7.13513"><ele>152</ele></trkpt>
   <trkpt lat="51.25101" lon="7.135205"><ele>152.25</ele></trkpt>
   <trkpt lat="51.250599" lon="7.134627"><ele>152.75</ele></trkpt>
   <trkpt lat="51.250373" lon="7.134323"><ele>152.75</ele></trkpt>
   <trkpt lat="51.250318" lon="7.134246"><ele>152.75</ele></trkpt>
   <trkpt lat="51.249991" lon="7.133786"><ele>152</ele></trkpt>
   <trkpt lat="51.249919" lon="7.133694"><ele>152</ele></trkpt>
   <trkpt lat="51.249689" lon="7.133508"><ele>151.75</ele></trkpt>
   <trkpt lat="51.249511" lon="7.133347"><ele>151.25</ele></trkpt>
   <trkpt lat="51.249129" lon="7.133132"><ele>150.25</ele></trkpt>
   <trkpt lat="51.249081" lon="7.133105"><ele>150</ele></trkpt>
   <trkpt lat="51.249036" lon="7.133069"><ele>150</ele></trkpt>
   <trkpt lat="51.248738" lon="7.132832"><ele>149.25</ele></trkpt>
   <trkpt lat="51.248552" lon="7.132659"><ele>148.5</ele></trkpt>
   <trkpt lat="51.248146" lon="7.132271"><ele>148</ele></trkpt>
   <trkpt lat="51.247973" lon="7.132095"><ele>148</ele></trkpt>
   <trkpt lat="51.247777" lon="7.131842"><ele>148</ele></trkpt>
   <trkpt lat="51.247747" lon="7.131799"><ele>148</ele></trkpt>
   <trkpt lat="51.247188" lon="7.131001"><ele>151.75</ele></trkpt>
   <trkpt lat="51.247087" lon="7.130399"><ele>154.5</ele></trkpt>
   <trkpt lat="51.247031" lon="7.130408"><ele>155.5</ele></trkpt>
   <trkpt lat="51.2465" lon="7.130353"><ele>157.25</ele></trkpt>
   <trkpt lat="51.246457" lon="7.13034"><ele>157</ele></trkpt>
   <trkpt lat="51.245986" lon="7.130134"><ele>158.25</ele></trkpt>
   <trkpt lat="51.246041" lon="7.129972"><ele>158.25</ele></trkpt>
   <trkpt lat="51.24613" lon="7.129757"><ele>159.5</ele></trkpt>
   <trkpt lat="51.246133" lon="7.129716"><ele>159.75</ele></trkpt>
   <trkpt lat="51.246138" lon="7.129649"><ele>160.25</ele></trkpt>
   <trkpt lat="51.246125" lon="7.129591"><ele>160.75</ele></trkpt>
   <trkpt lat="51.245968" lon="7.129156"><ele>165.5</ele></trkpt>
   <trkpt lat="51.245628" lon="7.128197"><ele>174.25</ele></trkpt>
   <trkpt lat="51.245624" lon="7.128186"><ele>174.25</ele></trkpt>
   <trkpt lat="51.245608" lon="7.128144"><ele>174.75</ele></trkpt>
   <trkpt lat="51.245294" lon="7.127287"><ele>185.25</ele></trkpt>
   <trkpt lat="51.245255" lon="7.127244"><ele>186</ele></trkpt>
   <trkpt lat="51.24521" lon="7.12721"><ele>186.75</ele></trkpt>
   <trkpt lat="51.244501" lon="7.126744"><ele>196</ele></trkpt>
   <trkpt lat="51.242617" lon="7.125512"><ele>203.5</ele></trkpt>
   <trkpt lat="51.241806" lon="7.124984"><ele>208.75</ele></trkpt>
   <trkpt lat="51.241169" lon="7.124118"><ele>220</ele></trkpt>
   <trkpt lat="51.240791" lon="7.123583"><ele>226</ele></trkpt>
   <trkpt lat="51.240346" lon="7.123207"><ele>231.25</ele></trkpt>
   <trkpt lat="51.24032" lon="7.123186"><ele>231.25</ele></trkpt>
   <trkpt lat="51.240129" lon="7.123021"><ele>234.75</ele></trkpt>
   <trkpt lat="51.239297" lon="7.12233"><ele>252</ele></trkpt>
   <trkpt lat="51.238551" lon="7.120853"><ele>271</ele></trkpt>
   <trkpt lat="51.238651" lon="7.119877"><ele>276</ele></trkpt>
   <trkpt lat="51.237067" lon="7.119478"><ele>275.5</ele></trkpt>
   <trkpt lat="51.237061" lon="7.119476"><ele>275.5</ele></trkpt>
   <trkpt lat="51.236945" lon="7.119448"><ele>276</ele></trkpt>
   <trkpt lat="51.237028" lon="7.119013"><ele>272.25</ele></trkpt>
   <trkpt lat="51.237117" lon="7.118309"><ele>266.25</ele></trkpt>
   <trkpt lat="51.23716" lon="7.11772"><ele>260.5</ele></trkpt>
   <trkpt lat="51.237188" lon="7.117405"><ele>257.75</ele></trkpt>
   <trkpt lat="51.237233" lon="7.11702"><ele>254</ele></trkpt>
   <trkpt lat="51.237261" lon="7.116662"><ele>250.25</ele></trkpt>
   <trkpt lat="51.237185" lon="7.116152"><ele>248.5</ele></trkpt>
   <trkpt lat="51.236996" lon="7.115578"><ele>249</ele></trkpt>
   <trkpt lat="51.23686" lon="7.115059"><ele>248.75</ele></trkpt>
   <trkpt lat="51.236627" lon="7.114553"><ele>247.75</ele></trkpt>
   <trkpt lat="51.236462" lon="7.114237"><ele>247</ele></trkpt>
   <trkpt lat="51.236366" lon="7.11389"><ele>245.5</ele></trkpt>
   <trkpt lat="51.236311" lon="7.113498"><ele>244.25</ele></trkpt>
   <trkpt lat="51.236311" lon="7.113346"><ele>243.5</ele></trkpt>
   <trkpt lat="51.236399" lon="7.112502"><ele>240.5</ele></trkpt>
   <trkpt lat="51.236502" lon="7.111958"><ele>236.75</ele></trkpt>
   <trkpt lat="51.236526" lon="7.111036"><ele>231.5</ele></trkpt>
   <trkpt lat="51.236562" lon="7.11046"><ele>228.25</ele></trkpt>
   <trkpt lat="51.236619" lon="7.110074"><ele>225.75</ele></trkpt>
   <trkpt lat="51.236641" lon="7.109714"><ele>223.25</ele></trkpt>
   <trkpt lat="51.236664" lon="7.109562"><ele>222.25</ele></trkpt>
   <trkpt lat="51.236673" lon="7.109508"><ele>222</ele></trkpt>
   <trkpt lat="51.236655" lon="7.1095"><ele>222.25</ele></trkpt>
   <trkpt lat="51.236541" lon="7.109459"><ele>223.75</ele></trkpt>
   <trkpt lat="51.236344" lon="7.109378"><ele>226</ele></trkpt>
   <trkpt lat="51.236043" lon="7.109167"><ele>228.5</ele></trkpt>
   <trkpt lat="51.235944" lon="7.10908"><ele>229</ele></trkpt>
   <trkpt lat="51.235903" lon="7.109025"><ele>229</ele></trkpt>
   <trkpt lat="51.23569" lon="7.108628"><ele>227.5</ele></trkpt>
   <trkpt lat="51.235393" lon="7.108106"><ele>224.25</ele></trkpt>
   <trkpt lat="51.235245" lon="7.107859"><ele>222.25</ele></trkpt>
   <trkpt lat="51.235212" lon="7.10782"><ele>222</ele></trkpt>
   <trkpt lat="51.234999" lon="7.107633"><ele>221.25</ele></trkpt>
   <trkpt lat="51.234971" lon="7.107591"><ele>220.75</ele></trkpt>
   <trkpt lat="51.23496" lon="7.107541"><ele>220</ele></trkpt>
   <trkpt lat="51.234958" lon="7.107488"><ele>219.25</ele></trkpt>
   <trkpt lat="51.234967" lon="7.107426"><ele>218.75</ele></trkpt>
   <trkpt lat="51.234986" lon="7.107378"><ele>218.5</ele></trkpt>
   <trkpt lat="51.235015" lon="7.107332"><ele>218.25</ele></trkpt>
   <trkpt lat="51.235087" lon="7.107264"><ele>217.25</ele></trkpt>
   <trkpt lat="51.235368" lon="7.107079"><ele>215</ele></trkpt>
   <trkpt lat="51.23538" lon="7.107054"><ele>215</ele></trkpt>
   <trkpt lat="51.235379" lon="7.106999"><ele>215.25</ele></trkpt>
   <trkpt lat="51.235356" lon="7.106842"><ele>213.5</ele></trkpt>
   <trkpt lat="51.235332" lon="7.106695"><ele>210.75</ele></trkpt>
   <trkpt lat="51.23534" lon="7.106639"><ele>210</ele></trkpt>
   <trkpt lat="51.235355" lon="7.106613"><ele>209.75</ele></trkpt>
   <trkpt lat="51.235532" lon="7.106512"><ele>209</ele></trkpt>
   <trkpt lat="51.235593" lon="7.10646"><ele>208.5</ele></trkpt>
   <trkpt lat="51.235622" lon="7.106418"><ele>207.75</ele></trkpt>
   <trkpt lat="51.235642" lon="7.106368"><ele>207.25</ele></trkpt>
   <trkpt lat="51.235657" lon="7.106314"><ele>207.25</ele></trkpt>
   <trkpt lat="51.235667" lon="7.106194"><ele>206.5</ele></trkpt>
   <trkpt lat="51.235659" lon="7.106131"><ele>206</ele></trkpt>
   <trkpt lat="51.235633" lon="7.106058"><ele>205.5</ele></trkpt>
   <trkpt lat="51.235597" lon="7.106007"><ele>205</ele></trkpt>
   <trkpt lat="51.235398" lon="7.105798"><ele>202.5</ele></trkpt>
   <trkpt lat="51.235347" lon="7.105699"><ele>202</ele></trkpt>
   <trkpt lat="51.235327" lon="7.105654"><ele>201.5</ele></trkpt>
   <trkpt lat="51.235279" lon="7.105451"><ele>200.25</ele></trkpt>
   <trkpt lat="51.235271" lon="7.105384"><ele>199.5</ele></trkpt>
   <trkpt lat="51.235271" lon="7.105299"><ele>199</ele></trkpt>
   <trkpt lat="51.235303" lon="7.105034"><ele>197.75</ele></trkpt>
   <trkpt lat="51.235302" lon="7.104937"><ele>197.5</ele></trkpt>
   <trkpt lat="51.235287" lon="7.104844"><ele>197</ele></trkpt>
   <trkpt lat="51.235265" lon="7.104767"><ele>196.75</ele></trkpt>
   <trkpt lat="51.235232" lon="7.104696"><ele>196.25</ele></trkpt>
   <trkpt lat="51.235193" lon="7.104645"><ele>195.75</ele></trkpt>
   <trkpt lat="51.23515" lon="7.104595"><ele>195</ele></trkpt>
   <trkpt lat="51.235096" lon="7.104558"><ele>194.25</ele></trkpt>
   <trkpt lat="51.235039" lon="7.104542"><ele>193.75</ele></trkpt>
   <trkpt lat="51.234978" lon="7.104547"><ele>193</ele></trkpt>
   <trkpt lat="51.234742" lon="7.104611"><ele>190</ele></trkpt>
   <trkpt lat="51.234297" lon="7.104735"><ele>188.5</ele></trkpt>
   <trkpt lat="51.234179" lon="7.10477"><ele>188.25</ele></trkpt>
   <trkpt lat="51.233904" lon="7.104842"><ele>187.5</ele></trkpt>
   <trkpt lat="51.233796" lon="7.104875"><ele>186.5</ele></trkpt>
   <trkpt lat="51.233567" lon="7.104936"><ele>185.25</ele></trkpt>
   <trkpt lat="51.233502" lon="7.104934"><ele>185</ele></trkpt>
   <trkpt lat="51.233438" lon="7.104909"><ele>184.5</ele></trkpt>
   <trkpt lat="51.233375" lon="7.104871"><ele>183.75</ele></trkpt>
   <trkpt lat="51.233322" lon="7.104824"><ele>183</ele></trkpt>
   <trkpt lat="51.233271" lon="7.104762"><ele>181.75</ele></trkpt>
   <trkpt lat="51.233228" lon="7.104686"><ele>180.75</ele></trkpt>
   <trkpt lat="51.233165" lon="7.104496"><ele>179</ele></trkpt>
   <trkpt lat="51.23315" lon="7.104378"><ele>178.5</ele></trkpt>
   <trkpt lat="51.233144" lon="7.104249"><ele>178</ele></trkpt>
   <trkpt lat="51.23315" lon="7.104122"><ele>177.5</ele></trkpt>
   <trkpt lat="51.233166" lon="7.104015"><ele>177</ele></trkpt>
   <trkpt lat="51.233201" lon="7.103881"><ele>176.25</ele></trkpt>
   <trkpt lat="51.233905" lon="7.101853"><ele>170</ele></trkpt>
   <trkpt lat="51.234135" lon="7.101193"><ele>169.25</ele></trkpt>
   <trkpt lat="51.234341" lon="7.100592"><ele>168</ele></trkpt>
   <trkpt lat="51.234425" lon="7.10036"><ele>167.25</ele></trkpt>
   <trkpt lat="51.234457" lon="7.100287"><ele>167</ele></trkpt>
   <trkpt lat="51.234632" lon="7.099981"><ele>165</ele></trkpt>
   <trkpt lat="51.234729" lon="7.099808"><ele>164.5</ele></trkpt>
   <trkpt lat="51.234745" lon="7.099759"><ele>164.5</ele></trkpt>
   <trkpt lat="51.234755" lon="7.099698"><ele>164.25</ele></trkpt>
   <trkpt lat="51.23476" lon="7.099586"><ele>163.75</ele></trkpt>
   <trkpt lat="51.234766" lon="7.099135"><ele>162</ele></trkpt>
   <trkpt lat="51.234767" lon="7.099017"><ele>161.5</ele></trkpt>
   <trkpt lat="51.234749" lon="7.098605"><ele>160</ele></trkpt>
   <trkpt lat="51.234729" lon="7.098488"><ele>159.5</ele></trkpt>
   <trkpt lat="51.234521" lon="7.097526"><ele>155.5</ele></trkpt>
   <trkpt lat="51.234514" lon="7.097377"><ele>154.75</ele></trkpt>
   <trkpt lat="51.234547" lon="7.097183"><ele>154</ele></trkpt>
   <trkpt lat="51.234567" lon="7.097123"><ele>153.75</ele></trkpt>
   <trkpt lat="51.234649" lon="7.096965"><ele>152.5</ele></trkpt>
   <trkpt lat="51.234698" lon="7.096896"><ele>151.75</ele></trkpt>
   <trkpt lat="51.234753" lon="7.096842"><ele>151.5</ele></trkpt>
   <trkpt lat="51.23485" lon="7.096773"><ele>150.75</ele></trkpt>
   <trkpt lat="51.234933" lon="7.096744"><ele>150</ele></trkpt>
   <trkpt lat="51.235001" lon="7.096749"><ele>149.75</ele></trkpt>
   <trkpt lat="51.235059" lon="7.096793"><ele>148.75</ele></trkpt>
   <trkpt lat="51.235116" lon="7.096888"><ele>149</ele></trkpt>
   <trkpt lat="51.235282" lon="7.097041"><ele>147.5</ele></trkpt>
   <trkpt lat="51.235441" lon="7.09713"><ele>145.75</ele></trkpt>
   <trkpt lat="51.235522" lon="7.097161"><ele>145.25</ele></trkpt>
   <trkpt lat="51.235639" lon="7.097157"><ele>144</ele></trkpt>
   <trkpt lat="51.235847" lon="7.097169"><ele>142.25</ele></trkpt>
   <trkpt lat="51.23596" lon="7.097186"><ele>141.25</ele></trkpt>
   <trkpt lat="51.236029" lon="7.097212"><ele>141</ele></trkpt>
   <trkpt lat="51.236386" lon="7.097403"><ele>140.75</ele></trkpt>
   <trkpt lat="51.236585" lon="7.097531"><ele>139</ele></trkpt>
   <trkpt lat="51.236722" lon="7.097556"><ele>135.75</ele></trkpt>
   <trkpt lat="51.236776" lon="7.097534"><ele>134.25</ele></trkpt>
   <trkpt lat="51.236813" lon="7.09756"><ele>134.25</ele></trkpt>
   <trkpt lat="51.237" lon="7.097656"><ele>134.5</ele></trkpt>
   <trkpt lat="51.237123" lon="7.097719"><ele>134.5</ele></trkpt>
   <trkpt lat="51.237127" lon="7.097721"><ele>134.75</ele></trkpt>
   <trkpt lat="51.237168" lon="7.097738"><ele>134.75</ele></trkpt>
   <trkpt lat="51.237244" lon="7.097781"><ele>135.75</ele></trkpt>
   <trkpt lat="51.237314" lon="7.097817"><ele>135.5</ele></trkpt>
   <trkpt lat="51.237343" lon="7.097833"><ele>135.5</ele></trkpt>
   <trkpt lat="51.237452" lon="7.09789"><ele>135</ele></trkpt>
   <trkpt lat="51.237551" lon="7.097942"><ele>135</ele></trkpt>
   <trkpt lat="51.237609" lon="7.097961"><ele>135</ele></trkpt>
   <trkpt lat="51.237677" lon="7.097941"><ele>135</ele></trkpt>
   <trkpt lat="51.237717" lon="7.097915"><ele>135</ele></trkpt>
   <trkpt lat="51.237952" lon="7.097682"><ele>134.5</ele></trkpt>
   <trkpt lat="51.238048" lon="7.097606"><ele>134.25</ele></trkpt>
   <trkpt lat="51.2382" lon="7.097558"><ele>134.5</ele></trkpt>
   <trkpt lat="51.238196" lon="7.097527"><ele>134.5</ele></trkpt>
   <trkpt lat="51.238127" lon="7.096806"><ele>134</ele></trkpt>
   <trkpt lat="51.238122" lon="7.096745"><ele>134</ele></trkpt>
   <trkpt lat="51.238117" lon="7.096699"><ele>134</ele></trkpt>
   <trkpt lat="51.238113" lon="7.096652"><ele>134</ele></trkpt>
   <trkpt lat="51.238072" lon="7.096227"><ele>133.75</ele></trkpt>
   <trkpt lat="51.238375" lon="7.096148"><ele>133.25</ele></trkpt>
   <trkpt lat="51.238431" lon="7.096058"><ele>133.25</ele></trkpt>
   <trkpt lat="51.238621" lon="7.095624"><ele>134</ele></trkpt>
   <trkpt lat="51.238667" lon="7.095557"><ele>134</ele></trkpt>
   <trkpt lat="51.238776" lon="7.095468"><ele>134.5</ele></trkpt>
   <trkpt lat="51.238896" lon="7.095378"><ele>135</ele></trkpt>
   <trkpt lat="51.239004" lon="7.095266"><ele>137.25</ele></trkpt>
   <trkpt lat="51.239075" lon="7.095163"><ele>138.25</ele></trkpt>
   <trkpt lat="51.239257" lon="7.094785"><ele>142</ele></trkpt>
   <trkpt lat="51.239456" lon="7.094292"><ele>144.25</ele></trkpt>
   <trkpt lat="51.239506" lon="7.094138"><ele>144.5</ele></trkpt>
   <trkpt lat="51.239541" lon="7.094009"><ele>144</ele></trkpt>
   <trkpt lat="51.239866" lon="7.092556"><ele>139.25</ele></trkpt>
   <trkpt lat="51.239881" lon="7.092437"><ele>139</ele></trkpt>
   <trkpt lat="51.239874" lon="7.092278"><ele>139</ele></trkpt>
   <trkpt lat="51.239857" lon="7.09221"><ele>139.25</ele></trkpt>
   <trkpt lat="51.239799" lon="7.092053"><ele>138.75</ele></trkpt>
   <trkpt lat="51.239764" lon="7.091992"><ele>138.5</ele></trkpt>
   <trkpt lat="51.239716" lon="7.091935"><ele>137.75</ele></trkpt>
   <trkpt lat="51.239665" lon="7.091895"><ele>137.5</ele></trkpt>
   <trkpt lat="51.239603" lon="7.091869"><ele>136.75</ele></trkpt>
   <trkpt lat="51.239496" lon="7.091862"><ele>135.75</ele></trkpt>
   <trkpt lat="51.239431" lon="7.091864"><ele>135</ele></trkpt>
   <trkpt lat="51.239357" lon="7.09189"><ele>134.75</ele></trkpt>
   <trkpt lat="51.239321" lon="7.091906"><ele>134.5</ele></trkpt>
   <trkpt lat="51.239273" lon="7.09158"><ele>135.5</ele></trkpt>
   <trkpt lat="51.238953" lon="7.091132"><ele>138</ele></trkpt>
   <trkpt lat="51.238788" lon="7.090848"><ele>140.75</ele></trkpt>
   <trkpt lat="51.238678" lon="7.090684"><ele>142.5</ele></trkpt>
   <trkpt lat="51.238612" lon="7.090616"><ele>142.75</ele></trkpt>
   <trkpt lat="51.238122" lon="7.090215"><ele>146.75</ele></trkpt>
   <trkpt lat="51.238086" lon="7.09016"><ele>147.25</ele></trkpt>
   <trkpt lat="51.238007" lon="7.090042"><ele>148</ele></trkpt>
   <trkpt lat="51.237835" lon="7.089535"><ele>150.5</ele></trkpt>
   <trkpt lat="51.237454" lon="7.088446"><ele>153.5</ele></trkpt>
   <trkpt lat="51.237383" lon="7.088253"><ele>154</ele></trkpt>
   <trkpt lat="51.23732" lon="7.088293"><ele>154</ele></trkpt>
   <trkpt lat="51.237267" lon="7.088298"><ele>154</ele></trkpt>
   <trkpt lat="51.237221" lon="7.088281"><ele>153.75</ele></trkpt>
   <trkpt lat="51.237191" lon="7.088242"><ele>153.5</ele></trkpt>
   <trkpt lat="51.237086" lon="7.087948"><ele>153.25</ele></trkpt>
   <trkpt lat="51.236982" lon="7.087648"><ele>153</ele></trkpt>
   <trkpt lat="51.236946" lon="7.087513"><ele>153</ele></trkpt>
   <trkpt lat="51.236991" lon="7.087481"><ele>153</ele></trkpt>
   <trkpt lat="51.237026" lon="7.087425"><ele>153.25</ele></trkpt>
   <trkpt lat="51.237042" lon="7.087359"><ele>153.5</ele></trkpt>
   <trkpt lat="51.237032" lon="7.087297"><ele>153.5</ele></trkpt>
   <trkpt lat="51.236591" lon="7.086206"><ele>151.75</ele></trkpt>
   <trkpt lat="51.236557" lon="7.086123"><ele>151.5</ele></trkpt>
   <trkpt lat="51.236169" lon="7.085162"><ele>154.25</ele></trkpt>
   <trkpt lat="51.235695" lon="7.084007"><ele>157.5</ele></trkpt>
   <trkpt lat="51.235354" lon="7.083167"><ele>155.75</ele></trkpt>
   <trkpt lat="51.234957" lon="7.081933"><ele>148.25</ele></trkpt>
   <trkpt lat="51.234762" lon="7.08138"><ele>146</ele></trkpt>
   <trkpt lat="51.234724" lon="7.081275"><ele>146</ele></trkpt>
   <trkpt lat="51.234728" lon="7.081179"><ele>146</ele></trkpt>
   <trkpt lat="51.234667" lon="7.081173"><ele>146.25</ele></trkpt>
   <trkpt lat="51.234476" lon="7.081147"><ele>147.75</ele></trkpt>
   <trkpt lat="51.234366" lon="7.081078"><ele>149.5</ele></trkpt>
   <trkpt lat="51.234237" lon="7.080872"><ele>150.75</ele></trkpt>
   <trkpt lat="51.234153" lon="7.080682"><ele>151.75</ele></trkpt>
   <trkpt lat="51.233239" lon="7.07865"><ele>159.25</ele></trkpt>
   <trkpt lat="51.233228" lon="7.078649"><ele>159.25</ele></trkpt>
   <trkpt lat="51.233016" lon="7.078583"><ele>160</ele></trkpt>
   <trkpt lat="51.232461" lon="7.078429"><ele>163</ele></trkpt>
   <trkpt lat="51.231952" lon="7.078277"><ele>165.75</ele></trkpt>
   <trkpt lat="51.231816" lon="7.078242"><ele>166.25</ele></trkpt>
   <trkpt lat="51.231786" lon="7.078232"><ele>166.5</ele></trkpt>
   <trkpt lat="51.231751" lon="7.078222"><ele>166.5</ele></trkpt>
   <trkpt lat="51.231676" lon="7.078186"><ele>166.75</ele></trkpt>
   <trkpt lat="51.231583" lon="7.078115"><ele>167.25</ele></trkpt>
   <trkpt lat="51.231548" lon="7.078099"><ele>167.25</ele></trkpt>
   <trkpt lat="51.231473" lon="7.078065"><ele>167.5</ele></trkpt>
   <trkpt lat="51.231389" lon="7.078028"><ele>168</ele></trkpt>
   <trkpt lat="51.231114" lon="7.077881"><ele>169.75</ele></trkpt>
   <trkpt lat="51.231023" lon="7.077823"><ele>170.25</ele></trkpt>
   <trkpt lat="51.230868" lon="7.077705"><ele>170.75</ele></trkpt>
   <trkpt lat="51.2308" lon="7.077626"><ele>171</ele></trkpt>
   <trkpt lat="51.230715" lon="7.077508"><ele>171.25</ele></trkpt>
   <trkpt lat="51.230487" lon="7.076981"><ele>174.75</ele></trkpt>
   <trkpt lat="51.230186" lon="7.076355"><ele>180</ele></trkpt>
   <trkpt lat="51.229343" lon="7.074719"><ele>192.25</ele></trkpt>
   <trkpt lat="51.229218" lon="7.07449"><ele>194</ele></trkpt>
   <trkpt lat="51.229037" lon="7.074246"><ele>196.25</ele></trkpt>
   <trkpt lat="51.228852" lon="7.074076"><ele>198.25</ele></trkpt>
   <trkpt lat="51.228707" lon="7.073986"><ele>199.75</ele></trkpt>
   <trkpt lat="51.228601" lon="7.073935"><ele>201</ele></trkpt>
   <trkpt lat="51.228488" lon="7.07392"><ele>201.75</ele></trkpt>
   <trkpt lat="51.228405" lon="7.073927"><ele>202.25</ele></trkpt>
   <trkpt lat="51.227672" lon="7.07417"><ele>207</ele></trkpt>
   <trkpt lat="51.227347" lon="7.074262"><ele>210</ele></trkpt>
   <trkpt lat="51.22726" lon="7.07429"><ele>210.5</ele></trkpt>
   <trkpt lat="51.226705" lon="7.074475"><ele>216.5</ele></trkpt>
   <trkpt lat="51.226499" lon="7.074544"><ele>218.75</ele></trkpt>
   <trkpt lat="51.225709" lon="7.074806"><ele>224.75</ele></trkpt>
   <trkpt lat="51.225537" lon="7.074895"><ele>225.25</ele></trkpt>
   <trkpt lat="51.225163" lon="7.075149"><ele>227.75</ele></trkpt>
   <trkpt lat="51.224947" lon="7.075255"><ele>228.25</ele></trkpt>
   <trkpt lat="51.22485" lon="7.075289"><ele>227.25</ele></trkpt>
   <trkpt lat="51.224831" lon="7.075295"><ele>227</ele></trkpt>
   <trkpt lat="51.224414" lon="7.075409"><ele>228.5</ele></trkpt>
   <trkpt lat="51.224397" lon="7.075413"><ele>228.75</ele></trkpt>
   <trkpt lat="51.224121" lon="7.07549"><ele>234.25</ele></trkpt>
   <trkpt lat="51.223888" lon="7.075568"><ele>236</ele></trkpt>
   <trkpt lat="51.223723" lon="7.075662"><ele>237.5</ele></trkpt>
   <trkpt lat="51.223598" lon="7.075765"><ele>238.75</ele></trkpt>
   <trkpt lat="51.22346" lon="7.075903"><ele>240</ele></trkpt>
   <trkpt lat="51.222805" lon="7.076673"><ele>246.5</ele></trkpt>
   <trkpt lat="51.222561" lon="7.07696"><ele>249.5</ele></trkpt>
   <trkpt lat="51.222515" lon="7.07702"><ele>250</ele></trkpt>
   <trkpt lat="51.22213" lon="7.077503"><ele>255.75</ele></trkpt>
   <trkpt lat="51.221947" lon="7.077757"><ele>257.75</ele></trkpt>
   <trkpt lat="51.221843" lon="7.077931"><ele>259.25</ele></trkpt>
   <trkpt lat="51.221604" lon="7.078304"><ele>262.5</ele></trkpt>
   <trkpt lat="51.221088" lon="7.079149"><ele>268</ele></trkpt>
   <trkpt lat="51.221" lon="7.079269"><ele>269.25</ele></trkpt>
   <trkpt lat="51.220748" lon="7.079547"><ele>270.75</ele></trkpt>
   <trkpt lat="51.220682" lon="7.079621"><ele>271.25</ele></trkpt>
   <trkpt lat="51.220504" lon="7.07982"><ele>272</ele></trkpt>
   <trkpt lat="51.220145" lon="7.08022"><ele>272</ele></trkpt>
   <trkpt lat="51.219282" lon="7.080969"><ele>270.25</ele></trkpt>
   <trkpt lat="51.219272" lon="7.080981"><ele>270.25</ele></trkpt>
   <trkpt lat="51.218984" lon="7.081227"><ele>270</ele></trkpt>
   <trkpt lat="51.218" lon="7.08203"><ele>270.75</ele></trkpt>
   <trkpt lat="51.217824" lon="7.082135"><ele>270.75</ele></trkpt>
   <trkpt lat="51.21774" lon="7.082163"><ele>271</ele></trkpt>
   <trkpt lat="51.216283" lon="7.082678"><ele>273</ele></trkpt>
   <trkpt lat="51.215816" lon="7.082872"><ele>274</ele></trkpt>
   <trkpt lat="51.215588" lon="7.083015"><ele>274</ele></trkpt>
   <trkpt lat="51.214941" lon="7.083526"><ele>272.5</ele></trkpt>
   <trkpt lat="51.214701" lon="7.083716"><ele>272.25</ele></trkpt>
   <trkpt lat="51.214423" lon="7.083932"><ele>272</ele></trkpt>
   <trkpt lat="51.214295" lon="7.083999"><ele>272</ele></trkpt>
   <trkpt lat="51.214148" lon="7.08404"><ele>272</ele></trkpt>
   <trkpt lat="51.213956" lon="7.084083"><ele>272</ele></trkpt>
   <trkpt lat="51.213695" lon="7.084095"><ele>272.5</ele></trkpt>
   <trkpt lat="51.213363" lon="7.08405"><ele>272</ele></trkpt>
   <trkpt lat="51.213225" lon="7.084036"><ele>271.75</ele></trkpt>
   <trkpt lat="51.213049" lon="7.084019"><ele>271.25</ele></trkpt>
   <trkpt lat="51.212816" lon="7.084004"><ele>271.25</ele></trkpt>
   <trkpt lat="51.212073" lon="7.083971"><ele>271</ele></trkpt>
   <trkpt lat="51.211929" lon="7.083941"><ele>270.75</ele></trkpt>
   <trkpt lat="51.21162" lon="7.083836"><ele>270.5</ele></trkpt>
   <trkpt lat="51.211415" lon="7.083751"><ele>270</ele></trkpt>
   <trkpt lat="51.2108" lon="7.083285"><ele>267.75</ele></trkpt>
   <trkpt lat="51.210358" lon="7.082975"><ele>266</ele></trkpt>
   <trkpt lat="51.210255" lon="7.082849"><ele>265</ele></trkpt>
   <trkpt lat="51.210157" lon="7.08269"><ele>264.5</ele></trkpt>
   <trkpt lat="51.209877" lon="7.082165"><ele>263</ele></trkpt>
   <trkpt lat="51.209656" lon="7.081858"><ele>261.75</ele></trkpt>
   <trkpt lat="51.209634" lon="7.081829"><ele>261.75</ele></trkpt>
   <trkpt lat="51.209561" lon="7.081734"><ele>261.25</ele></trkpt>
   <trkpt lat="51.209375" lon="7.081527"><ele>259.5</ele></trkpt>
   <trkpt lat="51.20933" lon="7.08147"><ele>259.25</ele></trkpt>
   <trkpt lat="51.209289" lon="7.081402"><ele>258.75</ele></trkpt>
   <trkpt lat="51.209154" lon="7.081133"><ele>257.75</ele></trkpt>
   <trkpt lat="51.208913" lon="7.080705"><ele>255.5</ele></trkpt>
   <trkpt lat="51.208694" lon="7.080285"><ele>253.5</ele></trkpt>
   <trkpt lat="51.208586" lon="7.080085"><ele>252</ele></trkpt>
   <trkpt lat="51.208496" lon="7.079964"><ele>251.5</ele></trkpt>
   <trkpt lat="51.20841" lon="7.079888"><ele>250.75</ele></trkpt>
   <trkpt lat="51.208305" lon="7.079813"><ele>250</ele></trkpt>
   <trkpt lat="51.208165" lon="7.079722"><ele>248.75</ele></trkpt>
   <trkpt lat="51.208" lon="7.079628"><ele>247.5</ele></trkpt>
   <trkpt lat="51.207902" lon="7.079571"><ele>247</ele></trkpt>
   <trkpt lat="51.207786" lon="7.079504"><ele>246.25</ele></trkpt>
   <trkpt lat="51.207733" lon="7.079452"><ele>246</ele></trkpt>
   <trkpt lat="51.207625" lon="7.079331"><ele>245.75</ele></trkpt>
   <trkpt lat="51.207536" lon="7.079188"><ele>245.25</ele></trkpt>
   <trkpt lat="51.207479" lon="7.079069"><ele>245</ele></trkpt>
   <trkpt lat="51.207441" lon="7.07899"><ele>245</ele></trkpt>
   <trkpt lat="51.207428" lon="7.078964"><ele>244.75</ele></trkpt>
   <trkpt lat="51.207316" lon="7.078719"><ele>244.5</ele></trkpt>
   <trkpt lat="51.2072" lon="7.078468"><ele>243.75</ele></trkpt>
   <trkpt lat="51.207092" lon="7.078234"><ele>243.25</ele></trkpt>
   <trkpt lat="51.206956" lon="7.077941"><ele>242.5</ele></trkpt>
   <trkpt lat="51.206694" lon="7.077495"><ele>241</ele></trkpt>
   <trkpt lat="51.206478" lon="7.077158"><ele>240.25</ele></trkpt>
   <trkpt lat="51.20638" lon="7.077004"><ele>240</ele></trkpt>
   <trkpt lat="51.204973" lon="7.074797"><ele>233</ele></trkpt>
   <trkpt lat="51.204913" lon="7.074687"><ele>232.75</ele></trkpt>
   <trkpt lat="51.204626" lon="7.074079"><ele>230</ele></trkpt>
   <trkpt lat="51.204577" lon="7.074003"><ele>229.75</ele></trkpt>
   <trkpt lat="51.204484" lon="7.073903"><ele>228.5</ele></trkpt>
   <trkpt lat="51.204391" lon="7.073815"><ele>227.25</ele></trkpt>
   <trkpt lat="51.204385" lon="7.073809"><ele>227.25</ele></trkpt>
   <trkpt lat="51.204332" lon="7.073762"><ele>226.75</ele></trkpt>
   <trkpt lat="51.204362" lon="7.07368"><ele>226.25</ele></trkpt>
   <trkpt lat="51.204374" lon="7.073637"><ele>226</ele></trkpt>
   <trkpt lat="51.204247" lon="7.073538"><ele>226</ele></trkpt>
   <trkpt lat="51.204165" lon="7.07344"><ele>226</ele></trkpt>
   <trkpt lat="51.204061" lon="7.07335"><ele>226</ele></trkpt>
   <trkpt lat="51.203936" lon="7.073299"><ele>226</ele></trkpt>
   <trkpt lat="51.203671" lon="7.073281"><ele>225</ele></trkpt>
   <trkpt lat="51.203332" lon="7.073283"><ele>222.75</ele></trkpt>
   <trkpt lat="51.202524" lon="7.073298"><ele>217</ele></trkpt>
   <trkpt lat="51.202422" lon="7.073296"><ele>216.25</ele></trkpt>
   <trkpt lat="51.202301" lon="7.073322"><ele>215.5</ele></trkpt>
   <trkpt lat="51.202295" lon="7.073229"><ele>215.5</ele></trkpt>
   <trkpt lat="51.202287" lon="7.07314"><ele>215.25</ele></trkpt>
   <trkpt lat="51.202284" lon="7.073122"><ele>215.25</ele></trkpt>
   <trkpt lat="51.202275" lon="7.073062"><ele>215.25</ele></trkpt>
   <trkpt lat="51.202263" lon="7.073029"><ele>215.25</ele></trkpt>
   <trkpt lat="51.202226" lon="7.072984"><ele>215.25</ele></trkpt>
   <trkpt lat="51.202194" lon="7.072957"><ele>215.25</ele></trkpt>
   <trkpt lat="51.202097" lon="7.072874"><ele>215</ele></trkpt>
   <trkpt lat="51.201803" lon="7.072619"><ele>215</ele></trkpt>
   <trkpt lat="51.201291" lon="7.07219"><ele>214.25</ele></trkpt>
   <trkpt lat="51.200648" lon="7.071614"><ele>211.75</ele></trkpt>
   <trkpt lat="51.200434" lon="7.071413"><ele>210.5</ele></trkpt>
   <trkpt lat="51.200377" lon="7.071359"><ele>210.25</ele></trkpt>
   <trkpt lat="51.200087" lon="7.071084"><ele>209.25</ele></trkpt>
   <trkpt lat="51.200055" lon="7.071054"><ele>209.25</ele></trkpt>
   <trkpt lat="51.199805" lon="7.070811"><ele>208.5</ele></trkpt>
   <trkpt lat="51.199649" lon="7.070633"><ele>208</ele></trkpt>
   <trkpt lat="51.199453" lon="7.070399"><ele>206.5</ele></trkpt>
   <trkpt lat="51.199362" lon="7.070291"><ele>206.25</ele></trkpt>
   <trkpt lat="51.199217" lon="7.070115"><ele>205.5</ele></trkpt>
   <trkpt lat="51.198985" lon="7.069864"><ele>203.75</ele></trkpt>
   <trkpt lat="51.1989" lon="7.06979"><ele>202.75</ele></trkpt>
   <trkpt lat="51.198517" lon="7.069336"><ele>200.75</ele></trkpt>
   <trkpt lat="51.198084" lon="7.068686"><ele>198</ele></trkpt>
   <trkpt lat="51.197884" lon="7.068306"><ele>197.25</ele></trkpt>
   <trkpt lat="51.197596" lon="7.067697"><ele>194.5</ele></trkpt>
   <trkpt lat="51.197557" lon="7.067617"><ele>194</ele></trkpt>
   <trkpt lat="51.197295" lon="7.066968"><ele>191.25</ele></trkpt>
   <trkpt lat="51.197223" lon="7.066789"><ele>191</ele></trkpt>
   <trkpt lat="51.197128" lon="7.06647"><ele>192.5</ele></trkpt>
   <trkpt lat="51.197064" lon="7.066204"><ele>193</ele></trkpt>
   <trkpt lat="51.197038" lon="7.066048"><ele>192.75</ele></trkpt>
   <trkpt lat="51.197" lon="7.065889"><ele>193</ele></trkpt>
   <trkpt lat="51.196963" lon="7.065767"><ele>193.75</ele></trkpt>
   <trkpt lat="51.196881" lon="7.065637"><ele>193.75</ele></trkpt>
   <trkpt lat="51.196722" lon="7.065502"><ele>193</ele></trkpt>
   <trkpt lat="51.196707" lon="7.065489"><ele>193</ele></trkpt>
   <trkpt lat="51.196628" lon="7.065422"><ele>193</ele></trkpt>
   <trkpt lat="51.196497" lon="7.065308"><ele>193.5</ele></trkpt>
   <trkpt lat="51.195934" lon="7.064813"><ele>197.25</ele></trkpt>
   <trkpt lat="51.19589" lon="7.064729"><ele>197.5</ele></trkpt>
   <trkpt lat="51.195882" lon="7.064654"><ele>197.75</ele></trkpt>
   <trkpt lat="51.195791" lon="7.064615"><ele>199.25</ele></trkpt>
   <trkpt lat="51.19575" lon="7.064579"><ele>200.25</ele></trkpt>
   <trkpt lat="51.195691" lon="7.064463"><ele>202</ele></trkpt>
   <trkpt lat="51.195642" lon="7.064385"><ele>203</ele></trkpt>
   <trkpt lat="51.195597" lon="7.064337"><ele>204</ele></trkpt>
   <trkpt lat="51.19558" lon="7.064291"><ele>204.5</ele></trkpt>
   <trkpt lat="51.195575" lon="7.064039"><ele>205.5</ele></trkpt>
   <trkpt lat="51.195563" lon="7.063918"><ele>206.5</ele></trkpt>
   <trkpt lat="51.195535" lon="7.063823"><ele>207.5</ele></trkpt>
   <trkpt lat="51.195512" lon="7.06378"><ele>208</ele></trkpt>
   <trkpt lat="51.195481" lon="7.063746"><ele>208.5</ele></trkpt>
   <trkpt lat="51.195432" lon="7.063722"><ele>209.25</ele></trkpt>
   <trkpt lat="51.195305" lon="7.063696"><ele>211.25</ele></trkpt>
   <trkpt lat="51.195289" lon="7.063692"><ele>211.5</ele></trkpt>
   <trkpt lat="51.195254" lon="7.063683"><ele>212</ele></trkpt>
   <trkpt lat="51.195239" lon="7.063675"><ele>212.25</ele></trkpt>
   <trkpt lat="51.1952" lon="7.063623"><ele>213.25</ele></trkpt>
   <trkpt lat="51.195156" lon="7.063488"><ele>214</ele></trkpt>
   <trkpt lat="51.195042" lon="7.063036"><ele>216.25</ele></trkpt>
   <trkpt lat="51.194942" lon="7.062743"><ele>217.5</ele></trkpt>
   <trkpt lat="51.194818" lon="7.06248"><ele>218.75</ele></trkpt>
   <trkpt lat="51.194656" lon="7.062278"><ele>219.75</ele></trkpt>
   <trkpt lat="51.194167" lon="7.061773"><ele>222.75</ele></trkpt>
   <trkpt lat="51.193925" lon="7.061542"><ele>224.25</ele></trkpt>
   <trkpt lat="51.193795" lon="7.061406"><ele>224.75</ele></trkpt>
   <trkpt lat="51.193763" lon="7.061288"><ele>225</ele></trkpt>
   <trkpt lat="51.19352" lon="7.06085"><ele>226.75</ele></trkpt>
   <trkpt lat="51.19342" lon="7.060669"><ele>227</ele></trkpt>
   <trkpt lat="51.193401" lon="7.060601"><ele>227</ele></trkpt>
   <trkpt lat="51.193246" lon="7.060354"><ele>228</ele></trkpt>
   <trkpt lat="51.193264" lon="7.060291"><ele>228</ele></trkpt>
   <trkpt lat="51.192943" lon="7.059755"><ele>229.25</ele></trkpt>
   <trkpt lat="51.192828" lon="7.059569"><ele>229.75</ele></trkpt>
   <trkpt lat="51.192613" lon="7.059187"><ele>230</ele></trkpt>
   <trkpt lat="51.192326" lon="7.058693"><ele>230</ele></trkpt>
   <trkpt lat="51.192115" lon="7.058345"><ele>229.5</ele></trkpt>
   <trkpt lat="51.192088" lon="7.058292"><ele>229.25</ele></trkpt>
   <trkpt lat="51.19184" lon="7.057879"><ele>228.75</ele></trkpt>
   <trkpt lat="51.191666" lon="7.057591"><ele>228</ele></trkpt>
   <trkpt lat="51.19163" lon="7.05753"><ele>227.75</ele></trkpt>
   <trkpt lat="51.191099" lon="7.057814"><ele>227.75</ele></trkpt>
   <trkpt lat="51.190786" lon="7.057998"><ele>227</ele></trkpt>
   <trkpt lat="51.190634" lon="7.058087"><ele>226.25</ele></trkpt>
   <trkpt lat="51.190162" lon="7.058365"><ele>224.5</ele></trkpt>
   <trkpt lat="51.190145" lon="7.058376"><ele>224.25</ele></trkpt>
   <trkpt lat="51.189893" lon="7.058538"><ele>222.5</ele></trkpt>
   <trkpt lat="51.189305" lon="7.058859"><ele>218</ele></trkpt>
   <trkpt lat="51.189096" lon="7.058986"><ele>216</ele></trkpt>
   <trkpt lat="51.188885" lon="7.059132"><ele>213.75</ele></trkpt>
   <trkpt lat="51.188783" lon="7.058801"><ele>213.5</ele></trkpt>
   <trkpt lat="51.18863" lon="7.05837"><ele>213.75</ele></trkpt>
   <trkpt lat="51.188588" lon="7.058337"><ele>213.5</ele></trkpt>
   <trkpt lat="51.188501" lon="7.05814"><ele>214</ele></trkpt>
   <trkpt lat="51.188397" lon="7.057944"><ele>214.25</ele></trkpt>
   <trkpt lat="51.188369" lon="7.057904"><ele>214</ele></trkpt>
   <trkpt lat="51.18823" lon="7.057717"><ele>214</ele></trkpt>
   <trkpt lat="51.188124" lon="7.057608"><ele>214</ele></trkpt>
   <trkpt lat="51.188128" lon="7.057455"><ele>214.25</ele></trkpt>
   <trkpt lat="51.188128" lon="7.057324"><ele>214.25</ele></trkpt>
   <trkpt lat="51.188113" lon="7.057211"><ele>214.25</ele></trkpt>
   <trkpt lat="51.18804" lon="7.056997"><ele>214</ele></trkpt>
   <trkpt lat="51.187928" lon="7.056702"><ele>214.75</ele></trkpt>
   <trkpt lat="51.187894" lon="7.056615"><ele>215</ele></trkpt>
   <trkpt lat="51.187858" lon="7.056525"><ele>215.25</ele></trkpt>
   <trkpt lat="51.187678" lon="7.056066"><ele>215</ele></trkpt>
   <trkpt lat="51.187631" lon="7.055941"><ele>215.25</ele></trkpt>
   <trkpt lat="51.187373" lon="7.055228"><ele>214.5</ele></trkpt>
   <trkpt lat="51.187265" lon="7.054864"><ele>213</ele></trkpt>
   <trkpt lat="51.187089" lon="7.054377"><ele>213.25</ele></trkpt>
   <trkpt lat="51.186987" lon="7.054117"><ele>212.5</ele></trkpt>
   <trkpt lat="51.186942" lon="7.053998"><ele>211.75</ele></trkpt>
   <trkpt lat="51.186725" lon="7.053471"><ele>212</ele></trkpt>
   <trkpt lat="51.186642" lon="7.05328"><ele>212</ele></trkpt>
   <trkpt lat="51.186627" lon="7.053217"><ele>212</ele></trkpt>
   <trkpt lat="51.18654" lon="7.052874"><ele>211.25</ele></trkpt>
   <trkpt lat="51.186485" lon="7.052638"><ele>210.25</ele></trkpt>
   <trkpt lat="51.186403" lon="7.052288"><ele>209.75</ele></trkpt>
   <trkpt lat="51.18633" lon="7.051986"><ele>209.25</ele></trkpt>
   <trkpt lat="51.1862" lon="7.051434"><ele>208</ele></trkpt>
   <trkpt lat="51.186077" lon="7.050922"><ele>207</ele></trkpt>
   <trkpt lat="51.186048" lon="7.050804"><ele>207</ele></trkpt>
   <trkpt lat="51.18599" lon="7.050565"><ele>206.25</ele></trkpt>
   <trkpt lat="51.185939" lon="7.050355"><ele>205.5</ele></trkpt>
   <trkpt lat="51.185919" lon="7.050267"><ele>205.25</ele></trkpt>
   <trkpt lat="51.185899" lon="7.050183"><ele>205.25</ele></trkpt>
   <trkpt lat="51.18557" lon="7.048804"><ele>204.5</ele></trkpt>
   <trkpt lat="51.185496" lon="7.048503"><ele>204.25</ele></trkpt>
   <trkpt lat="51.185447" lon="7.048301"><ele>204.25</ele></trkpt>
   <trkpt lat="51.185381" lon="7.048032"><ele>203.5</ele></trkpt>
   <trkpt lat="51.185296" lon="7.047682"><ele>203.5</ele></trkpt>
   <trkpt lat="51.18525" lon="7.047483"><ele>203</ele></trkpt>
   <trkpt lat="51.185179" lon="7.047183"><ele>203</ele></trkpt>
   <trkpt lat="51.185158" lon="7.047093"><ele>202.75</ele></trkpt>
   <trkpt lat="51.185085" lon="7.046794"><ele>202.5</ele></trkpt>
   <trkpt lat="51.184916" lon="7.046073"><ele>202.25</ele></trkpt>
   <trkpt lat="51.18482" lon="7.045668"><ele>202.25</ele></trkpt>
   <trkpt lat="51.184725" lon="7.045241"><ele>202.75</ele></trkpt>
   <trkpt lat="51.184658" lon="7.044921"><ele>203</ele></trkpt>
   <trkpt lat="51.184582" lon="7.044964"><ele>203</ele></trkpt>
   <trkpt lat="51.184519" lon="7.044941"><ele>203</ele></trkpt>
   <trkpt lat="51.184307" lon="7.044803"><ele>203.25</ele></trkpt>
   <trkpt lat="51.1842" lon="7.044727"><ele>203.75</ele></trkpt>
   <trkpt lat="51.184082" lon="7.044635"><ele>204</ele></trkpt>
   <trkpt lat="51.183922" lon="7.044513"><ele>204</ele></trkpt>
   <trkpt lat="51.18382" lon="7.044445"><ele>204</ele></trkpt>
   <trkpt lat="51.183749" lon="7.04446"><ele>204</ele></trkpt>
   <trkpt lat="51.183687" lon="7.044523"><ele>204</ele></trkpt>
   <trkpt lat="51.183443" lon="7.044282"><ele>204</ele></trkpt>
   <trkpt lat="51.183377" lon="7.044212"><ele>204</ele></trkpt>
   <trkpt lat="51.183348" lon="7.044194"><ele>204</ele></trkpt>
   <trkpt lat="51.183312" lon="7.044187"><ele>203.75</ele></trkpt>
   <trkpt lat="51.18325" lon="7.044197"><ele>203.5</ele></trkpt>
   <trkpt lat="51.182947" lon="7.043941"><ele>202.5</ele></trkpt>
   <trkpt lat="51.182801" lon="7.043831"><ele>202</ele></trkpt>
   <trkpt lat="51.182613" lon="7.043685"><ele>201.25</ele></trkpt>
   <trkpt lat="51.182493" lon="7.043595"><ele>200.75</ele></trkpt>
   <trkpt lat="51.182447" lon="7.043528"><ele>200.75</ele></trkpt>
   <trkpt lat="51.182383" lon="7.043437"><ele>200.5</ele></trkpt>
   <trkpt lat="51.182273" lon="7.043243"><ele>200</ele></trkpt>
   <trkpt lat="51.182171" lon="7.043044"><ele>199.75</ele></trkpt>
   <trkpt lat="51.182122" lon="7.042935"><ele>199.5</ele></trkpt>
   <trkpt lat="51.182041" lon="7.042707"><ele>199</ele></trkpt>
   <trkpt lat="51.182039" lon="7.042702"><ele>199</ele></trkpt>
   <trkpt lat="51.181949" lon="7.04248"><ele>197.75</ele></trkpt>
   <trkpt lat="51.181857" lon="7.042292"><ele>197.25</ele></trkpt>
   <trkpt lat="51.181872" lon="7.042255"><ele>197.25</ele></trkpt>
   <trkpt lat="51.181872" lon="7.042212"><ele>197</ele></trkpt>
   <trkpt lat="51.181866" lon="7.042188"><ele>197</ele></trkpt>
   <trkpt lat="51.181841" lon="7.042156"><ele>197</ele></trkpt>
   <trkpt lat="51.181808" lon="7.042153"><ele>197.25</ele></trkpt>
   <trkpt lat="51.181792" lon="7.042165"><ele>197.25</ele></trkpt>
   <trkpt lat="51.181773" lon="7.042209"><ele>197.5</ele></trkpt>
   <trkpt lat="51.181645" lon="7.042255"><ele>197.75</ele></trkpt>
   <trkpt lat="51.181455" lon="7.042324"><ele>197.5</ele></trkpt>
   <trkpt lat="51.181276" lon="7.042415"><ele>197.25</ele></trkpt>
   <trkpt lat="51.180706" lon="7.042658"><ele>195.25</ele></trkpt>
   <trkpt lat="51.180583" lon="7.04271"><ele>194.75</ele></trkpt>
   <trkpt lat="51.18055" lon="7.042725"><ele>194.75</ele></trkpt>
   <trkpt lat="51.180338" lon="7.042824"><ele>194</ele></trkpt>
   <trkpt lat="51.180286" lon="7.042849"><ele>194</ele></trkpt>
   <trkpt lat="51.180234" lon="7.042862"><ele>193.75</ele></trkpt>
   <trkpt lat="51.179888" lon="7.042948"><ele>192.5</ele></trkpt>
   <trkpt lat="51.179731" lon="7.042987"><ele>192</ele></trkpt>
   <trkpt lat="51.17938" lon="7.04307"><ele>192</ele></trkpt>
   <trkpt lat="51.179018" lon="7.043089"><ele>191.5</ele></trkpt>
   <trkpt lat="51.178275" lon="7.043153"><ele>188</ele></trkpt>
   <trkpt lat="51.177653" lon="7.043139"><ele>184</ele></trkpt>
   <trkpt lat="51.177609" lon="7.043137"><ele>183.75</ele></trkpt>
   <trkpt lat="51.177561" lon="7.043134"><ele>183.25</ele></trkpt>
   <trkpt lat="51.176967" lon="7.043111"><ele>176.5</ele></trkpt>
   <trkpt lat="51.176759" lon="7.043103"><ele>173.75</ele></trkpt>
   <trkpt lat="51.176525" lon="7.043094"><ele>170.25</ele></trkpt>
   <trkpt lat="51.17618" lon="7.043071"><ele>164.75</ele></trkpt>
   <trkpt lat="51.176079" lon="7.043048"><ele>163.5</ele></trkpt>
   <trkpt lat="51.175963" lon="7.043"><ele>162.25</ele></trkpt>
   <trkpt lat="51.175795" lon="7.042931"><ele>159.25</ele></trkpt>
   <trkpt lat="51.175745" lon="7.042896"><ele>158</ele></trkpt>
   <trkpt lat="51.175702" lon="7.042846"><ele>156.75</ele></trkpt>
   <trkpt lat="51.175665" lon="7.042775"><ele>156</ele></trkpt>
   <trkpt lat="51.175632" lon="7.042668"><ele>155.25</ele></trkpt>
   <trkpt lat="51.175566" lon="7.042368"><ele>154.25</ele></trkpt>
   <trkpt lat="51.175523" lon="7.042221"><ele>153.5</ele></trkpt>
   <trkpt lat="51.175385" lon="7.041874"><ele>152.5</ele></trkpt>
   <trkpt lat="51.175314" lon="7.041737"><ele>152</ele></trkpt>
   <trkpt lat="51.175284" lon="7.041627"><ele>152</ele></trkpt>
   <trkpt lat="51.175172" lon="7.040916"><ele>149.5</ele></trkpt>
   <trkpt lat="51.175103" lon="7.040652"><ele>147.75</ele></trkpt>
   <trkpt lat="51.175039" lon="7.040074"><ele>145.75</ele></trkpt>
   <trkpt lat="51.175027" lon="7.040009"><ele>145.5</ele></trkpt>
   <trkpt lat="51.174996" lon="7.039938"><ele>145</ele></trkpt>
   <trkpt lat="51.174925" lon="7.039893"><ele>145.5</ele></trkpt>
   <trkpt lat="51.174856" lon="7.039817"><ele>146</ele></trkpt>
   <trkpt lat="51.174834" lon="7.039777"><ele>146.25</ele></trkpt>
   <trkpt lat="51.17477" lon="7.039605"><ele>146.25</ele></trkpt>
   <trkpt lat="51.174752" lon="7.039503"><ele>146</ele></trkpt>
   <trkpt lat="51.174739" lon="7.039394"><ele>145.75</ele></trkpt>
   <trkpt lat="51.17474" lon="7.039226"><ele>145.75</ele></trkpt>
   <trkpt lat="51.174763" lon="7.03874"><ele>146.5</ele></trkpt>
   <trkpt lat="51.174781" lon="7.03862"><ele>146.25</ele></trkpt>
   <trkpt lat="51.174804" lon="7.038522"><ele>146</ele></trkpt>
   <trkpt lat="51.174833" lon="7.038434"><ele>145.75</ele></trkpt>
   <trkpt lat="51.174863" lon="7.038367"><ele>145.25</ele></trkpt>
   <trkpt lat="51.174889" lon="7.038327"><ele>145</ele></trkpt>
   <trkpt lat="51.174931" lon="7.038287"><ele>144.5</ele></trkpt>
   <trkpt lat="51.174998" lon="7.038268"><ele>143.75</ele></trkpt>
   <trkpt lat="51.175094" lon="7.038274"><ele>144.75</ele></trkpt>
   <trkpt lat="51.175123" lon="7.038271"><ele>145.25</ele></trkpt>
   <trkpt lat="51.175147" lon="7.038252"><ele>145.5</ele></trkpt>
   <trkpt lat="51.175162" lon="7.038217"><ele>145.25</ele></trkpt>
   <trkpt lat="51.175226" lon="7.037894"><ele>144</ele></trkpt>
   <trkpt lat="51.17533" lon="7.037423"><ele>144.5</ele></trkpt>
   <trkpt lat="51.175379" lon="7.037158"><ele>144.75</ele></trkpt>
   <trkpt lat="51.175418" lon="7.037053"><ele>145</ele></trkpt>
   <trkpt lat="51.175457" lon="7.036999"><ele>145.5</ele></trkpt>
   <trkpt lat="51.175498" lon="7.036964"><ele>146</ele></trkpt>
   <trkpt lat="51.175585" lon="7.03692"><ele>147</ele></trkpt>
   <trkpt lat="51.175619" lon="7.0369"><ele>147.5</ele></trkpt>
   <trkpt lat="51.175655" lon="7.036861"><ele>147.75</ele></trkpt>
   <trkpt lat="51.175691" lon="7.036781"><ele>148</ele></trkpt>
   <trkpt lat="51.175779" lon="7.036158"><ele>152</ele></trkpt>
   <trkpt lat="51.175795" lon="7.036034"><ele>151.5</ele></trkpt>
   <trkpt lat="51.175675" lon="7.035981"><ele>150.75</ele></trkpt>
   <trkpt lat="51.175533" lon="7.035864"><ele>151</ele></trkpt>
   <trkpt lat="51.175386" lon="7.035772"><ele>150.75</ele></trkpt>
   <trkpt lat="51.175262" lon="7.035668"><ele>150</ele></trkpt>
   <trkpt lat="51.175184" lon="7.035513"><ele>149</ele></trkpt>
   <trkpt lat="51.175117" lon="7.035322"><ele>147.75</ele></trkpt>
   <trkpt lat="51.175065" lon="7.035231"><ele>147.25</ele></trkpt>
   <trkpt lat="51.174916" lon="7.035079"><ele>146.5</ele></trkpt>
   <trkpt lat="51.174864" lon="7.035004"><ele>146</ele></trkpt>
   <trkpt lat="51.174845" lon="7.034938"><ele>145</ele></trkpt>
   <trkpt lat="51.174682" lon="7.034942"><ele>147.25</ele></trkpt>
   <trkpt lat="51.174423" lon="7.034843"><ele>150.25</ele></trkpt>
   <trkpt lat="51.174399" lon="7.034748"><ele>149</ele></trkpt>
   <trkpt lat="51.174346" lon="7.034655"><ele>148.5</ele></trkpt>
   <trkpt lat="51.174326" lon="7.034595"><ele>148</ele></trkpt>
   <trkpt lat="51.174264" lon="7.033444"><ele>144</ele></trkpt>
   <trkpt lat="51.174244" lon="7.033178"><ele>142</ele></trkpt>
   <trkpt lat="51.174231" lon="7.033078"><ele>141.25</ele></trkpt>
   <trkpt lat="51.174212" lon="7.033"><ele>141</ele></trkpt>
   <trkpt lat="51.173868" lon="7.031988"><ele>140.75</ele></trkpt>
   <trkpt lat="51.173593" lon="7.031268"><ele>139</ele></trkpt>
   <trkpt lat="51.173083" lon="7.030347"><ele>137.75</ele></trkpt>
   <trkpt lat="51.173064" lon="7.030314"><ele>137.5</ele></trkpt>
   <trkpt lat="51.172731" lon="7.02985"><ele>137</ele></trkpt>
   <trkpt lat="51.172691" lon="7.029778"><ele>137</ele></trkpt>
   <trkpt lat="51.172554" lon="7.029477"><ele>136.75</ele></trkpt>
   <trkpt lat="51.172497" lon="7.029291"><ele>136.25</ele></trkpt>
   <trkpt lat="51.172476" lon="7.029201"><ele>136.5</ele></trkpt>
   <trkpt lat="51.172464" lon="7.029108"><ele>136.5</ele></trkpt>
   <trkpt lat="51.172447" lon="7.028946"><ele>136.5</ele></trkpt>
   <trkpt lat="51.172437" lon="7.028618"><ele>135.75</ele></trkpt>
   <trkpt lat="51.172416" lon="7.028362"><ele>135.25</ele></trkpt>
   <trkpt lat="51.172377" lon="7.027979"><ele>134.5</ele></trkpt>
   <trkpt lat="51.172352" lon="7.027852"><ele>134.5</ele></trkpt>
   <trkpt lat="51.172068" lon="7.026764"><ele>132</ele></trkpt>
   <trkpt lat="51.172004" lon="7.026564"><ele>131.75</ele></trkpt>
   <trkpt lat="51.171939" lon="7.026433"><ele>131.5</ele></trkpt>
   <trkpt lat="51.171896" lon="7.026372"><ele>132</ele></trkpt>
   <trkpt lat="51.171701" lon="7.026135"><ele>133.5</ele></trkpt>
   <trkpt lat="51.1714" lon="7.025803"><ele>133.75</ele></trkpt>
   <trkpt lat="51.171317" lon="7.025694"><ele>132.75</ele></trkpt>
   <trkpt lat="51.17125" lon="7.025596"><ele>132.5</ele></trkpt>
   <trkpt lat="51.170995" lon="7.025135"><ele>130.5</ele></trkpt>
   <trkpt lat="51.170768" lon="7.024799"><ele>128.75</ele></trkpt>
   <trkpt lat="51.170522" lon="7.024535"><ele>128.25</ele></trkpt>
   <trkpt lat="51.170438" lon="7.024417"><ele>128.5</ele></trkpt>
   <trkpt lat="51.170396" lon="7.024322"><ele>128.25</ele></trkpt>
   <trkpt lat="51.170285" lon="7.02399"><ele>128</ele></trkpt>
   <trkpt lat="51.170253" lon="7.023949"><ele>128.25</ele></trkpt>
   <trkpt lat="51.17013" lon="7.023855"><ele>127.5</ele></trkpt>
   <trkpt lat="51.17" lon="7.023771"><ele>125</ele></trkpt>
   <trkpt lat="51.169912" lon="7.023729"><ele>124.5</ele></trkpt>
   <trkpt lat="51.16923" lon="7.023438"><ele>123.5</ele></trkpt>
   <trkpt lat="51.169068" lon="7.023362"><ele>123.5</ele></trkpt>
   <trkpt lat="51.168963" lon="7.023289"><ele>123.75</ele></trkpt>
   <trkpt lat="51.168814" lon="7.023139"><ele>122.75</ele></trkpt>
   <trkpt lat="51.168402" lon="7.022652"><ele>123</ele></trkpt>
   <trkpt lat="51.168192" lon="7.022285"><ele>120</ele></trkpt>
   <trkpt lat="51.168134" lon="7.022209"><ele>119.5</ele></trkpt>
   <trkpt lat="51.168034" lon="7.022116"><ele>119.5</ele></trkpt>
   <trkpt lat="51.167976" lon="7.022061"><ele>119.25</ele></trkpt>
   <trkpt lat="51.167689" lon="7.021682"><ele>120.5</ele></trkpt>
   <trkpt lat="51.16759" lon="7.021465"><ele>119.75</ele></trkpt>
   <trkpt lat="51.167558" lon="7.021358"><ele>118.75</ele></trkpt>
   <trkpt lat="51.16741" lon="7.020966"><ele>118.5</ele></trkpt>
   <trkpt lat="51.167342" lon="7.020734"><ele>119</ele></trkpt>
   <trkpt lat="51.16731" lon="7.020571"><ele>118.25</ele></trkpt>
   <trkpt lat="51.167276" lon="7.020316"><ele>118</ele></trkpt>
   <trkpt lat="51.16727" lon="7.020099"><ele>117.25</ele></trkpt>
   <trkpt lat="51.167102" lon="7.019145"><ele>118.5</ele></trkpt>
   <trkpt lat="51.167097" lon="7.019014"><ele>117.5</ele></trkpt>
   <trkpt lat="51.167086" lon="7.018665"><ele>116</ele></trkpt>
   <trkpt lat="51.167093" lon="7.018493"><ele>115.25</ele></trkpt>
   <trkpt lat="51.167117" lon="7.018338"><ele>114.5</ele></trkpt>
   <trkpt lat="51.166926" lon="7.018001"><ele>114.75</ele></trkpt>
   <trkpt lat="51.166895" lon="7.017942"><ele>114.75</ele></trkpt>
   <trkpt lat="51.166344" lon="7.016805"><ele>113.75</ele></trkpt>
   <trkpt lat="51.166268" lon="7.016645"><ele>113.25</ele></trkpt>
   <trkpt lat="51.166239" lon="7.016566"><ele>113.5</ele></trkpt>
   <trkpt lat="51.166128" lon="7.01614"><ele>112.75</ele></trkpt>
   <trkpt lat="51.166092" lon="7.015856"><ele>111.5</ele></trkpt>
   <trkpt lat="51.166063" lon="7.015717"><ele>111</ele></trkpt>
   <trkpt lat="51.166013" lon="7.015558"><ele>111</ele></trkpt>
   <trkpt lat="51.165977" lon="7.015441"><ele>111.25</ele></trkpt>
   <trkpt lat="51.165879" lon="7.015182"><ele>111.75</ele></trkpt>
   <trkpt lat="51.16582" lon="7.014966"><ele>112</ele></trkpt>
   <trkpt lat="51.165774" lon="7.01476"><ele>111.5</ele></trkpt>
   <trkpt lat="51.165762" lon="7.014605"><ele>111.75</ele></trkpt>
   <trkpt lat="51.165763" lon="7.014509"><ele>111.75</ele></trkpt>
   <trkpt lat="51.165778" lon="7.014442"><ele>111</ele></trkpt>
   <trkpt lat="51.165817" lon="7.014345"><ele>109.5</ele></trkpt>
   <trkpt lat="51.165829" lon="7.014305"><ele>109</ele></trkpt>
   <trkpt lat="51.165833" lon="7.014139"><ele>108.75</ele></trkpt>
   <trkpt lat="51.165805" lon="7.013861"><ele>108.75</ele></trkpt>
   <trkpt lat="51.16576" lon="7.013035"><ele>109</ele></trkpt>
   <trkpt lat="51.16576" lon="7.012913"><ele>109</ele></trkpt>
   <trkpt lat="51.165772" lon="7.012759"><ele>108.5</ele></trkpt>
   <trkpt lat="51.165817" lon="7.012443"><ele>106.25</ele></trkpt>
   <trkpt lat="51.165692" lon="7.012238"><ele>108</ele></trkpt>
   <trkpt lat="51.165643" lon="7.012125"><ele>108.25</ele></trkpt>
   <trkpt lat="51.165595" lon="7.011988"><ele>108.25</ele></trkpt>
   <trkpt lat="51.165443" lon="7.011561"><ele>110</ele></trkpt>
   <trkpt lat="51.165373" lon="7.01142"><ele>110.5</ele></trkpt>
   <trkpt lat="51.165297" lon="7.01129"><ele>112</ele></trkpt>
   <trkpt lat="51.165177" lon="7.011154"><ele>113.5</ele></trkpt>
   <trkpt lat="51.165098" lon="7.011084"><ele>114.25</ele></trkpt>
   <trkpt lat="51.164805" lon="7.010879"><ele>115.75</ele></trkpt>
   <trkpt lat="51.164216" lon="7.010448"><ele>117.5</ele></trkpt>
   <trkpt lat="51.16389" lon="7.0102"><ele>118.75</ele></trkpt>
   <trkpt lat="51.163616" lon="7.009996"><ele>119.75</ele></trkpt>
   <trkpt lat="51.163451" lon="7.009874"><ele>120.25</ele></trkpt>
   <trkpt lat="51.163324" lon="7.00978"><ele>121</ele></trkpt>
   <trkpt lat="51.163168" lon="7.00964"><ele>121.75</ele></trkpt>
   <trkpt lat="51.163017" lon="7.009514"><ele>122.25</ele></trkpt>
   <trkpt lat="51.162787" lon="7.009628"><ele>123.5</ele></trkpt>
   <trkpt lat="51.162604" lon="7.008536"><ele>121.25</ele></trkpt>
   <trkpt lat="51.162527" lon="7.008077"><ele>120.75</ele></trkpt>
   <trkpt lat="51.162437" lon="7.007525"><ele>120</ele></trkpt>
   <trkpt lat="51.162387" lon="7.007224"><ele>119.25</ele></trkpt>
   <trkpt lat="51.162371" lon="7.007124"><ele>119</ele></trkpt>
   <trkpt lat="51.162293" lon="7.006619"><ele>118.5</ele></trkpt>
   <trkpt lat="51.162206" lon="7.006019"><ele>117.5</ele></trkpt>
   <trkpt lat="51.16219" lon="7.005887"><ele>117.25</ele></trkpt>
   <trkpt lat="51.161613" lon="7.005834"><ele>119</ele></trkpt>
   <trkpt lat="51.161264" lon="7.005802"><ele>119.5</ele></trkpt>
   <trkpt lat="51.16113" lon="7.005788"><ele>119.75</ele></trkpt>
   <trkpt lat="51.160869" lon="7.005766"><ele>119.75</ele></trkpt>
   <trkpt lat="51.160819" lon="7.00577"><ele>119.75</ele></trkpt>
   <trkpt lat="51.160804" lon="7.005643"><ele>119.25</ele></trkpt>
   <trkpt lat="51.160749" lon="7.005277"><ele>118.75</ele></trkpt>
   <trkpt lat="51.160693" lon="7.004931"><ele>117.75</ele></trkpt>
   <trkpt lat="51.160498" lon="7.005094"><ele>118.5</ele></trkpt>
   <trkpt lat="51.160369" lon="7.005208"><ele>119.5</ele></trkpt>
   <trkpt lat="51.160301" lon="7.005265"><ele>119.75</ele></trkpt>
   <trkpt lat="51.160185" lon="7.004964"><ele>119.75</ele></trkpt>
   <trkpt lat="51.160133" lon="7.004826"><ele>119.25</ele></trkpt>
   <trkpt lat="51.160101" lon="7.004769"><ele>119</ele></trkpt>
   <trkpt lat="51.160025" lon="7.004691"><ele>118.5</ele></trkpt>
   <trkpt lat="51.159977" lon="7.004664"><ele>118.25</ele></trkpt>
   <trkpt lat="51.159929" lon="7.004649"><ele>118.25</ele></trkpt>
   <trkpt lat="51.159772" lon="7.004642"><ele>118.75</ele></trkpt>
   <trkpt lat="51.159453" lon="7.004677"><ele>120.25</ele></trkpt>
   <trkpt lat="51.159086" lon="7.004782"><ele>121</ele></trkpt>
   <trkpt lat="51.158774" lon="7.004887"><ele>121.25</ele></trkpt>
   <trkpt lat="51.158689" lon="7.004934"><ele>121.75</ele></trkpt>
   <trkpt lat="51.158665" lon="7.004858"><ele>121.5</ele></trkpt>
   <trkpt lat="51.158606" lon="7.004597"><ele>121.5</ele></trkpt>
   <trkpt lat="51.158591" lon="7.004508"><ele>121.5</ele></trkpt>
   <trkpt lat="51.158565" lon="7.004524"><ele>121.5</ele></trkpt>
   <trkpt lat="51.158502" lon="7.004136"><ele>121.25</ele></trkpt>
   <trkpt lat="51.158462" lon="7.003873"><ele>121</ele></trkpt>
   <trkpt lat="51.158457" lon="7.00379"><ele>121</ele></trkpt>
   <trkpt lat="51.158465" lon="7.003717"><ele>121</ele></trkpt>
   <trkpt lat="51.158474" lon="7.003689"><ele>121</ele></trkpt>
   <trkpt lat="51.158517" lon="7.003608"><ele>121</ele></trkpt>
   <trkpt lat="51.158471" lon="7.003543"><ele>121</ele></trkpt>
   <trkpt lat="51.158473" lon="7.003456"><ele>121</ele></trkpt>
   <trkpt lat="51.158472" lon="7.003391"><ele>121</ele></trkpt>
   <trkpt lat="51.158459" lon="7.00334"><ele>121.25</ele></trkpt>
   <trkpt lat="51.158421" lon="7.003315"><ele>121.5</ele></trkpt>
   <trkpt lat="51.158369" lon="7.003279"><ele>121.5</ele></trkpt>
   <trkpt lat="51.158341" lon="7.003318"><ele>121.75</ele></trkpt>
   <trkpt lat="51.158322" lon="7.003347"><ele>121.75</ele></trkpt>
   <trkpt lat="51.15827" lon="7.003394"><ele>121</ele></trkpt>
   <trkpt lat="51.158234" lon="7.003424"><ele>120.75</ele></trkpt>
   <trkpt lat="51.158173" lon="7.003458"><ele>120</ele></trkpt>
   <trkpt lat="51.157806" lon="7.003478"><ele>118</ele></trkpt>
   <trkpt lat="51.157413" lon="7.003487"><ele>115.5</ele></trkpt>
   <trkpt lat="51.157037" lon="7.003477"><ele>113.75</ele></trkpt>
   <trkpt lat="51.156885" lon="7.003446"><ele>113</ele></trkpt>
   <trkpt lat="51.156825" lon="7.003439"><ele>112.5</ele></trkpt>
   <trkpt lat="51.156484" lon="7.003363"><ele>109</ele></trkpt>
   <trkpt lat="51.156005" lon="7.003282"><ele>106.25</ele></trkpt>
   <trkpt lat="51.155227" lon="7.003188"><ele>105.75</ele></trkpt>
   <trkpt lat="51.155057" lon="7.00318"><ele>105.75</ele></trkpt>
   <trkpt lat="51.154639" lon="7.003163"><ele>107.25</ele></trkpt>
   <trkpt lat="51.154585" lon="7.003161"><ele>107.5</ele></trkpt>
   <trkpt lat="51.154578" lon="7.00304"><ele>106</ele></trkpt>
   <trkpt lat="51.154439" lon="7.001947"><ele>106</ele></trkpt>
   <trkpt lat="51.154389" lon="7.001476"><ele>105.75</ele></trkpt>
   <trkpt lat="51.15436" lon="7.001055"><ele>105.5</ele></trkpt>
   <trkpt lat="51.154334" lon="7.00016"><ele>105.5</ele></trkpt>
   <trkpt lat="51.154312" lon="6.999361"><ele>105.25</ele></trkpt>
   <trkpt lat="51.154295" lon="6.99897"><ele>104.5</ele></trkpt>
   <trkpt lat="51.15428" lon="6.998944"><ele>104.5</ele></trkpt>
   <trkpt lat="51.154228" lon="6.998912"><ele>104.75</ele></trkpt>
   <trkpt lat="51.15422" lon="6.998788"><ele>104.5</ele></trkpt>
   <trkpt lat="51.154201" lon="6.998391"><ele>104</ele></trkpt>
   <trkpt lat="51.154221" lon="6.998247"><ele>103.25</ele></trkpt>
   <trkpt lat="51.154224" lon="6.998132"><ele>103</ele></trkpt>
   <trkpt lat="51.154164" lon="6.99778"><ele>102</ele></trkpt>
   <trkpt lat="51.154149" lon="6.997305"><ele>100.25</ele></trkpt>
   <trkpt lat="51.154156" lon="6.997178"><ele>99.75</ele></trkpt>
   <trkpt lat="51.154189" lon="6.996722"><ele>97.25</ele></trkpt>
   <trkpt lat="51.154195" lon="6.996674"><ele>97</ele></trkpt>
   <trkpt lat="51.154231" lon="6.996532"><ele>96.25</ele></trkpt>
   <trkpt lat="51.154241" lon="6.99642"><ele>95.75</ele></trkpt>
   <trkpt lat="51.154214" lon="6.996182"><ele>94.25</ele></trkpt>
   <trkpt lat="51.154121" lon="6.996059"><ele>93.75</ele></trkpt>
   <trkpt lat="51.153375" lon="6.995415"><ele>89.5</ele></trkpt>
   <trkpt lat="51.153269" lon="6.995315"><ele>89.25</ele></trkpt>
   <trkpt lat="51.152476" lon="6.994509"><ele>84.75</ele></trkpt>
   <trkpt lat="51.152048" lon="6.994094"><ele>84</ele></trkpt>
   <trkpt lat="51.151646" lon="6.993663"><ele>84.25</ele></trkpt>
   <trkpt lat="51.15156" lon="6.993609"><ele>84.25</ele></trkpt>
   <trkpt lat="51.151127" lon="6.993856"><ele>86.75</ele></trkpt>
   <trkpt lat="51.150826" lon="6.993863"><ele>86.75</ele></trkpt>
   <trkpt lat="51.150342" lon="6.993802"><ele>87.25</ele></trkpt>
   <trkpt lat="51.150237" lon="6.993701"><ele>86.5</ele></trkpt>
   <trkpt lat="51.150182" lon="6.99359"><ele>85.5</ele></trkpt>
   <trkpt lat="51.149971" lon="6.993031"><ele>84.75</ele></trkpt>
   <trkpt lat="51.149899" lon="6.992864"><ele>84.25</ele></trkpt>
   <trkpt lat="51.149504" lon="6.991801"><ele>80.5</ele></trkpt>
   <trkpt lat="51.1492" lon="6.992075"><ele>80.75</ele></trkpt>
   <trkpt lat="51.148814" lon="6.992423"><ele>82</ele></trkpt>
   <trkpt lat="51.148075" lon="6.992985"><ele>85.75</ele></trkpt>
   <trkpt lat="51.147897" lon="6.993079"><ele>86</ele></trkpt>
   <trkpt lat="51.147383" lon="6.993326"><ele>87</ele></trkpt>
   <trkpt lat="51.147022" lon="6.993488"><ele>87.75</ele></trkpt>
   <trkpt lat="51.1445" lon="6.99463"><ele>88.75</ele></trkpt>
   <trkpt lat="51.144019" lon="6.994831"><ele>89.5</ele></trkpt>
   <trkpt lat="51.143727" lon="6.994957"><ele>90.25</ele></trkpt>
   <trkpt lat="51.143683" lon="6.994976"><ele>90.5</ele></trkpt>
   <trkpt lat="51.143434" lon="6.995089"><ele>91.25</ele></trkpt>
   <trkpt lat="51.14329" lon="6.995154"><ele>91.5</ele></trkpt>
   <trkpt lat="51.143047" lon="6.995329"><ele>93</ele></trkpt>
   <trkpt lat="51.14292" lon="6.995373"><ele>93.5</ele></trkpt>
   <trkpt lat="51.142784" lon="6.995401"><ele>93.75</ele></trkpt>
   <trkpt lat="51.142739" lon="6.995418"><ele>94</ele></trkpt>
   <trkpt lat="51.14217" lon="6.995666"><ele>96.25</ele></trkpt>
   <trkpt lat="51.141842" lon="6.995807"><ele>96.75</ele></trkpt>
   <trkpt lat="51.141441" lon="6.995971"><ele>97.25</ele></trkpt>
   <trkpt lat="51.141201" lon="6.996063"><ele>97.5</ele></trkpt>
   <trkpt lat="51.140859" lon="6.996242"><ele>97.75</ele></trkpt>
   <trkpt lat="51.140437" lon="6.996414"><ele>99</ele></trkpt>
   <trkpt lat="51.140385" lon="6.996433"><ele>99.25</ele></trkpt>
   <trkpt lat="51.140063" lon="6.996551"><ele>100.25</ele></trkpt>
   <trkpt lat="51.139962" lon="6.996575"><ele>100</ele></trkpt>
   <trkpt lat="51.139723" lon="6.996653"><ele>99.75</ele></trkpt>
   <trkpt lat="51.13945" lon="6.996752"><ele>99.25</ele></trkpt>
   <trkpt lat="51.139341" lon="6.996781"><ele>99.25</ele></trkpt>
   <trkpt lat="51.138683" lon="6.997001"><ele>97.25</ele></trkpt>
   <trkpt lat="51.138478" lon="6.997051"><ele>96.5</ele></trkpt>
   <trkpt lat="51.138344" lon="6.997133"><ele>96</ele></trkpt>
   <trkpt lat="51.138081" lon="6.99722"><ele>95</ele></trkpt>
   <trkpt lat="51.137919" lon="6.997268"><ele>94.5</ele></trkpt>
   <trkpt lat="51.137869" lon="6.997259"><ele>94.25</ele></trkpt>
   <trkpt lat="51.137788" lon="6.997244"><ele>94</ele></trkpt>
   <trkpt lat="51.137743" lon="6.997249"><ele>93.5</ele></trkpt>
   <trkpt lat="51.137444" lon="6.997341"><ele>91.75</ele></trkpt>
   <trkpt lat="51.137228" lon="6.997408"><ele>91</ele></trkpt>
   <trkpt lat="51.136942" lon="6.997496"><ele>89</ele></trkpt>
   <trkpt lat="51.136521" lon="6.997641"><ele>88</ele></trkpt>
   <trkpt lat="51.136151" lon="6.997744"><ele>87.75</ele></trkpt>
   <trkpt lat="51.135917" lon="6.997826"><ele>88.5</ele></trkpt>
   <trkpt lat="51.135299" lon="6.998019"><ele>90.75</ele></trkpt>
   <trkpt lat="51.135138" lon="6.998066"><ele>91.5</ele></trkpt>
   <trkpt lat="51.134679" lon="6.998196"><ele>93</ele></trkpt>
   <trkpt lat="51.134576" lon="6.998224"><ele>93.5</ele></trkpt>
   <trkpt lat="51.134433" lon="6.998279"><ele>94</ele></trkpt>
   <trkpt lat="51.134102" lon="6.998356"><ele>94.25</ele></trkpt>
   <trkpt lat="51.133926" lon="6.99838"><ele>94.5</ele></trkpt>
   <trkpt lat="51.133719" lon="6.998375"><ele>94.5</ele></trkpt>
   <trkpt lat="51.133113" lon="6.998205"><ele>93.5</ele></trkpt>
   <trkpt lat="51.132508" lon="6.998079"><ele>90</ele></trkpt>
   <trkpt lat="51.132512" lon="6.998049"><ele>89.75</ele></trkpt>
   <trkpt lat="51.132522" lon="6.997964"><ele>89.5</ele></trkpt>
   <trkpt lat="51.132532" lon="6.997879"><ele>89.25</ele></trkpt>
   <trkpt lat="51.132198" lon="6.997718"><ele>88.75</ele></trkpt>
   <trkpt lat="51.132058" lon="6.997603"><ele>88.25</ele></trkpt>
   <trkpt lat="51.132008" lon="6.997566"><ele>88</ele></trkpt>
   <trkpt lat="51.131816" lon="6.99734"><ele>87</ele></trkpt>
   <trkpt lat="51.131663" lon="6.997112"><ele>86.75</ele></trkpt>
   <trkpt lat="51.131619" lon="6.997043"><ele>86.75</ele></trkpt>
   <trkpt lat="51.131497" lon="6.996892"><ele>86.25</ele></trkpt>
   <trkpt lat="51.131417" lon="6.996839"><ele>86</ele></trkpt>
   <trkpt lat="51.130762" lon="6.995993"><ele>84.5</ele></trkpt>
   <trkpt lat="51.13051" lon="6.995696"><ele>83.75</ele></trkpt>
   <trkpt lat="51.130403" lon="6.995553"><ele>84</ele></trkpt>
   <trkpt lat="51.130294" lon="6.995486"><ele>84</ele></trkpt>
   <trkpt lat="51.12867" lon="6.994543"><ele>83.25</ele></trkpt>
   <trkpt lat="51.128268" lon="6.9943"><ele>83.5</ele></trkpt>
   <trkpt lat="51.127892" lon="6.994089"><ele>84</ele></trkpt>
   <trkpt lat="51.12764" lon="6.993954"><ele>84</ele></trkpt>
   <trkpt lat="51.127527" lon="6.993937"><ele>84</ele></trkpt>
   <trkpt lat="51.127254" lon="6.993856"><ele>84</ele></trkpt>
   <trkpt lat="51.126587" lon="6.993634"><ele>85</ele></trkpt>
   <trkpt lat="51.126177" lon="6.993491"><ele>85.25</ele></trkpt>
   <trkpt lat="51.126011" lon="6.993424"><ele>85.5</ele></trkpt>
   <trkpt lat="51.125468" lon="6.993077"><ele>86.25</ele></trkpt>
   <trkpt lat="51.125334" lon="6.992936"><ele>86.25</ele></trkpt>
   <trkpt lat="51.125182" lon="6.992724"><ele>86</ele></trkpt>
   <trkpt lat="51.125144" lon="6.992807"><ele>86.5</ele></trkpt>
   <trkpt lat="51.125104" lon="6.992889"><ele>86.75</ele></trkpt>
   <trkpt lat="51.125047" lon="6.993007"><ele>86.75</ele></trkpt>
   <trkpt lat="51.124868" lon="6.993407"><ele>88.5</ele></trkpt>
   <trkpt lat="51.12483" lon="6.993498"><ele>89.5</ele></trkpt>
   <trkpt lat="51.12482" lon="6.993566"><ele>90</ele></trkpt>
   <trkpt lat="51.124829" lon="6.993707"><ele>90.25</ele></trkpt>
   <trkpt lat="51.124969" lon="6.994493"><ele>90.25</ele></trkpt>
   <trkpt lat="51.124975" lon="6.994584"><ele>89.75</ele></trkpt>
   <trkpt lat="51.124961" lon="6.99464"><ele>89.75</ele></trkpt>
   <trkpt lat="51.124922" lon="6.994712"><ele>89.75</ele></trkpt>
   <trkpt lat="51.124923" lon="6.994784"><ele>89.25</ele></trkpt>
   <trkpt lat="51.124927" lon="6.995217"><ele>87.25</ele></trkpt>
   <trkpt lat="51.124938" lon="6.99625"><ele>88.5</ele></trkpt>
   <trkpt lat="51.123538" lon="6.996378"><ele>87.25</ele></trkpt>
   <trkpt lat="51.123263" lon="6.996391"><ele>85.75</ele></trkpt>
   <trkpt lat="51.123174" lon="6.996413"><ele>85.5</ele></trkpt>
   <trkpt lat="51.123118" lon="6.996308"><ele>85.25</ele></trkpt>
   <trkpt lat="51.123043" lon="6.996224"><ele>85.5</ele></trkpt>
   <trkpt lat="51.122619" lon="6.99585"><ele>86.25</ele></trkpt>
   <trkpt lat="51.122355" lon="6.995417"><ele>87.5</ele></trkpt>
   <trkpt lat="51.121275" lon="6.993621"><ele>87.75</ele></trkpt>
   <trkpt lat="51.120957" lon="6.993098"><ele>88.75</ele></trkpt>
   <trkpt lat="51.120441" lon="6.992274"><ele>87.25</ele></trkpt>
   <trkpt lat="51.120325" lon="6.99211"><ele>85.75</ele></trkpt>
   <trkpt lat="51.120003" lon="6.991611"><ele>83.75</ele></trkpt>
   <trkpt lat="51.118784" lon="6.989491"><ele>86.5</ele></trkpt>
   <trkpt lat="51.118208" lon="6.988463"><ele>85.5</ele></trkpt>
   <trkpt lat="51.117133" lon="6.988735"><ele>88.75</ele></trkpt>
   <trkpt lat="51.116611" lon="6.98889"><ele>87.5</ele></trkpt>
   <trkpt lat="51.11654" lon="6.988935"><ele>87.25</ele></trkpt>
   <trkpt lat="51.116468" lon="6.989018"><ele>87</ele></trkpt>
   <trkpt lat="51.116374" lon="6.989198"><ele>86.75</ele></trkpt>
   <trkpt lat="51.115951" lon="6.990117"><ele>84.5</ele></trkpt>
   <trkpt lat="51.115713" lon="6.990613"><ele>83.5</ele></trkpt>
   <trkpt lat="51.115619" lon="6.99081"><ele>83.5</ele></trkpt>
   <trkpt lat="51.115542" lon="6.990891"><ele>83.25</ele></trkpt>
   <trkpt lat="51.115452" lon="6.990932"><ele>82.75</ele></trkpt>
   <trkpt lat="51.115152" lon="6.990936"><ele>82</ele></trkpt>
   <trkpt lat="51.115061" lon="6.990934"><ele>82</ele></trkpt>
   <trkpt lat="51.114968" lon="6.990918"><ele>82.25</ele></trkpt>
   <trkpt lat="51.114147" lon="6.99095"><ele>82.5</ele></trkpt>
   <trkpt lat="51.112454" lon="6.990949"><ele>77.25</ele></trkpt>
   <trkpt lat="51.111097" lon="6.990956"><ele>76.25</ele></trkpt>
   <trkpt lat="51.11077" lon="6.990929"><ele>77.5</ele></trkpt>
   <trkpt lat="51.110654" lon="6.990882"><ele>77.75</ele></trkpt>
   <trkpt lat="51.109325" lon="6.989842"><ele>76</ele></trkpt>
   <trkpt lat="51.108171" lon="6.988914"><ele>74.5</ele></trkpt>
   <trkpt lat="51.107961" lon="6.988742"><ele>74.75</ele></trkpt>
   <trkpt lat="51.107441" lon="6.988329"><ele>75</ele></trkpt>
   <trkpt lat="51.107252" lon="6.988307"><ele>75.25</ele></trkpt>
   <trkpt lat="51.10636" lon="6.988365"><ele>76</ele></trkpt>
   <trkpt lat="51.106114" lon="6.988393"><ele>75.5</ele></trkpt>
   <trkpt lat="51.106088" lon="6.988362"><ele>75.25</ele></trkpt>
   <trkpt lat="51.105869" lon="6.988366"><ele>75</ele></trkpt>
   <trkpt lat="51.105396" lon="6.988384"><ele>74.25</ele></trkpt>
   <trkpt lat="51.105244" lon="6.988294"><ele>74.5</ele></trkpt>
   <trkpt lat="51.104731" lon="6.988346"><ele>76.5</ele></trkpt>
   <trkpt lat="51.104412" lon="6.98847"><ele>75</ele></trkpt>
   <trkpt lat="51.104119" lon="6.988554"><ele>75.5</ele></trkpt>
   <trkpt lat="51.10383" lon="6.988614"><ele>75.75</ele></trkpt>
   <trkpt lat="51.103208" lon="6.988649"><ele>74.25</ele></trkpt>
   <trkpt lat="51.103122" lon="6.988687"><ele>73.75</ele></trkpt>
   <trkpt lat="51.103065" lon="6.988738"><ele>73.5</ele></trkpt>
   <trkpt lat="51.103032" lon="6.988789"><ele>73</ele></trkpt>
   <trkpt lat="51.102992" lon="6.988752"><ele>73.5</ele></trkpt>
   <trkpt lat="51.102926" lon="6.98869"><ele>74</ele></trkpt>
   <trkpt lat="51.102854" lon="6.988685"><ele>74</ele></trkpt>
   <trkpt lat="51.102784" lon="6.988711"><ele>74.25</ele></trkpt>
   <trkpt lat="51.102687" lon="6.98872"><ele>74</ele></trkpt>
   <trkpt lat="51.10262" lon="6.988697"><ele>73.75</ele></trkpt>
   <trkpt lat="51.102433" lon="6.988656"><ele>73.5</ele></trkpt>
   <trkpt lat="51.102129" lon="6.988628"><ele>72</ele></trkpt>
   <trkpt lat="51.10181" lon="6.988641"><ele>70.25</ele></trkpt>
   <trkpt lat="51.101726" lon="6.988644"><ele>70</ele></trkpt>
   <trkpt lat="51.100105" lon="6.988706"><ele>68.75</ele></trkpt>
   <trkpt lat="51.09411" lon="6.988916"><ele>68.75</ele></trkpt>
   <trkpt lat="51.09388" lon="6.98894"><ele>70.25</ele></trkpt>
   <trkpt lat="51.09376" lon="6.988987"><ele>71</ele></trkpt>
   <trkpt lat="51.093614" lon="6.989007"><ele>71</ele></trkpt>
   <trkpt lat="51.093202" lon="6.989028"><ele>70.5</ele></trkpt>
   <trkpt lat="51.093148" lon="6.989044"><ele>70.25</ele></trkpt>
   <trkpt lat="51.093115" lon="6.989064"><ele>70.25</ele></trkpt>
   <trkpt lat="51.093084" lon="6.989097"><ele>70</ele></trkpt>
   <trkpt lat="51.093058" lon="6.989059"><ele>70</ele></trkpt>
   <trkpt lat="51.093024" lon="6.989021"><ele>70</ele></trkpt>
   <trkpt lat="51.092965" lon="6.989015"><ele>70</ele></trkpt>
   <trkpt lat="51.092871" lon="6.989003"><ele>70.25</ele></trkpt>
   <trkpt lat="51.092843" lon="6.989038"><ele>70.25</ele></trkpt>
   <trkpt lat="51.092809" lon="6.9891"><ele>70.5</ele></trkpt>
   <trkpt lat="51.092736" lon="6.989069"><ele>70.75</ele></trkpt>
   <trkpt lat="51.09261" lon="6.989048"><ele>71</ele></trkpt>
   <trkpt lat="51.091757" lon="6.989039"><ele>72.5</ele></trkpt>
   <trkpt lat="51.091625" lon="6.989003"><ele>71.25</ele></trkpt>
   <trkpt lat="51.091498" lon="6.989021"><ele>69</ele></trkpt>
   <trkpt lat="51.091144" lon="6.989031"><ele>67.75</ele></trkpt>
   <trkpt lat="51.089199" lon="6.989106"><ele>69.5</ele></trkpt>
   <trkpt lat="51.08847" lon="6.989122"><ele>70.25</ele></trkpt>
   <trkpt lat="51.088008" lon="6.989157"><ele>71</ele></trkpt>
   <trkpt lat="51.087725" lon="6.989222"><ele>71</ele></trkpt>
   <trkpt lat="51.087391" lon="6.989344"><ele>71.25</ele></trkpt>
   <trkpt lat="51.087247" lon="6.98942"><ele>72.75</ele></trkpt>
   <trkpt lat="51.0869" lon="6.989619"><ele>74.5</ele></trkpt>
   <trkpt lat="51.086108" lon="6.99012"><ele>76.75</ele></trkpt>
   <trkpt lat="51.086076" lon="6.990181"><ele>77.25</ele></trkpt>
   <trkpt lat="51.086061" lon="6.990295"><ele>78</ele></trkpt>
   <trkpt lat="51.086025" lon="6.990491"><ele>78</ele></trkpt>
   <trkpt lat="51.086221" lon="6.993176"><ele>76.75</ele></trkpt>
   <trkpt lat="51.086258" lon="6.994114"><ele>75</ele></trkpt>
   <trkpt lat="51.086136" lon="6.994122"><ele>75</ele></trkpt>
   <trkpt lat="51.085424" lon="6.994044"><ele>73.75</ele></trkpt>
   <trkpt lat="51.085245" lon="6.993946"><ele>73.5</ele></trkpt>
   <trkpt lat="51.080531" lon="6.990918"><ele>72.75</ele></trkpt>
   <trkpt lat="51.08042" lon="6.990857"><ele>72.75</ele></trkpt>
   <trkpt lat="51.078138" lon="6.990189"><ele>66.75</ele></trkpt>
   <trkpt lat="51.077904" lon="6.99012"><ele>66</ele></trkpt>
   <trkpt lat="51.077715" lon="6.990849"><ele>66.75</ele></trkpt>
   <trkpt lat="51.07754" lon="6.991562"><ele>66</ele></trkpt>
   <trkpt lat="51.077037" lon="6.991227"><ele>66</ele></trkpt>
   <trkpt lat="51.076929" lon="6.991135"><ele>66</ele></trkpt>
   <trkpt lat="51.076611" lon="6.991828"><ele>65.75</ele></trkpt>
   <trkpt lat="51.076188" lon="6.991575"><ele>65</ele></trkpt>
   <trkpt lat="51.076092" lon="6.991534"><ele>65</ele></trkpt>
   <trkpt lat="51.075907" lon="6.991455"><ele>65</ele></trkpt>
   <trkpt lat="51.075657" lon="6.991206"><ele>64.25</ele></trkpt>
   <trkpt lat="51.075171" lon="6.990678"><ele>63</ele></trkpt>
   <trkpt lat="51.074742" lon="6.990095"><ele>62</ele></trkpt>
   <trkpt lat="51.074332" lon="6.989347"><ele>61</ele></trkpt>
   <trkpt lat="51.074297" lon="6.989198"><ele>61.25</ele></trkpt>
   <trkpt lat="51.074333" lon="6.988962"><ele>62.5</ele></trkpt>
   <trkpt lat="51.07423" lon="6.988943"><ele>62.5</ele></trkpt>
   <trkpt lat="51.074225" lon="6.988862"><ele>63</ele></trkpt>
   <trkpt lat="51.073065" lon="6.988852"><ele>60</ele></trkpt>
   <trkpt lat="51.072473" lon="6.988814"><ele>58.25</ele></trkpt>
   <trkpt lat="51.071916" lon="6.988823"><ele>57.25</ele></trkpt>
   <trkpt lat="51.071539" lon="6.988895"><ele>56.75</ele></trkpt>
   <trkpt lat="51.071245" lon="6.988973"><ele>54.75</ele></trkpt>
   <trkpt lat="51.070599" lon="6.989181"><ele>55.25</ele></trkpt>
   <trkpt lat="51.070272" lon="6.989333"><ele>53</ele></trkpt>
   <trkpt lat="51.06858" lon="6.990295"><ele>50.25</ele></trkpt>
   <trkpt lat="51.067885" lon="6.99071"><ele>48.5</ele></trkpt>
   <trkpt lat="51.067665" lon="6.99084"><ele>49.75</ele></trkpt>
   <trkpt lat="51.067574" lon="6.990942"><ele>49.75</ele></trkpt>
   <trkpt lat="51.067462" lon="6.99114"><ele>49.75</ele></trkpt>
   <trkpt lat="51.067416" lon="6.991098"><ele>50</ele></trkpt>
   <trkpt lat="51.067381" lon="6.991067"><ele>50</ele></trkpt>
   <trkpt lat="51.067238" lon="6.991111"><ele>50</ele></trkpt>
   <trkpt lat="51.067219" lon="6.990985"><ele>50</ele></trkpt>
   <trkpt lat="51.067198" lon="6.990864"><ele>50</ele></trkpt>
   <trkpt lat="51.067131" lon="6.990876"><ele>50</ele></trkpt>
   <trkpt lat="51.067049" lon="6.99089"><ele>50</ele></trkpt>
   <trkpt lat="51.066963" lon="6.990905"><ele>49.75</ele></trkpt>
   <trkpt lat="51.066651" lon="6.990951"><ele>49.75</ele></trkpt>
   <trkpt lat="51.066476" lon="6.990938"><ele>49.5</ele></trkpt>
   <trkpt lat="51.066193" lon="6.990871"><ele>49</ele></trkpt>
   <trkpt lat="51.065936" lon="6.990745"><ele>49</ele></trkpt>
   <trkpt lat="51.065635" lon="6.990555"><ele>49</ele></trkpt>
   <trkpt lat="51.065195" lon="6.990232"><ele>50</ele></trkpt>
   <trkpt lat="51.06432" lon="6.989635"><ele>51</ele></trkpt>
   <trkpt lat="51.064315" lon="6.989521"><ele>51</ele></trkpt>
   <trkpt lat="51.064317" lon="6.989396"><ele>50.75</ele></trkpt>
   <trkpt lat="51.064415" lon="6.989225"><ele>50.75</ele></trkpt>
   <trkpt lat="51.064584" lon="6.988658"><ele>51</ele></trkpt>
   <trkpt lat="51.064649" lon="6.988343"><ele>52</ele></trkpt>
   <trkpt lat="51.064754" lon="6.98764"><ele>52</ele></trkpt>
   <trkpt lat="51.064791" lon="6.987416"><ele>49.25</ele></trkpt>
   <trkpt lat="51.064823" lon="6.98701"><ele>48.75</ele></trkpt>
   <trkpt lat="51.064696" lon="6.986916"><ele>49.25</ele></trkpt>
   <trkpt lat="51.064053" lon="6.985307"><ele>49.75</ele></trkpt>
   <trkpt lat="51.064016" lon="6.98523"><ele>49.75</ele></trkpt>
   <trkpt lat="51.06357" lon="6.984255"><ele>49.25</ele></trkpt>
   <trkpt lat="51.063516" lon="6.984162"><ele>49.25</ele></trkpt>
   <trkpt lat="51.063438" lon="6.984027"><ele>48.5</ele></trkpt>
   <trkpt lat="51.063104" lon="6.983536"><ele>48</ele></trkpt>
   <trkpt lat="51.062919" lon="6.983211"><ele>48.5</ele></trkpt>
   <trkpt lat="51.062668" lon="6.982624"><ele>48.5</ele></trkpt>
   <trkpt lat="51.061901" lon="6.981167"><ele>48.25</ele></trkpt>
   <trkpt lat="51.061568" lon="6.980492"><ele>48.75</ele></trkpt>
   <trkpt lat="51.061292" lon="6.979972"><ele>47.75</ele></trkpt>
   <trkpt lat="51.061092" lon="6.979804"><ele>47.75</ele></trkpt>
   <trkpt lat="51.060805" lon="6.979655"><ele>48.25</ele></trkpt>
   <trkpt lat="51.060332" lon="6.979494"><ele>47.75</ele></trkpt>
   <trkpt lat="51.059706" lon="6.979401"><ele>46.75</ele></trkpt>
   <trkpt lat="51.059429" lon="6.979279"><ele>46</ele></trkpt>
   <trkpt lat="51.058377" lon="6.978098"><ele>45.75</ele></trkpt>
   <trkpt lat="51.058024" lon="6.977695"><ele>45</ele></trkpt>
   <trkpt lat="51.057778" lon="6.97744"><ele>45.75</ele></trkpt>
   <trkpt lat="51.057673" lon="6.977354"><ele>45.25</ele></trkpt>
   <trkpt lat="51.057507" lon="6.977333"><ele>44.5</ele></trkpt>
   <trkpt lat="51.057273" lon="6.977377"><ele>45.5</ele></trkpt>
   <trkpt lat="51.056992" lon="6.97712"><ele>45</ele></trkpt>
   <trkpt lat="51.056799" lon="6.976974"><ele>44</ele></trkpt>
   <trkpt lat="51.056613" lon="6.976885"><ele>43.75</ele></trkpt>
   <trkpt lat="51.056448" lon="6.97685"><ele>43.25</ele></trkpt>
   <trkpt lat="51.056196" lon="6.976739"><ele>43.5</ele></trkpt>
   <trkpt lat="51.056065" lon="6.976678"><ele>43.75</ele></trkpt>
   <trkpt lat="51.056098" lon="6.976448"><ele>43.75</ele></trkpt>
   <trkpt lat="51.056105" lon="6.976209"><ele>43.75</ele></trkpt>
   <trkpt lat="51.0561" lon="6.975892"><ele>43.75</ele></trkpt>
   <trkpt lat="51.056073" lon="6.975652"><ele>43.75</ele></trkpt>
   <trkpt lat="51.056035" lon="6.975482"><ele>43.25</ele></trkpt>
   <trkpt lat="51.055981" lon="6.975317"><ele>42.5</ele></trkpt>
   <trkpt lat="51.055911" lon="6.975161"><ele>42.75</ele></trkpt>
   <trkpt lat="51.055424" lon="6.974217"><ele>42.5</ele></trkpt>
   <trkpt lat="51.054106" lon="6.971766"><ele>42.5</ele></trkpt>
   <trkpt lat="51.052247" lon="6.968294"><ele>42.5</ele></trkpt>
   <trkpt lat="51.052019" lon="6.967968"><ele>42</ele></trkpt>
   <trkpt lat="51.051803" lon="6.967747"><ele>42.25</ele></trkpt>
   <trkpt lat="51.051609" lon="6.967596"><ele>42</ele></trkpt>
   <trkpt lat="51.051378" lon="6.967469"><ele>42.75</ele></trkpt>
   <trkpt lat="51.050972" lon="6.96738"><ele>42.25</ele></trkpt>
   <trkpt lat="51.050848" lon="6.96737"><ele>42.75</ele></trkpt>
   <trkpt lat="51.050788" lon="6.967365"><ele>42.75</ele></trkpt>
   <trkpt lat="51.050363" lon="6.967397"><ele>43.25</ele></trkpt>
   <trkpt lat="51.050321" lon="6.967384"><ele>43.5</ele></trkpt>
   <trkpt lat="51.050284" lon="6.967331"><ele>43.75</ele></trkpt>
   <trkpt lat="51.050251" lon="6.967383"><ele>44</ele></trkpt>
   <trkpt lat="51.050218" lon="6.967448"><ele>44</ele></trkpt>
   <trkpt lat="51.050114" lon="6.967394"><ele>44.5</ele></trkpt>
   <trkpt lat="51.050075" lon="6.967394"><ele>44.5</ele></trkpt>
   <trkpt lat="51.050034" lon="6.967412"><ele>44.75</ele></trkpt>
   <trkpt lat="51.049996" lon="6.967446"><ele>44.75</ele></trkpt>
   <trkpt lat="51.049947" lon="6.967542"><ele>44.5</ele></trkpt>
   <trkpt lat="51.04992" lon="6.967573"><ele>44.25</ele></trkpt>
   <trkpt lat="51.049858" lon="6.967703"><ele>43.75</ele></trkpt>
   <trkpt lat="51.049766" lon="6.967926"><ele>44.5</ele></trkpt>
   <trkpt lat="51.049711" lon="6.968079"><ele>44.5</ele></trkpt>
   <trkpt lat="51.049679" lon="6.968185"><ele>43.5</ele></trkpt>
   <trkpt lat="51.04963" lon="6.96841"><ele>42.75</ele></trkpt>
   <trkpt lat="51.049605" lon="6.968549"><ele>42.75</ele></trkpt>
   <trkpt lat="51.049589" lon="6.968681"><ele>42.75</ele></trkpt>
   <trkpt lat="51.049583" lon="6.968805"><ele>42.5</ele></trkpt>
   <trkpt lat="51.049584" lon="6.968928"><ele>42.25</ele></trkpt>
   <trkpt lat="51.049614" lon="6.969631"><ele>42</ele></trkpt>
   <trkpt lat="51.049616" lon="6.969981"><ele>42</ele></trkpt>
   <trkpt lat="51.049572" lon="6.970751"><ele>41</ele></trkpt>
   <trkpt lat="51.049541" lon="6.971106"><ele>41.5</ele></trkpt>
   <trkpt lat="51.049408" lon="6.972121"><ele>42.75</ele></trkpt>
   <trkpt lat="51.049301" lon="6.972716"><ele>41.75</ele></trkpt>
   <trkpt lat="51.049174" lon="6.973295"><ele>43.75</ele></trkpt>
   <trkpt lat="51.048974" lon="6.974051"><ele>41.75</ele></trkpt>
   <trkpt lat="51.048828" lon="6.974566"><ele>42.5</ele></trkpt>
   <trkpt lat="51.04869" lon="6.974975"><ele>42.5</ele></trkpt>
   <trkpt lat="51.048575" lon="6.975327"><ele>43</ele></trkpt>
   <trkpt lat="51.048366" lon="6.97584"><ele>43.75</ele></trkpt>
   <trkpt lat="51.048219" lon="6.976196"><ele>42.25</ele></trkpt>
   <trkpt lat="51.048106" lon="6.976444"><ele>43</ele></trkpt>
   <trkpt lat="51.04799" lon="6.976675"><ele>43.25</ele></trkpt>
   <trkpt lat="51.047942" lon="6.97676"><ele>42.75</ele></trkpt>
   <trkpt lat="51.047837" lon="6.976945"><ele>43</ele></trkpt>
   <trkpt lat="51.047672" lon="6.977196"><ele>42.5</ele></trkpt>
   <trkpt lat="51.047427" lon="6.977472"><ele>43.25</ele></trkpt>
   <trkpt lat="51.046997" lon="6.977839"><ele>43.5</ele></trkpt>
   <trkpt lat="51.046833" lon="6.977904"><ele>42.75</ele></trkpt>
   <trkpt lat="51.046625" lon="6.977965"><ele>42.5</ele></trkpt>
   <trkpt lat="51.046418" lon="6.978007"><ele>43.25</ele></trkpt>
   <trkpt lat="51.046248" lon="6.97803"><ele>43.5</ele></trkpt>
   <trkpt lat="51.045975" lon="6.978057"><ele>43.75</ele></trkpt>
   <trkpt lat="51.045896" lon="6.97806"><ele>43.75</ele></trkpt>
   <trkpt lat="51.045638" lon="6.97809"><ele>43</ele></trkpt>
   <trkpt lat="51.045278" lon="6.978191"><ele>42.25</ele></trkpt>
   <trkpt lat="51.044931" lon="6.97833"><ele>43.5</ele></trkpt>
   <trkpt lat="51.044699" lon="6.978445"><ele>42.75</ele></trkpt>
   <trkpt lat="51.044583" lon="6.978502"><ele>42.75</ele></trkpt>
   <trkpt lat="51.044189" lon="6.978735"><ele>42.5</ele></trkpt>
   <trkpt lat="51.043717" lon="6.978925"><ele>43</ele></trkpt>
   <trkpt lat="51.043458" lon="6.979001"><ele>43</ele></trkpt>
   <trkpt lat="51.043348" lon="6.979019"><ele>43</ele></trkpt>
   <trkpt lat="51.042954" lon="6.979078"><ele>42.5</ele></trkpt>
   <trkpt lat="51.042547" lon="6.979066"><ele>42.75</ele></trkpt>
   <trkpt lat="51.042374" lon="6.979051"><ele>43</ele></trkpt>
   <trkpt lat="51.042144" lon="6.978998"><ele>42.75</ele></trkpt>
   <trkpt lat="51.041579" lon="6.978826"><ele>43.25</ele></trkpt>
   <trkpt lat="51.041229" lon="6.978757"><ele>42.75</ele></trkpt>
   <trkpt lat="51.041199" lon="6.978746"><ele>42.75</ele></trkpt>
   <trkpt lat="51.041136" lon="6.97868"><ele>43.25</ele></trkpt>
   <trkpt lat="51.041077" lon="6.978617"><ele>43.75</ele></trkpt>
   <trkpt lat="51.040762" lon="6.978212"><ele>42</ele></trkpt>
   <trkpt lat="51.040697" lon="6.978141"><ele>42</ele></trkpt>
   <trkpt lat="51.040629" lon="6.978082"><ele>42</ele></trkpt>
   <trkpt lat="51.040503" lon="6.978009"><ele>41.75</ele></trkpt>
   <trkpt lat="51.040367" lon="6.977983"><ele>41.5</ele></trkpt>
   <trkpt lat="51.040292" lon="6.977995"><ele>41.75</ele></trkpt>
   <trkpt lat="51.040189" lon="6.978052"><ele>41.75</ele></trkpt>
   <trkpt lat="51.039662" lon="6.978556"><ele>42.75</ele></trkpt>
   <trkpt lat="51.039485" lon="6.978706"><ele>43.5</ele></trkpt>
   <trkpt lat="51.039505" lon="6.978755"><ele>43.75</ele></trkpt>
   <trkpt lat="51.039544" lon="6.97877"><ele>43.75</ele></trkpt>
   <trkpt lat="51.039708" lon="6.978763"><ele>43.5</ele></trkpt>
   <trkpt lat="51.039842" lon="6.97879"><ele>43.75</ele></trkpt>
   <trkpt lat="51.039978" lon="6.978873"><ele>43.75</ele></trkpt>
   <trkpt lat="51.040148" lon="6.978963"><ele>44.5</ele></trkpt>
   <trkpt lat="51.040208" lon="6.978934"><ele>44.75</ele></trkpt>
   <trkpt lat="51.040328" lon="6.978637"><ele>44</ele></trkpt>
   <trkpt lat="51.040348" lon="6.978608"><ele>43.75</ele></trkpt>
   <trkpt lat="51.040504" lon="6.977807"><ele>42.75</ele></trkpt>
   <trkpt lat="51.040623" lon="6.977157"><ele>42</ele></trkpt>
   <trkpt lat="51.040625" lon="6.977034"><ele>42</ele></trkpt>
   <trkpt lat="51.040608" lon="6.976912"><ele>42.5</ele></trkpt>
   <trkpt lat="51.040555" lon="6.976792"><ele>43.5</ele></trkpt>
   <trkpt lat="51.040332" lon="6.976496"><ele>44</ele></trkpt>
   <trkpt lat="51.039992" lon="6.976329"><ele>44</ele></trkpt>
   <trkpt lat="51.039953" lon="6.97631"><ele>44</ele></trkpt>
   <trkpt lat="51.03988" lon="6.976291"><ele>44</ele></trkpt>
   <trkpt lat="51.039858" lon="6.976294"><ele>44</ele></trkpt>
   <trkpt lat="51.039815" lon="6.976318"><ele>44</ele></trkpt>
   <trkpt lat="51.039778" lon="6.97636"><ele>44</ele></trkpt>
   <trkpt lat="51.039723" lon="6.97633"><ele>44</ele></trkpt>
   <trkpt lat="51.039695" lon="6.976415"><ele>43.75</ele></trkpt>
   <trkpt lat="51.039667" lon="6.976475"><ele>43.5</ele></trkpt>
   <trkpt lat="51.039598" lon="6.976528"><ele>43.25</ele></trkpt>
   <trkpt lat="51.039467" lon="6.976566"><ele>43.5</ele></trkpt>
   <trkpt lat="51.039219" lon="6.976663"><ele>43.75</ele></trkpt>
   <trkpt lat="51.039008" lon="6.976766"><ele>43</ele></trkpt>
   <trkpt lat="51.038885" lon="6.976853"><ele>42.75</ele></trkpt>
   <trkpt lat="51.03846" lon="6.977233"><ele>43</ele></trkpt>
   <trkpt lat="51.038152" lon="6.97753"><ele>43.75</ele></trkpt>
   <trkpt lat="51.038057" lon="6.97761"><ele>43.75</ele></trkpt>
   <trkpt lat="51.037917" lon="6.9777"><ele>43.75</ele></trkpt>
   <trkpt lat="51.037802" lon="6.977728"><ele>43.75</ele></trkpt>
   <trkpt lat="51.03769" lon="6.977719"><ele>43.75</ele></trkpt>
   <trkpt lat="51.037628" lon="6.977705"><ele>43.75</ele></trkpt>
   <trkpt lat="51.037507" lon="6.977638"><ele>43.75</ele></trkpt>
   <trkpt lat="51.03743" lon="6.977575"><ele>44</ele></trkpt>
   <trkpt lat="51.037307" lon="6.9775"><ele>44</ele></trkpt>
   <trkpt lat="51.037259" lon="6.977489"><ele>43.75</ele></trkpt>
   <trkpt lat="51.03722" lon="6.977495"><ele>44</ele></trkpt>
   <trkpt lat="51.037079" lon="6.977283"><ele>44</ele></trkpt>
   <trkpt lat="51.037045" lon="6.977237"><ele>44</ele></trkpt>
   <trkpt lat="51.037073" lon="6.977168"><ele>44</ele></trkpt>
   <trkpt lat="51.037087" lon="6.977096"><ele>44</ele></trkpt>
   <trkpt lat="51.037089" lon="6.977024"><ele>44</ele></trkpt>
   <trkpt lat="51.037113" lon="6.976835"><ele>44</ele></trkpt>
   <trkpt lat="51.037114" lon="6.976233"><ele>45</ele></trkpt>
   <trkpt lat="51.037131" lon="6.975999"><ele>45</ele></trkpt>
   <trkpt lat="51.037111" lon="6.975228"><ele>47.25</ele></trkpt>
   <trkpt lat="51.037076" lon="6.97443"><ele>49.25</ele></trkpt>
   <trkpt lat="51.037038" lon="6.973776"><ele>49</ele></trkpt>
   <trkpt lat="51.03699" lon="6.97321"><ele>49.5</ele></trkpt>
   <trkpt lat="51.036952" lon="6.972765"><ele>50</ele></trkpt>
   <trkpt lat="51.036866" lon="6.972035"><ele>51</ele></trkpt>
   <trkpt lat="51.036789" lon="6.97158"><ele>52.75</ele></trkpt>
   <trkpt lat="51.036702" lon="6.971146"><ele>54</ele></trkpt>
   <trkpt lat="51.036601" lon="6.970715"><ele>55.75</ele></trkpt>
   <trkpt lat="51.036553" lon="6.970551"><ele>56.5</ele></trkpt>
   <trkpt lat="51.036497" lon="6.970333"><ele>56.5</ele></trkpt>
   <trkpt lat="51.036409" lon="6.970048"><ele>56</ele></trkpt>
   <trkpt lat="51.036314" lon="6.969789"><ele>55.75</ele></trkpt>
   <trkpt lat="51.036225" lon="6.969571"><ele>56</ele></trkpt>
   <trkpt lat="51.036119" lon="6.969342"><ele>56.25</ele></trkpt>
   <trkpt lat="51.03603" lon="6.969177"><ele>56.25</ele></trkpt>
   <trkpt lat="51.03589" lon="6.968944"><ele>56</ele></trkpt>
   <trkpt lat="51.035723" lon="6.968695"><ele>55.5</ele></trkpt>
   <trkpt lat="51.035567" lon="6.968497"><ele>55</ele></trkpt>
   <trkpt lat="51.035373" lon="6.968271"><ele>55.5</ele></trkpt>
   <trkpt lat="51.035322" lon="6.968263"><ele>55.75</ele></trkpt>
   <trkpt lat="51.035298" lon="6.968239"><ele>55.75</ele></trkpt>
   <trkpt lat="51.035277" lon="6.968217"><ele>55.75</ele></trkpt>
   <trkpt lat="51.035128" lon="6.968081"><ele>55</ele></trkpt>
   <trkpt lat="51.034963" lon="6.967949"><ele>54.5</ele></trkpt>
   <trkpt lat="51.034857" lon="6.967887"><ele>54</ele></trkpt>
   <trkpt lat="51.034711" lon="6.967812"><ele>53.5</ele></trkpt>
   <trkpt lat="51.034493" lon="6.967741"><ele>53</ele></trkpt>
   <trkpt lat="51.034359" lon="6.967711"><ele>52.5</ele></trkpt>
   <trkpt lat="51.034134" lon="6.967696"><ele>51.75</ele></trkpt>
   <trkpt lat="51.034022" lon="6.967704"><ele>51.5</ele></trkpt>
   <trkpt lat="51.033776" lon="6.967757"><ele>50.5</ele></trkpt>
   <trkpt lat="51.033599" lon="6.967832"><ele>50.75</ele></trkpt>
   <trkpt lat="51.03344" lon="6.967921"><ele>50</ele></trkpt>
   <trkpt lat="51.033348" lon="6.967986"><ele>50</ele></trkpt>
   <trkpt lat="51.0334" lon="6.967421"><ele>49.25</ele></trkpt>
   <trkpt lat="51.034102" lon="6.966624"><ele>49.5</ele></trkpt>
   <trkpt lat="51.034322" lon="6.966358"><ele>49.75</ele></trkpt>
   <trkpt lat="51.034451" lon="6.966249"><ele>50.5</ele></trkpt>
   <trkpt lat="51.034565" lon="6.96616"><ele>51.5</ele></trkpt>
   <trkpt lat="51.034693" lon="6.966075"><ele>52.5</ele></trkpt>
   <trkpt lat="51.035" lon="6.965939"><ele>54.25</ele></trkpt>
   <trkpt lat="51.035029" lon="6.965926"><ele>53.75</ele></trkpt>
   <trkpt lat="51.035083" lon="6.965902"><ele>53</ele></trkpt>
   <trkpt lat="51.035846" lon="6.965567"><ele>54</ele></trkpt>
   <trkpt lat="51.035926" lon="6.965529"><ele>54</ele></trkpt>
   <trkpt lat="51.035941" lon="6.965573"><ele>54.25</ele></trkpt>
   <trkpt lat="51.035893" lon="6.965671"><ele>54.25</ele></trkpt>
   <trkpt lat="51.035866" lon="6.965753"><ele>54.25</ele></trkpt>
   <trkpt lat="51.035837" lon="6.965876"><ele>54</ele></trkpt>
   <trkpt lat="51.035827" lon="6.965944"><ele>53.75</ele></trkpt>
   <trkpt lat="51.035814" lon="6.966092"><ele>53.75</ele></trkpt>
   <trkpt lat="51.035823" lon="6.966454"><ele>53.75</ele></trkpt>
   <trkpt lat="51.035812" lon="6.966548"><ele>53.75</ele></trkpt>
   <trkpt lat="51.035782" lon="6.966649"><ele>53.75</ele></trkpt>
   <trkpt lat="51.035751" lon="6.966729"><ele>53.5</ele></trkpt>
   <trkpt lat="51.035647" lon="6.966842"><ele>53</ele></trkpt>
   <trkpt lat="51.035567" lon="6.966915"><ele>53</ele></trkpt>
   <trkpt lat="51.035504" lon="6.966787"><ele>52.75</ele></trkpt>
   <trkpt lat="51.035456" lon="6.96646"><ele>51.75</ele></trkpt>
   <trkpt lat="51.035443" lon="6.966294"><ele>51.25</ele></trkpt>
   <trkpt lat="51.035405" lon="6.966199"><ele>51</ele></trkpt>
   <trkpt lat="51.035376" lon="6.966032"><ele>50.75</ele></trkpt>
   <trkpt lat="51.03537" lon="6.96583"><ele>50.25</ele></trkpt>
   <trkpt lat="51.035409" lon="6.965532"><ele>49.25</ele></trkpt>
   <trkpt lat="51.035503" lon="6.965196"><ele>48.5</ele></trkpt>
   <trkpt lat="51.035573" lon="6.96501"><ele>47.25</ele></trkpt>
   <trkpt lat="51.035707" lon="6.964782"><ele>47.25</ele></trkpt>
   <trkpt lat="51.035873" lon="6.964564"><ele>47.25</ele></trkpt>
   <trkpt lat="51.036591" lon="6.963853"><ele>48</ele></trkpt>
   <trkpt lat="51.036738" lon="6.963671"><ele>47.75</ele></trkpt>
   <trkpt lat="51.036877" lon="6.963584"><ele>48.25</ele></trkpt>
   <trkpt lat="51.036978" lon="6.963558"><ele>48.75</ele></trkpt>
   <trkpt lat="51.037102" lon="6.963529"><ele>49.5</ele></trkpt>
   <trkpt lat="51.037183" lon="6.96349"><ele>49.75</ele></trkpt>
   <trkpt lat="51.037267" lon="6.963464"><ele>50</ele></trkpt>
   <trkpt lat="51.037337" lon="6.963485"><ele>50.5</ele></trkpt>
   <trkpt lat="51.037394" lon="6.963531"><ele>51</ele></trkpt>
   <trkpt lat="51.03745" lon="6.963605"><ele>51.75</ele></trkpt>
   <trkpt lat="51.037482" lon="6.963702"><ele>52.25</ele></trkpt>
   <trkpt lat="51.037492" lon="6.963854"><ele>52.75</ele></trkpt>
   <trkpt lat="51.037465" lon="6.963952"><ele>53</ele></trkpt>
   <trkpt lat="51.037405" lon="6.96403"><ele>53</ele></trkpt>
   <trkpt lat="51.037297" lon="6.964139"><ele>53</ele></trkpt>
   <trkpt lat="51.037138" lon="6.964259"><ele>52.75</ele></trkpt>
   <trkpt lat="51.036923" lon="6.964342"><ele>52</ele></trkpt>
   <trkpt lat="51.036774" lon="6.964354"><ele>52</ele></trkpt>
   <trkpt lat="51.036716" lon="6.964316"><ele>51.5</ele></trkpt>
   <trkpt lat="51.036683" lon="6.964256"><ele>51</ele></trkpt>
   <trkpt lat="51.036581" lon="6.96405"><ele>50.75</ele></trkpt>
   <trkpt lat="51.036396" lon="6.963685"><ele>50.5</ele></trkpt>
   <trkpt lat="51.035894" lon="6.962747"><ele>49.75</ele></trkpt>
   <trkpt lat="51.032757" lon="6.957108"><ele>45.5</ele></trkpt>
   <trkpt lat="51.032559" lon="6.956837"><ele>45.25</ele></trkpt>
   <trkpt lat="51.030203" lon="6.952636"><ele>42.25</ele></trkpt>
   <trkpt lat="51.030118" lon="6.952485"><ele>42.25</ele></trkpt>
   <trkpt lat="51.030016" lon="6.952172"><ele>42</ele></trkpt>
   <trkpt lat="51.029695" lon="6.951509"><ele>42</ele></trkpt>
   <trkpt lat="51.029342" lon="6.950825"><ele>42</ele></trkpt>
   <trkpt lat="51.028974" lon="6.950141"><ele>42.25</ele></trkpt>
   <trkpt lat="51.028917" lon="6.950017"><ele>42.75</ele></trkpt>
   <trkpt lat="51.028915" lon="6.949912"><ele>43.5</ele></trkpt>
   <trkpt lat="51.02895" lon="6.949833"><ele>44</ele></trkpt>
   <trkpt lat="51.028979" lon="6.949797"><ele>44</ele></trkpt>
   <trkpt lat="51.028606" lon="6.949373"><ele>46</ele></trkpt>
   <trkpt lat="51.02848" lon="6.94921"><ele>45.75</ele></trkpt>
   <trkpt lat="51.02832" lon="6.948973"><ele>46.75</ele></trkpt>
   <trkpt lat="51.028203" lon="6.94875"><ele>46.5</ele></trkpt>
   <trkpt lat="51.028116" lon="6.948594"><ele>46.25</ele></trkpt>
   <trkpt lat="51.02799" lon="6.94832"><ele>46</ele></trkpt>
   <trkpt lat="51.027855" lon="6.947961"><ele>45.75</ele></trkpt>
   <trkpt lat="51.02772" lon="6.947521"><ele>45.5</ele></trkpt>
   <trkpt lat="51.027605" lon="6.947039"><ele>45.5</ele></trkpt>
   <trkpt lat="51.027293" lon="6.945586"><ele>43.5</ele></trkpt>
   <trkpt lat="51.02721" lon="6.945244"><ele>44.5</ele></trkpt>
   <trkpt lat="51.027124" lon="6.944929"><ele>42.75</ele></trkpt>
   <trkpt lat="51.02707" lon="6.944759"><ele>42.75</ele></trkpt>
   <trkpt lat="51.026902" lon="6.944282"><ele>42.5</ele></trkpt>
   <trkpt lat="51.026725" lon="6.943861"><ele>42</ele></trkpt>
   <trkpt lat="51.026532" lon="6.943482"><ele>42.25</ele></trkpt>
   <trkpt lat="51.026228" lon="6.942931"><ele>42.25</ele></trkpt>
   <trkpt lat="51.025441" lon="6.941568"><ele>43.5</ele></trkpt>
   <trkpt lat="51.025388" lon="6.941462"><ele>43.5</ele></trkpt>
   <trkpt lat="51.025351" lon="6.941371"><ele>43.5</ele></trkpt>
   <trkpt lat="51.025286" lon="6.941162"><ele>43.75</ele></trkpt>
   <trkpt lat="51.02525" lon="6.940942"><ele>44.25</ele></trkpt>
   <trkpt lat="51.025231" lon="6.940775"><ele>44.5</ele></trkpt>
   <trkpt lat="51.025228" lon="6.940512"><ele>44.5</ele></trkpt>
   <trkpt lat="51.025242" lon="6.940361"><ele>44.5</ele></trkpt>
   <trkpt lat="51.025267" lon="6.940192"><ele>44.25</ele></trkpt>
   <trkpt lat="51.025404" lon="6.939528"><ele>45.5</ele></trkpt>
   <trkpt lat="51.025401" lon="6.939501"><ele>45.5</ele></trkpt>
   <trkpt lat="51.025411" lon="6.939445"><ele>45.5</ele></trkpt>
   <trkpt lat="51.025428" lon="6.939403"><ele>45.25</ele></trkpt>
   <trkpt lat="51.025497" lon="6.939009"><ele>44</ele></trkpt>
   <trkpt lat="51.025571" lon="6.938492"><ele>43.25</ele></trkpt>
   <trkpt lat="51.025666" lon="6.937735"><ele>45.5</ele></trkpt>
   <trkpt lat="51.025713" lon="6.937304"><ele>44.25</ele></trkpt>
   <trkpt lat="51.025711" lon="6.937257"><ele>44.25</ele></trkpt>
   <trkpt lat="51.025719" lon="6.937185"><ele>43.75</ele></trkpt>
   <trkpt lat="51.02572" lon="6.937119"><ele>43.25</ele></trkpt>
   <trkpt lat="51.025714" lon="6.937077"><ele>43</ele></trkpt>
   <trkpt lat="51.025695" lon="6.937036"><ele>42.75</ele></trkpt>
   <trkpt lat="51.025669" lon="6.937002"><ele>42.5</ele></trkpt>
   <trkpt lat="51.025648" lon="6.936988"><ele>42.5</ele></trkpt>
   <trkpt lat="51.025391" lon="6.936943"><ele>42</ele></trkpt>
   <trkpt lat="51.025197" lon="6.936917"><ele>42</ele></trkpt>
   <trkpt lat="51.025016" lon="6.936898"><ele>42</ele></trkpt>
   <trkpt lat="51.02488" lon="6.936884"><ele>42</ele></trkpt>
   <trkpt lat="51.024661" lon="6.936853"><ele>42</ele></trkpt>
   <trkpt lat="51.024026" lon="6.936728"><ele>42</ele></trkpt>
   <trkpt lat="51.024038" lon="6.936621"><ele>42</ele></trkpt>
   <trkpt lat="51.024047" lon="6.936474"><ele>42</ele></trkpt>
   <trkpt lat="51.023809" lon="6.936403"><ele>42</ele></trkpt>
   <trkpt lat="51.023255" lon="6.936257"><ele>41.5</ele></trkpt>
   <trkpt lat="51.023092" lon="6.936042"><ele>41.25</ele></trkpt>
   <trkpt lat="51.022423" lon="6.935376"><ele>38.25</ele></trkpt>
   <trkpt lat="51.021848" lon="6.9349"><ele>37.75</ele></trkpt>
   <trkpt lat="51.021659" lon="6.934645"><ele>37.5</ele></trkpt>
   <trkpt lat="51.021465" lon="6.934358"><ele>37.5</ele></trkpt>
   <trkpt lat="51.021256" lon="6.934079"><ele>37.75</ele></trkpt>
   <trkpt lat="51.021045" lon="6.933705"><ele>37.75</ele></trkpt>
   <trkpt lat="51.020753" lon="6.933119"><ele>37.75</ele></trkpt>
   <trkpt lat="51.020558" lon="6.932628"><ele>37.25</ele></trkpt>
   <trkpt lat="51.020459" lon="6.932319"><ele>37.5</ele></trkpt>
   <trkpt lat="51.020298" lon="6.93215"><ele>38</ele></trkpt>
   <trkpt lat="51.02023" lon="6.931959"><ele>39.25</ele></trkpt>
   <trkpt lat="51.020091" lon="6.931477"><ele>42.25</ele></trkpt>
   <trkpt lat="51.019973" lon="6.931074"><ele>42.75</ele></trkpt>
   <trkpt lat="51.0199" lon="6.930207"><ele>37.25</ele></trkpt>
   <trkpt lat="51.019118" lon="6.92918"><ele>37.75</ele></trkpt>
   <trkpt lat="51.018937" lon="6.928879"><ele>37.75</ele></trkpt>
   <trkpt lat="51.018715" lon="6.928435"><ele>38.25</ele></trkpt>
   <trkpt lat="51.01857" lon="6.928108"><ele>37.75</ele></trkpt>
   <trkpt lat="51.018523" lon="6.927962"><ele>38.25</ele></trkpt>
   <trkpt lat="51.018498" lon="6.92786"><ele>38.25</ele></trkpt>
   <trkpt lat="51.018486" lon="6.927727"><ele>38.25</ele></trkpt>
   <trkpt lat="51.018503" lon="6.927604"><ele>38</ele></trkpt>
   <trkpt lat="51.01854" lon="6.927484"><ele>37.75</ele></trkpt>
   <trkpt lat="51.018597" lon="6.92735"><ele>37.5</ele></trkpt>
   <trkpt lat="51.018689" lon="6.927209"><ele>37.75</ele></trkpt>
   <trkpt lat="51.018762" lon="6.927137"><ele>37.75</ele></trkpt>
   <trkpt lat="51.019318" lon="6.926717"><ele>37.5</ele></trkpt>
   <trkpt lat="51.019515" lon="6.926545"><ele>37.5</ele></trkpt>
   <trkpt lat="51.0197" lon="6.926281"><ele>37.5</ele></trkpt>
   <trkpt lat="51.019756" lon="6.926134"><ele>37.75</ele></trkpt>
   <trkpt lat="51.019806" lon="6.92597"><ele>38.25</ele></trkpt>
   <trkpt lat="51.019883" lon="6.925627"><ele>38.5</ele></trkpt>
   <trkpt lat="51.019891" lon="6.92538"><ele>39.5</ele></trkpt>
   <trkpt lat="51.019944" lon="6.925299"><ele>39.75</ele></trkpt>
   <trkpt lat="51.019985" lon="6.925144"><ele>39.5</ele></trkpt>
   <trkpt lat="51.019722" lon="6.92462"><ele>38.5</ele></trkpt>
   <trkpt lat="51.019475" lon="6.92416"><ele>37.75</ele></trkpt>
   <trkpt lat="51.019315" lon="6.923898"><ele>38.25</ele></trkpt>
   <trkpt lat="51.019198" lon="6.923622"><ele>37.75</ele></trkpt>
   <trkpt lat="51.019136" lon="6.923542"><ele>38</ele></trkpt>
   <trkpt lat="51.019081" lon="6.923445"><ele>38.25</ele></trkpt>
   <trkpt lat="51.019015" lon="6.923274"><ele>38.5</ele></trkpt>
   <trkpt lat="51.018911" lon="6.922897"><ele>38.25</ele></trkpt>
   <trkpt lat="51.018747" lon="6.923174"><ele>40</ele></trkpt>
   <trkpt lat="51.018682" lon="6.923249"><ele>40.5</ele></trkpt>
   <trkpt lat="51.018618" lon="6.923323"><ele>40.75</ele></trkpt>
   <trkpt lat="51.018486" lon="6.923421"><ele>41</ele></trkpt>
   <trkpt lat="51.017065" lon="6.924484"><ele>41.5</ele></trkpt>
   <trkpt lat="51.017024" lon="6.924334"><ele>41.5</ele></trkpt>
   <trkpt lat="51.016801" lon="6.923424"><ele>41</ele></trkpt>
   <trkpt lat="51.016704" lon="6.92308"><ele>40.75</ele></trkpt>
   <trkpt lat="51.01659" lon="6.922764"><ele>40.75</ele></trkpt>
   <trkpt lat="51.016526" lon="6.92255"><ele>41</ele></trkpt>
   <trkpt lat="51.016365" lon="6.921966"><ele>42</ele></trkpt>
   <trkpt lat="51.016252" lon="6.921566"><ele>43</ele></trkpt>
   <trkpt lat="51.016247" lon="6.921442"><ele>43.25</ele></trkpt>
   <trkpt lat="51.016263" lon="6.921341"><ele>43.5</ele></trkpt>
   <trkpt lat="51.016277" lon="6.921296"><ele>43.5</ele></trkpt>
   <trkpt lat="51.016233" lon="6.921192"><ele>43.75</ele></trkpt>
   <trkpt lat="51.016199" lon="6.921112"><ele>43.75</ele></trkpt>
   <trkpt lat="51.016151" lon="6.920998"><ele>44.25</ele></trkpt>
   <trkpt lat="51.016083" lon="6.920976"><ele>44.25</ele></trkpt>
   <trkpt lat="51.01603" lon="6.920923"><ele>44.25</ele></trkpt>
   <trkpt lat="51.015988" lon="6.920814"><ele>44.5</ele></trkpt>
   <trkpt lat="51.015844" lon="6.920508"><ele>44</ele></trkpt>
   <trkpt lat="51.015802" lon="6.920389"><ele>44.5</ele></trkpt>
   <trkpt lat="51.015762" lon="6.920189"><ele>45</ele></trkpt>
   <trkpt lat="51.015716" lon="6.920064"><ele>45</ele></trkpt>
   <trkpt lat="51.015515" lon="6.919514"><ele>45.75</ele></trkpt>
   <trkpt lat="51.015067" lon="6.918297"><ele>46</ele></trkpt>
   <trkpt lat="51.014874" lon="6.917806"><ele>46</ele></trkpt>
   <trkpt lat="51.014783" lon="6.917556"><ele>46</ele></trkpt>
   <trkpt lat="51.014656" lon="6.9172"><ele>45.75</ele></trkpt>
   <trkpt lat="51.01459" lon="6.91697"><ele>46</ele></trkpt>
   <trkpt lat="51.01454" lon="6.916694"><ele>46</ele></trkpt>
   <trkpt lat="51.014579" lon="6.916292"><ele>45.5</ele></trkpt>
   <trkpt lat="51.014691" lon="6.915961"><ele>45</ele></trkpt>
   <trkpt lat="51.014917" lon="6.915619"><ele>44.25</ele></trkpt>
   <trkpt lat="51.015122" lon="6.915592"><ele>43.5</ele></trkpt>
   <trkpt lat="51.015292" lon="6.915485"><ele>42.75</ele></trkpt>
   <trkpt lat="51.015487" lon="6.915302"><ele>43.5</ele></trkpt>
   <trkpt lat="51.0156" lon="6.915112"><ele>43.5</ele></trkpt>
   <trkpt lat="51.015669" lon="6.914885"><ele>43.75</ele></trkpt>
   <trkpt lat="51.015672" lon="6.91466"><ele>43.5</ele></trkpt>
   <trkpt lat="51.015626" lon="6.914256"><ele>43.25</ele></trkpt>
   <trkpt lat="51.015575" lon="6.913946"><ele>43</ele></trkpt>
   <trkpt lat="51.015571" lon="6.913618"><ele>43.75</ele></trkpt>
   <trkpt lat="51.015591" lon="6.91341"><ele>43</ele></trkpt>
   <trkpt lat="51.015637" lon="6.913198"><ele>42.75</ele></trkpt>
   <trkpt lat="51.01576" lon="6.912819"><ele>42.25</ele></trkpt>
   <trkpt lat="51.015489" lon="6.911206"><ele>47</ele></trkpt>
   <trkpt lat="51.01477" lon="6.909705"><ele>47</ele></trkpt>
   <trkpt lat="51.014705" lon="6.90959"><ele>47</ele></trkpt>
   <trkpt lat="51.014532" lon="6.909057"><ele>46.25</ele></trkpt>
   <trkpt lat="51.014194" lon="6.908082"><ele>46</ele></trkpt>
   <trkpt lat="51.013919" lon="6.908375"><ele>46</ele></trkpt>
   <trkpt lat="51.013725" lon="6.908508"><ele>46</ele></trkpt>
   <trkpt lat="51.013492" lon="6.908668"><ele>46</ele></trkpt>
   <trkpt lat="51.013376" lon="6.908748"><ele>46</ele></trkpt>
   <trkpt lat="51.013312" lon="6.908792"><ele>46</ele></trkpt>
   <trkpt lat="51.013224" lon="6.908855"><ele>46</ele></trkpt>
   <trkpt lat="51.013123" lon="6.908925"><ele>46</ele></trkpt>
   <trkpt lat="51.012939" lon="6.909053"><ele>46</ele></trkpt>
   <trkpt lat="51.012506" lon="6.909331"><ele>46</ele></trkpt>
   <trkpt lat="51.01242" lon="6.909388"><ele>46</ele></trkpt>
   <trkpt lat="51.012373" lon="6.909415"><ele>46</ele></trkpt>
   <trkpt lat="51.012318" lon="6.909416"><ele>46</ele></trkpt>
   <trkpt lat="51.012254" lon="6.909375"><ele>46</ele></trkpt>
   <trkpt lat="51.012112" lon="6.909248"><ele>46.5</ele></trkpt>
   <trkpt lat="51.011629" lon="6.908805"><ele>46.25</ele></trkpt>
   <trkpt lat="51.010998" lon="6.9093"><ele>46</ele></trkpt>
   <trkpt lat="51.010672" lon="6.909573"><ele>46.25</ele></trkpt>
   <trkpt lat="51.010492" lon="6.909708"><ele>47</ele></trkpt>
   <trkpt lat="51.01034" lon="6.909842"><ele>47.75</ele></trkpt>
   <trkpt lat="51.010021" lon="6.910155"><ele>48.75</ele></trkpt>
   <trkpt lat="51.009604" lon="6.910542"><ele>49.75</ele></trkpt>
   <trkpt lat="51.00919" lon="6.910865"><ele>51.25</ele></trkpt>
   <trkpt lat="51.008776" lon="6.9111"><ele>51.75</ele></trkpt>
   <trkpt lat="51.008422" lon="6.91125"><ele>51</ele></trkpt>
   <trkpt lat="51.00828" lon="6.911321"><ele>49.25</ele></trkpt>
   <trkpt lat="51.007863" lon="6.911529"><ele>49.75</ele></trkpt>
   <trkpt lat="51.007665" lon="6.911629"><ele>51.75</ele></trkpt>
   <trkpt lat="51.00732" lon="6.911797"><ele>51.5</ele></trkpt>
   <trkpt lat="51.006021" lon="6.91247"><ele>48.5</ele></trkpt>
   <trkpt lat="51.005757" lon="6.912629"><ele>48</ele></trkpt>
   <trkpt lat="51.005835" lon="6.912906"><ele>48</ele></trkpt>
   <trkpt lat="51.005847" lon="6.913109"><ele>47.75</ele></trkpt>
   <trkpt lat="51.005971" lon="6.913574"><ele>47</ele></trkpt>
   <trkpt lat="51.006031" lon="6.913535"><ele>47</ele></trkpt>
   <trkpt lat="51.006011" lon="6.913459"><ele>47</ele></trkpt>
   <trkpt lat="51.00591" lon="6.913084"><ele>47.75</ele></trkpt>
   <trkpt lat="51.005906" lon="6.91307"><ele>47.75</ele></trkpt>
   <trkpt lat="51.00546" lon="6.911434"><ele>48</ele></trkpt>
   <trkpt lat="51.005449" lon="6.911388"><ele>47.75</ele></trkpt>
   <trkpt lat="51.00544" lon="6.911347"><ele>47.75</ele></trkpt>
   <trkpt lat="51.005116" lon="6.910169"><ele>47</ele></trkpt>
   <trkpt lat="51.005035" lon="6.909971"><ele>47.75</ele></trkpt>
   <trkpt lat="51.004271" lon="6.908476"><ele>47</ele></trkpt>
   <trkpt lat="51.004155" lon="6.908189"><ele>47.25</ele></trkpt>
   <trkpt lat="51.003998" lon="6.907707"><ele>47</ele></trkpt>
   <trkpt lat="51.0039" lon="6.907221"><ele>48.75</ele></trkpt>
   <trkpt lat="51.003845" lon="6.907193"><ele>48.5</ele></trkpt>
   <trkpt lat="51.00373" lon="6.907207"><ele>48.25</ele></trkpt>
   <trkpt lat="51.003439" lon="6.90711"><ele>47.5</ele></trkpt>
   <trkpt lat="51.002789" lon="6.906364"><ele>47</ele></trkpt>
   <trkpt lat="51.002086" lon="6.905584"><ele>48</ele></trkpt>
   <trkpt lat="51.00161" lon="6.9053"><ele>48</ele></trkpt>
   <trkpt lat="51.001529" lon="6.905304"><ele>48</ele></trkpt>
   <trkpt lat="51.001327" lon="6.905307"><ele>48</ele></trkpt>
   <trkpt lat="51.000502" lon="6.905537"><ele>48</ele></trkpt>
   <trkpt lat="51.000248" lon="6.905595"><ele>48.75</ele></trkpt>
   <trkpt lat="50.9999" lon="6.905723"><ele>48</ele></trkpt>
   <trkpt lat="50.999819" lon="6.905749"><ele>48</ele></trkpt>
   <trkpt lat="50.999731" lon="6.90517"><ele>47.75</ele></trkpt>
   <trkpt lat="50.999583" lon="6.904422"><ele>47.25</ele></trkpt>
   <trkpt lat="50.999362" lon="6.903516"><ele>47</ele></trkpt>
   <trkpt lat="50.999276" lon="6.903248"><ele>47</ele></trkpt>
   <trkpt lat="50.999117" lon="6.902842"><ele>46.75</ele></trkpt>
   <trkpt lat="50.99909" lon="6.902748"><ele>46.5</ele></trkpt>
   <trkpt lat="50.999083" lon="6.902647"><ele>46.25</ele></trkpt>
   <trkpt lat="50.999034" lon="6.902648"><ele>46.25</ele></trkpt>
   <trkpt lat="50.998973" lon="6.902593"><ele>46</ele></trkpt>
   <trkpt lat="50.998887" lon="6.902449"><ele>45.75</ele></trkpt>
   <trkpt lat="50.99882" lon="6.902331"><ele>45</ele></trkpt>
   <trkpt lat="50.998731" lon="6.902207"><ele>44.25</ele></trkpt>
   <trkpt lat="50.998679" lon="6.902099"><ele>44</ele></trkpt>
   <trkpt lat="50.998677" lon="6.902048"><ele>44</ele></trkpt>
   <trkpt lat="50.998679" lon="6.901961"><ele>44</ele></trkpt>
   <trkpt lat="50.998593" lon="6.901951"><ele>43.75</ele></trkpt>
   <trkpt lat="50.998453" lon="6.901888"><ele>43.75</ele></trkpt>
   <trkpt lat="50.99837" lon="6.901819"><ele>44.75</ele></trkpt>
   <trkpt lat="50.998257" lon="6.901667"><ele>46.5</ele></trkpt>
   <trkpt lat="50.998018" lon="6.901292"><ele>46.25</ele></trkpt>
   <trkpt lat="50.99788" lon="6.901093"><ele>46</ele></trkpt>
   <trkpt lat="50.99777" lon="6.900893"><ele>44.75</ele></trkpt>
   <trkpt lat="50.99768" lon="6.900644"><ele>45</ele></trkpt>
   <trkpt lat="50.997546" lon="6.900452"><ele>45.25</ele></trkpt>
   <trkpt lat="50.996907" lon="6.899311"><ele>46.75</ele></trkpt>
   <trkpt lat="50.996637" lon="6.898809"><ele>46.75</ele></trkpt>
   <trkpt lat="50.996476" lon="6.898524"><ele>47</ele></trkpt>
   <trkpt lat="50.99645" lon="6.898453"><ele>47</ele></trkpt>
   <trkpt lat="50.996396" lon="6.898452"><ele>47</ele></trkpt>
   <trkpt lat="50.996339" lon="6.898451"><ele>47</ele></trkpt>
   <trkpt lat="50.996272" lon="6.898357"><ele>47</ele></trkpt>
   <trkpt lat="50.996225" lon="6.898284"><ele>47</ele></trkpt>
   <trkpt lat="50.996147" lon="6.898162"><ele>47</ele></trkpt>
   <trkpt lat="50.996117" lon="6.898116"><ele>47</ele></trkpt>
   <trkpt lat="50.996094" lon="6.898071"><ele>47</ele></trkpt>
   <trkpt lat="50.996103" lon="6.898003"><ele>46.75</ele></trkpt>
   <trkpt lat="50.996112" lon="6.897945"><ele>46.5</ele></trkpt>
   <trkpt lat="50.996019" lon="6.897895"><ele>46.5</ele></trkpt>
   <trkpt lat="50.995915" lon="6.897803"><ele>46.5</ele></trkpt>
   <trkpt lat="50.995063" lon="6.896583"><ele>46.25</ele></trkpt>
   <trkpt lat="50.994649" lon="6.895972"><ele>46.25</ele></trkpt>
   <trkpt lat="50.994204" lon="6.895363"><ele>45</ele></trkpt>
   <trkpt lat="50.993757" lon="6.894703"><ele>47.5</ele></trkpt>
   <trkpt lat="50.993623" lon="6.894391"><ele>45.5</ele></trkpt>
   <trkpt lat="50.993492" lon="6.894175"><ele>46</ele></trkpt>
   <trkpt lat="50.992926" lon="6.893268"><ele>47</ele></trkpt>
   <trkpt lat="50.992411" lon="6.892366"><ele>47.75</ele></trkpt>
   <trkpt lat="50.992138" lon="6.891807"><ele>48</ele></trkpt>
   <trkpt lat="50.992075" lon="6.891693"><ele>48</ele></trkpt>
   <trkpt lat="50.991662" lon="6.890809"><ele>48</ele></trkpt>
   <trkpt lat="50.991381" lon="6.890023"><ele>48</ele></trkpt>
   <trkpt lat="50.989845" lon="6.884914"><ele>47.5</ele></trkpt>
   <trkpt lat="50.989782" lon="6.884891"><ele>47.75</ele></trkpt>
   <trkpt lat="50.989736" lon="6.884873"><ele>47.75</ele></trkpt>
   <trkpt lat="50.989709" lon="6.884782"><ele>47.75</ele></trkpt>
   <trkpt lat="50.989694" lon="6.884719"><ele>47.75</ele></trkpt>
   <trkpt lat="50.98969" lon="6.884647"><ele>47.75</ele></trkpt>
   <trkpt lat="50.989705" lon="6.884574"><ele>47.75</ele></trkpt>
   <trkpt lat="50.989719" lon="6.88451"><ele>47.75</ele></trkpt>
   <trkpt lat="50.989166" lon="6.882896"><ele>47.75</ele></trkpt>
   <trkpt lat="50.988268" lon="6.880069"><ele>47.25</ele></trkpt>
   <trkpt lat="50.988149" lon="6.879754"><ele>47.75</ele></trkpt>
   <trkpt lat="50.988117" lon="6.87962"><ele>48</ele></trkpt>
   <trkpt lat="50.988074" lon="6.879493"><ele>48</ele></trkpt>
   <trkpt lat="50.987948" lon="6.8792"><ele>47.25</ele></trkpt>
   <trkpt lat="50.987862" lon="6.878927"><ele>47.75</ele></trkpt>
   <trkpt lat="50.987807" lon="6.878775"><ele>48</ele></trkpt>
   <trkpt lat="50.987695" lon="6.878905"><ele>47.5</ele></trkpt>
   <trkpt lat="50.987641" lon="6.878957"><ele>47.5</ele></trkpt>
   <trkpt lat="50.987582" lon="6.878968"><ele>47.25</ele></trkpt>
   <trkpt lat="50.987546" lon="6.878902"><ele>47</ele></trkpt>
   <trkpt lat="50.987504" lon="6.878806"><ele>47.25</ele></trkpt>
   <trkpt lat="50.987466" lon="6.87872"><ele>47.5</ele></trkpt>
   <trkpt lat="50.987433" lon="6.878714"><ele>47.5</ele></trkpt>
   <trkpt lat="50.987403" lon="6.878708"><ele>47.75</ele></trkpt>
   <trkpt lat="50.987366" lon="6.878693"><ele>47.75</ele></trkpt>
   <trkpt lat="50.987176" lon="6.878707"><ele>48</ele></trkpt>
   <trkpt lat="50.987081" lon="6.878676"><ele>48</ele></trkpt>
   <trkpt lat="50.986997" lon="6.878576"><ele>48</ele></trkpt>
   <trkpt lat="50.986796" lon="6.878251"><ele>47</ele></trkpt>
   <trkpt lat="50.985668" lon="6.876607"><ele>47</ele></trkpt>
   <trkpt lat="50.985519" lon="6.87647"><ele>47</ele></trkpt>
   <trkpt lat="50.985083" lon="6.876218"><ele>46.75</ele></trkpt>
   <trkpt lat="50.984941" lon="6.876194"><ele>47</ele></trkpt>
   <trkpt lat="50.984446" lon="6.875864"><ele>47.75</ele></trkpt>
   <trkpt lat="50.983846" lon="6.875398"><ele>48</ele></trkpt>
   <trkpt lat="50.983439" lon="6.875102"><ele>48</ele></trkpt>
   <trkpt lat="50.983101" lon="6.875624"><ele>48.5</ele></trkpt>
   <trkpt lat="50.982461" lon="6.875559"><ele>48</ele></trkpt>
   <trkpt lat="50.982339" lon="6.875609"><ele>48</ele></trkpt>
   <trkpt lat="50.982219" lon="6.875566"><ele>48</ele></trkpt>
   <trkpt lat="50.982052" lon="6.87557"><ele>48</ele></trkpt>
   <trkpt lat="50.981191" lon="6.874914"><ele>48</ele></trkpt>
   <trkpt lat="50.980394" lon="6.874635"><ele>48</ele></trkpt>
   <trkpt lat="50.978535" lon="6.874081"><ele>48</ele></trkpt>
   <trkpt lat="50.978468" lon="6.874131"><ele>48</ele></trkpt>
   <trkpt lat="50.976386" lon="6.873494"><ele>48</ele></trkpt>
   <trkpt lat="50.976429" lon="6.872636"><ele>48</ele></trkpt>
   <trkpt lat="50.976469" lon="6.872206"><ele>48</ele></trkpt>
   <trkpt lat="50.976514" lon="6.872081"><ele>48</ele></trkpt>
   <trkpt lat="50.976509" lon="6.872018"><ele>48</ele></trkpt>
   <trkpt lat="50.976477" lon="6.871971"><ele>48</ele></trkpt>
   <trkpt lat="50.976461" lon="6.871938"><ele>48</ele></trkpt>
   <trkpt lat="50.976461" lon="6.871875"><ele>48</ele></trkpt>
   <trkpt lat="50.976493" lon="6.871679"><ele>48</ele></trkpt>
   <trkpt lat="50.976508" lon="6.871535"><ele>48</ele></trkpt>
   <trkpt lat="50.97647" lon="6.871498"><ele>48</ele></trkpt>
   <trkpt lat="50.976483" lon="6.871453"><ele>48</ele></trkpt>
   <trkpt lat="50.976517" lon="6.871369"><ele>48</ele></trkpt>
   <trkpt lat="50.976535" lon="6.871303"><ele>48</ele></trkpt>
   <trkpt lat="50.976441" lon="6.871215"><ele>48</ele></trkpt>
   <trkpt lat="50.976357" lon="6.871186"><ele>48</ele></trkpt>
   <trkpt lat="50.976286" lon="6.871155"><ele>48</ele></trkpt>
   <trkpt lat="50.97625" lon="6.87114"><ele>48</ele></trkpt>
   <trkpt lat="50.976219" lon="6.871149"><ele>48</ele></trkpt>
   <trkpt lat="50.976178" lon="6.871157"><ele>48</ele></trkpt>
   <trkpt lat="50.975908" lon="6.87107"><ele>48</ele></trkpt>
   <trkpt lat="50.975785" lon="6.871042"><ele>48</ele></trkpt>
   <trkpt lat="50.975497" lon="6.871007"><ele>48</ele></trkpt>
   <trkpt lat="50.975268" lon="6.871"><ele>47.75</ele></trkpt>
   <trkpt lat="50.975028" lon="6.870995"><ele>47.25</ele></trkpt>
   <trkpt lat="50.974599" lon="6.870945"><ele>46.5</ele></trkpt>
   <trkpt lat="50.974481" lon="6.870521"><ele>46</ele></trkpt>
   <trkpt lat="50.974223" lon="6.870401"><ele>45</ele></trkpt>
   <trkpt lat="50.973657" lon="6.870167"><ele>45.5</ele></trkpt>
   <trkpt lat="50.973408" lon="6.870077"><ele>45.5</ele></trkpt>
   <trkpt lat="50.973102" lon="6.869989"><ele>46</ele></trkpt>
   <trkpt lat="50.972892" lon="6.870005"><ele>46</ele></trkpt>
   <trkpt lat="50.972701" lon="6.870079"><ele>46</ele></trkpt>
   <trkpt lat="50.972421" lon="6.870035"><ele>46</ele></trkpt>
   <trkpt lat="50.972194" lon="6.869983"><ele>46</ele></trkpt>
   <trkpt lat="50.972168" lon="6.869992"><ele>46</ele></trkpt>
   <trkpt lat="50.972061" lon="6.870234"><ele>46.75</ele></trkpt>
   <trkpt lat="50.971282" lon="6.870017"><ele>47</ele></trkpt>
   <trkpt lat="50.971245" lon="6.870007"><ele>47</ele></trkpt>
   <trkpt lat="50.971198" lon="6.869905"><ele>46.75</ele></trkpt>
   <trkpt lat="50.971151" lon="6.869846"><ele>46.5</ele></trkpt>
   <trkpt lat="50.971053" lon="6.869777"><ele>46</ele></trkpt>
   <trkpt lat="50.970904" lon="6.869524"><ele>46</ele></trkpt>
   <trkpt lat="50.970583" lon="6.869078"><ele>46.25</ele></trkpt>
   <trkpt lat="50.970469" lon="6.868846"><ele>47</ele></trkpt>
   <trkpt lat="50.970533" lon="6.868641"><ele>47</ele></trkpt>
   <trkpt lat="50.970572" lon="6.868517"><ele>47</ele></trkpt>
   <trkpt lat="50.970838" lon="6.867667"><ele>48.25</ele></trkpt>
   <trkpt lat="50.970847" lon="6.867636"><ele>48.25</ele></trkpt>
   <trkpt lat="50.970815" lon="6.867542"><ele>48.75</ele></trkpt>
   <trkpt lat="50.97068" lon="6.86668"><ele>51.75</ele></trkpt>
   <trkpt lat="50.970618" lon="6.866393"><ele>52.75</ele></trkpt>
   <trkpt lat="50.970551" lon="6.866239"><ele>53</ele></trkpt>
   <trkpt lat="50.970644" lon="6.866132"><ele>53.5</ele></trkpt>
   <trkpt lat="50.97073" lon="6.866044"><ele>54.25</ele></trkpt>
   <trkpt lat="50.970737" lon="6.865981"><ele>54.25</ele></trkpt>
   <trkpt lat="50.97077" lon="6.865905"><ele>54.5</ele></trkpt>
   <trkpt lat="50.970736" lon="6.865841"><ele>54.5</ele></trkpt>
   <trkpt lat="50.970681" lon="6.86574"><ele>54.25</ele></trkpt>
   <trkpt lat="50.970702" lon="6.865655"><ele>54.5</ele></trkpt>
   <trkpt lat="50.97072" lon="6.86559"><ele>54.5</ele></trkpt>
   <trkpt lat="50.970723" lon="6.865539"><ele>54.5</ele></trkpt>
   <trkpt lat="50.970665" lon="6.865251"><ele>55.25</ele></trkpt>
   <trkpt lat="50.970668" lon="6.865059"><ele>55.75</ele></trkpt>
   <trkpt lat="50.970682" lon="6.864905"><ele>56</ele></trkpt>
   <trkpt lat="50.970712" lon="6.864682"><ele>56</ele></trkpt>
   <trkpt lat="50.970712" lon="6.864623"><ele>56</ele></trkpt>
   <trkpt lat="50.970708" lon="6.864493"><ele>56.25</ele></trkpt>
   <trkpt lat="50.970695" lon="6.864417"><ele>56.5</ele></trkpt>
   <trkpt lat="50.970653" lon="6.864438"><ele>56.25</ele></trkpt>
   <trkpt lat="50.970427" lon="6.864523"><ele>56</ele></trkpt>
   <trkpt lat="50.96881" lon="6.865129"><ele>56.25</ele></trkpt>
   <trkpt lat="50.968649" lon="6.865165"><ele>56.75</ele></trkpt>
   <trkpt lat="50.968477" lon="6.865158"><ele>57.25</ele></trkpt>
   <trkpt lat="50.967466" lon="6.864925"><ele>57</ele></trkpt>
   <trkpt lat="50.966298" lon="6.864924"><ele>56</ele></trkpt>
   <trkpt lat="50.966172" lon="6.864897"><ele>56</ele></trkpt>
   <trkpt lat="50.966068" lon="6.864853"><ele>56</ele></trkpt>
   <trkpt lat="50.965853" lon="6.864762"><ele>56.75</ele></trkpt>
   <trkpt lat="50.963152" lon="6.863596"><ele>56.75</ele></trkpt>
   <trkpt lat="50.962263" lon="6.863194"><ele>57.25</ele></trkpt>
   <trkpt lat="50.961422" lon="6.862741"><ele>57</ele></trkpt>
   <trkpt lat="50.961321" lon="6.862687"><ele>57</ele></trkpt>
   <trkpt lat="50.961144" lon="6.862592"><ele>57</ele></trkpt>
   <trkpt lat="50.96085" lon="6.862434"><ele>57</ele></trkpt>
   <trkpt lat="50.960594" lon="6.862303"><ele>56.5</ele></trkpt>
   <trkpt lat="50.960475" lon="6.862254"><ele>56.75</ele></trkpt>
   <trkpt lat="50.960333" lon="6.862242"><ele>56.75</ele></trkpt>
   <trkpt lat="50.960203" lon="6.862232"><ele>56.75</ele></trkpt>
   <trkpt lat="50.96007" lon="6.862225"><ele>56.75</ele></trkpt>
   <trkpt lat="50.959558" lon="6.862202"><ele>56</ele></trkpt>
   <trkpt lat="50.959525" lon="6.862202"><ele>56</ele></trkpt>
   <trkpt lat="50.959431" lon="6.862224"><ele>56</ele></trkpt>
   <trkpt lat="50.95928" lon="6.862285"><ele>56</ele></trkpt>
   <trkpt lat="50.959155" lon="6.86236"><ele>56</ele></trkpt>
   <trkpt lat="50.95898" lon="6.862486"><ele>56</ele></trkpt>
   <trkpt lat="50.958343" lon="6.862934"><ele>55.5</ele></trkpt>
   <trkpt lat="50.95822" lon="6.863005"><ele>55.75</ele></trkpt>
   <trkpt lat="50.958131" lon="6.863051"><ele>55.75</ele></trkpt>
   <trkpt lat="50.953409" lon="6.86451"><ele>57.5</ele></trkpt>
   <trkpt lat="50.95312" lon="6.864524"><ele>57.25</ele></trkpt>
   <trkpt lat="50.95311" lon="6.86448"><ele>57</ele></trkpt>
   <trkpt lat="50.953083" lon="6.864463"><ele>57</ele></trkpt>
   <trkpt lat="50.952781" lon="6.864401"><ele>57.75</ele></trkpt>
   <trkpt lat="50.952734" lon="6.86437"><ele>57.5</ele></trkpt>
   <trkpt lat="50.9527" lon="6.864335"><ele>57.5</ele></trkpt>
   <trkpt lat="50.952661" lon="6.864315"><ele>57.5</ele></trkpt>
   <trkpt lat="50.952585" lon="6.864313"><ele>57.25</ele></trkpt>
   <trkpt lat="50.952403" lon="6.864313"><ele>57.5</ele></trkpt>
   <trkpt lat="50.952283" lon="6.864285"><ele>57.75</ele></trkpt>
   <trkpt lat="50.952224" lon="6.864291"><ele>57.75</ele></trkpt>
   <trkpt lat="50.951819" lon="6.864499"><ele>58</ele></trkpt>
   <trkpt lat="50.951453" lon="6.86463"><ele>58</ele></trkpt>
   <trkpt lat="50.951085" lon="6.864709"><ele>57.75</ele></trkpt>
   <trkpt lat="50.950867" lon="6.864718"><ele>58</ele></trkpt>
   <trkpt lat="50.950693" lon="6.864701"><ele>58</ele></trkpt>
   <trkpt lat="50.950539" lon="6.864667"><ele>58</ele></trkpt>
   <trkpt lat="50.950398" lon="6.864609"><ele>58</ele></trkpt>
   <trkpt lat="50.95021" lon="6.864516"><ele>58.75</ele></trkpt>
   <trkpt lat="50.949938" lon="6.864326"><ele>59</ele></trkpt>
   <trkpt lat="50.949929" lon="6.864421"><ele>59</ele></trkpt>
   <trkpt lat="50.949962" lon="6.864544"><ele>59</ele></trkpt>
   <trkpt lat="50.95016" lon="6.865005"><ele>58</ele></trkpt>
   <trkpt lat="50.950216" lon="6.865216"><ele>58</ele></trkpt>
   <trkpt lat="50.950279" lon="6.865625"><ele>57.75</ele></trkpt>
   <trkpt lat="50.950303" lon="6.865706"><ele>57.75</ele></trkpt>
   <trkpt lat="50.950353" lon="6.865811"><ele>57.5</ele></trkpt>
   <trkpt lat="50.950405" lon="6.865899"><ele>57.25</ele></trkpt>
   <trkpt lat="50.950437" lon="6.865992"><ele>57</ele></trkpt>
   <trkpt lat="50.950457" lon="6.866115"><ele>57</ele></trkpt>
   <trkpt lat="50.95045" lon="6.866233"><ele>57</ele></trkpt>
   <trkpt lat="50.950358" lon="6.866552"><ele>57</ele></trkpt>
   <trkpt lat="50.950333" lon="6.866678"><ele>57</ele></trkpt>
   <trkpt lat="50.950331" lon="6.866928"><ele>57.75</ele></trkpt>
   <trkpt lat="50.950357" lon="6.867129"><ele>57.5</ele></trkpt>
   <trkpt lat="50.950405" lon="6.867382"><ele>56.75</ele></trkpt>
   <trkpt lat="50.950472" lon="6.867596"><ele>56.5</ele></trkpt>
   <trkpt lat="50.950557" lon="6.867773"><ele>56.75</ele></trkpt>
   <trkpt lat="50.950565" lon="6.867794"><ele>56.75</ele></trkpt>
   <trkpt lat="50.950597" lon="6.867854"><ele>56.75</ele></trkpt>
   <trkpt lat="50.950531" lon="6.86794"><ele>57</ele></trkpt>
   <trkpt lat="50.949516" lon="6.869075"><ele>58.75</ele></trkpt>
   <trkpt lat="50.949315" lon="6.869353"><ele>59.25</ele></trkpt>
   <trkpt lat="50.94886" lon="6.870205"><ele>60.25</ele></trkpt>
   <trkpt lat="50.948719" lon="6.870417"><ele>60.75</ele></trkpt>
   <trkpt lat="50.948517" lon="6.870693"><ele>60.75</ele></trkpt>
   <trkpt lat="50.948339" lon="6.870894"><ele>60.75</ele></trkpt>
   <trkpt lat="50.947898" lon="6.871333"><ele>61.5</ele></trkpt>
   <trkpt lat="50.947662" lon="6.871546"><ele>62</ele></trkpt>
   <trkpt lat="50.947647" lon="6.871555"><ele>62</ele></trkpt>
   <trkpt lat="50.947366" lon="6.87174"><ele>62.25</ele></trkpt>
   <trkpt lat="50.94731" lon="6.871769"><ele>62.5</ele></trkpt>
   <trkpt lat="50.946998" lon="6.871933"><ele>58.25</ele></trkpt>
   <trkpt lat="50.946683" lon="6.872015"><ele>61.25</ele></trkpt>
   <trkpt lat="50.946515" lon="6.87206"><ele>62.25</ele></trkpt>
   <trkpt lat="50.946449" lon="6.872111"><ele>62.5</ele></trkpt>
   <trkpt lat="50.946401" lon="6.87215"><ele>62.75</ele></trkpt>
   <trkpt lat="50.946014" lon="6.872479"><ele>63</ele></trkpt>
   <trkpt lat="50.945987" lon="6.872502"><ele>63</ele></trkpt>
   <trkpt lat="50.945699" lon="6.872756"><ele>62.75</ele></trkpt>
   <trkpt lat="50.945654" lon="6.872784"><ele>63</ele></trkpt>
   <trkpt lat="50.945445" lon="6.872899"><ele>63</ele></trkpt>
   <trkpt lat="50.945149" lon="6.873053"><ele>63</ele></trkpt>
   <trkpt lat="50.944974" lon="6.873149"><ele>63</ele></trkpt>
   <trkpt lat="50.944407" lon="6.873444"><ele>63.5</ele></trkpt>
   <trkpt lat="50.944207" lon="6.873548"><ele>63</ele></trkpt>
   <trkpt lat="50.943579" lon="6.873915"><ele>63</ele></trkpt>
   <trkpt lat="50.943471" lon="6.87399"><ele>63</ele></trkpt>
   <trkpt lat="50.943256" lon="6.874139"><ele>63</ele></trkpt>
   <trkpt lat="50.943042" lon="6.87436"><ele>62.25</ele></trkpt>
   <trkpt lat="50.94274" lon="6.874706"><ele>62</ele></trkpt>
   <trkpt lat="50.942453" lon="6.875035"><ele>61.25</ele></trkpt>
   <trkpt lat="50.942187" lon="6.87528"><ele>61</ele></trkpt>
   <trkpt lat="50.942054" lon="6.875443"><ele>60.75</ele></trkpt>
   <trkpt lat="50.941921" lon="6.875647"><ele>60.5</ele></trkpt>
   <trkpt lat="50.941864" lon="6.875777"><ele>60.5</ele></trkpt>
   <trkpt lat="50.941785" lon="6.876033"><ele>60.5</ele></trkpt>
   <trkpt lat="50.941698" lon="6.876278"><ele>60.25</ele></trkpt>
   <trkpt lat="50.941542" lon="6.876586"><ele>59.5</ele></trkpt>
   <trkpt lat="50.94142" lon="6.876799"><ele>58.5</ele></trkpt>
   <trkpt lat="50.941313" lon="6.876957"><ele>57.75</ele></trkpt>
   <trkpt lat="50.94127" lon="6.877019"><ele>57.75</ele></trkpt>
   <trkpt lat="50.94118" lon="6.877119"><ele>57.5</ele></trkpt>
   <trkpt lat="50.941136" lon="6.877037"><ele>57.5</ele></trkpt>
   <trkpt lat="50.941065" lon="6.876938"><ele>58</ele></trkpt>
   <trkpt lat="50.940628" lon="6.876452"><ele>59.75</ele></trkpt>
   <trkpt lat="50.940335" lon="6.876141"><ele>60</ele></trkpt>
   <trkpt lat="50.940209" lon="6.876038"><ele>60</ele></trkpt>
   <trkpt lat="50.940016" lon="6.875993"><ele>60</ele></trkpt>
   <trkpt lat="50.939628" lon="6.876001"><ele>59.25</ele></trkpt>
   <trkpt lat="50.939433" lon="6.875992"><ele>59.25</ele></trkpt>
   <trkpt lat="50.939319" lon="6.876021"><ele>59</ele></trkpt>
   <trkpt lat="50.939225" lon="6.87606"><ele>59</ele></trkpt>
   <trkpt lat="50.939139" lon="6.876112"><ele>58.75</ele></trkpt>
   <trkpt lat="50.938997" lon="6.876243"><ele>58.75</ele></trkpt>
   <trkpt lat="50.938664" lon="6.876605"><ele>59.75</ele></trkpt>
   <trkpt lat="50.938524" lon="6.876749"><ele>60</ele></trkpt>
   <trkpt lat="50.938479" lon="6.876836"><ele>60</ele></trkpt>
   <trkpt lat="50.938276" lon="6.877048"><ele>60.5</ele></trkpt>
   <trkpt lat="50.938076" lon="6.877241"><ele>61</ele></trkpt>
   <trkpt lat="50.93801" lon="6.87722"><ele>61</ele></trkpt>
   <trkpt lat="50.937965" lon="6.877173"><ele>61</ele></trkpt>
   <trkpt lat="50.93794" lon="6.877237"><ele>60.75</ele></trkpt>
   <trkpt lat="50.9379" lon="6.877237"><ele>60.75</ele></trkpt>
   <trkpt lat="50.937855" lon="6.877234"><ele>60.75</ele></trkpt>
   <trkpt lat="50.937754" lon="6.87723"><ele>60.75</ele></trkpt>
   <trkpt lat="50.937701" lon="6.877227"><ele>60.5</ele></trkpt>
   <trkpt lat="50.937677" lon="6.878385"><ele>59</ele></trkpt>
   <trkpt lat="50.937635" lon="6.879682"><ele>57</ele></trkpt>
   <trkpt lat="50.937623" lon="6.879767"><ele>57</ele></trkpt>
   <trkpt lat="50.937614" lon="6.880048"><ele>56.75</ele></trkpt>
   <trkpt lat="50.937604" lon="6.88012"><ele>56.75</ele></trkpt>
   <trkpt lat="50.937598" lon="6.880161"><ele>56.75</ele></trkpt>
   <trkpt lat="50.937578" lon="6.880315"><ele>56.5</ele></trkpt>
   <trkpt lat="50.937542" lon="6.880775"><ele>56</ele></trkpt>
   <trkpt lat="50.937566" lon="6.881075"><ele>55</ele></trkpt>
   <trkpt lat="50.937537" lon="6.881693"><ele>54.75</ele></trkpt>
   <trkpt lat="50.937526" lon="6.881876"><ele>54</ele></trkpt>
   <trkpt lat="50.937493" lon="6.882011"><ele>54</ele></trkpt>
   <trkpt lat="50.937478" lon="6.882022"><ele>54</ele></trkpt>
   <trkpt lat="50.937293" lon="6.882164"><ele>54.75</ele></trkpt>
   <trkpt lat="50.937116" lon="6.882286"><ele>54.75</ele></trkpt>
   <trkpt lat="50.93706" lon="6.882324"><ele>54.5</ele></trkpt>
   <trkpt lat="50.936866" lon="6.88252"><ele>55</ele></trkpt>
   <trkpt lat="50.936769" lon="6.882618"><ele>56.5</ele></trkpt>
   <trkpt lat="50.93671" lon="6.882784"><ele>55.25</ele></trkpt>
   <trkpt lat="50.936696" lon="6.882862"><ele>55</ele></trkpt>
   <trkpt lat="50.936321" lon="6.88292"><ele>56.75</ele></trkpt>
   <trkpt lat="50.935898" lon="6.883041"><ele>56</ele></trkpt>
   <trkpt lat="50.935347" lon="6.883224"><ele>56.25</ele></trkpt>
   <trkpt lat="50.93468" lon="6.883561"><ele>56.25</ele></trkpt>
   <trkpt lat="50.934075" lon="6.883942"><ele>56.5</ele></trkpt>
   <trkpt lat="50.933552" lon="6.884324"><ele>58</ele></trkpt>
   <trkpt lat="50.93348" lon="6.884376"><ele>58.25</ele></trkpt>
   <trkpt lat="50.933272" lon="6.884565"><ele>59</ele></trkpt>
   <trkpt lat="50.933192" lon="6.884633"><ele>59.5</ele></trkpt>
   <trkpt lat="50.933019" lon="6.88487"><ele>61</ele></trkpt>
   <trkpt lat="50.932699" lon="6.885642"><ele>62.25</ele></trkpt>
   <trkpt lat="50.932503" lon="6.886067"><ele>62</ele></trkpt>
   <trkpt lat="50.932272" lon="6.886492"><ele>62.75</ele></trkpt>
   <trkpt lat="50.931997" lon="6.886812"><ele>63.25</ele></trkpt>
   <trkpt lat="50.931736" lon="6.887004"><ele>62.5</ele></trkpt>
   <trkpt lat="50.931442" lon="6.887126"><ele>61.5</ele></trkpt>
   <trkpt lat="50.931237" lon="6.8872"><ele>60.5</ele></trkpt>
   <trkpt lat="50.931059" lon="6.887244"><ele>59.5</ele></trkpt>
   <trkpt lat="50.930504" lon="6.887282"><ele>58.5</ele></trkpt>
   <trkpt lat="50.930304" lon="6.887351"><ele>58</ele></trkpt>
   <trkpt lat="50.930154" lon="6.887334"><ele>58</ele></trkpt>
   <trkpt lat="50.929769" lon="6.887393"><ele>58</ele></trkpt>
   <trkpt lat="50.929536" lon="6.887396"><ele>58</ele></trkpt>
   <trkpt lat="50.929079" lon="6.887473"><ele>58</ele></trkpt>
   <trkpt lat="50.929041" lon="6.887479"><ele>58</ele></trkpt>
   <trkpt lat="50.928642" lon="6.887534"><ele>57.75</ele></trkpt>
   <trkpt lat="50.928386" lon="6.88759"><ele>57.5</ele></trkpt>
   <trkpt lat="50.928179" lon="6.887601"><ele>57.5</ele></trkpt>
   <trkpt lat="50.927638" lon="6.887694"><ele>58</ele></trkpt>
   <trkpt lat="50.927508" lon="6.887714"><ele>58</ele></trkpt>
   <trkpt lat="50.92651" lon="6.887865"><ele>58.25</ele></trkpt>
   <trkpt lat="50.926046" lon="6.887956"><ele>59</ele></trkpt>
   <trkpt lat="50.925113" lon="6.888117"><ele>58.25</ele></trkpt>
   <trkpt lat="50.924668" lon="6.888207"><ele>58</ele></trkpt>
   <trkpt lat="50.924557" lon="6.888226"><ele>58</ele></trkpt>
   <trkpt lat="50.92446" lon="6.888246"><ele>58</ele></trkpt>
   <trkpt lat="50.924441" lon="6.88825"><ele>57.75</ele></trkpt>
   <trkpt lat="50.924177" lon="6.888307"><ele>56</ele></trkpt>
   <trkpt lat="50.923876" lon="6.888362"><ele>55.75</ele></trkpt>
   <trkpt lat="50.923291" lon="6.8885"><ele>55</ele></trkpt>
   <trkpt lat="50.923016" lon="6.88858"><ele>55</ele></trkpt>
   <trkpt lat="50.922411" lon="6.888708"><ele>55.5</ele></trkpt>
   <trkpt lat="50.922313" lon="6.888732"><ele>55.25</ele></trkpt>
   <trkpt lat="50.92232" lon="6.888745"><ele>55.25</ele></trkpt>
   <trkpt lat="50.922327" lon="6.888757"><ele>55.5</ele></trkpt>
   <trkpt lat="50.92229" lon="6.888766"><ele>55.5</ele></trkpt>
   <trkpt lat="50.922233" lon="6.888783"><ele>55.5</ele></trkpt>
   <trkpt lat="50.922193" lon="6.888797"><ele>55.5</ele></trkpt>
   <trkpt lat="50.922197" lon="6.888806"><ele>55.5</ele></trkpt>
   <trkpt lat="50.922202" lon="6.888815"><ele>55.5</ele></trkpt>
   <trkpt lat="50.922178" lon="6.888819"><ele>55.5</ele></trkpt>
   <trkpt lat="50.922086" lon="6.88881"><ele>55.5</ele></trkpt>
   <trkpt lat="50.921973" lon="6.888836"><ele>55.75</ele></trkpt>
   <trkpt lat="50.920868" lon="6.889096"><ele>56</ele></trkpt>
   <trkpt lat="50.920277" lon="6.889291"><ele>56</ele></trkpt>
   <trkpt lat="50.920222" lon="6.889309"><ele>56</ele></trkpt>
   <trkpt lat="50.920179" lon="6.889323"><ele>56</ele></trkpt>
   <trkpt lat="50.920136" lon="6.889342"><ele>56</ele></trkpt>
   <trkpt lat="50.92008" lon="6.889365"><ele>56</ele></trkpt>
   <trkpt lat="50.919402" lon="6.889578"><ele>56</ele></trkpt>
   <trkpt lat="50.918654" lon="6.889807"><ele>56.75</ele></trkpt>
   <trkpt lat="50.91863" lon="6.889814"><ele>56.75</ele></trkpt>
   <trkpt lat="50.91778" lon="6.890071"><ele>56.5</ele></trkpt>
   <trkpt lat="50.916762" lon="6.89043"><ele>56</ele></trkpt>
   <trkpt lat="50.916616" lon="6.8905"><ele>56</ele></trkpt>
   <trkpt lat="50.916514" lon="6.890587"><ele>56.25</ele></trkpt>
   <trkpt lat="50.916049" lon="6.891098"><ele>57</ele></trkpt>
   <trkpt lat="50.914998" lon="6.892324"><ele>55</ele></trkpt>
   <trkpt lat="50.91408" lon="6.893386"><ele>56</ele></trkpt>
   <trkpt lat="50.913612" lon="6.893928"><ele>56</ele></trkpt>
   <trkpt lat="50.913387" lon="6.894228"><ele>56</ele></trkpt>
   <trkpt lat="50.91304" lon="6.89467"><ele>56</ele></trkpt>
   <trkpt lat="50.913031" lon="6.894681"><ele>56</ele></trkpt>
   <trkpt lat="50.912761" lon="6.895065"><ele>56</ele></trkpt>
   <trkpt lat="50.912542" lon="6.895421"><ele>55.75</ele></trkpt>
   <trkpt lat="50.912323" lon="6.895817"><ele>55.5</ele></trkpt>
   <trkpt lat="50.911741" lon="6.896933"><ele>55</ele></trkpt>
   <trkpt lat="50.911447" lon="6.897601"><ele>54.75</ele></trkpt>
   <trkpt lat="50.910974" lon="6.898673"><ele>54</ele></trkpt>
   <trkpt lat="50.91077" lon="6.898494"><ele>54.5</ele></trkpt>
   <trkpt lat="50.910564" lon="6.898313"><ele>54.75</ele></trkpt>
   <trkpt lat="50.910173" lon="6.897919"><ele>55.5</ele></trkpt>
   <trkpt lat="50.910048" lon="6.897784"><ele>55.75</ele></trkpt>
   <trkpt lat="50.909808" lon="6.897465"><ele>56.5</ele></trkpt>
   <trkpt lat="50.90965" lon="6.897287"><ele>55.75</ele></trkpt>
   <trkpt lat="50.909221" lon="6.898115"><ele>55.5</ele></trkpt>
   <trkpt lat="50.908384" lon="6.899778"><ele>55.5</ele></trkpt>
   <trkpt lat="50.908121" lon="6.900267"><ele>55.25</ele></trkpt>
   <trkpt lat="50.907741" lon="6.901037"><ele>55.5</ele></trkpt>
   <trkpt lat="50.907131" lon="6.902298"><ele>56</ele></trkpt>
   <trkpt lat="50.907015" lon="6.902554"><ele>55.75</ele></trkpt>
   <trkpt lat="50.906861" lon="6.902851"><ele>55</ele></trkpt>
   <trkpt lat="50.906154" lon="6.904282"><ele>55</ele></trkpt>
   <trkpt lat="50.906133" lon="6.904325"><ele>54.75</ele></trkpt>
   <trkpt lat="50.905976" lon="6.904605"><ele>55</ele></trkpt>
   <trkpt lat="50.905842" lon="6.904923"><ele>54.75</ele></trkpt>
   <trkpt lat="50.905789" lon="6.904972"><ele>55</ele></trkpt>
   <trkpt lat="50.905265" lon="6.904313"><ele>55.75</ele></trkpt>
   <trkpt lat="50.904851" lon="6.903777"><ele>56</ele></trkpt>
   <trkpt lat="50.904735" lon="6.903641"><ele>56</ele></trkpt>
   <trkpt lat="50.904536" lon="6.903407"><ele>56</ele></trkpt>
   <trkpt lat="50.9033" lon="6.901845"><ele>56.75</ele></trkpt>
   <trkpt lat="50.902981" lon="6.90142"><ele>57</ele></trkpt>
   <trkpt lat="50.902367" lon="6.902869"><ele>57</ele></trkpt>
   <trkpt lat="50.901763" lon="6.904193"><ele>57.5</ele></trkpt>
   <trkpt lat="50.901683" lon="6.904328"><ele>57.25</ele></trkpt>
   <trkpt lat="50.901653" lon="6.904394"><ele>57</ele></trkpt>
   <trkpt lat="50.901627" lon="6.904451"><ele>57</ele></trkpt>
   <trkpt lat="50.90156" lon="6.904648"><ele>57.5</ele></trkpt>
   <trkpt lat="50.901413" lon="6.905012"><ele>57.75</ele></trkpt>
   <trkpt lat="50.901378" lon="6.905078"><ele>57.5</ele></trkpt>
   <trkpt lat="50.901227" lon="6.905286"><ele>57</ele></trkpt>
   <trkpt lat="50.901085" lon="6.905556"><ele>56.75</ele></trkpt>
   <trkpt lat="50.90083" lon="6.906067"><ele>56.75</ele></trkpt>
   <trkpt lat="50.900618" lon="6.906489"><ele>59</ele></trkpt>
   <trkpt lat="50.900453" lon="6.906766"><ele>59.5</ele></trkpt>
   <trkpt lat="50.900357" lon="6.90695"><ele>59.5</ele></trkpt>
   <trkpt lat="50.9003" lon="6.907093"><ele>59.25</ele></trkpt>
   <trkpt lat="50.900223" lon="6.907364"><ele>59</ele></trkpt>
   <trkpt lat="50.90015" lon="6.907672"><ele>60</ele></trkpt>
   <trkpt lat="50.900122" lon="6.907765"><ele>60.25</ele></trkpt>
   <trkpt lat="50.900023" lon="6.908043"><ele>60</ele></trkpt>
   <trkpt lat="50.899883" lon="6.908165"><ele>60.25</ele></trkpt>
   <trkpt lat="50.899662" lon="6.908449"><ele>60.25</ele></trkpt>
   <trkpt lat="50.899582" lon="6.908615"><ele>59.25</ele></trkpt>
   <trkpt lat="50.899415" lon="6.909029"><ele>56.75</ele></trkpt>
   <trkpt lat="50.899191" lon="6.908796"><ele>57</ele></trkpt>
   <trkpt lat="50.899115" lon="6.908756"><ele>57.75</ele></trkpt>
   <trkpt lat="50.899013" lon="6.908685"><ele>58.5</ele></trkpt>
   <trkpt lat="50.898695" lon="6.90834"><ele>58.75</ele></trkpt>
   <trkpt lat="50.898656" lon="6.908287"><ele>58</ele></trkpt>
   <trkpt lat="50.89862" lon="6.908191"><ele>58</ele></trkpt>
   <trkpt lat="50.898494" lon="6.907988"><ele>58.25</ele></trkpt>
   <trkpt lat="50.898226" lon="6.907735"><ele>57.75</ele></trkpt>
   <trkpt lat="50.898015" lon="6.907466"><ele>57.75</ele></trkpt>
   <trkpt lat="50.897642" lon="6.907063"><ele>58</ele></trkpt>
   <trkpt lat="50.897458" lon="6.906863"><ele>58</ele></trkpt>
   <trkpt lat="50.897074" lon="6.906412"><ele>57.75</ele></trkpt>
   <trkpt lat="50.89671" lon="6.905797"><ele>57.75</ele></trkpt>
   <trkpt lat="50.896458" lon="6.905451"><ele>57.75</ele></trkpt>
   <trkpt lat="50.896071" lon="6.90503"><ele>58</ele></trkpt>
   <trkpt lat="50.895519" lon="6.904465"><ele>58.75</ele></trkpt>
   <trkpt lat="50.895448" lon="6.904352"><ele>58.5</ele></trkpt>
   <trkpt lat="50.895259" lon="6.904124"><ele>58</ele></trkpt>
   <trkpt lat="50.895155" lon="6.903999"><ele>58.25</ele></trkpt>
   <trkpt lat="50.895025" lon="6.903857"><ele>58</ele></trkpt>
   <trkpt lat="50.894632" lon="6.90343"><ele>58</ele></trkpt>
   <trkpt lat="50.894596" lon="6.90339"><ele>58</ele></trkpt>
   <trkpt lat="50.894538" lon="6.903325"><ele>58</ele></trkpt>
   <trkpt lat="50.894324" lon="6.903082"><ele>58</ele></trkpt>
   <trkpt lat="50.894236" lon="6.902973"><ele>58</ele></trkpt>
   <trkpt lat="50.894166" lon="6.903099"><ele>58</ele></trkpt>
   <trkpt lat="50.894094" lon="6.903226"><ele>58</ele></trkpt>
   <trkpt lat="50.894008" lon="6.903377"><ele>58</ele></trkpt>
   <trkpt lat="50.89311" lon="6.902413"><ele>57.75</ele></trkpt>
   <trkpt lat="50.891706" lon="6.900854"><ele>58</ele></trkpt>
   <trkpt lat="50.890351" lon="6.899378"><ele>58</ele></trkpt>
   <trkpt lat="50.889458" lon="6.898425"><ele>57</ele></trkpt>
   <trkpt lat="50.888679" lon="6.897584"><ele>57</ele></trkpt>
   <trkpt lat="50.888325" lon="6.89722"><ele>58</ele></trkpt>
   <trkpt lat="50.888114" lon="6.896926"><ele>58</ele></trkpt>
   <trkpt lat="50.888072" lon="6.896824"><ele>58</ele></trkpt>
   <trkpt lat="50.888029" lon="6.896801"><ele>58</ele></trkpt>
   <trkpt lat="50.887719" lon="6.896434"><ele>59.25</ele></trkpt>
   <trkpt lat="50.887409" lon="6.896139"><ele>59.25</ele></trkpt>
   <trkpt lat="50.88726" lon="6.896032"><ele>59.5</ele></trkpt>
   <trkpt lat="50.887089" lon="6.895929"><ele>59.25</ele></trkpt>
   <trkpt lat="50.886922" lon="6.895848"><ele>59</ele></trkpt>
   <trkpt lat="50.886817" lon="6.895815"><ele>59.25</ele></trkpt>
   <trkpt lat="50.886657" lon="6.895831"><ele>59.75</ele></trkpt>
   <trkpt lat="50.886557" lon="6.895829"><ele>59.75</ele></trkpt>
   <trkpt lat="50.886045" lon="6.895573"><ele>59.75</ele></trkpt>
   <trkpt lat="50.885851" lon="6.895392"><ele>59.75</ele></trkpt>
   <trkpt lat="50.885739" lon="6.895304"><ele>60</ele></trkpt>
   <trkpt lat="50.885598" lon="6.895233"><ele>59.75</ele></trkpt>
   <trkpt lat="50.885393" lon="6.895187"><ele>60</ele></trkpt>
   <trkpt lat="50.885228" lon="6.895122"><ele>59.75</ele></trkpt>
   <trkpt lat="50.88492" lon="6.894956"><ele>59.75</ele></trkpt>
   <trkpt lat="50.884869" lon="6.894962"><ele>59.75</ele></trkpt>
   <trkpt lat="50.884771" lon="6.894982"><ele>59.75</ele></trkpt>
   <trkpt lat="50.884166" lon="6.89429"><ele>61</ele></trkpt>
   <trkpt lat="50.882643" lon="6.892781"><ele>61.75</ele></trkpt>
   <trkpt lat="50.88227" lon="6.892415"><ele>61.75</ele></trkpt>
   <trkpt lat="50.882142" lon="6.892279"><ele>62</ele></trkpt>
   <trkpt lat="50.881721" lon="6.891829"><ele>62</ele></trkpt>
   <trkpt lat="50.88157" lon="6.891699"><ele>62</ele></trkpt>
   <trkpt lat="50.881434" lon="6.891549"><ele>62.25</ele></trkpt>
   <trkpt lat="50.881049" lon="6.891153"><ele>63</ele></trkpt>
   <trkpt lat="50.881019" lon="6.891121"><ele>63</ele></trkpt>
   <trkpt lat="50.880958" lon="6.89097"><ele>63</ele></trkpt>
   <trkpt lat="50.880887" lon="6.890962"><ele>63</ele></trkpt>
   <trkpt lat="50.880815" lon="6.890953"><ele>63</ele></trkpt>
   <trkpt lat="50.880795" lon="6.890897"><ele>63</ele></trkpt>
   <trkpt lat="50.880775" lon="6.890843"><ele>63</ele></trkpt>
   <trkpt lat="50.880719" lon="6.890861"><ele>63</ele></trkpt>
   <trkpt lat="50.880632" lon="6.8908"><ele>63</ele></trkpt>
   <trkpt lat="50.880462" lon="6.890592"><ele>63.75</ele></trkpt>
   <trkpt lat="50.880382" lon="6.890508"><ele>64</ele></trkpt>
   <trkpt lat="50.879857" lon="6.889948"><ele>64</ele></trkpt>
   <trkpt lat="50.879803" lon="6.889932"><ele>64</ele></trkpt>
   <trkpt lat="50.879762" lon="6.889899"><ele>64.25</ele></trkpt>
   <trkpt lat="50.879685" lon="6.889817"><ele>64.5</ele></trkpt>
   <trkpt lat="50.879647" lon="6.889715"><ele>65</ele></trkpt>
   <trkpt lat="50.879273" lon="6.889329"><ele>65</ele></trkpt>
   <trkpt lat="50.879055" lon="6.889087"><ele>65</ele></trkpt>
   <trkpt lat="50.878033" lon="6.887994"><ele>66</ele></trkpt>
   <trkpt lat="50.87787" lon="6.887753"><ele>66</ele></trkpt>
   <trkpt lat="50.877604" lon="6.887478"><ele>67</ele></trkpt>
   <trkpt lat="50.877551" lon="6.88746"><ele>67</ele></trkpt>
   <trkpt lat="50.877445" lon="6.887346"><ele>67</ele></trkpt>
   <trkpt lat="50.877393" lon="6.887269"><ele>67</ele></trkpt>
   <trkpt lat="50.877371" lon="6.887288"><ele>67</ele></trkpt>
   <trkpt lat="50.877335" lon="6.887299"><ele>67</ele></trkpt>
   <trkpt lat="50.877319" lon="6.887278"><ele>67</ele></trkpt>
   <trkpt lat="50.877285" lon="6.887209"><ele>67</ele></trkpt>
   <trkpt lat="50.877241" lon="6.887139"><ele>67.25</ele></trkpt>
   <trkpt lat="50.877228" lon="6.887117"><ele>67.25</ele></trkpt>
   <trkpt lat="50.877134" lon="6.887125"><ele>67.25</ele></trkpt>
   <trkpt lat="50.876635" lon="6.886807"><ele>68.5</ele></trkpt>
   <trkpt lat="50.876627" lon="6.886792"><ele>68.5</ele></trkpt>
   <trkpt lat="50.876483" lon="6.886647"><ele>69</ele></trkpt>
   <trkpt lat="50.876258" lon="6.886447"><ele>69.75</ele></trkpt>
   <trkpt lat="50.876123" lon="6.886364"><ele>70</ele></trkpt>
   <trkpt lat="50.876039" lon="6.886313"><ele>70.5</ele></trkpt>
   <trkpt lat="50.87589" lon="6.886146"><ele>71.5</ele></trkpt>
   <trkpt lat="50.875794" lon="6.886018"><ele>71.75</ele></trkpt>
   <trkpt lat="50.875572" lon="6.885743"><ele>70.75</ele></trkpt>
   <trkpt lat="50.87549" lon="6.885637"><ele>71</ele></trkpt>
   <trkpt lat="50.875402" lon="6.885467"><ele>71.75</ele></trkpt>
   <trkpt lat="50.875374" lon="6.885382"><ele>72.25</ele></trkpt>
   <trkpt lat="50.87536" lon="6.885239"><ele>72.5</ele></trkpt>
   <trkpt lat="50.87537" lon="6.885151"><ele>72.5</ele></trkpt>
   <trkpt lat="50.875352" lon="6.885111"><ele>73</ele></trkpt>
   <trkpt lat="50.875337" lon="6.885091"><ele>73.5</ele></trkpt>
   <trkpt lat="50.875241" lon="6.884977"><ele>75</ele></trkpt>
   <trkpt lat="50.875208" lon="6.884938"><ele>75.25</ele></trkpt>
   <trkpt lat="50.875192" lon="6.884917"><ele>75.25</ele></trkpt>
   <trkpt lat="50.875155" lon="6.884964"><ele>75.25</ele></trkpt>
   <trkpt lat="50.87509" lon="6.884993"><ele>75.5</ele></trkpt>
   <trkpt lat="50.875068" lon="6.884993"><ele>75.75</ele></trkpt>
   <trkpt lat="50.874983" lon="6.884961"><ele>76</ele></trkpt>
   <trkpt lat="50.874957" lon="6.884946"><ele>76</ele></trkpt>
   <trkpt lat="50.874582" lon="6.88459"><ele>77.25</ele></trkpt>
   <trkpt lat="50.874425" lon="6.884409"><ele>77.75</ele></trkpt>
   <trkpt lat="50.87426" lon="6.884223"><ele>78.75</ele></trkpt>
   <trkpt lat="50.873656" lon="6.883454"><ele>82.5</ele></trkpt>
   <trkpt lat="50.873203" lon="6.882937"><ele>85.75</ele></trkpt>
   <trkpt lat="50.872282" lon="6.88186"><ele>91.75</ele></trkpt>
   <trkpt lat="50.871561" lon="6.881091"><ele>95.25</ele></trkpt>
   <trkpt lat="50.871417" lon="6.880929"><ele>95.75</ele></trkpt>
   <trkpt lat="50.871372" lon="6.880878"><ele>96</ele></trkpt>
   <trkpt lat="50.871309" lon="6.880812"><ele>96.5</ele></trkpt>
   <trkpt lat="50.871225" lon="6.880756"><ele>97.5</ele></trkpt>
   <trkpt lat="50.870648" lon="6.880161"><ele>102</ele></trkpt>
   <trkpt lat="50.869946" lon="6.879457"><ele>103.75</ele></trkpt>
   <trkpt lat="50.869422" lon="6.878881"><ele>106.25</ele></trkpt>
   <trkpt lat="50.868508" lon="6.877952"><ele>110</ele></trkpt>
   <trkpt lat="50.868011" lon="6.877468"><ele>110.25</ele></trkpt>
   <trkpt lat="50.867824" lon="6.877274"><ele>111</ele></trkpt>
   <trkpt lat="50.867617" lon="6.876987"><ele>112</ele></trkpt>
   <trkpt lat="50.867495" lon="6.877045"><ele>111</ele></trkpt>
   <trkpt lat="50.867436" lon="6.87705"><ele>111</ele></trkpt>
   <trkpt lat="50.867025" lon="6.876806"><ele>112</ele></trkpt>
   <trkpt lat="50.866971" lon="6.876751"><ele>111.75</ele></trkpt>
   <trkpt lat="50.866901" lon="6.876704"><ele>112</ele></trkpt>
   <trkpt lat="50.866808" lon="6.876656"><ele>112</ele></trkpt>
   <trkpt lat="50.86677" lon="6.87664"><ele>112</ele></trkpt>
   <trkpt lat="50.866733" lon="6.876662"><ele>112</ele></trkpt>
   <trkpt lat="50.866679" lon="6.876665"><ele>112</ele></trkpt>
   <trkpt lat="50.865975" lon="6.876362"><ele>113.5</ele></trkpt>
   <trkpt lat="50.865347" lon="6.876187"><ele>115.75</ele></trkpt>
   <trkpt lat="50.864654" lon="6.876072"><ele>115.75</ele></trkpt>
   <trkpt lat="50.864295" lon="6.876043"><ele>115.75</ele></trkpt>
   <trkpt lat="50.863614" lon="6.876042"><ele>115</ele></trkpt>
   <trkpt lat="50.863531" lon="6.876046"><ele>115.25</ele></trkpt>
   <trkpt lat="50.863036" lon="6.876111"><ele>116</ele></trkpt>
   <trkpt lat="50.8625" lon="6.876225"><ele>117</ele></trkpt>
   <trkpt lat="50.860187" lon="6.87688"><ele>117</ele></trkpt>
   <trkpt lat="50.858802" lon="6.876815"><ele>118</ele></trkpt>
   <trkpt lat="50.8584" lon="6.876715"><ele>118.25</ele></trkpt>
   <trkpt lat="50.858055" lon="6.876596"><ele>117.5</ele></trkpt>
   <trkpt lat="50.85759" lon="6.876403"><ele>118</ele></trkpt>
   <trkpt lat="50.857242" lon="6.876203"><ele>118.25</ele></trkpt>
   <trkpt lat="50.856818" lon="6.87594"><ele>118</ele></trkpt>
   <trkpt lat="50.856052" lon="6.875354"><ele>119</ele></trkpt>
   <trkpt lat="50.855227" lon="6.874738"><ele>118.75</ele></trkpt>
   <trkpt lat="50.855134" lon="6.874666"><ele>119</ele></trkpt>
   <trkpt lat="50.854758" lon="6.87438"><ele>119.25</ele></trkpt>
   <trkpt lat="50.85458" lon="6.874187"><ele>119.25</ele></trkpt>
   <trkpt lat="50.854359" lon="6.874022"><ele>119</ele></trkpt>
   <trkpt lat="50.854217" lon="6.87398"><ele>118.75</ele></trkpt>
   <trkpt lat="50.853699" lon="6.873578"><ele>117.5</ele></trkpt>
   <trkpt lat="50.853188" lon="6.873222"><ele>117.25</ele></trkpt>
   <trkpt lat="50.852393" lon="6.87273"><ele>116.25</ele></trkpt>
   <trkpt lat="50.851929" lon="6.872491"><ele>115</ele></trkpt>
   <trkpt lat="50.851279" lon="6.872204"><ele>113.5</ele></trkpt>
   <trkpt lat="50.850781" lon="6.872005"><ele>111.75</ele></trkpt>
   <trkpt lat="50.850285" lon="6.871852"><ele>111.25</ele></trkpt>
   <trkpt lat="50.849278" lon="6.871621"><ele>110</ele></trkpt>
   <trkpt lat="50.848507" lon="6.871426"><ele>110</ele></trkpt>
   <trkpt lat="50.846176" lon="6.87089"><ele>110</ele></trkpt>
   <trkpt lat="50.845113" lon="6.870636"><ele>110</ele></trkpt>
   <trkpt lat="50.843485" lon="6.870269"><ele>110</ele></trkpt>
   <trkpt lat="50.84284" lon="6.870112"><ele>110</ele></trkpt>
   <trkpt lat="50.842214" lon="6.869942"><ele>110.75</ele></trkpt>
   <trkpt lat="50.841048" lon="6.869687"><ele>113</ele></trkpt>
   <trkpt lat="50.840482" lon="6.869459"><ele>114.5</ele></trkpt>
   <trkpt lat="50.839817" lon="6.869094"><ele>115.75</ele></trkpt>
   <trkpt lat="50.839494" lon="6.868806"><ele>115.25</ele></trkpt>
   <trkpt lat="50.839202" lon="6.868669"><ele>116.5</ele></trkpt>
   <trkpt lat="50.839167" lon="6.868772"><ele>116.75</ele></trkpt>
   <trkpt lat="50.839114" lon="6.86893"><ele>117</ele></trkpt>
   <trkpt lat="50.839047" lon="6.86889"><ele>117</ele></trkpt>
   <trkpt lat="50.838984" lon="6.868838"><ele>117</ele></trkpt>
   <trkpt lat="50.838929" lon="6.868791"><ele>117</ele></trkpt>
   <trkpt lat="50.838907" lon="6.868808"><ele>117</ele></trkpt>
   <trkpt lat="50.83886" lon="6.868837"><ele>117</ele></trkpt>
   <trkpt lat="50.838874" lon="6.869069"><ele>117</ele></trkpt>
   <trkpt lat="50.838838" lon="6.869298"><ele>117.25</ele></trkpt>
   <trkpt lat="50.83862" lon="6.870005"><ele>114</ele></trkpt>
   <trkpt lat="50.838445" lon="6.870551"><ele>112</ele></trkpt>
   <trkpt lat="50.838363" lon="6.870808"><ele>115</ele></trkpt>
   <trkpt lat="50.838325" lon="6.870904"><ele>115.75</ele></trkpt>
   <trkpt lat="50.837357" lon="6.87049"><ele>114</ele></trkpt>
   <trkpt lat="50.836528" lon="6.870239"><ele>112.5</ele></trkpt>
   <trkpt lat="50.836401" lon="6.870139"><ele>112.5</ele></trkpt>
   <trkpt lat="50.836238" lon="6.869917"><ele>113.5</ele></trkpt>
   <trkpt lat="50.836034" lon="6.869702"><ele>114</ele></trkpt>
   <trkpt lat="50.836112" lon="6.869447"><ele>114.75</ele></trkpt>
   <trkpt lat="50.836392" lon="6.868496"><ele>119.25</ele></trkpt>
   <trkpt lat="50.836459" lon="6.868136"><ele>120.75</ele></trkpt>
   <trkpt lat="50.836554" lon="6.867514"><ele>122.25</ele></trkpt>
   <trkpt lat="50.836548" lon="6.867373"><ele>122</ele></trkpt>
   <trkpt lat="50.836518" lon="6.867214"><ele>121.75</ele></trkpt>
   <trkpt lat="50.836447" lon="6.867001"><ele>121.5</ele></trkpt>
   <trkpt lat="50.836144" lon="6.866283"><ele>116.75</ele></trkpt>
   <trkpt lat="50.835931" lon="6.865797"><ele>113.5</ele></trkpt>
   <trkpt lat="50.83577" lon="6.8654"><ele>113.5</ele></trkpt>
   <trkpt lat="50.834692" lon="6.862969"><ele>115</ele></trkpt>
   <trkpt lat="50.834271" lon="6.862039"><ele>115.25</ele></trkpt>
   <trkpt lat="50.834052" lon="6.861579"><ele>116.5</ele></trkpt>
   <trkpt lat="50.833636" lon="6.860818"><ele>121.25</ele></trkpt>
   <trkpt lat="50.833444" lon="6.860419"><ele>121.75</ele></trkpt>
   <trkpt lat="50.833031" lon="6.859423"><ele>122.75</ele></trkpt>
   <trkpt lat="50.832742" lon="6.858684"><ele>120.5</ele></trkpt>
   <trkpt lat="50.832276" lon="6.857314"><ele>118</ele></trkpt>
   <trkpt lat="50.831987" lon="6.856504"><ele>117</ele></trkpt>
   <trkpt lat="50.831793" lon="6.856031"><ele>117</ele></trkpt>
   <trkpt lat="50.831245" lon="6.854576"><ele>117</ele></trkpt>
   <trkpt lat="50.830995" lon="6.853885"><ele>116.5</ele></trkpt>
   <trkpt lat="50.830379" lon="6.852325"><ele>115.75</ele></trkpt>
   <trkpt lat="50.830102" lon="6.851589"><ele>115.5</ele></trkpt>
   <trkpt lat="50.828294" lon="6.846952"><ele>113.75</ele></trkpt>
   <trkpt lat="50.827927" lon="6.845964"><ele>113.75</ele></trkpt>
   <trkpt lat="50.827762" lon="6.845671"><ele>113</ele></trkpt>
   <trkpt lat="50.827594" lon="6.845427"><ele>113.25</ele></trkpt>
   <trkpt lat="50.827471" lon="6.845323"><ele>112.75</ele></trkpt>
   <trkpt lat="50.82703" lon="6.844843"><ele>112</ele></trkpt>
   <trkpt lat="50.826729" lon="6.844607"><ele>111.25</ele></trkpt>
   <trkpt lat="50.826664" lon="6.844548"><ele>111</ele></trkpt>
   <trkpt lat="50.82657" lon="6.844415"><ele>111</ele></trkpt>
   <trkpt lat="50.826487" lon="6.84428"><ele>111</ele></trkpt>
   <trkpt lat="50.82646" lon="6.844153"><ele>111</ele></trkpt>
   <trkpt lat="50.826427" lon="6.844061"><ele>110.75</ele></trkpt>
   <trkpt lat="50.826306" lon="6.843965"><ele>109.75</ele></trkpt>
   <trkpt lat="50.826112" lon="6.843789"><ele>109.5</ele></trkpt>
   <trkpt lat="50.825991" lon="6.8437"><ele>109</ele></trkpt>
   <trkpt lat="50.825816" lon="6.843639"><ele>107.5</ele></trkpt>
   <trkpt lat="50.825431" lon="6.843579"><ele>102.75</ele></trkpt>
   <trkpt lat="50.825177" lon="6.843501"><ele>101.75</ele></trkpt>
   <trkpt lat="50.824953" lon="6.843329"><ele>102</ele></trkpt>
   <trkpt lat="50.824848" lon="6.843271"><ele>102</ele></trkpt>
   <trkpt lat="50.824334" lon="6.843155"><ele>102</ele></trkpt>
   <trkpt lat="50.82373" lon="6.843024"><ele>102</ele></trkpt>
   <trkpt lat="50.822936" lon="6.84284"><ele>102</ele></trkpt>
   <trkpt lat="50.820486" lon="6.842301"><ele>102</ele></trkpt>
   <trkpt lat="50.819402" lon="6.842093"><ele>106</ele></trkpt>
   <trkpt lat="50.819295" lon="6.842099"><ele>107</ele></trkpt>
   <trkpt lat="50.818968" lon="6.842188"><ele>109.25</ele></trkpt>
   <trkpt lat="50.818679" lon="6.842308"><ele>109.75</ele></trkpt>
   <trkpt lat="50.818375" lon="6.842654"><ele>111</ele></trkpt>
   <trkpt lat="50.81814" lon="6.842982"><ele>111.5</ele></trkpt>
   <trkpt lat="50.817929" lon="6.843209"><ele>112</ele></trkpt>
   <trkpt lat="50.817684" lon="6.843429"><ele>112</ele></trkpt>
   <trkpt lat="50.817416" lon="6.843623"><ele>112.25</ele></trkpt>
   <trkpt lat="50.816959" lon="6.84386"><ele>112.75</ele></trkpt>
   <trkpt lat="50.816085" lon="6.844144"><ele>114</ele></trkpt>
   <trkpt lat="50.815756" lon="6.844219"><ele>115</ele></trkpt>
   <trkpt lat="50.81543" lon="6.844311"><ele>115.5</ele></trkpt>
   <trkpt lat="50.815364" lon="6.844343"><ele>115.75</ele></trkpt>
   <trkpt lat="50.815027" lon="6.844364"><ele>116</ele></trkpt>
   <trkpt lat="50.814889" lon="6.844339"><ele>116</ele></trkpt>
   <trkpt lat="50.813374" lon="6.843812"><ele>118.25</ele></trkpt>
   <trkpt lat="50.81319" lon="6.84377"><ele>120</ele></trkpt>
   <trkpt lat="50.813066" lon="6.843749"><ele>121.25</ele></trkpt>
   <trkpt lat="50.812978" lon="6.84372"><ele>121.75</ele></trkpt>
   <trkpt lat="50.812886" lon="6.843642"><ele>122.25</ele></trkpt>
   <trkpt lat="50.812811" lon="6.843563"><ele>122.75</ele></trkpt>
   <trkpt lat="50.812772" lon="6.843501"><ele>122.75</ele></trkpt>
   <trkpt lat="50.812726" lon="6.84341"><ele>122.5</ele></trkpt>
   <trkpt lat="50.812692" lon="6.843291"><ele>122.5</ele></trkpt>
   <trkpt lat="50.812674" lon="6.843181"><ele>122.25</ele></trkpt>
   <trkpt lat="50.812668" lon="6.843067"><ele>122.25</ele></trkpt>
   <trkpt lat="50.812656" lon="6.842618"><ele>123</ele></trkpt>
   <trkpt lat="50.812662" lon="6.842331"><ele>123.5</ele></trkpt>
   <trkpt lat="50.812677" lon="6.842057"><ele>124</ele></trkpt>
   <trkpt lat="50.812742" lon="6.841463"><ele>125</ele></trkpt>
   <trkpt lat="50.812782" lon="6.841001"><ele>125</ele></trkpt>
   <trkpt lat="50.812785" lon="6.840877"><ele>125</ele></trkpt>
   <trkpt lat="50.812778" lon="6.840772"><ele>125</ele></trkpt>
   <trkpt lat="50.812756" lon="6.840654"><ele>125</ele></trkpt>
   <trkpt lat="50.812707" lon="6.840476"><ele>125.5</ele></trkpt>
   <trkpt lat="50.812673" lon="6.840377"><ele>126.25</ele></trkpt>
   <trkpt lat="50.812576" lon="6.840193"><ele>126.75</ele></trkpt>
   <trkpt lat="50.812478" lon="6.840049"><ele>127.5</ele></trkpt>
   <trkpt lat="50.8118" lon="6.838918"><ele>128.25</ele></trkpt>
   <trkpt lat="50.811678" lon="6.838707"><ele>128.5</ele></trkpt>
   <trkpt lat="50.811498" lon="6.838302"><ele>128.25</ele></trkpt>
   <trkpt lat="50.811358" lon="6.837913"><ele>128.75</ele></trkpt>
   <trkpt lat="50.811166" lon="6.837451"><ele>129.25</ele></trkpt>
   <trkpt lat="50.810969" lon="6.837021"><ele>128.25</ele></trkpt>
   <trkpt lat="50.810692" lon="6.836466"><ele>128.25</ele></trkpt>
   <trkpt lat="50.810611" lon="6.836285"><ele>128.75</ele></trkpt>
   <trkpt lat="50.810466" lon="6.836014"><ele>129</ele></trkpt>
   <trkpt lat="50.810345" lon="6.835835"><ele>129.75</ele></trkpt>
   <trkpt lat="50.810204" lon="6.835651"><ele>129.5</ele></trkpt>
   <trkpt lat="50.809942" lon="6.83545"><ele>129.75</ele></trkpt>
   <trkpt lat="50.809438" lon="6.835114"><ele>129.5</ele></trkpt>
   <trkpt lat="50.809213" lon="6.834961"><ele>130.25</ele></trkpt>
   <trkpt lat="50.808895" lon="6.834793"><ele>130</ele></trkpt>
   <trkpt lat="50.808267" lon="6.834558"><ele>129.75</ele></trkpt>
   <trkpt lat="50.807638" lon="6.834281"><ele>129.75</ele></trkpt>
   <trkpt lat="50.807204" lon="6.834129"><ele>130</ele></trkpt>
   <trkpt lat="50.806909" lon="6.834041"><ele>129.75</ele></trkpt>
   <trkpt lat="50.806604" lon="6.833938"><ele>130.25</ele></trkpt>
   <trkpt lat="50.806444" lon="6.833902"><ele>130.75</ele></trkpt>
   <trkpt lat="50.806329" lon="6.833908"><ele>130.75</ele></trkpt>
   <trkpt lat="50.806239" lon="6.833942"><ele>130.5</ele></trkpt>
   <trkpt lat="50.806155" lon="6.833991"><ele>130.25</ele></trkpt>
   <trkpt lat="50.80593" lon="6.834193"><ele>131.75</ele></trkpt>
   <trkpt lat="50.805888" lon="6.834169"><ele>132.25</ele></trkpt>
   <trkpt lat="50.805807" lon="6.834095"><ele>132.5</ele></trkpt>
   <trkpt lat="50.805455" lon="6.833925"><ele>132</ele></trkpt>
   <trkpt lat="50.805243" lon="6.833844"><ele>131.75</ele></trkpt>
   <trkpt lat="50.80515" lon="6.833818"><ele>131.5</ele></trkpt>
   <trkpt lat="50.805019" lon="6.833806"><ele>131.5</ele></trkpt>
   <trkpt lat="50.804923" lon="6.833812"><ele>131.5</ele></trkpt>
   <trkpt lat="50.804824" lon="6.833848"><ele>131.25</ele></trkpt>
   <trkpt lat="50.804762" lon="6.833886"><ele>131</ele></trkpt>
   <trkpt lat="50.804506" lon="6.834089"><ele>129.5</ele></trkpt>
   <trkpt lat="50.804154" lon="6.834395"><ele>128.25</ele></trkpt>
   <trkpt lat="50.803862" lon="6.834654"><ele>127</ele></trkpt>
   <trkpt lat="50.803735" lon="6.834635"><ele>127.25</ele></trkpt>
   <trkpt lat="50.803663" lon="6.834709"><ele>127</ele></trkpt>
   <trkpt lat="50.803176" lon="6.835069"><ele>128.5</ele></trkpt>
   <trkpt lat="50.803195" lon="6.835255"><ele>128.25</ele></trkpt>
   <trkpt lat="50.803177" lon="6.835591"><ele>128.25</ele></trkpt>
   <trkpt lat="50.803135" lon="6.835829"><ele>127.5</ele></trkpt>
   <trkpt lat="50.803129" lon="6.836015"><ele>127.5</ele></trkpt>
   <trkpt lat="50.803079" lon="6.836141"><ele>127.75</ele></trkpt>
   <trkpt lat="50.802851" lon="6.836573"><ele>128.5</ele></trkpt>
   <trkpt lat="50.802784" lon="6.836679"><ele>128.75</ele></trkpt>
   <trkpt lat="50.8025" lon="6.836979"><ele>128.75</ele></trkpt>
   <trkpt lat="50.802217" lon="6.837223"><ele>130</ele></trkpt>
   <trkpt lat="50.802151" lon="6.837372"><ele>130</ele></trkpt>
   <trkpt lat="50.800763" lon="6.840136"><ele>131</ele></trkpt>
   <trkpt lat="50.800016" lon="6.841599"><ele>138.5</ele></trkpt>
   <trkpt lat="50.799937" lon="6.84172"><ele>138.75</ele></trkpt>
   <trkpt lat="50.799477" lon="6.842248"><ele>138.75</ele></trkpt>
   <trkpt lat="50.799252" lon="6.842462"><ele>139.5</ele></trkpt>
   <trkpt lat="50.799009" lon="6.842683"><ele>141</ele></trkpt>
   <trkpt lat="50.798919" lon="6.84284"><ele>141</ele></trkpt>
   <trkpt lat="50.798774" lon="6.843135"><ele>141</ele></trkpt>
   <trkpt lat="50.798605" lon="6.843372"><ele>141.5</ele></trkpt>
   <trkpt lat="50.798394" lon="6.843578"><ele>141.5</ele></trkpt>
   <trkpt lat="50.798277" lon="6.843753"><ele>141.25</ele></trkpt>
   <trkpt lat="50.798038" lon="6.844329"><ele>140.5</ele></trkpt>
   <trkpt lat="50.797955" lon="6.844572"><ele>140.5</ele></trkpt>
   <trkpt lat="50.797861" lon="6.844779"><ele>140.75</ele></trkpt>
   <trkpt lat="50.797653" lon="6.845186"><ele>139.75</ele></trkpt>
   <trkpt lat="50.796791" lon="6.846195"><ele>138</ele></trkpt>
   <trkpt lat="50.79671" lon="6.846263"><ele>137.75</ele></trkpt>
   <trkpt lat="50.796134" lon="6.846408"><ele>140.25</ele></trkpt>
   <trkpt lat="50.796059" lon="6.846413"><ele>141</ele></trkpt>
   <trkpt lat="50.795999" lon="6.84639"><ele>141.75</ele></trkpt>
   <trkpt lat="50.79595" lon="6.846334"><ele>142.5</ele></trkpt>
   <trkpt lat="50.795832" lon="6.846042"><ele>144.25</ele></trkpt>
   <trkpt lat="50.79573" lon="6.84583"><ele>145</ele></trkpt>
   <trkpt lat="50.795561" lon="6.845842"><ele>144.75</ele></trkpt>
   <trkpt lat="50.795443" lon="6.845888"><ele>145</ele></trkpt>
   <trkpt lat="50.795343" lon="6.845968"><ele>145</ele></trkpt>
   <trkpt lat="50.795187" lon="6.846114"><ele>144.75</ele></trkpt>
   <trkpt lat="50.795025" lon="6.846173"><ele>144.75</ele></trkpt>
   <trkpt lat="50.794824" lon="6.846267"><ele>145</ele></trkpt>
   <trkpt lat="50.794509" lon="6.846475"><ele>144.75</ele></trkpt>
   <trkpt lat="50.794275" lon="6.846569"><ele>144</ele></trkpt>
   <trkpt lat="50.794065" lon="6.846616"><ele>143.5</ele></trkpt>
   <trkpt lat="50.793979" lon="6.846658"><ele>143.25</ele></trkpt>
   <trkpt lat="50.793785" lon="6.846868"><ele>142.25</ele></trkpt>
   <trkpt lat="50.793564" lon="6.847016"><ele>140.75</ele></trkpt>
   <trkpt lat="50.793329" lon="6.847049"><ele>140.25</ele></trkpt>
   <trkpt lat="50.79317" lon="6.847056"><ele>141.25</ele></trkpt>
   <trkpt lat="50.793038" lon="6.847008"><ele>142</ele></trkpt>
   <trkpt lat="50.792895" lon="6.846895"><ele>142.25</ele></trkpt>
   <trkpt lat="50.792755" lon="6.846686"><ele>142</ele></trkpt>
   <trkpt lat="50.79254" lon="6.846478"><ele>142</ele></trkpt>
   <trkpt lat="50.792406" lon="6.846354"><ele>142</ele></trkpt>
   <trkpt lat="50.792029" lon="6.845877"><ele>142</ele></trkpt>
   <trkpt lat="50.791378" lon="6.844799"><ele>139.75</ele></trkpt>
   <trkpt lat="50.791203" lon="6.844573"><ele>140</ele></trkpt>
   <trkpt lat="50.790942" lon="6.844289"><ele>139.25</ele></trkpt>
   <trkpt lat="50.790643" lon="6.844041"><ele>137.25</ele></trkpt>
   <trkpt lat="50.790536" lon="6.843912"><ele>136.75</ele></trkpt>
   <trkpt lat="50.790431" lon="6.843686"><ele>135.75</ele></trkpt>
   <trkpt lat="50.790364" lon="6.843479"><ele>134.25</ele></trkpt>
   <trkpt lat="50.790343" lon="6.8434"><ele>133.75</ele></trkpt>
   <trkpt lat="50.790337" lon="6.843164"><ele>132.75</ele></trkpt>
   <trkpt lat="50.790308" lon="6.843163"><ele>132.5</ele></trkpt>
   <trkpt lat="50.790281" lon="6.843142"><ele>132.25</ele></trkpt>
   <trkpt lat="50.790255" lon="6.843076"><ele>132</ele></trkpt>
   <trkpt lat="50.790298" lon="6.842843"><ele>131.25</ele></trkpt>
   <trkpt lat="50.790283" lon="6.842718"><ele>131</ele></trkpt>
   <trkpt lat="50.790082" lon="6.842175"><ele>130</ele></trkpt>
   <trkpt lat="50.789944" lon="6.841907"><ele>130</ele></trkpt>
   <trkpt lat="50.789736" lon="6.841567"><ele>129.75</ele></trkpt>
   <trkpt lat="50.789158" lon="6.840711"><ele>131.25</ele></trkpt>
   <trkpt lat="50.789095" lon="6.840589"><ele>130.5</ele></trkpt>
   <trkpt lat="50.789088" lon="6.840471"><ele>129</ele></trkpt>
   <trkpt lat="50.789129" lon="6.839658"><ele>132</ele></trkpt>
   <trkpt lat="50.789124" lon="6.839459"><ele>131.25</ele></trkpt>
   <trkpt lat="50.789079" lon="6.839253"><ele>129.5</ele></trkpt>
   <trkpt lat="50.788616" lon="6.838187"><ele>129.25</ele></trkpt>
   <trkpt lat="50.788233" lon="6.837285"><ele>130</ele></trkpt>
   <trkpt lat="50.788146" lon="6.837047"><ele>130.25</ele></trkpt>
   <trkpt lat="50.787464" lon="6.8348"><ele>132</ele></trkpt>
   <trkpt lat="50.787366" lon="6.834475"><ele>132</ele></trkpt>
   <trkpt lat="50.786526" lon="6.831696"><ele>131</ele></trkpt>
   <trkpt lat="50.786321" lon="6.831043"><ele>130.75</ele></trkpt>
   <trkpt lat="50.786284" lon="6.830876"><ele>130.5</ele></trkpt>
   <trkpt lat="50.785886" lon="6.82917"><ele>124.5</ele></trkpt>
   <trkpt lat="50.785849" lon="6.828977"><ele>123.25</ele></trkpt>
   <trkpt lat="50.785749" lon="6.828521"><ele>122.75</ele></trkpt>
   <trkpt lat="50.785668" lon="6.828169"><ele>121</ele></trkpt>
   <trkpt lat="50.785495" lon="6.827362"><ele>115.5</ele></trkpt>
   <trkpt lat="50.785458" lon="6.827113"><ele>114.75</ele></trkpt>
   <trkpt lat="50.785371" lon="6.826159"><ele>112</ele></trkpt>
   <trkpt lat="50.785281" lon="6.825762"><ele>109.75</ele></trkpt>
   <trkpt lat="50.785109" lon="6.825347"><ele>108</ele></trkpt>
   <trkpt lat="50.78504" lon="6.825286"><ele>107.25</ele></trkpt>
   <trkpt lat="50.784972" lon="6.825268"><ele>106.75</ele></trkpt>
   <trkpt lat="50.784953" lon="6.825374"><ele>107.5</ele></trkpt>
   <trkpt lat="50.784919" lon="6.825488"><ele>108</ele></trkpt>
   <trkpt lat="50.784833" lon="6.825499"><ele>107.75</ele></trkpt>
   <trkpt lat="50.78481" lon="6.825514"><ele>108</ele></trkpt>
   <trkpt lat="50.784626" lon="6.825809"><ele>108.5</ele></trkpt>
   <trkpt lat="50.783573" lon="6.826998"><ele>108.5</ele></trkpt>
   <trkpt lat="50.7826" lon="6.828525"><ele>111</ele></trkpt>
   <trkpt lat="50.782171" lon="6.827843"><ele>105</ele></trkpt>
   <trkpt lat="50.782085" lon="6.827834"><ele>104.5</ele></trkpt>
   <trkpt lat="50.781905" lon="6.828111"><ele>104.75</ele></trkpt>
   <trkpt lat="50.781393" lon="6.829231"><ele>105</ele></trkpt>
   <trkpt lat="50.781242" lon="6.82947"><ele>105</ele></trkpt>
   <trkpt lat="50.780978" lon="6.829748"><ele>104.75</ele></trkpt>
   <trkpt lat="50.780726" lon="6.829953"><ele>105</ele></trkpt>
   <trkpt lat="50.780652" lon="6.829799"><ele>105</ele></trkpt>
   <trkpt lat="50.779769" lon="6.828385"><ele>104</ele></trkpt>
   <trkpt lat="50.779182" lon="6.827559"><ele>104.5</ele></trkpt>
   <trkpt lat="50.778762" lon="6.826979"><ele>103.5</ele></trkpt>
   <trkpt lat="50.778554" lon="6.826702"><ele>103.25</ele></trkpt>
   <trkpt lat="50.778526" lon="6.826658"><ele>103.5</ele></trkpt>
   <trkpt lat="50.77835" lon="6.827509"><ele>104.75</ele></trkpt>
   <trkpt lat="50.778249" lon="6.82788"><ele>103.75</ele></trkpt>
   <trkpt lat="50.778039" lon="6.828196"><ele>104.5</ele></trkpt>
   <trkpt lat="50.777842" lon="6.828366"><ele>104.5</ele></trkpt>
   <trkpt lat="50.777329" lon="6.828631"><ele>104.5</ele></trkpt>
   <trkpt lat="50.776996" lon="6.828822"><ele>104.5</ele></trkpt>
   <trkpt lat="50.776823" lon="6.828988"><ele>104.5</ele></trkpt>
   <trkpt lat="50.77665" lon="6.829274"><ele>104.5</ele></trkpt>
   <trkpt lat="50.776538" lon="6.829629"><ele>104.25</ele></trkpt>
   <trkpt lat="50.776485" lon="6.83018"><ele>105.5</ele></trkpt>
   <trkpt lat="50.776452" lon="6.830401"><ele>106</ele></trkpt>
   <trkpt lat="50.77625" lon="6.830888"><ele>105.25</ele></trkpt>
   <trkpt lat="50.776196" lon="6.830959"><ele>105.5</ele></trkpt>
   <trkpt lat="50.775641" lon="6.831811"><ele>105</ele></trkpt>
   <trkpt lat="50.775388" lon="6.83214"><ele>105.25</ele></trkpt>
   <trkpt lat="50.775134" lon="6.832289"><ele>105.5</ele></trkpt>
   <trkpt lat="50.77491" lon="6.832311"><ele>105.25</ele></trkpt>
   <trkpt lat="50.77463" lon="6.832151"><ele>105.75</ele></trkpt>
   <trkpt lat="50.774343" lon="6.832102"><ele>105.25</ele></trkpt>
   <trkpt lat="50.774022" lon="6.832167"><ele>105.5</ele></trkpt>
   <trkpt lat="50.77263" lon="6.832964"><ele>106.25</ele></trkpt>
   <trkpt lat="50.771916" lon="6.833472"><ele>106</ele></trkpt>
   <trkpt lat="50.771185" lon="6.833953"><ele>106.5</ele></trkpt>
   <trkpt lat="50.770021" lon="6.834587"><ele>106.25</ele></trkpt>
   <trkpt lat="50.769484" lon="6.834811"><ele>107.25</ele></trkpt>
   <trkpt lat="50.768745" lon="6.835093"><ele>107</ele></trkpt>
   <trkpt lat="50.768536" lon="6.835128"><ele>107</ele></trkpt>
   <trkpt lat="50.7684" lon="6.835151"><ele>107.25</ele></trkpt>
   <trkpt lat="50.768194" lon="6.835123"><ele>107.5</ele></trkpt>
   <trkpt lat="50.768075" lon="6.835106"><ele>107.75</ele></trkpt>
   <trkpt lat="50.767905" lon="6.83504"><ele>108</ele></trkpt>
   <trkpt lat="50.767896" lon="6.835091"><ele>107.5</ele></trkpt>
   <trkpt lat="50.767811" lon="6.835442"><ele>107.5</ele></trkpt>
   <trkpt lat="50.767801" lon="6.83548"><ele>108</ele></trkpt>
   <trkpt lat="50.766889" lon="6.835085"><ele>107.5</ele></trkpt>
   <trkpt lat="50.766814" lon="6.834991"><ele>107.75</ele></trkpt>
   <trkpt lat="50.766733" lon="6.834853"><ele>107.75</ele></trkpt>
   <trkpt lat="50.766306" lon="6.834554"><ele>108.5</ele></trkpt>
   <trkpt lat="50.766166" lon="6.834457"><ele>107.75</ele></trkpt>
   <trkpt lat="50.766023" lon="6.834425"><ele>107.75</ele></trkpt>
   <trkpt lat="50.765542" lon="6.834077"><ele>107.5</ele></trkpt>
   <trkpt lat="50.764975" lon="6.833836"><ele>107.75</ele></trkpt>
   <trkpt lat="50.76459" lon="6.833791"><ele>107.5</ele></trkpt>
   <trkpt lat="50.764116" lon="6.833901"><ele>108.75</ele></trkpt>
   <trkpt lat="50.763707" lon="6.834087"><ele>108.5</ele></trkpt>
   <trkpt lat="50.763448" lon="6.834092"><ele>108.5</ele></trkpt>
   <trkpt lat="50.762674" lon="6.833845"><ele>108.25</ele></trkpt>
   <trkpt lat="50.762431" lon="6.833874"><ele>108.5</ele></trkpt>
   <trkpt lat="50.761666" lon="6.834253"><ele>109.25</ele></trkpt>
   <trkpt lat="50.759698" lon="6.835014"><ele>110</ele></trkpt>
   <trkpt lat="50.759379" lon="6.835049"><ele>110</ele></trkpt>
   <trkpt lat="50.758836" lon="6.834921"><ele>109.5</ele></trkpt>
   <trkpt lat="50.75848" lon="6.835016"><ele>110.25</ele></trkpt>
   <trkpt lat="50.758108" lon="6.835089"><ele>111.75</ele></trkpt>
   <trkpt lat="50.758145" lon="6.834618"><ele>111</ele></trkpt>
   <trkpt lat="50.758107" lon="6.834572"><ele>111.5</ele></trkpt>
   <trkpt lat="50.757754" lon="6.834075"><ele>110.75</ele></trkpt>
   <trkpt lat="50.757468" lon="6.83375"><ele>111</ele></trkpt>
   <trkpt lat="50.757317" lon="6.833621"><ele>110.5</ele></trkpt>
   <trkpt lat="50.75714" lon="6.833552"><ele>111</ele></trkpt>
   <trkpt lat="50.756991" lon="6.833542"><ele>111.25</ele></trkpt>
   <trkpt lat="50.756818" lon="6.833585"><ele>111.25</ele></trkpt>
   <trkpt lat="50.756671" lon="6.833688"><ele>111.25</ele></trkpt>
   <trkpt lat="50.756353" lon="6.834027"><ele>111.25</ele></trkpt>
   <trkpt lat="50.756185" lon="6.834169"><ele>111.25</ele></trkpt>
   <trkpt lat="50.755984" lon="6.834292"><ele>111</ele></trkpt>
   <trkpt lat="50.755774" lon="6.834354"><ele>111</ele></trkpt>
   <trkpt lat="50.75558" lon="6.834371"><ele>111.25</ele></trkpt>
   <trkpt lat="50.755376" lon="6.834346"><ele>111.5</ele></trkpt>
   <trkpt lat="50.755034" lon="6.834215"><ele>111.75</ele></trkpt>
   <trkpt lat="50.753858" lon="6.833691"><ele>112</ele></trkpt>
   <trkpt lat="50.753629" lon="6.833548"><ele>111.75</ele></trkpt>
   <trkpt lat="50.753431" lon="6.833384"><ele>111.5</ele></trkpt>
   <trkpt lat="50.752246" lon="6.832084"><ele>112.25</ele></trkpt>
   <trkpt lat="50.752072" lon="6.831974"><ele>112.5</ele></trkpt>
   <trkpt lat="50.751854" lon="6.831906"><ele>112.75</ele></trkpt>
   <trkpt lat="50.751798" lon="6.83191"><ele>112.75</ele></trkpt>
   <trkpt lat="50.75167" lon="6.831921"><ele>112.75</ele></trkpt>
   <trkpt lat="50.75145" lon="6.831982"><ele>113</ele></trkpt>
   <trkpt lat="50.751238" lon="6.832088"><ele>112.5</ele></trkpt>
   <trkpt lat="50.750856" lon="6.8323"><ele>113</ele></trkpt>
   <trkpt lat="50.750571" lon="6.832432"><ele>112.75</ele></trkpt>
   <trkpt lat="50.750352" lon="6.832488"><ele>112.75</ele></trkpt>
   <trkpt lat="50.75021" lon="6.832499"><ele>112.75</ele></trkpt>
   <trkpt lat="50.74932" lon="6.832433"><ele>113.75</ele></trkpt>
   <trkpt lat="50.749177" lon="6.832422"><ele>113.5</ele></trkpt>
   <trkpt lat="50.748961" lon="6.832439"><ele>113.75</ele></trkpt>
   <trkpt lat="50.748624" lon="6.832507"><ele>113.75</ele></trkpt>
   <trkpt lat="50.748542" lon="6.832514"><ele>114</ele></trkpt>
   <trkpt lat="50.748383" lon="6.832485"><ele>113.75</ele></trkpt>
   <trkpt lat="50.748339" lon="6.832463"><ele>113.75</ele></trkpt>
   <trkpt lat="50.74822" lon="6.832404"><ele>113.75</ele></trkpt>
   <trkpt lat="50.747968" lon="6.832181"><ele>114.25</ele></trkpt>
   <trkpt lat="50.7477" lon="6.832019"><ele>114.25</ele></trkpt>
   <trkpt lat="50.747649" lon="6.831955"><ele>114.25</ele></trkpt>
   <trkpt lat="50.747601" lon="6.832115"><ele>114.75</ele></trkpt>
   <trkpt lat="50.747562" lon="6.83226"><ele>114.75</ele></trkpt>
   <trkpt lat="50.747538" lon="6.832241"><ele>114.75</ele></trkpt>
   <trkpt lat="50.747505" lon="6.832151"><ele>114.75</ele></trkpt>
   <trkpt lat="50.747525" lon="6.831797"><ele>114.25</ele></trkpt>
   <trkpt lat="50.747474" lon="6.831698"><ele>114.25</ele></trkpt>
   <trkpt lat="50.747172" lon="6.831476"><ele>114.75</ele></trkpt>
   <trkpt lat="50.746905" lon="6.831342"><ele>114.75</ele></trkpt>
   <trkpt lat="50.746567" lon="6.831239"><ele>114.75</ele></trkpt>
   <trkpt lat="50.746177" lon="6.831166"><ele>115</ele></trkpt>
   <trkpt lat="50.745744" lon="6.831255"><ele>115</ele></trkpt>
   <trkpt lat="50.745328" lon="6.831444"><ele>115.25</ele></trkpt>
   <trkpt lat="50.745012" lon="6.831647"><ele>115.75</ele></trkpt>
   <trkpt lat="50.744812" lon="6.83181"><ele>115.5</ele></trkpt>
   <trkpt lat="50.744294" lon="6.832483"><ele>115.25</ele></trkpt>
   <trkpt lat="50.744069" lon="6.832683"><ele>115.5</ele></trkpt>
   <trkpt lat="50.743787" lon="6.832754"><ele>115.75</ele></trkpt>
   <trkpt lat="50.743619" lon="6.832773"><ele>115.75</ele></trkpt>
   <trkpt lat="50.743459" lon="6.832732"><ele>116.25</ele></trkpt>
   <trkpt lat="50.743313" lon="6.832655"><ele>116</ele></trkpt>
   <trkpt lat="50.742772" lon="6.832324"><ele>116.25</ele></trkpt>
   <trkpt lat="50.742178" lon="6.832147"><ele>116.25</ele></trkpt>
   <trkpt lat="50.741944" lon="6.832096"><ele>116</ele></trkpt>
   <trkpt lat="50.741688" lon="6.831992"><ele>116.75</ele></trkpt>
   <trkpt lat="50.741282" lon="6.83171"><ele>116.25</ele></trkpt>
   <trkpt lat="50.74106" lon="6.831576"><ele>116.5</ele></trkpt>
   <trkpt lat="50.741011" lon="6.831552"><ele>116.5</ele></trkpt>
   <trkpt lat="50.740446" lon="6.831111"><ele>116.75</ele></trkpt>
   <trkpt lat="50.740304" lon="6.831024"><ele>116.5</ele></trkpt>
   <trkpt lat="50.740124" lon="6.830957"><ele>116.75</ele></trkpt>
   <trkpt lat="50.740034" lon="6.830955"><ele>116.75</ele></trkpt>
   <trkpt lat="50.739923" lon="6.830979"><ele>117</ele></trkpt>
   <trkpt lat="50.739668" lon="6.831098"><ele>117.5</ele></trkpt>
   <trkpt lat="50.739566" lon="6.831122"><ele>117.25</ele></trkpt>
   <trkpt lat="50.739389" lon="6.831132"><ele>117</ele></trkpt>
   <trkpt lat="50.739281" lon="6.831125"><ele>117</ele></trkpt>
   <trkpt lat="50.739183" lon="6.831102"><ele>117</ele></trkpt>
   <trkpt lat="50.738956" lon="6.830996"><ele>117.25</ele></trkpt>
   <trkpt lat="50.738746" lon="6.830778"><ele>117.25</ele></trkpt>
   <trkpt lat="50.738498" lon="6.830475"><ele>117</ele></trkpt>
   <trkpt lat="50.738318" lon="6.830242"><ele>117.75</ele></trkpt>
   <trkpt lat="50.737964" lon="6.829721"><ele>117.5</ele></trkpt>
   <trkpt lat="50.73788" lon="6.829612"><ele>118</ele></trkpt>
   <trkpt lat="50.737722" lon="6.829255"><ele>117.25</ele></trkpt>
   <trkpt lat="50.737599" lon="6.829059"><ele>117.75</ele></trkpt>
   <trkpt lat="50.737314" lon="6.828677"><ele>118</ele></trkpt>
   <trkpt lat="50.73672" lon="6.828083"><ele>118</ele></trkpt>
   <trkpt lat="50.736433" lon="6.827686"><ele>117.75</ele></trkpt>
   <trkpt lat="50.736194" lon="6.827081"><ele>118.25</ele></trkpt>
   <trkpt lat="50.736059" lon="6.826801"><ele>117.5</ele></trkpt>
   <trkpt lat="50.73587" lon="6.82658"><ele>118.5</ele></trkpt>
   <trkpt lat="50.735586" lon="6.82641"><ele>118.75</ele></trkpt>
   <trkpt lat="50.735364" lon="6.826207"><ele>118.75</ele></trkpt>
   <trkpt lat="50.735181" lon="6.825953"><ele>118.5</ele></trkpt>
   <trkpt lat="50.734779" lon="6.825298"><ele>118.75</ele></trkpt>
   <trkpt lat="50.734427" lon="6.824845"><ele>118.25</ele></trkpt>
   <trkpt lat="50.734012" lon="6.824389"><ele>119</ele></trkpt>
   <trkpt lat="50.73361" lon="6.824032"><ele>119.5</ele></trkpt>
   <trkpt lat="50.733067" lon="6.823652"><ele>119</ele></trkpt>
   <trkpt lat="50.732548" lon="6.823391"><ele>119.75</ele></trkpt>
   <trkpt lat="50.731574" lon="6.826171"><ele>122</ele></trkpt>
   <trkpt lat="50.731064" lon="6.827548"><ele>126.75</ele></trkpt>
   <trkpt lat="50.730751" lon="6.827441"><ele>127.25</ele></trkpt>
   <trkpt lat="50.730415" lon="6.827189"><ele>127.25</ele></trkpt>
   <trkpt lat="50.72983" lon="6.826827"><ele>129.5</ele></trkpt>
   <trkpt lat="50.72937" lon="6.826743"><ele>130.75</ele></trkpt>
   <trkpt lat="50.728942" lon="6.826662"><ele>130.75</ele></trkpt>
   <trkpt lat="50.728907" lon="6.826775"><ele>131.25</ele></trkpt>
   <trkpt lat="50.72886" lon="6.826824"><ele>131.25</ele></trkpt>
   <trkpt lat="50.728496" lon="6.826602"><ele>129.25</ele></trkpt>
   <trkpt lat="50.728368" lon="6.826515"><ele>129</ele></trkpt>
   <trkpt lat="50.728312" lon="6.82651"><ele>128.75</ele></trkpt>
   <trkpt lat="50.728257" lon="6.826539"><ele>127.5</ele></trkpt>
   <trkpt lat="50.728185" lon="6.826647"><ele>125.75</ele></trkpt>
   <trkpt lat="50.72806" lon="6.827049"><ele>126.25</ele></trkpt>
   <trkpt lat="50.727822" lon="6.827735"><ele>125</ele></trkpt>
   <trkpt lat="50.727704" lon="6.827991"><ele>126.75</ele></trkpt>
   <trkpt lat="50.727654" lon="6.828114"><ele>128.5</ele></trkpt>
   <trkpt lat="50.727563" lon="6.828361"><ele>128.5</ele></trkpt>
   <trkpt lat="50.727524" lon="6.828533"><ele>126.75</ele></trkpt>
   <trkpt lat="50.727461" lon="6.828416"><ele>127</ele></trkpt>
   <trkpt lat="50.727357" lon="6.828309"><ele>127.25</ele></trkpt>
   <trkpt lat="50.724649" lon="6.825902"><ele>133.75</ele></trkpt>
   <trkpt lat="50.722355" lon="6.823931"><ele>137</ele></trkpt>
   <trkpt lat="50.720183" lon="6.822065"><ele>138.75</ele></trkpt>
   <trkpt lat="50.71965" lon="6.821633"><ele>139</ele></trkpt>
   <trkpt lat="50.719095" lon="6.821203"><ele>140</ele></trkpt>
   <trkpt lat="50.718093" lon="6.820483"><ele>140.75</ele></trkpt>
   <trkpt lat="50.717985" lon="6.820429"><ele>141</ele></trkpt>
   <trkpt lat="50.717848" lon="6.820393"><ele>141</ele></trkpt>
   <trkpt lat="50.717228" lon="6.820327"><ele>141</ele></trkpt>
   <trkpt lat="50.717043" lon="6.820307"><ele>140.25</ele></trkpt>
   <trkpt lat="50.716925" lon="6.820282"><ele>140</ele></trkpt>
   <trkpt lat="50.716835" lon="6.820223"><ele>140</ele></trkpt>
   <trkpt lat="50.716427" lon="6.819852"><ele>140</ele></trkpt>
   <trkpt lat="50.715832" lon="6.81938"><ele>141.75</ele></trkpt>
   <trkpt lat="50.71564" lon="6.819217"><ele>141.25</ele></trkpt>
   <trkpt lat="50.715342" lon="6.818941"><ele>141</ele></trkpt>
   <trkpt lat="50.715164" lon="6.818831"><ele>141.25</ele></trkpt>
   <trkpt lat="50.714491" lon="6.818524"><ele>142.25</ele></trkpt>
   <trkpt lat="50.713062" lon="6.817998"><ele>143</ele></trkpt>
   <trkpt lat="50.712517" lon="6.817818"><ele>143.75</ele></trkpt>
   <trkpt lat="50.711756" lon="6.817611"><ele>144.5</ele></trkpt>
   <trkpt lat="50.711156" lon="6.817468"><ele>145</ele></trkpt>
   <trkpt lat="50.710941" lon="6.817428"><ele>145.25</ele></trkpt>
   <trkpt lat="50.710848" lon="6.817434"><ele>145</ele></trkpt>
   <trkpt lat="50.710612" lon="6.817503"><ele>145.75</ele></trkpt>
   <trkpt lat="50.710401" lon="6.8175"><ele>146.5</ele></trkpt>
   <trkpt lat="50.710347" lon="6.817484"><ele>146.75</ele></trkpt>
   <trkpt lat="50.710326" lon="6.817478"><ele>146.75</ele></trkpt>
   <trkpt lat="50.710136" lon="6.817345"><ele>147</ele></trkpt>
   <trkpt lat="50.710077" lon="6.817303"><ele>147</ele></trkpt>
   <trkpt lat="50.709916" lon="6.81725"><ele>147</ele></trkpt>
   <trkpt lat="50.709221" lon="6.817176"><ele>147</ele></trkpt>
   <trkpt lat="50.708924" lon="6.817145"><ele>147</ele></trkpt>
   <trkpt lat="50.708784" lon="6.817138"><ele>147</ele></trkpt>
   <trkpt lat="50.708249" lon="6.817104"><ele>147.25</ele></trkpt>
   <trkpt lat="50.707559" lon="6.817063"><ele>147.5</ele></trkpt>
   <trkpt lat="50.707469" lon="6.817079"><ele>147.5</ele></trkpt>
   <trkpt lat="50.707409" lon="6.8171"><ele>147.5</ele></trkpt>
   <trkpt lat="50.707325" lon="6.817164"><ele>147.5</ele></trkpt>
   <trkpt lat="50.707312" lon="6.817175"><ele>147.5</ele></trkpt>
   <trkpt lat="50.707099" lon="6.81745"><ele>148</ele></trkpt>
   <trkpt lat="50.707052" lon="6.817511"><ele>147.75</ele></trkpt>
   <trkpt lat="50.70698" lon="6.817701"><ele>147.75</ele></trkpt>
   <trkpt lat="50.704631" lon="6.817544"><ele>148.75</ele></trkpt>
   <trkpt lat="50.704391" lon="6.817528"><ele>148.75</ele></trkpt>
   <trkpt lat="50.704311" lon="6.817556"><ele>148.75</ele></trkpt>
   <trkpt lat="50.703838" lon="6.817873"><ele>148.5</ele></trkpt>
   <trkpt lat="50.703756" lon="6.817891"><ele>148.5</ele></trkpt>
   <trkpt lat="50.702906" lon="6.81771"><ele>148.25</ele></trkpt>
   <trkpt lat="50.701952" lon="6.817118"><ele>149</ele></trkpt>
   <trkpt lat="50.701744" lon="6.816968"><ele>149</ele></trkpt>
   <trkpt lat="50.701621" lon="6.816931"><ele>149</ele></trkpt>
   <trkpt lat="50.70134" lon="6.81691"><ele>149</ele></trkpt>
   <trkpt lat="50.701165" lon="6.816926"><ele>149.75</ele></trkpt>
   <trkpt lat="50.700625" lon="6.816897"><ele>149.75</ele></trkpt>
   <trkpt lat="50.700402" lon="6.81686"><ele>149.5</ele></trkpt>
   <trkpt lat="50.700078" lon="6.81679"><ele>149</ele></trkpt>
   <trkpt lat="50.699867" lon="6.816758"><ele>149.25</ele></trkpt>
   <trkpt lat="50.699783" lon="6.816749"><ele>149.75</ele></trkpt>
   <trkpt lat="50.699457" lon="6.816714"><ele>150</ele></trkpt>
   <trkpt lat="50.699112" lon="6.816693"><ele>150.75</ele></trkpt>
   <trkpt lat="50.698628" lon="6.816583"><ele>150.5</ele></trkpt>
   <trkpt lat="50.697192" lon="6.816495"><ele>151.25</ele></trkpt>
   <trkpt lat="50.696888" lon="6.816451"><ele>152</ele></trkpt>
   <trkpt lat="50.695517" lon="6.816365"><ele>152</ele></trkpt>
   <trkpt lat="50.693544" lon="6.816297"><ele>152.5</ele></trkpt>
   <trkpt lat="50.691856" lon="6.816331"><ele>153.5</ele></trkpt>
   <trkpt lat="50.691816" lon="6.816335"><ele>154</ele></trkpt>
   <trkpt lat="50.691781" lon="6.816358"><ele>154.5</ele></trkpt>
   <trkpt lat="50.691757" lon="6.816388"><ele>155</ele></trkpt>
   <trkpt lat="50.691739" lon="6.816431"><ele>155</ele></trkpt>
   <trkpt lat="50.691727" lon="6.816488"><ele>155.25</ele></trkpt>
   <trkpt lat="50.691724" lon="6.816722"><ele>155</ele></trkpt>
   <trkpt lat="50.691732" lon="6.816806"><ele>154.75</ele></trkpt>
   <trkpt lat="50.691761" lon="6.816938"><ele>154.25</ele></trkpt>
   <trkpt lat="50.691819" lon="6.817084"><ele>153.75</ele></trkpt>
   <trkpt lat="50.691832" lon="6.817133"><ele>153.75</ele></trkpt>
   <trkpt lat="50.691835" lon="6.817178"><ele>153.75</ele></trkpt>
   <trkpt lat="50.691829" lon="6.817221"><ele>153.75</ele></trkpt>
   <trkpt lat="50.691812" lon="6.817263"><ele>153.75</ele></trkpt>
   <trkpt lat="50.69179" lon="6.817297"><ele>153.75</ele></trkpt>
   <trkpt lat="50.691722" lon="6.817357"><ele>154</ele></trkpt>
   <trkpt lat="50.691683" lon="6.817402"><ele>154.25</ele></trkpt>
   <trkpt lat="50.69164" lon="6.817426"><ele>154</ele></trkpt>
   <trkpt lat="50.691539" lon="6.817442"><ele>154</ele></trkpt>
   <trkpt lat="50.690819" lon="6.817467"><ele>154</ele></trkpt>
   <trkpt lat="50.690764" lon="6.817476"><ele>154</ele></trkpt>
   <trkpt lat="50.690668" lon="6.817512"><ele>154</ele></trkpt>
   <trkpt lat="50.690542" lon="6.817614"><ele>154</ele></trkpt>
   <trkpt lat="50.689831" lon="6.818362"><ele>154</ele></trkpt>
   <trkpt lat="50.689768" lon="6.81842"><ele>154</ele></trkpt>
   <trkpt lat="50.689714" lon="6.818436"><ele>154</ele></trkpt>
   <trkpt lat="50.689669" lon="6.818416"><ele>154</ele></trkpt>
   <trkpt lat="50.68963" lon="6.818355"><ele>154.25</ele></trkpt>
   <trkpt lat="50.689183" lon="6.817053"><ele>154.75</ele></trkpt>
   <trkpt lat="50.689139" lon="6.816963"><ele>155</ele></trkpt>
   <trkpt lat="50.689114" lon="6.816929"><ele>155</ele></trkpt>
   <trkpt lat="50.689089" lon="6.816915"><ele>155</ele></trkpt>
   <trkpt lat="50.689063" lon="6.816905"><ele>155</ele></trkpt>
   <trkpt lat="50.689036" lon="6.816908"><ele>155</ele></trkpt>
   <trkpt lat="50.688939" lon="6.816983"><ele>155</ele></trkpt>
   <trkpt lat="50.688607" lon="6.817333"><ele>155</ele></trkpt>
   <trkpt lat="50.688517" lon="6.817428"><ele>155</ele></trkpt>
   <trkpt lat="50.688409" lon="6.817541"><ele>155</ele></trkpt>
   <trkpt lat="50.687697" lon="6.818299"><ele>156</ele></trkpt>
   <trkpt lat="50.68766" lon="6.818338"><ele>155.75</ele></trkpt>
   <trkpt lat="50.687361" lon="6.818651"><ele>156</ele></trkpt>
   <trkpt lat="50.687122" lon="6.818895"><ele>156</ele></trkpt>
   <trkpt lat="50.68631" lon="6.819744"><ele>156</ele></trkpt>
   <trkpt lat="50.685439" lon="6.820649"><ele>156.5</ele></trkpt>
   <trkpt lat="50.685375" lon="6.820707"><ele>156.75</ele></trkpt>
   <trkpt lat="50.684939" lon="6.821112"><ele>156</ele></trkpt>
   <trkpt lat="50.684743" lon="6.821292"><ele>156</ele></trkpt>
   <trkpt lat="50.684178" lon="6.819719"><ele>155</ele></trkpt>
   <trkpt lat="50.684149" lon="6.819635"><ele>154.75</ele></trkpt>
   <trkpt lat="50.684123" lon="6.819587"><ele>154.75</ele></trkpt>
   <trkpt lat="50.684039" lon="6.819466"><ele>154</ele></trkpt>
   <trkpt lat="50.683891" lon="6.819274"><ele>153</ele></trkpt>
   <trkpt lat="50.683723" lon="6.819078"><ele>151</ele></trkpt>
   <trkpt lat="50.68364" lon="6.818945"><ele>149.5</ele></trkpt>
   <trkpt lat="50.683622" lon="6.818898"><ele>149</ele></trkpt>
   <trkpt lat="50.683601" lon="6.8188"><ele>148.5</ele></trkpt>
   <trkpt lat="50.683594" lon="6.818702"><ele>148.25</ele></trkpt>
   <trkpt lat="50.6836" lon="6.818655"><ele>148</ele></trkpt>
   <trkpt lat="50.68364" lon="6.818456"><ele>148</ele></trkpt>
   <trkpt lat="50.683647" lon="6.81838"><ele>148</ele></trkpt>
   <trkpt lat="50.68364" lon="6.818271"><ele>147.75</ele></trkpt>
   <trkpt lat="50.683401" lon="6.817632"><ele>147</ele></trkpt>
   <trkpt lat="50.6833" lon="6.817396"><ele>147</ele></trkpt>
   <trkpt lat="50.683197" lon="6.817225"><ele>147</ele></trkpt>
   <trkpt lat="50.683135" lon="6.817123"><ele>146.75</ele></trkpt>
   <trkpt lat="50.683104" lon="6.817073"><ele>146.75</ele></trkpt>
   <trkpt lat="50.683074" lon="6.817025"><ele>146.75</ele></trkpt>
   <trkpt lat="50.682934" lon="6.816821"><ele>146.5</ele></trkpt>
   <trkpt lat="50.682826" lon="6.816634"><ele>146.75</ele></trkpt>
   <trkpt lat="50.682616" lon="6.816209"><ele>146.5</ele></trkpt>
   <trkpt lat="50.682534" lon="6.816113"><ele>146.75</ele></trkpt>
   <trkpt lat="50.68245" lon="6.816059"><ele>147.5</ele></trkpt>
   <trkpt lat="50.682368" lon="6.815985"><ele>148</ele></trkpt>
   <trkpt lat="50.68022" lon="6.815288"><ele>148</ele></trkpt>
   <trkpt lat="50.67967" lon="6.8151"><ele>149</ele></trkpt>
   <trkpt lat="50.679534" lon="6.815057"><ele>149</ele></trkpt>
   <trkpt lat="50.679266" lon="6.814952"><ele>151</ele></trkpt>
   <trkpt lat="50.679131" lon="6.814906"><ele>151.5</ele></trkpt>
   <trkpt lat="50.679036" lon="6.814874"><ele>151</ele></trkpt>
   <trkpt lat="50.678913" lon="6.814851"><ele>150</ele></trkpt>
   <trkpt lat="50.678114" lon="6.814564"><ele>150.25</ele></trkpt>
   <trkpt lat="50.67726" lon="6.814283"><ele>150.5</ele></trkpt>
   <trkpt lat="50.677242" lon="6.814277"><ele>150.5</ele></trkpt>
   <trkpt lat="50.677169" lon="6.81424"><ele>150.5</ele></trkpt>
   <trkpt lat="50.675832" lon="6.813811"><ele>151.25</ele></trkpt>
   <trkpt lat="50.674672" lon="6.813416"><ele>151.75</ele></trkpt>
   <trkpt lat="50.674433" lon="6.813335"><ele>152</ele></trkpt>
   <trkpt lat="50.674021" lon="6.813212"><ele>152</ele></trkpt>
   <trkpt lat="50.673665" lon="6.813092"><ele>152.75</ele></trkpt>
   <trkpt lat="50.673448" lon="6.813028"><ele>152.25</ele></trkpt>
   <trkpt lat="50.673261" lon="6.812984"><ele>152.25</ele></trkpt>
   <trkpt lat="50.672683" lon="6.812883"><ele>153.5</ele></trkpt>
   <trkpt lat="50.672319" lon="6.812848"><ele>153.5</ele></trkpt>
   <trkpt lat="50.672027" lon="6.812831"><ele>153.75</ele></trkpt>
   <trkpt lat="50.671728" lon="6.812828"><ele>153.75</ele></trkpt>
   <trkpt lat="50.671189" lon="6.812842"><ele>154.5</ele></trkpt>
   <trkpt lat="50.671023" lon="6.812856"><ele>154.75</ele></trkpt>
   <trkpt lat="50.670931" lon="6.812892"><ele>154.75</ele></trkpt>
   <trkpt lat="50.670881" lon="6.812924"><ele>154.75</ele></trkpt>
   <trkpt lat="50.670837" lon="6.812969"><ele>154.75</ele></trkpt>
   <trkpt lat="50.670873" lon="6.813026"><ele>154.75</ele></trkpt>
   <trkpt lat="50.670889" lon="6.813065"><ele>154.75</ele></trkpt>
   <trkpt lat="50.67097" lon="6.813446"><ele>154</ele></trkpt>
   <trkpt lat="50.670935" lon="6.813504"><ele>154.25</ele></trkpt>
   <trkpt lat="50.670909" lon="6.8136"><ele>154.5</ele></trkpt>
   <trkpt lat="50.670434" lon="6.816898"><ele>154.25</ele></trkpt>
   <trkpt lat="50.670239" lon="6.818376"><ele>155</ele></trkpt>
   <trkpt lat="50.670211" lon="6.818585"><ele>155</ele></trkpt>
   <trkpt lat="50.670118" lon="6.818567"><ele>155</ele></trkpt>
   <trkpt lat="50.66978" lon="6.818599"><ele>155</ele></trkpt>
   <trkpt lat="50.669683" lon="6.818624"><ele>155</ele></trkpt>
   <trkpt lat="50.669422" lon="6.818723"><ele>155</ele></trkpt>
   <trkpt lat="50.669284" lon="6.818759"><ele>155.25</ele></trkpt>
   <trkpt lat="50.669192" lon="6.818772"><ele>155.25</ele></trkpt>
   <trkpt lat="50.669004" lon="6.818755"><ele>155.25</ele></trkpt>
   <trkpt lat="50.668688" lon="6.818706"><ele>155.75</ele></trkpt>
   <trkpt lat="50.668604" lon="6.818703"><ele>156</ele></trkpt>
   <trkpt lat="50.668512" lon="6.818712"><ele>156</ele></trkpt>
   <trkpt lat="50.668306" lon="6.818774"><ele>156</ele></trkpt>
   <trkpt lat="50.667843" lon="6.818984"><ele>156.5</ele></trkpt>
   <trkpt lat="50.66758" lon="6.819028"><ele>156.75</ele></trkpt>
   <trkpt lat="50.667458" lon="6.819027"><ele>157</ele></trkpt>
   <trkpt lat="50.667271" lon="6.818961"><ele>156.75</ele></trkpt>
   <trkpt lat="50.667171" lon="6.818941"><ele>157</ele></trkpt>
   <trkpt lat="50.667084" lon="6.818939"><ele>157</ele></trkpt>
   <trkpt lat="50.66687" lon="6.818956"><ele>157</ele></trkpt>
   <trkpt lat="50.665099" lon="6.81913"><ele>158.5</ele></trkpt>
   <trkpt lat="50.665067" lon="6.819295"><ele>158.75</ele></trkpt>
   <trkpt lat="50.663667" lon="6.823763"><ele>160</ele></trkpt>
   <trkpt lat="50.663625" lon="6.82391"><ele>160</ele></trkpt>
   <trkpt lat="50.663598" lon="6.824032"><ele>160</ele></trkpt>
   <trkpt lat="50.663577" lon="6.824206"><ele>160</ele></trkpt>
   <trkpt lat="50.66358" lon="6.824477"><ele>160</ele></trkpt>
   <trkpt lat="50.663714" lon="6.827888"><ele>159.5</ele></trkpt>
   <trkpt lat="50.663714" lon="6.828035"><ele>159.5</ele></trkpt>
   <trkpt lat="50.663691" lon="6.828169"><ele>159.5</ele></trkpt>
   <trkpt lat="50.663663" lon="6.828246"><ele>159.75</ele></trkpt>
   <trkpt lat="50.663257" lon="6.828878"><ele>160</ele></trkpt>
   <trkpt lat="50.663126" lon="6.828749"><ele>160</ele></trkpt>
   <trkpt lat="50.66278" lon="6.828468"><ele>160</ele></trkpt>
   <trkpt lat="50.659883" lon="6.826233"><ele>163</ele></trkpt>
   <trkpt lat="50.657058" lon="6.824033"><ele>165</ele></trkpt>
   <trkpt lat="50.656992" lon="6.823981"><ele>165</ele></trkpt>
   <trkpt lat="50.656961" lon="6.823958"><ele>165</ele></trkpt>
   <trkpt lat="50.656721" lon="6.823773"><ele>165</ele></trkpt>
   <trkpt lat="50.656544" lon="6.823654"><ele>165</ele></trkpt>
   <trkpt lat="50.656266" lon="6.82349"><ele>165</ele></trkpt>
   <trkpt lat="50.656094" lon="6.823419"><ele>165.5</ele></trkpt>
   <trkpt lat="50.655845" lon="6.823321"><ele>166</ele></trkpt>
   <trkpt lat="50.655686" lon="6.823268"><ele>166</ele></trkpt>
   <trkpt lat="50.655636" lon="6.82324"><ele>166</ele></trkpt>
   <trkpt lat="50.655601" lon="6.823197"><ele>166</ele></trkpt>
   <trkpt lat="50.655585" lon="6.823147"><ele>166</ele></trkpt>
   <trkpt lat="50.655571" lon="6.823062"><ele>166</ele></trkpt>
   <trkpt lat="50.65553" lon="6.822667"><ele>166</ele></trkpt>
   <trkpt lat="50.655469" lon="6.822294"><ele>166</ele></trkpt>
   <trkpt lat="50.655386" lon="6.821861"><ele>166</ele></trkpt>
   <trkpt lat="50.655288" lon="6.821379"><ele>166.75</ele></trkpt>
   <trkpt lat="50.655209" lon="6.821037"><ele>167</ele></trkpt>
   <trkpt lat="50.655105" lon="6.820637"><ele>167</ele></trkpt>
   <trkpt lat="50.654923" lon="6.820019"><ele>167</ele></trkpt>
   <trkpt lat="50.654788" lon="6.819652"><ele>167</ele></trkpt>
   <trkpt lat="50.654713" lon="6.819484"><ele>167</ele></trkpt>
   <trkpt lat="50.654597" lon="6.81927"><ele>167</ele></trkpt>
   <trkpt lat="50.654469" lon="6.81908"><ele>167.25</ele></trkpt>
   <trkpt lat="50.654344" lon="6.818927"><ele>167.75</ele></trkpt>
   <trkpt lat="50.654301" lon="6.818878"><ele>168</ele></trkpt>
   <trkpt lat="50.654264" lon="6.818827"><ele>168</ele></trkpt>
   <trkpt lat="50.654251" lon="6.81881"><ele>168</ele></trkpt>
   <trkpt lat="50.654136" lon="6.818659"><ele>168</ele></trkpt>
   <trkpt lat="50.653976" lon="6.81845"><ele>167.75</ele></trkpt>
   <trkpt lat="50.653718" lon="6.818281"><ele>168</ele></trkpt>
   <trkpt lat="50.653628" lon="6.818206"><ele>168</ele></trkpt>
   <trkpt lat="50.653175" lon="6.817792"><ele>168</ele></trkpt>
   <trkpt lat="50.65296" lon="6.817618"><ele>168.5</ele></trkpt>
   <trkpt lat="50.652807" lon="6.817507"><ele>168.75</ele></trkpt>
   <trkpt lat="50.652577" lon="6.817365"><ele>169</ele></trkpt>
   <trkpt lat="50.650858" lon="6.816449"><ele>170</ele></trkpt>
   <trkpt lat="50.650579" lon="6.816311"><ele>170</ele></trkpt>
   <trkpt lat="50.650344" lon="6.816233"><ele>170.25</ele></trkpt>
   <trkpt lat="50.65023" lon="6.816207"><ele>170.5</ele></trkpt>
   <trkpt lat="50.65019" lon="6.816202"><ele>170.75</ele></trkpt>
   <trkpt lat="50.650073" lon="6.816236"><ele>170.75</ele></trkpt>
   <trkpt lat="50.649782" lon="6.816193"><ele>171</ele></trkpt>
   <trkpt lat="50.649646" lon="6.81615"><ele>171</ele></trkpt>
   <trkpt lat="50.649552" lon="6.816111"><ele>171</ele></trkpt>
   <trkpt lat="50.649565" lon="6.816015"><ele>171</ele></trkpt>
   <trkpt lat="50.649611" lon="6.815948"><ele>171</ele></trkpt>
   <trkpt lat="50.649621" lon="6.815896"><ele>171</ele></trkpt>
   <trkpt lat="50.649621" lon="6.815779"><ele>171</ele></trkpt>
   <trkpt lat="50.649612" lon="6.815693"><ele>171</ele></trkpt>
   <trkpt lat="50.649597" lon="6.815626"><ele>171.25</ele></trkpt>
   <trkpt lat="50.649569" lon="6.815586"><ele>171.25</ele></trkpt>
   <trkpt lat="50.649423" lon="6.815474"><ele>171.75</ele></trkpt>
   <trkpt lat="50.649402" lon="6.815435"><ele>171.5</ele></trkpt>
   <trkpt lat="50.649394" lon="6.815383"><ele>171.5</ele></trkpt>
   <trkpt lat="50.649397" lon="6.815318"><ele>171.25</ele></trkpt>
   <trkpt lat="50.649418" lon="6.815226"><ele>171.25</ele></trkpt>
   <trkpt lat="50.649668" lon="6.81446"><ele>171.75</ele></trkpt>
   <trkpt lat="50.649699" lon="6.814348"><ele>172</ele></trkpt>
   <trkpt lat="50.649664" lon="6.814217"><ele>172</ele></trkpt>
   <trkpt lat="50.649782" lon="6.813849"><ele>172</ele></trkpt>
   <trkpt lat="50.649825" lon="6.813706"><ele>172</ele></trkpt>
   <trkpt lat="50.64997" lon="6.813176"><ele>172</ele></trkpt>
   <trkpt lat="50.650126" lon="6.812509"><ele>171.5</ele></trkpt>
   <trkpt lat="50.650239" lon="6.811924"><ele>171</ele></trkpt>
   <trkpt lat="50.650321" lon="6.811396"><ele>170.5</ele></trkpt>
   <trkpt lat="50.650342" lon="6.811135"><ele>169.25</ele></trkpt>
   <trkpt lat="50.650403" lon="6.810742"><ele>168.75</ele></trkpt>
   <trkpt lat="50.650444" lon="6.810531"><ele>169.25</ele></trkpt>
   <trkpt lat="50.650555" lon="6.809739"><ele>170.75</ele></trkpt>
   <trkpt lat="50.650726" lon="6.808424"><ele>172.25</ele></trkpt>
   <trkpt lat="50.650773" lon="6.808263"><ele>172.25</ele></trkpt>
   <trkpt lat="50.650713" lon="6.808247"><ele>172.5</ele></trkpt>
   <trkpt lat="50.650654" lon="6.808236"><ele>172.75</ele></trkpt>
   <trkpt lat="50.650631" lon="6.80823"><ele>172.75</ele></trkpt>
   <trkpt lat="50.650604" lon="6.8082"><ele>172.75</ele></trkpt>
   <trkpt lat="50.650571" lon="6.808105"><ele>172.75</ele></trkpt>
   <trkpt lat="50.650535" lon="6.807943"><ele>173</ele></trkpt>
   <trkpt lat="50.650538" lon="6.807872"><ele>173</ele></trkpt>
   <trkpt lat="50.650555" lon="6.807783"><ele>173</ele></trkpt>
   <trkpt lat="50.650498" lon="6.807768"><ele>173</ele></trkpt>
   <trkpt lat="50.65046" lon="6.807783"><ele>173</ele></trkpt>
   <trkpt lat="50.649969" lon="6.80752"><ele>173.75</ele></trkpt>
   <trkpt lat="50.648772" lon="6.806871"><ele>174.25</ele></trkpt>
   <trkpt lat="50.648661" lon="6.806811"><ele>174.75</ele></trkpt>
   <trkpt lat="50.648464" lon="6.806701"><ele>175</ele></trkpt>
   <trkpt lat="50.647597" lon="6.806232"><ele>175.75</ele></trkpt>
   <trkpt lat="50.647233" lon="6.806035"><ele>176</ele></trkpt>
   <trkpt lat="50.646825" lon="6.805812"><ele>177</ele></trkpt>
   <trkpt lat="50.646765" lon="6.805777"><ele>177</ele></trkpt>
   <trkpt lat="50.646708" lon="6.805747"><ele>177</ele></trkpt>
   <trkpt lat="50.646617" lon="6.805709"><ele>177</ele></trkpt>
   <trkpt lat="50.646253" lon="6.805511"><ele>177</ele></trkpt>
   <trkpt lat="50.646158" lon="6.80546"><ele>177</ele></trkpt>
   <trkpt lat="50.645912" lon="6.80533"><ele>177</ele></trkpt>
   <trkpt lat="50.645454" lon="6.80508"><ele>178</ele></trkpt>
   <trkpt lat="50.644812" lon="6.804726"><ele>179</ele></trkpt>
   <trkpt lat="50.64468" lon="6.804562"><ele>179</ele></trkpt>
   <trkpt lat="50.644579" lon="6.804504"><ele>179</ele></trkpt>
   <trkpt lat="50.644548" lon="6.804618"><ele>179</ele></trkpt>
   <trkpt lat="50.64084" lon="6.802601"><ele>182.75</ele></trkpt>
   <trkpt lat="50.638029" lon="6.801078"><ele>185</ele></trkpt>
   <trkpt lat="50.636156" lon="6.800061"><ele>187</ele></trkpt>
   <trkpt lat="50.635938" lon="6.799962"><ele>187</ele></trkpt>
   <trkpt lat="50.63589" lon="6.799957"><ele>187</ele></trkpt>
   <trkpt lat="50.635833" lon="6.799944"><ele>187</ele></trkpt>
   <trkpt lat="50.635695" lon="6.799905"><ele>187</ele></trkpt>
   <trkpt lat="50.632919" lon="6.799413"><ele>190</ele></trkpt>
   <trkpt lat="50.629986" lon="6.799346"><ele>193</ele></trkpt>
   <trkpt lat="50.629899" lon="6.79935"><ele>193.25</ele></trkpt>
   <trkpt lat="50.62986" lon="6.79936"><ele>193.5</ele></trkpt>
   <trkpt lat="50.629824" lon="6.799382"><ele>193.5</ele></trkpt>
   <trkpt lat="50.629773" lon="6.799405"><ele>193.75</ele></trkpt>
   <trkpt lat="50.626682" lon="6.800413"><ele>195</ele></trkpt>
   <trkpt lat="50.626549" lon="6.800444"><ele>195</ele></trkpt>
   <trkpt lat="50.62653" lon="6.800534"><ele>195</ele></trkpt>
   <trkpt lat="50.626498" lon="6.800779"><ele>195</ele></trkpt>
   <trkpt lat="50.626281" lon="6.802698"><ele>194</ele></trkpt>
   <trkpt lat="50.626098" lon="6.80433"><ele>194</ele></trkpt>
   <trkpt lat="50.626092" lon="6.804508"><ele>193.75</ele></trkpt>
   <trkpt lat="50.625488" lon="6.804304"><ele>194</ele></trkpt>
   <trkpt lat="50.62545" lon="6.804271"><ele>194</ele></trkpt>
   <trkpt lat="50.625408" lon="6.804217"><ele>194.25</ele></trkpt>
   <trkpt lat="50.625187" lon="6.803869"><ele>195</ele></trkpt>
   <trkpt lat="50.624975" lon="6.803528"><ele>195</ele></trkpt>
   <trkpt lat="50.624924" lon="6.803432"><ele>195</ele></trkpt>
   <trkpt lat="50.624396" lon="6.802327"><ele>195</ele></trkpt>
   <trkpt lat="50.624313" lon="6.802175"><ele>195.25</ele></trkpt>
   <trkpt lat="50.624244" lon="6.802091"><ele>195.5</ele></trkpt>
   <trkpt lat="50.624191" lon="6.802051"><ele>195.75</ele></trkpt>
   <trkpt lat="50.624122" lon="6.802013"><ele>196</ele></trkpt>
   <trkpt lat="50.623151" lon="6.801516"><ele>197</ele></trkpt>
   <trkpt lat="50.623066" lon="6.801428"><ele>197</ele></trkpt>
   <trkpt lat="50.62303" lon="6.801448"><ele>197</ele></trkpt>
   <trkpt lat="50.623003" lon="6.801444"><ele>197</ele></trkpt>
   <trkpt lat="50.621877" lon="6.801015"><ele>198</ele></trkpt>
   <trkpt lat="50.620985" lon="6.800644"><ele>199</ele></trkpt>
   <trkpt lat="50.620914" lon="6.800905"><ele>198.5</ele></trkpt>
   <trkpt lat="50.620878" lon="6.80098"><ele>198.25</ele></trkpt>
   <trkpt lat="50.620837" lon="6.801027"><ele>198.25</ele></trkpt>
   <trkpt lat="50.6208" lon="6.801051"><ele>198.25</ele></trkpt>
   <trkpt lat="50.620723" lon="6.80107"><ele>198.25</ele></trkpt>
   <trkpt lat="50.620562" lon="6.801067"><ele>198.75</ele></trkpt>
   <trkpt lat="50.620452" lon="6.801045"><ele>198.75</ele></trkpt>
   <trkpt lat="50.620301" lon="6.800995"><ele>198.75</ele></trkpt>
   <trkpt lat="50.62016" lon="6.800948"><ele>199.25</ele></trkpt>
   <trkpt lat="50.619938" lon="6.800838"><ele>200</ele></trkpt>
   <trkpt lat="50.619824" lon="6.800761"><ele>199.75</ele></trkpt>
   <trkpt lat="50.619608" lon="6.80064"><ele>200</ele></trkpt>
   <trkpt lat="50.619524" lon="6.800614"><ele>200</ele></trkpt>
   <trkpt lat="50.619488" lon="6.800615"><ele>200</ele></trkpt>
   <trkpt lat="50.619429" lon="6.800637"><ele>200.25</ele></trkpt>
   <trkpt lat="50.61937" lon="6.800688"><ele>200.25</ele></trkpt>
   <trkpt lat="50.619342" lon="6.800736"><ele>200.5</ele></trkpt>
   <trkpt lat="50.619315" lon="6.800813"><ele>200.75</ele></trkpt>
   <trkpt lat="50.619299" lon="6.800903"><ele>200.75</ele></trkpt>
   <trkpt lat="50.618512" lon="6.800416"><ele>201</ele></trkpt>
   <trkpt lat="50.617506" lon="6.799868"><ele>201.75</ele></trkpt>
   <trkpt lat="50.616451" lon="6.799674"><ele>202.75</ele></trkpt>
   <trkpt lat="50.616344" lon="6.799611"><ele>202.5</ele></trkpt>
   <trkpt lat="50.616124" lon="6.799423"><ele>202.75</ele></trkpt>
   <trkpt lat="50.615973" lon="6.799256"><ele>203</ele></trkpt>
   <trkpt lat="50.61591" lon="6.799125"><ele>202.75</ele></trkpt>
   <trkpt lat="50.615812" lon="6.798868"><ele>203</ele></trkpt>
   <trkpt lat="50.61574" lon="6.798582"><ele>203</ele></trkpt>
   <trkpt lat="50.615671" lon="6.798167"><ele>203.25</ele></trkpt>
   <trkpt lat="50.615642" lon="6.798034"><ele>203.5</ele></trkpt>
   <trkpt lat="50.615594" lon="6.797922"><ele>203.75</ele></trkpt>
   <trkpt lat="50.615365" lon="6.797528"><ele>204</ele></trkpt>
   <trkpt lat="50.615252" lon="6.797317"><ele>203.75</ele></trkpt>
   <trkpt lat="50.615069" lon="6.797001"><ele>204.5</ele></trkpt>
   <trkpt lat="50.614454" lon="6.796111"><ele>205</ele></trkpt>
   <trkpt lat="50.613834" lon="6.795189"><ele>205.25</ele></trkpt>
   <trkpt lat="50.61367" lon="6.794963"><ele>205.75</ele></trkpt>
   <trkpt lat="50.61354" lon="6.794767"><ele>206</ele></trkpt>
   <trkpt lat="50.613472" lon="6.794618"><ele>206</ele></trkpt>
   <trkpt lat="50.613428" lon="6.794464"><ele>206</ele></trkpt>
   <trkpt lat="50.613259" lon="6.794422"><ele>206</ele></trkpt>
   <trkpt lat="50.612958" lon="6.795293"><ele>206.25</ele></trkpt>
   <trkpt lat="50.61286" lon="6.795493"><ele>207</ele></trkpt>
   <trkpt lat="50.612823" lon="6.795583"><ele>208</ele></trkpt>
   <trkpt lat="50.612798" lon="6.795655"><ele>209</ele></trkpt>
   <trkpt lat="50.612758" lon="6.795589"><ele>208.75</ele></trkpt>
   <trkpt lat="50.612715" lon="6.795524"><ele>209</ele></trkpt>
   <trkpt lat="50.612342" lon="6.795063"><ele>210.5</ele></trkpt>
   <trkpt lat="50.612203" lon="6.794923"><ele>210.5</ele></trkpt>
   <trkpt lat="50.611975" lon="6.79469"><ele>211</ele></trkpt>
   <trkpt lat="50.611883" lon="6.794616"><ele>211.5</ele></trkpt>
   <trkpt lat="50.611609" lon="6.794469"><ele>211.5</ele></trkpt>
   <trkpt lat="50.61147" lon="6.794414"><ele>211.5</ele></trkpt>
   <trkpt lat="50.610946" lon="6.794266"><ele>211.25</ele></trkpt>
   <trkpt lat="50.610852" lon="6.79425"><ele>211</ele></trkpt>
   <trkpt lat="50.610728" lon="6.794248"><ele>210.25</ele></trkpt>
   <trkpt lat="50.61062" lon="6.794259"><ele>210</ele></trkpt>
   <trkpt lat="50.610548" lon="6.794287"><ele>209.75</ele></trkpt>
   <trkpt lat="50.610188" lon="6.794617"><ele>210.25</ele></trkpt>
   <trkpt lat="50.609935" lon="6.794815"><ele>212.5</ele></trkpt>
   <trkpt lat="50.609878" lon="6.79487"><ele>213.25</ele></trkpt>
   <trkpt lat="50.609755" lon="6.79502"><ele>213</ele></trkpt>
   <trkpt lat="50.609077" lon="6.794806"><ele>212.75</ele></trkpt>
   <trkpt lat="50.608337" lon="6.794652"><ele>214.25</ele></trkpt>
   <trkpt lat="50.60775" lon="6.794485"><ele>213.25</ele></trkpt>
   <trkpt lat="50.60719" lon="6.794413"><ele>216.75</ele></trkpt>
   <trkpt lat="50.606863" lon="6.79436"><ele>217.5</ele></trkpt>
   <trkpt lat="50.606655" lon="6.794395"><ele>217.75</ele></trkpt>
   <trkpt lat="50.606355" lon="6.794755"><ele>218.25</ele></trkpt>
   <trkpt lat="50.60624" lon="6.794924"><ele>218.5</ele></trkpt>
   <trkpt lat="50.606197" lon="6.795047"><ele>218.5</ele></trkpt>
   <trkpt lat="50.606166" lon="6.795376"><ele>219.75</ele></trkpt>
   <trkpt lat="50.606112" lon="6.7955"><ele>218.5</ele></trkpt>
   <trkpt lat="50.606048" lon="6.795442"><ele>218.25</ele></trkpt>
   <trkpt lat="50.605961" lon="6.795408"><ele>218</ele></trkpt>
   <trkpt lat="50.605517" lon="6.795309"><ele>218</ele></trkpt>
   <trkpt lat="50.605461" lon="6.795252"><ele>217.5</ele></trkpt>
   <trkpt lat="50.605431" lon="6.795167"><ele>216.25</ele></trkpt>
   <trkpt lat="50.605345" lon="6.795177"><ele>216.75</ele></trkpt>
   <trkpt lat="50.604795" lon="6.795047"><ele>216</ele></trkpt>
   <trkpt lat="50.604679" lon="6.795053"><ele>216.25</ele></trkpt>
   <trkpt lat="50.604591" lon="6.795102"><ele>216</ele></trkpt>
   <trkpt lat="50.604457" lon="6.795223"><ele>215.75</ele></trkpt>
   <trkpt lat="50.604387" lon="6.795291"><ele>215.5</ele></trkpt>
   <trkpt lat="50.604194" lon="6.79553"><ele>215.25</ele></trkpt>
   <trkpt lat="50.604125" lon="6.795577"><ele>215</ele></trkpt>
   <trkpt lat="50.603318" lon="6.795924"><ele>216.25</ele></trkpt>
   <trkpt lat="50.603063" lon="6.796073"><ele>216.75</ele></trkpt>
   <trkpt lat="50.602955" lon="6.796125"><ele>216.5</ele></trkpt>
   <trkpt lat="50.602591" lon="6.79611"><ele>215.75</ele></trkpt>
   <trkpt lat="50.602505" lon="6.796151"><ele>216.5</ele></trkpt>
   <trkpt lat="50.602292" lon="6.796423"><ele>217.25</ele></trkpt>
   <trkpt lat="50.602148" lon="6.796767"><ele>217.25</ele></trkpt>
   <trkpt lat="50.601863" lon="6.796943"><ele>217</ele></trkpt>
   <trkpt lat="50.601565" lon="6.796899"><ele>217</ele></trkpt>
   <trkpt lat="50.601405" lon="6.796762"><ele>217</ele></trkpt>
   <trkpt lat="50.601172" lon="6.796498"><ele>217.25</ele></trkpt>
   <trkpt lat="50.60109" lon="6.796444"><ele>217</ele></trkpt>
   <trkpt lat="50.600836" lon="6.796375"><ele>217</ele></trkpt>
   <trkpt lat="50.600595" lon="6.796394"><ele>217.75</ele></trkpt>
   <trkpt lat="50.600503" lon="6.796426"><ele>218</ele></trkpt>
   <trkpt lat="50.600417" lon="6.796399"><ele>218</ele></trkpt>
   <trkpt lat="50.600195" lon="6.796475"><ele>218.25</ele></trkpt>
   <trkpt lat="50.599958" lon="6.796531"><ele>218.5</ele></trkpt>
   <trkpt lat="50.599857" lon="6.796515"><ele>218.25</ele></trkpt>
   <trkpt lat="50.59973" lon="6.796476"><ele>218.25</ele></trkpt>
   <trkpt lat="50.599555" lon="6.796234"><ele>218.75</ele></trkpt>
   <trkpt lat="50.599397" lon="6.795949"><ele>218.5</ele></trkpt>
   <trkpt lat="50.599245" lon="6.795739"><ele>219.25</ele></trkpt>
   <trkpt lat="50.599176" lon="6.795654"><ele>219.25</ele></trkpt>
   <trkpt lat="50.599162" lon="6.795679"><ele>219.25</ele></trkpt>
   <trkpt lat="50.599111" lon="6.795776"><ele>219.75</ele></trkpt>
   <trkpt lat="50.598538" lon="6.795501"><ele>220</ele></trkpt>
   <trkpt lat="50.598429" lon="6.795457"><ele>220</ele></trkpt>
   <trkpt lat="50.598017" lon="6.795339"><ele>220</ele></trkpt>
   <trkpt lat="50.597973" lon="6.795376"><ele>220</ele></trkpt>
   <trkpt lat="50.597895" lon="6.79527"><ele>220.5</ele></trkpt>
   <trkpt lat="50.597596" lon="6.794825"><ele>221</ele></trkpt>
   <trkpt lat="50.597486" lon="6.794646"><ele>221</ele></trkpt>
   <trkpt lat="50.597226" lon="6.794121"><ele>220.75</ele></trkpt>
   <trkpt lat="50.597082" lon="6.793873"><ele>220.5</ele></trkpt>
   <trkpt lat="50.59688" lon="6.793564"><ele>221</ele></trkpt>
   <trkpt lat="50.596685" lon="6.793325"><ele>221.75</ele></trkpt>
   <trkpt lat="50.596448" lon="6.793088"><ele>221.75</ele></trkpt>
   <trkpt lat="50.596119" lon="6.792793"><ele>221.75</ele></trkpt>
   <trkpt lat="50.595949" lon="6.792665"><ele>222.25</ele></trkpt>
   <trkpt lat="50.595904" lon="6.792618"><ele>222.25</ele></trkpt>
   <trkpt lat="50.595882" lon="6.792615"><ele>222.25</ele></trkpt>
   <trkpt lat="50.595301" lon="6.792177"><ele>222.75</ele></trkpt>
   <trkpt lat="50.594926" lon="6.791868"><ele>223</ele></trkpt>
   <trkpt lat="50.594393" lon="6.791493"><ele>223.25</ele></trkpt>
   <trkpt lat="50.594287" lon="6.791389"><ele>223.5</ele></trkpt>
   <trkpt lat="50.593777" lon="6.790795"><ele>223.25</ele></trkpt>
   <trkpt lat="50.59353" lon="6.79046"><ele>224</ele></trkpt>
   <trkpt lat="50.593084" lon="6.789802"><ele>224.25</ele></trkpt>
   <trkpt lat="50.592793" lon="6.789372"><ele>224.75</ele></trkpt>
   <trkpt lat="50.592416" lon="6.789808"><ele>226</ele></trkpt>
   <trkpt lat="50.591775" lon="6.790538"><ele>227.5</ele></trkpt>
   <trkpt lat="50.59167" lon="6.790654"><ele>228.25</ele></trkpt>
   <trkpt lat="50.591003" lon="6.791411"><ele>235.25</ele></trkpt>
   <trkpt lat="50.590344" lon="6.792017"><ele>239.5</ele></trkpt>
   <trkpt lat="50.589892" lon="6.791186"><ele>241.25</ele></trkpt>
   <trkpt lat="50.589572" lon="6.790497"><ele>241</ele></trkpt>
   <trkpt lat="50.588782" lon="6.788756"><ele>241.75</ele></trkpt>
   <trkpt lat="50.588709" lon="6.788583"><ele>241.5</ele></trkpt>
   <trkpt lat="50.588412" lon="6.787879"><ele>240.75</ele></trkpt>
   <trkpt lat="50.588092" lon="6.787067"><ele>241.25</ele></trkpt>
   <trkpt lat="50.587451" lon="6.785314"><ele>246.75</ele></trkpt>
   <trkpt lat="50.58736" lon="6.785081"><ele>247</ele></trkpt>
   <trkpt lat="50.587305" lon="6.784985"><ele>246.75</ele></trkpt>
   <trkpt lat="50.58723" lon="6.784896"><ele>246.5</ele></trkpt>
   <trkpt lat="50.587142" lon="6.784901"><ele>246.5</ele></trkpt>
   <trkpt lat="50.586711" lon="6.785453"><ele>248.5</ele></trkpt>
   <trkpt lat="50.58633" lon="6.784621"><ele>244.75</ele></trkpt>
   <trkpt lat="50.586245" lon="6.784285"><ele>243.25</ele></trkpt>
   <trkpt lat="50.586171" lon="6.784121"><ele>243.25</ele></trkpt>
   <trkpt lat="50.585696" lon="6.783494"><ele>247</ele></trkpt>
   <trkpt lat="50.585482" lon="6.783231"><ele>248.25</ele></trkpt>
   <trkpt lat="50.584533" lon="6.781849"><ele>251.75</ele></trkpt>
   <trkpt lat="50.584008" lon="6.781067"><ele>254.5</ele></trkpt>
   <trkpt lat="50.58362" lon="6.780682"><ele>256.5</ele></trkpt>
   <trkpt lat="50.583437" lon="6.781275"><ele>255</ele></trkpt>
   <trkpt lat="50.583279" lon="6.781709"><ele>255</ele></trkpt>
   <trkpt lat="50.583123" lon="6.781931"><ele>255.5</ele></trkpt>
   <trkpt lat="50.582134" lon="6.782803"><ele>263.5</ele></trkpt>
   <trkpt lat="50.581939" lon="6.782915"><ele>265</ele></trkpt>
   <trkpt lat="50.580501" lon="6.783842"><ele>277</ele></trkpt>
   <trkpt lat="50.580458" lon="6.783868"><ele>277.5</ele></trkpt>
   <trkpt lat="50.580408" lon="6.783868"><ele>277.75</ele></trkpt>
   <trkpt lat="50.579906" lon="6.783619"><ele>281</ele></trkpt>
   <trkpt lat="50.579714" lon="6.783469"><ele>282.5</ele></trkpt>
   <trkpt lat="50.578924" lon="6.783639"><ele>289</ele></trkpt>
   <trkpt lat="50.578578" lon="6.78361"><ele>290.25</ele></trkpt>
   <trkpt lat="50.578313" lon="6.783423"><ele>294.25</ele></trkpt>
   <trkpt lat="50.57758" lon="6.783538"><ele>306.5</ele></trkpt>
   <trkpt lat="50.577458" lon="6.783258"><ele>309.5</ele></trkpt>
   <trkpt lat="50.5774" lon="6.783049"><ele>310.25</ele></trkpt>
   <trkpt lat="50.577392" lon="6.782603"><ele>312</ele></trkpt>
   <trkpt lat="50.577325" lon="6.782387"><ele>313.5</ele></trkpt>
   <trkpt lat="50.577172" lon="6.78216"><ele>315.25</ele></trkpt>
   <trkpt lat="50.576847" lon="6.781924"><ele>317</ele></trkpt>
   <trkpt lat="50.57672" lon="6.781903"><ele>317.5</ele></trkpt>
   <trkpt lat="50.576582" lon="6.781971"><ele>318.5</ele></trkpt>
   <trkpt lat="50.57644" lon="6.781961"><ele>319.5</ele></trkpt>
   <trkpt lat="50.576321" lon="6.781821"><ele>320</ele></trkpt>
   <trkpt lat="50.575968" lon="6.781249"><ele>321.5</ele></trkpt>
   <trkpt lat="50.575723" lon="6.780901"><ele>322.25</ele></trkpt>
   <trkpt lat="50.575678" lon="6.780828"><ele>322.5</ele></trkpt>
   <trkpt lat="50.575292" lon="6.780217"><ele>322.5</ele></trkpt>
   <trkpt lat="50.574927" lon="6.779681"><ele>322.25</ele></trkpt>
   <trkpt lat="50.574697" lon="6.779319"><ele>322.5</ele></trkpt>
   <trkpt lat="50.574076" lon="6.778253"><ele>322</ele></trkpt>
   <trkpt lat="50.573696" lon="6.777666"><ele>321.25</ele></trkpt>
   <trkpt lat="50.573284" lon="6.777113"><ele>320.75</ele></trkpt>
   <trkpt lat="50.573133" lon="6.776877"><ele>320.25</ele></trkpt>
   <trkpt lat="50.573047" lon="6.776839"><ele>320.25</ele></trkpt>
   <trkpt lat="50.572702" lon="6.77647"><ele>319.25</ele></trkpt>
   <trkpt lat="50.572461" lon="6.775936"><ele>319</ele></trkpt>
   <trkpt lat="50.57216" lon="6.775443"><ele>319</ele></trkpt>
   <trkpt lat="50.572366" lon="6.774419"><ele>317.75</ele></trkpt>
   <trkpt lat="50.571952" lon="6.773831"><ele>316.5</ele></trkpt>
   <trkpt lat="50.571614" lon="6.773266"><ele>315.5</ele></trkpt>
   <trkpt lat="50.571618" lon="6.773028"><ele>315.25</ele></trkpt>
   <trkpt lat="50.571664" lon="6.772369"><ele>312.5</ele></trkpt>
   <trkpt lat="50.571705" lon="6.771564"><ele>309</ele></trkpt>
   <trkpt lat="50.571712" lon="6.771049"><ele>307.25</ele></trkpt>
   <trkpt lat="50.571693" lon="6.770514"><ele>304.5</ele></trkpt>
   <trkpt lat="50.571442" lon="6.769815"><ele>305.5</ele></trkpt>
   <trkpt lat="50.571096" lon="6.769242"><ele>306.5</ele></trkpt>
   <trkpt lat="50.57081" lon="6.768894"><ele>305.75</ele></trkpt>
   <trkpt lat="50.57044" lon="6.768504"><ele>301.25</ele></trkpt>
   <trkpt lat="50.570236" lon="6.768225"><ele>298</ele></trkpt>
   <trkpt lat="50.570022" lon="6.767913"><ele>294.75</ele></trkpt>
   <trkpt lat="50.569855" lon="6.767796"><ele>293.75</ele></trkpt>
   <trkpt lat="50.569615" lon="6.767427"><ele>291</ele></trkpt>
   <trkpt lat="50.569474" lon="6.767227"><ele>288.75</ele></trkpt>
   <trkpt lat="50.569359" lon="6.767079"><ele>288</ele></trkpt>
   <trkpt lat="50.56931" lon="6.767002"><ele>287.25</ele></trkpt>
   <trkpt lat="50.569311" lon="6.766917"><ele>285.75</ele></trkpt>
   <trkpt lat="50.569376" lon="6.766849"><ele>283.75</ele></trkpt>
   <trkpt lat="50.569572" lon="6.766829"><ele>282.5</ele></trkpt>
   <trkpt lat="50.569722" lon="6.766754"><ele>281.25</ele></trkpt>
   <trkpt lat="50.569739" lon="6.766712"><ele>280.5</ele></trkpt>
   <trkpt lat="50.569724" lon="6.766624"><ele>279</ele></trkpt>
   <trkpt lat="50.569638" lon="6.766501"><ele>277</ele></trkpt>
   <trkpt lat="50.569555" lon="6.766417"><ele>276</ele></trkpt>
   <trkpt lat="50.569424" lon="6.766326"><ele>275</ele></trkpt>
   <trkpt lat="50.569193" lon="6.766243"><ele>273.75</ele></trkpt>
   <trkpt lat="50.569044" lon="6.766154"><ele>272.75</ele></trkpt>
   <trkpt lat="50.568978" lon="6.766064"><ele>271.25</ele></trkpt>
   <trkpt lat="50.568943" lon="6.765978"><ele>270</ele></trkpt>
   <trkpt lat="50.568993" lon="6.765932"><ele>269.5</ele></trkpt>
   <trkpt lat="50.569253" lon="6.765741"><ele>267</ele></trkpt>
   <trkpt lat="50.569714" lon="6.76558"><ele>265.25</ele></trkpt>
   <trkpt lat="50.569882" lon="6.765304"><ele>262</ele></trkpt>
   <trkpt lat="50.56994" lon="6.765178"><ele>259.75</ele></trkpt>
   <trkpt lat="50.569699" lon="6.765052"><ele>258.5</ele></trkpt>
   <trkpt lat="50.569414" lon="6.764927"><ele>258.5</ele></trkpt>
   <trkpt lat="50.569139" lon="6.76484"><ele>258.75</ele></trkpt>
   <trkpt lat="50.568704" lon="6.764657"><ele>260.25</ele></trkpt>
   <trkpt lat="50.568657" lon="6.764651"><ele>260.25</ele></trkpt>
   <trkpt lat="50.568599" lon="6.764669"><ele>260.5</ele></trkpt>
   <trkpt lat="50.568562" lon="6.764696"><ele>260.75</ele></trkpt>
   <trkpt lat="50.568552" lon="6.764591"><ele>260</ele></trkpt>
   <trkpt lat="50.568546" lon="6.764414"><ele>259.25</ele></trkpt>
   <trkpt lat="50.568542" lon="6.76434"><ele>259.75</ele></trkpt>
   <trkpt lat="50.568437" lon="6.764327"><ele>260</ele></trkpt>
   <trkpt lat="50.568216" lon="6.764333"><ele>261</ele></trkpt>
   <trkpt lat="50.568186" lon="6.764391"><ele>261</ele></trkpt>
   <trkpt lat="50.568153" lon="6.764421"><ele>261.25</ele></trkpt>
   <trkpt lat="50.568097" lon="6.764436"><ele>261.5</ele></trkpt>
   <trkpt lat="50.568038" lon="6.764421"><ele>262</ele></trkpt>
   <trkpt lat="50.56801" lon="6.764402"><ele>262</ele></trkpt>
   <trkpt lat="50.567888" lon="6.764253"><ele>262</ele></trkpt>
   <trkpt lat="50.567825" lon="6.764191"><ele>261.75</ele></trkpt>
   <trkpt lat="50.567676" lon="6.764083"><ele>261.75</ele></trkpt>
   <trkpt lat="50.56758" lon="6.764049"><ele>261.75</ele></trkpt>
   <trkpt lat="50.567388" lon="6.763984"><ele>262</ele></trkpt>
   <trkpt lat="50.567208" lon="6.763946"><ele>262</ele></trkpt>
   <trkpt lat="50.567072" lon="6.763934"><ele>262</ele></trkpt>
   <trkpt lat="50.566773" lon="6.763941"><ele>262</ele></trkpt>
   <trkpt lat="50.566618" lon="6.763961"><ele>262.25</ele></trkpt>
   <trkpt lat="50.566303" lon="6.764022"><ele>263</ele></trkpt>
   <trkpt lat="50.56601" lon="6.764106"><ele>263</ele></trkpt>
   <trkpt lat="50.565655" lon="6.764189"><ele>263.5</ele></trkpt>
   <trkpt lat="50.565247" lon="6.764256"><ele>263.5</ele></trkpt>
   <trkpt lat="50.565178" lon="6.764265"><ele>263.75</ele></trkpt>
   <trkpt lat="50.564887" lon="6.764273"><ele>264.25</ele></trkpt>
   <trkpt lat="50.56489" lon="6.764083"><ele>264.5</ele></trkpt>
   <trkpt lat="50.56489" lon="6.763898"><ele>264.75</ele></trkpt>
   <trkpt lat="50.56468" lon="6.763879"><ele>265</ele></trkpt>
   <trkpt lat="50.564478" lon="6.76386"><ele>265.75</ele></trkpt>
   <trkpt lat="50.564415" lon="6.763857"><ele>266</ele></trkpt>
   <trkpt lat="50.564275" lon="6.763824"><ele>266</ele></trkpt>
   <trkpt lat="50.563866" lon="6.763704"><ele>266.5</ele></trkpt>
   <trkpt lat="50.563551" lon="6.763623"><ele>266.75</ele></trkpt>
   <trkpt lat="50.56336" lon="6.763586"><ele>267</ele></trkpt>
   <trkpt lat="50.563281" lon="6.763607"><ele>267</ele></trkpt>
   <trkpt lat="50.563194" lon="6.763606"><ele>267.5</ele></trkpt>
   <trkpt lat="50.563091" lon="6.763551"><ele>267.75</ele></trkpt>
   <trkpt lat="50.563024" lon="6.7635"><ele>268</ele></trkpt>
   <trkpt lat="50.562902" lon="6.763386"><ele>269</ele></trkpt>
   <trkpt lat="50.562884" lon="6.763335"><ele>269</ele></trkpt>
   <trkpt lat="50.56285" lon="6.763334"><ele>269.25</ele></trkpt>
   <trkpt lat="50.562796" lon="6.763353"><ele>269.75</ele></trkpt>
   <trkpt lat="50.562756" lon="6.763354"><ele>269.75</ele></trkpt>
   <trkpt lat="50.562701" lon="6.763338"><ele>269.75</ele></trkpt>
   <trkpt lat="50.562605" lon="6.763275"><ele>270.25</ele></trkpt>
   <trkpt lat="50.562573" lon="6.76323"><ele>270.5</ele></trkpt>
   <trkpt lat="50.562549" lon="6.763193"><ele>270.75</ele></trkpt>
   <trkpt lat="50.562474" lon="6.763119"><ele>271.25</ele></trkpt>
   <trkpt lat="50.562211" lon="6.762967"><ele>271.25</ele></trkpt>
   <trkpt lat="50.562169" lon="6.762919"><ele>271.5</ele></trkpt>
   <trkpt lat="50.562138" lon="6.762855"><ele>271.75</ele></trkpt>
   <trkpt lat="50.562047" lon="6.762868"><ele>272</ele></trkpt>
   <trkpt lat="50.562046" lon="6.762808"><ele>272.25</ele></trkpt>
   <trkpt lat="50.562073" lon="6.76267"><ele>273.75</ele></trkpt>
   <trkpt lat="50.561978" lon="6.762692"><ele>274</ele></trkpt>
   <trkpt lat="50.561706" lon="6.762657"><ele>277.75</ele></trkpt>
   <trkpt lat="50.561365" lon="6.762524"><ele>282.5</ele></trkpt>
   <trkpt lat="50.561244" lon="6.762506"><ele>282.75</ele></trkpt>
   <trkpt lat="50.560975" lon="6.762507"><ele>283.25</ele></trkpt>
   <trkpt lat="50.560525" lon="6.762576"><ele>284.5</ele></trkpt>
   <trkpt lat="50.560196" lon="6.762659"><ele>284.75</ele></trkpt>
   <trkpt lat="50.559842" lon="6.76277"><ele>283.5</ele></trkpt>
   <trkpt lat="50.559745" lon="6.762808"><ele>283.25</ele></trkpt>
   <trkpt lat="50.559585" lon="6.762898"><ele>283</ele></trkpt>
   <trkpt lat="50.559523" lon="6.762911"><ele>283</ele></trkpt>
   <trkpt lat="50.558792" lon="6.762968"><ele>284.5</ele></trkpt>
   <trkpt lat="50.558341" lon="6.762896"><ele>285.75</ele></trkpt>
   <trkpt lat="50.558037" lon="6.762822"><ele>286</ele></trkpt>
   <trkpt lat="50.557952" lon="6.762798"><ele>285.75</ele></trkpt>
   <trkpt lat="50.557768" lon="6.762694"><ele>285.75</ele></trkpt>
   <trkpt lat="50.557553" lon="6.762545"><ele>285.75</ele></trkpt>
   <trkpt lat="50.557428" lon="6.762528"><ele>285.25</ele></trkpt>
   <trkpt lat="50.557338" lon="6.762547"><ele>285</ele></trkpt>
   <trkpt lat="50.557311" lon="6.762565"><ele>284.75</ele></trkpt>
   <trkpt lat="50.557321" lon="6.762603"><ele>284.25</ele></trkpt>
   <trkpt lat="50.557334" lon="6.762692"><ele>283.5</ele></trkpt>
   <trkpt lat="50.557357" lon="6.762982"><ele>281.75</ele></trkpt>
   <trkpt lat="50.557357" lon="6.763024"><ele>281.5</ele></trkpt>
   <trkpt lat="50.557356" lon="6.763101"><ele>281.25</ele></trkpt>
   <trkpt lat="50.55737" lon="6.763189"><ele>280.5</ele></trkpt>
   <trkpt lat="50.55737" lon="6.76341"><ele>279.5</ele></trkpt>
   <trkpt lat="50.557356" lon="6.764251"><ele>277</ele></trkpt>
   <trkpt lat="50.557329" lon="6.764249"><ele>277.25</ele></trkpt>
   <trkpt lat="50.557256" lon="6.764245"><ele>277.5</ele></trkpt>
   <trkpt lat="50.557165" lon="6.764246"><ele>277.5</ele></trkpt>
   <trkpt lat="50.55712" lon="6.764255"><ele>277.25</ele></trkpt>
   <trkpt lat="50.557096" lon="6.76427"><ele>277.25</ele></trkpt>
   <trkpt lat="50.557066" lon="6.76428"><ele>277.25</ele></trkpt>
   <trkpt lat="50.556862" lon="6.764288"><ele>277</ele></trkpt>
   <trkpt lat="50.556666" lon="6.764282"><ele>277</ele></trkpt>
   <trkpt lat="50.556134" lon="6.764222"><ele>277</ele></trkpt>
   <trkpt lat="50.556031" lon="6.764212"><ele>277</ele></trkpt>
   <trkpt lat="50.556021" lon="6.764258"><ele>277</ele></trkpt>
   <trkpt lat="50.555936" lon="6.764657"><ele>276</ele></trkpt>
   <trkpt lat="50.555913" lon="6.764725"><ele>275.75</ele></trkpt>
   <trkpt lat="50.555901" lon="6.764788"><ele>275.75</ele></trkpt>
   <trkpt lat="50.555896" lon="6.764949"><ele>275</ele></trkpt>
   <trkpt lat="50.555825" lon="6.764955"><ele>275</ele></trkpt>
   <trkpt lat="50.555613" lon="6.765011"><ele>275.75</ele></trkpt>
   <trkpt lat="50.55551" lon="6.765024"><ele>276.25</ele></trkpt>
   <trkpt lat="50.555442" lon="6.765018"><ele>276.25</ele></trkpt>
   <trkpt lat="50.555372" lon="6.765013"><ele>276</ele></trkpt>
   <trkpt lat="50.555291" lon="6.764967"><ele>276</ele></trkpt>
   <trkpt lat="50.555263" lon="6.764932"><ele>276.25</ele></trkpt>
  </trkseg>
 </trk>
</gpx>