<?xml version="1.0" encoding="UTF-8"?>
<!-- track-length = 108648 filtered ascend = 644 plain-ascend = -52 cost=248012 energy=0.7kwh time=4h 37m 20s -->
<gpx
 xmlns="http://www.topografix.com/GPX/1/1"
 xmlns:xsi="http://www.w3.org/2001/XMLSchema-instance"
 xsi:schemaLocation="http://www.topografix.com/GPX/1/1 http://www.topografix.com/GPX/1/1/gpx.xsd"
 version="1.1"
 creator="bikerouter.de 2026.22">
 <trk>
  <name>etappe#4-v1</name>
  <link href="https://bikerouter.de/#map=14/50.5401/7.1156/osm-mapnik-german_style&amp;lonlats=7.151285,51.254907;7.116377,50.548677&amp;profile=gravel">
   <text>bikerouter.de</text>
  </link>
  <trkseg>
   <trkpt lat="51.254873" lon="7.151289"><ele>154.25</ele></trkpt>
   <trkpt lat="51.254869" lon="7.151215"><ele>154.25</ele></trkpt>
   <trkpt lat="51.254855" lon="7.151032"><ele>154.25</ele></trkpt>
   <trkpt lat="51.254906" lon="7.150953"><ele>153.25</ele></trkpt>
   <trkpt lat="51.255012" lon="7.150925"><ele>152.25</ele></trkpt>
   <trkpt lat="51.255279" lon="7.150862"><ele>151</ele></trkpt>
   <trkpt lat="51.255423" lon="7.150742"><ele>150</ele></trkpt>
   <trkpt lat="51.255454" lon="7.150717"><ele>150</ele></trkpt>
   <trkpt lat="51.25546" lon="7.150735"><ele>150</ele></trkpt>
   <trkpt lat="51.255544" lon="7.150994"><ele>151</ele></trkpt>
   <trkpt lat="51.255585" lon="7.150952"><ele>150.5</ele></trkpt>
   <trkpt lat="51.255911" lon="7.150708"><ele>148.25</ele></trkpt>
   <trkpt lat="51.255914" lon="7.150662"><ele>148.25</ele></trkpt>
   <trkpt lat="51.255915" lon="7.150646"><ele>148.25</ele></trkpt>
   <trkpt lat="51.255932" lon="7.150632"><ele>148.25</ele></trkpt>
   <trkpt lat="51.255999" lon="7.150579"><ele>148.25</ele></trkpt>
   <trkpt lat="51.256066" lon="7.150525"><ele>148.25</ele></trkpt>
   <trkpt lat="51.256091" lon="7.150504"><ele>148.25</ele></trkpt>
   <trkpt lat="51.256141" lon="7.150462"><ele>148.25</ele></trkpt>
   <trkpt lat="51.256192" lon="7.15042"><ele>148.25</ele></trkpt>
   <trkpt lat="51.25621" lon="7.15041"><ele>148.25</ele></trkpt>
   <trkpt lat="51.255881" lon="7.149381"><ele>148.25</ele></trkpt>
   <trkpt lat="51.25567" lon="7.148727"><ele>148.25</ele></trkpt>
   <trkpt lat="51.255568" lon="7.148411"><ele>147</ele></trkpt>
   <trkpt lat="51.255538" lon="7.148237"><ele>147.25</ele></trkpt>
   <trkpt lat="51.255521" lon="7.147979"><ele>146.75</ele></trkpt>
   <trkpt lat="51.255509" lon="7.147877"><ele>146.25</ele></trkpt>
   <trkpt lat="51.255338" lon="7.147312"><ele>146.5</ele></trkpt>
   <trkpt lat="51.255263" lon="7.147023"><ele>146.75</ele></trkpt>
   <trkpt lat="51.255253" lon="7.146948"><ele>146.25</ele></trkpt>
   <trkpt lat="51.255253" lon="7.146875"><ele>146</ele></trkpt>
   <trkpt lat="51.255283" lon="7.146812"><ele>145.25</ele></trkpt>
   <trkpt lat="51.255334" lon="7.146741"><ele>144.25</ele></trkpt>
   <trkpt lat="51.255366" lon="7.14669"><ele>143.75</ele></trkpt>
   <trkpt lat="51.255359" lon="7.14654"><ele>143.75</ele></trkpt>
   <trkpt lat="51.255318" lon="7.146535"><ele>144.25</ele></trkpt>
   <trkpt lat="51.255192" lon="7.146524"><ele>145</ele></trkpt>
   <trkpt lat="51.254627" lon="7.14647"><ele>147</ele></trkpt>
   <trkpt lat="51.254562" lon="7.1464"><ele>145.75</ele></trkpt>
   <trkpt lat="51.254534" lon="7.146343"><ele>145.75</ele></trkpt>
   <trkpt lat="51.254494" lon="7.146218"><ele>146</ele></trkpt>
   <trkpt lat="51.254482" lon="7.146038"><ele>146</ele></trkpt>
   <trkpt lat="51.254464" lon="7.145534"><ele>147</ele></trkpt>
   <trkpt lat="51.25446" lon="7.145389"><ele>147</ele></trkpt>
   <trkpt lat="51.254439" lon="7.144767"><ele>147</ele></trkpt>
   <trkpt lat="51.254436" lon="7.144635"><ele>147.25</ele></trkpt>
   <trkpt lat="51.254415" lon="7.144153"><ele>148</ele></trkpt>
   <trkpt lat="51.254407" lon="7.144047"><ele>148.5</ele></trkpt>
   <trkpt lat="51.25429" lon="7.142805"><ele>152.25</ele></trkpt>
   <trkpt lat="51.254228" lon="7.142198"><ele>153</ele></trkpt>
   <trkpt lat="51.254218" lon="7.142093"><ele>153.5</ele></trkpt>
   <trkpt lat="51.254185" lon="7.141928"><ele>154.5</ele></trkpt>
   <trkpt lat="51.254137" lon="7.141732"><ele>156.25</ele></trkpt>
   <trkpt lat="51.254081" lon="7.141546"><ele>157.5</ele></trkpt>
   <trkpt lat="51.253795" lon="7.140705"><ele>160</ele></trkpt>
   <trkpt lat="51.253717" lon="7.140474"><ele>160.25</ele></trkpt>
   <trkpt lat="51.253682" lon="7.140377"><ele>160.5</ele></trkpt>
   <trkpt lat="51.253693" lon="7.140245"><ele>159.75</ele></trkpt>
   <trkpt lat="51.253686" lon="7.140043"><ele>158.75</ele></trkpt>
   <trkpt lat="51.253641" lon="7.139809"><ele>159.5</ele></trkpt>
   <trkpt lat="51.253551" lon="7.139473"><ele>159.5</ele></trkpt>
   <trkpt lat="51.253293" lon="7.138799"><ele>157.25</ele></trkpt>
   <trkpt lat="51.253194" lon="7.138532"><ele>155</ele></trkpt>
   <trkpt lat="51.253182" lon="7.138498"><ele>154.75</ele></trkpt>
   <trkpt lat="51.253121" lon="7.138318"><ele>153.75</ele></trkpt>
   <trkpt lat="51.252871" lon="7.137566"><ele>148.25</ele></trkpt>
   <trkpt lat="51.252805" lon="7.137372"><ele>147</ele></trkpt>
   <trkpt lat="51.252752" lon="7.137199"><ele>146</ele></trkpt>
   <trkpt lat="51.252745" lon="7.137179"><ele>146</ele></trkpt>
   <trkpt lat="51.252717" lon="7.137093"><ele>146</ele></trkpt>
   <trkpt lat="51.252698" lon="7.137034"><ele>146</ele></trkpt>
   <trkpt lat="51.252688" lon="7.137004"><ele>146</ele></trkpt>
   <trkpt lat="51.252201" lon="7.1355"><ele>147</ele></trkpt>
   <trkpt lat="51.25218" lon="7.135441"><ele>147</ele></trkpt>
   <trkpt lat="51.252143" lon="7.135338"><ele>147.25</ele></trkpt>
   <trkpt lat="51.252098" lon="7.135235"><ele>147.25</ele></trkpt>
   <trkpt lat="51.252057" lon="7.135144"><ele>147.25</ele></trkpt>
   <trkpt lat="51.251884" lon="7.134773"><ele>146.25</ele></trkpt>
   <trkpt lat="51.251639" lon="7.134227"><ele>145.25</ele></trkpt>
   <trkpt lat="51.251341" lon="7.134584"><ele>149.25</ele></trkpt>
   <trkpt lat="51.251051" lon="7.13513"><ele>152</ele></trkpt>
   <trkpt lat="51.25101" lon="7.135205"><ele>152.25</ele></trkpt>
   <trkpt lat="51.250599" lon="7.134627"><ele>152.75</ele></trkpt>
   <trkpt lat="51.250373" lon="7.134323"><ele>152.75</ele></trkpt>
   <trkpt lat="51.250318" lon="7.134246"><ele>152.75</ele></trkpt>
   <trkpt lat="51.249991" lon="7.133786"><ele>152</ele></trkpt>
   <trkpt lat="51.249919" lon="7.133694"><ele>152</ele></trkpt>
   <trkpt lat="51.249689" lon="7.133508"><ele>151.75</ele></trkpt>
   <trkpt lat="51.249511" lon="7.133347"><ele>151.25</ele></trkpt>
   <trkpt lat="51.249129" lon="7.133132"><ele>150.25</ele></trkpt>
   <trkpt lat="51.249081" lon="7.133105"><ele>150</ele></trkpt>
   <trkpt lat="51.249036" lon="7.133069"><ele>150</ele></trkpt>
   <trkpt lat="51.248738" lon="7.132832"><ele>149.25</ele></trkpt>
   <trkpt lat="51.248552" lon="7.132659"><ele>148.5</ele></trkpt>
   <trkpt lat="51.248146" lon="7.132271"><ele>148</ele></trkpt>
   <trkpt lat="51.247973" lon="7.132095"><ele>148</ele></trkpt>
   <trkpt lat="51.247777" lon="7.131842"><ele>148</ele></trkpt>
   <trkpt lat="51.247747" lon="7.131799"><ele>148</ele></trkpt>
   <trkpt lat="51.247188" lon="7.131001"><ele>151.75</ele></trkpt>
   <trkpt lat="51.247087" lon="7.130399"><ele>154.5</ele></trkpt>
   <trkpt lat="51.247031" lon="7.130408"><ele>155.5</ele></trkpt>
   <trkpt lat="51.2465" lon="7.130353"><ele>157.25</ele></trkpt>
   <trkpt lat="51.246457" lon="7.13034"><ele>157</ele></trkpt>
   <trkpt lat="51.245986" lon="7.130134"><ele>158.25</ele></trkpt>
   <trkpt lat="51.246041" lon="7.129972"><ele>158.25</ele></trkpt>
   <trkpt lat="51.24613" lon="7.129757"><ele>159.5</ele></trkpt>
   <trkpt lat="51.246133" lon="7.129716"><ele>159.75</ele></trkpt>
   <trkpt lat="51.246138" lon="7.129649"><ele>160.25</ele></trkpt>
   <trkpt lat="51.246125" lon="7.129591"><ele>160.75</ele></trkpt>
   <trkpt lat="51.245968" lon="7.129156"><ele>165.5</ele></trkpt>
   <trkpt lat="51.245628" lon="7.128197"><ele>174.25</ele></trkpt>
   <trkpt lat="51.245624" lon="7.128186"><ele>174.25</ele></trkpt>
   <trkpt lat="51.245608" lon="7.128144"><ele>174.75</ele></trkpt>
   <trkpt lat="51.245294" lon="7.127287"><ele>185.25</ele></trkpt>
   <trkpt lat="51.245255" lon="7.127244"><ele>186</ele></trkpt>
   <trkpt lat="51.24521" lon="7.12721"><ele>186.75</ele></trkpt>
   <trkpt lat="51.244501" lon="7.126744"><ele>196</ele></trkpt>
   <trkpt lat="51.242617" lon="7.125512"><ele>203.5</ele></trkpt>
   <trkpt lat="51.241806" lon="7.124984"><ele>208.75</ele></trkpt>
   <trkpt lat="51.241169" lon="7.124118"><ele>220</ele></trkpt>
   <trkpt lat="51.240791" lon="7.123583"><ele>226</ele></trkpt>
   <trkpt lat="51.240346" lon="7.123207"><ele>231.25</ele></trkpt>
   <trkpt lat="51.24032" lon="7.123186"><ele>231.25</ele></trkpt>
   <trkpt lat="51.240129" lon="7.123021"><ele>234.75</ele></trkpt>
   <trkpt lat="51.239297" lon="7.12233"><ele>252</ele></trkpt>
   <trkpt lat="51.238551" lon="7.120853"><ele>271</ele></trkpt>
   <trkpt lat="51.238651" lon="7.119877"><ele>276</ele></trkpt>
   <trkpt lat="51.237067" lon="7.119478"><ele>275.5</ele></trkpt>
   <trkpt lat="51.237061" lon="7.119476"><ele>275.5</ele></trkpt>
   <trkpt lat="51.236945" lon="7.119448"><ele>276</ele></trkpt>
   <trkpt lat="51.237028" lon="7.119013"><ele>272.25</ele></trkpt>
   <trkpt lat="51.237117" lon="7.118309"><ele>266.25</ele></trkpt>
   <trkpt lat="51.23716" lon="7.11772"><ele>260.5</ele></trkpt>
   <trkpt lat="51.237188" lon="7.117405"><ele>257.75</ele></trkpt>
   <trkpt lat="51.237233" lon="7.11702"><ele>254</ele></trkpt>
   <trkpt lat="51.237261" lon="7.116662"><ele>250.25</ele></trkpt>
   <trkpt lat="51.237185" lon="7.116152"><ele>248.5</ele></trkpt>
   <trkpt lat="51.236996" lon="7.115578"><ele>249</ele></trkpt>
   <trkpt lat="51.23686" lon="7.115059"><ele>248.75</ele></trkpt>
   <trkpt lat="51.236627" lon="7.114553"><ele>247.75</ele></trkpt>
   <trkpt lat="51.236462" lon="7.114237"><ele>247</ele></trkpt>
   <trkpt lat="51.236366" lon="7.11389"><ele>245.5</ele></trkpt>
   <trkpt lat="51.236311" lon="7.113498"><ele>244.25</ele></trkpt>
   <trkpt lat="51.236311" lon="7.113346"><ele>243.5</ele></trkpt>
   <trkpt lat="51.236399" lon="7.112502"><ele>240.5</ele></trkpt>
   <trkpt lat="51.236502" lon="7.111958"><ele>236.75</ele></trkpt>
   <trkpt lat="51.236526" lon="7.111036"><ele>231.5</ele></trkpt>
   <trkpt lat="51.236562" lon="7.11046"><ele>228.25</ele></trkpt>
   <trkpt lat="51.236619" lon="7.110074"><ele>225.75</ele></trkpt>
   <trkpt lat="51.236641" lon="7.109714"><ele>223.25</ele></trkpt>
   <trkpt lat="51.236664" lon="7.109562"><ele>222.25</ele></trkpt>
   <trkpt lat="51.236673" lon="7.109508"><ele>222</ele></trkpt>
   <trkpt lat="51.236655" lon="7.1095"><ele>222.25</ele></trkpt>
   <trkpt lat="51.236541" lon="7.109459"><ele>223.75</ele></trkpt>
   <trkpt lat="51.236344" lon="7.109378"><ele>226</ele></trkpt>
   <trkpt lat="51.236043" lon="7.109167"><ele>228.5</ele></trkpt>
   <trkpt lat="51.235944" lon="7.10908"><ele>229</ele></trkpt>
   <trkpt lat="51.235903" lon="7.109025"><ele>229</ele></trkpt>
   <trkpt lat="51.23569" lon="7.108628"><ele>227.5</ele></trkpt>
   <trkpt lat="51.235393" lon="7.108106"><ele>224.25</ele></trkpt>
   <trkpt lat="51.235245" lon="7.107859"><ele>222.25</ele></trkpt>
   <trkpt lat="51.235212" lon="7.10782"><ele>222</ele></trkpt>
   <trkpt lat="51.234999" lon="7.107633"><ele>221.25</ele></trkpt>
   <trkpt lat="51.234971" lon="7.107591"><ele>220.75</ele></trkpt>
   <trkpt lat="51.23496" lon="7.107541"><ele>220</ele></trkpt>
   <trkpt lat="51.234958" lon="7.107488"><ele>219.25</ele></trkpt>
   <trkpt lat="51.234967" lon="7.107426"><ele>218.75</ele></trkpt>
   <trkpt lat="51.234986" lon="7.107378"><ele>218.5</ele></trkpt>
   <trkpt lat="51.235015" lon="7.107332"><ele>218.25</ele></trkpt>
   <trkpt lat="51.235087" lon="7.107264"><ele>217.25</ele></trkpt>
   <trkpt lat="51.235368" lon="7.107079"><ele>215</ele></trkpt>
   <trkpt lat="51.23538" lon="7.107054"><ele>215</ele></trkpt>
   <trkpt lat="51.235379" lon="7.106999"><ele>215.25</ele></trkpt>
   <trkpt lat="51.235356" lon="7.106842"><ele>213.5</ele></trkpt>
   <trkpt lat="51.235332" lon="7.106695"><ele>210.75</ele></trkpt>
   <trkpt lat="51.23534" lon="7.106639"><ele>210</ele></trkpt>
   <trkpt lat="51.235355" lon="7.106613"><ele>209.75</ele></trkpt>
   <trkpt lat="51.235532" lon="7.106512"><ele>209</ele></trkpt>
   <trkpt lat="51.235593" lon="7.10646"><ele>208.5</ele></trkpt>
   <trkpt lat="51.235622" lon="7.106418"><ele>207.75</ele></trkpt>
   <trkpt lat="51.235642" lon="7.106368"><ele>207.25</ele></trkpt>
   <trkpt lat="51.235657" lon="7.106314"><ele>207.25</ele></trkpt>
   <trkpt lat="51.235667" lon="7.106194"><ele>206.5</ele></trkpt>
   <trkpt lat="51.235659" lon="7.106131"><ele>206</ele></trkpt>
   <trkpt lat="51.235633" lon="7.106058"><ele>205.5</ele></trkpt>
   <trkpt lat="51.235597" lon="7.106007"><ele>205</ele></trkpt>
   <trkpt lat="51.235398" lon="7.105798"><ele>202.5</ele></trkpt>
   <trkpt lat="51.235347" lon="7.105699"><ele>202</ele></trkpt>
   <trkpt lat="51.235327" lon="7.105654"><ele>201.5</ele></trkpt>
   <trkpt lat="51.235279" lon="7.105451"><ele>200.25</ele></trkpt>
   <trkpt lat="51.235271" lon="7.105384"><ele>199.5</ele></trkpt>
   <trkpt lat="51.235271" lon="7.105299"><ele>199</ele></trkpt>
   <trkpt lat="51.235303" lon="7.105034"><ele>197.75</ele></trkpt>
   <trkpt lat="51.235302" lon="7.104937"><ele>197.5</ele></trkpt>
   <trkpt lat="51.235287" lon="7.104844"><ele>197</ele></trkpt>
   <trkpt lat="51.235265" lon="7.104767"><ele>196.75</ele></trkpt>
   <trkpt lat="51.235232" lon="7.104696"><ele>196.25</ele></trkpt>
   <trkpt lat="51.235193" lon="7.104645"><ele>195.75</ele></trkpt>
   <trkpt lat="51.23515" lon="7.104595"><ele>195</ele></trkpt>
   <trkpt lat="51.235096" lon="7.104558"><ele>194.25</ele></trkpt>
   <trkpt lat="51.235039" lon="7.104542"><ele>193.75</ele></trkpt>
   <trkpt lat="51.234978" lon="7.104547"><ele>193</ele></trkpt>
   <trkpt lat="51.234742" lon="7.104611"><ele>190</ele></trkpt>
   <trkpt lat="51.234297" lon="7.104735"><ele>188.5</ele></trkpt>
   <trkpt lat="51.234179" lon="7.10477"><ele>188.25</ele></trkpt>
   <trkpt lat="51.233904" lon="7.104842"><ele>187.5</ele></trkpt>
   <trkpt lat="51.233796" lon="7.104875"><ele>186.5</ele></trkpt>
   <trkpt lat="51.233567" lon="7.104936"><ele>185.25</ele></trkpt>
   <trkpt lat="51.233502" lon="7.104934"><ele>185</ele></trkpt>
   <trkpt lat="51.233438" lon="7.104909"><ele>184.5</ele></trkpt>
   <trkpt lat="51.233375" lon="7.104871"><ele>183.75</ele></trkpt>
   <trkpt lat="51.233322" lon="7.104824"><ele>183</ele></trkpt>
   <trkpt lat="51.233271" lon="7.104762"><ele>181.75</ele></trkpt>
   <trkpt lat="51.233228" lon="7.104686"><ele>180.75</ele></trkpt>
   <trkpt lat="51.233165" lon="7.104496"><ele>179</ele></trkpt>
   <trkpt lat="51.23315" lon="7.104378"><ele>178.5</ele></trkpt>
   <trkpt lat="51.233144" lon="7.104249"><ele>178</ele></trkpt>
   <trkpt lat="51.23315" lon="7.104122"><ele>177.5</ele></trkpt>
   <trkpt lat="51.233166" lon="7.104015"><ele>177</ele></trkpt>
   <trkpt lat="51.233201" lon="7.103881"><ele>176.25</ele></trkpt>
   <trkpt lat="51.233905" lon="7.101853"><ele>170</ele></trkpt>
   <trkpt lat="51.234135" lon="7.101193"><ele>169.25</ele></trkpt>
   <trkpt lat="51.234341" lon="7.100592"><ele>168</ele></trkpt>
   <trkpt lat="51.234425" lon="7.10036"><ele>167.25</ele></trkpt>
   <trkpt lat="51.234457" lon="7.100287"><ele>167</ele></trkpt>
   <trkpt lat="51.234632" lon="7.099981"><ele>165</ele></trkpt>
   <trkpt lat="51.234729" lon="7.099808"><ele>164.5</ele></trkpt>
   <trkpt lat="51.234745" lon="7.099759"><ele>164.5</ele></trkpt>
   <trkpt lat="51.234755" lon="7.099698"><ele>164.25</ele></trkpt>
   <trkpt lat="51.23476" lon="7.099586"><ele>163.75</ele></trkpt>
   <trkpt lat="51.234766" lon="7.099135"><ele>162</ele></trkpt>
   <trkpt lat="51.234767" lon="7.099017"><ele>161.5</ele></trkpt>
   <trkpt lat="51.234749" lon="7.098605"><ele>160</ele></trkpt>
   <trkpt lat="51.234729" lon="7.098488"><ele>159.5</ele></trkpt>
   <trkpt lat="51.234521" lon="7.097526"><ele>155.5</ele></trkpt>
   <trkpt lat="51.234514" lon="7.097377"><ele>154.75</ele></trkpt>
   <trkpt lat="51.234547" lon="7.097183"><ele>154</ele></trkpt>
   <trkpt lat="51.234567" lon="7.097123"><ele>153.75</ele></trkpt>
   <trkpt lat="51.234649" lon="7.096965"><ele>152.5</ele></trkpt>
   <trkpt lat="51.234698" lon="7.096896"><ele>151.75</ele></trkpt>
   <trkpt lat="51.234753" lon="7.096842"><ele>151.5</ele></trkpt>
   <trkpt lat="51.23485" lon="7.096773"><ele>150.75</ele></trkpt>
   <trkpt lat="51.234933" lon="7.096744"><ele>150</ele></trkpt>
   <trkpt lat="51.235001" lon="7.096749"><ele>149.75</ele></trkpt>
   <trkpt lat="51.235059" lon="7.096793"><ele>148.75</ele></trkpt>
   <trkpt lat="51.235116" lon="7.096888"><ele>149</ele></trkpt>
   <trkpt lat="51.235282" lon="7.097041"><ele>147.5</ele></trkpt>
   <trkpt lat="51.235441" lon="7.09713"><ele>145.75</ele></trkpt>
   <trkpt lat="51.235522" lon="7.097161"><ele>145.25</ele></trkpt>
   <trkpt lat="51.235639" lon="7.097157"><ele>144</ele></trkpt>
   <trkpt lat="51.235847" lon="7.097169"><ele>142.25</ele></trkpt>
   <trkpt lat="51.23596" lon="7.097186"><ele>141.25</ele></trkpt>
   <trkpt lat="51.236029" lon="7.097212"><ele>141</ele></trkpt>
   <trkpt lat="51.236386" lon="7.097403"><ele>140.75</ele></trkpt>
   <trkpt lat="51.236585" lon="7.097531"><ele>139</ele></trkpt>
   <trkpt lat="51.236722" lon="7.097556"><ele>135.75</ele></trkpt>
   <trkpt lat="51.236776" lon="7.097534"><ele>134.25</ele></trkpt>
   <trkpt lat="51.236813" lon="7.09756"><ele>134.25</ele></trkpt>
   <trkpt lat="51.237" lon="7.097656"><ele>134.5</ele></trkpt>
   <trkpt lat="51.237123" lon="7.097719"><ele>134.5</ele></trkpt>
   <trkpt lat="51.237127" lon="7.097721"><ele>134.75</ele></trkpt>
   <trkpt lat="51.237168" lon="7.097738"><ele>134.75</ele></trkpt>
   <trkpt lat="51.237244" lon="7.097781"><ele>135.75</ele></trkpt>
   <trkpt lat="51.237314" lon="7.097817"><ele>135.5</ele></trkpt>
   <trkpt lat="51.237343" lon="7.097833"><ele>135.5</ele></trkpt>
   <trkpt lat="51.237452" lon="7.09789"><ele>135</ele></trkpt>
   <trkpt lat="51.237551" lon="7.097942"><ele>135</ele></trkpt>
   <trkpt lat="51.237609" lon="7.097961"><ele>135</ele></trkpt>
   <trkpt lat="51.237677" lon="7.097941"><ele>135</ele></trkpt>
   <trkpt lat="51.237717" lon="7.097915"><ele>135</ele></trkpt>
   <trkpt lat="51.237952" lon="7.097682"><ele>134.5</ele></trkpt>
   <trkpt lat="51.238048" lon="7.097606"><ele>134.25</ele></trkpt>
   <trkpt lat="51.2382" lon="7.097558"><ele>134.5</ele></trkpt>
   <trkpt lat="51.238196" lon="7.097527"><ele>134.5</ele></trkpt>
   <trkpt lat="51.238127" lon="7.096806"><ele>134</ele></trkpt>
   <trkpt lat="51.238122" lon="7.096745"><ele>134</ele></trkpt>
   <trkpt lat="51.238117" lon="7.096699"><ele>134</ele></trkpt>
   <trkpt lat="51.238113" lon="7.096652"><ele>134</ele></trkpt>
   <trkpt lat="51.238072" lon="7.096227"><ele>133.75</ele></trkpt>
   <trkpt lat="51.238375" lon="7.096148"><ele>133.25</ele></trkpt>
   <trkpt lat="51.238431" lon="7.096058"><ele>133.25</ele></trkpt>
   <trkpt lat="51.238621" lon="7.095624"><ele>134</ele></trkpt>
   <trkpt lat="51.238667" lon="7.095557"><ele>134</ele></trkpt>
   <trkpt lat="51.238776" lon="7.095468"><ele>134.5</ele></trkpt>
   <trkpt lat="51.238896" lon="7.095378"><ele>135</ele></trkpt>
   <trkpt lat="51.239004" lon="7.095266"><ele>137.25</ele></trkpt>
   <trkpt lat="51.239075" lon="7.095163"><ele>138.25</ele></trkpt>
   <trkpt lat="51.239257" lon="7.094785"><ele>142</ele></trkpt>
   <trkpt lat="51.239456" lon="7.094292"><ele>144.25</ele></trkpt>
   <trkpt lat="51.239506" lon="7.094138"><ele>144.5</ele></trkpt>
   <trkpt lat="51.239541" lon="7.094009"><ele>144</ele></trkpt>
   <trkpt lat="51.239866" lon="7.092556"><ele>139.25</ele></trkpt>
   <trkpt lat="51.239881" lon="7.092437"><ele>139</ele></trkpt>
   <trkpt lat="51.239874" lon="7.092278"><ele>139</ele></trkpt>
   <trkpt lat="51.239857" lon="7.09221"><ele>139.25</ele></trkpt>
   <trkpt lat="51.239799" lon="7.092053"><ele>138.75</ele></trkpt>
   <trkpt lat="51.239764" lon="7.091992"><ele>138.5</ele></trkpt>
   <trkpt lat="51.239716" lon="7.091935"><ele>137.75</ele></trkpt>
   <trkpt lat="51.239665" lon="7.091895"><ele>137.5</ele></trkpt>
   <trkpt lat="51.239603" lon="7.091869"><ele>136.75</ele></trkpt>
   <trkpt lat="51.239496" lon="7.091862"><ele>135.75</ele></trkpt>
   <trkpt lat="51.239431" lon="7.091864"><ele>135</ele></trkpt>
   <trkpt lat="51.239357" lon="7.09189"><ele>134.75</ele></trkpt>
   <trkpt lat="51.239321" lon="7.091906"><ele>134.5</ele></trkpt>
   <trkpt lat="51.239273" lon="7.09158"><ele>135.5</ele></trkpt>
   <trkpt lat="51.238953" lon="7.091132"><ele>138</ele></trkpt>
   <trkpt lat="51.238788" lon="7.090848"><ele>140.75</ele></trkpt>
   <trkpt lat="51.238678" lon="7.090684"><ele>142.5</ele></trkpt>
   <trkpt lat="51.238612" lon="7.090616"><ele>142.75</ele></trkpt>
   <trkpt lat="51.238122" lon="7.090215"><ele>146.75</ele></trkpt>
   <trkpt lat="51.238086" lon="7.09016"><ele>147.25</ele></trkpt>
   <trkpt lat="51.238007" lon="7.090042"><ele>148</ele></trkpt>
   <trkpt lat="51.237835" lon="7.089535"><ele>150.5</ele></trkpt>
   <trkpt lat="51.237454" lon="7.088446"><ele>153.5</ele></trkpt>
   <trkpt lat="51.237383" lon="7.088253"><ele>154</ele></trkpt>
   <trkpt lat="51.23732" lon="7.088293"><ele>154</ele></trkpt>
   <trkpt lat="51.237267" lon="7.088298"><ele>154</ele></trkpt>
   <trkpt lat="51.237221" lon="7.088281"><ele>153.75</ele></trkpt>
   <trkpt lat="51.237191" lon="7.088242"><ele>153.5</ele></trkpt>
   <trkpt lat="51.237086" lon="7.087948"><ele>153.25</ele></trkpt>
   <trkpt lat="51.236982" lon="7.087648"><ele>153</ele></trkpt>
   <trkpt lat="51.236946" lon="7.087513"><ele>153</ele></trkpt>
   <trkpt lat="51.236991" lon="7.087481"><ele>153</ele></trkpt>
   <trkpt lat="51.237026" lon="7.087425"><ele>153.25</ele></trkpt>
   <trkpt lat="51.237042" lon="7.087359"><ele>153.5</ele></trkpt>
   <trkpt lat="51.237032" lon="7.087297"><ele>153.5</ele></trkpt>
   <trkpt lat="51.236591" lon="7.086206"><ele>151.75</ele></trkpt>
   <trkpt lat="51.236557" lon="7.086123"><ele>151.5</ele></trkpt>
   <trkpt lat="51.236169" lon="7.085162"><ele>154.25</ele></trkpt>
   <trkpt lat="51.235695" lon="7.084007"><ele>157.5</ele></trkpt>
   <trkpt lat="51.235354" lon="7.083167"><ele>155.75</ele></trkpt>
   <trkpt lat="51.234957" lon="7.081933"><ele>148.25</ele></trkpt>
   <trkpt lat="51.234762" lon="7.08138"><ele>146</ele></trkpt>
   <trkpt lat="51.234724" lon="7.081275"><ele>146</ele></trkpt>
   <trkpt lat="51.234728" lon="7.081179"><ele>146</ele></trkpt>
   <trkpt lat="51.234667" lon="7.081173"><ele>146.25</ele></trkpt>
   <trkpt lat="51.234476" lon="7.081147"><ele>147.75</ele></trkpt>
   <trkpt lat="51.234366" lon="7.081078"><ele>149.5</ele></trkpt>
   <trkpt lat="51.234237" lon="7.080872"><ele>150.75</ele></trkpt>
   <trkpt lat="51.234153" lon="7.080682"><ele>151.75</ele></trkpt>
   <trkpt lat="51.233239" lon="7.07865"><ele>159.25</ele></trkpt>
   <trkpt lat="51.233228" lon="7.078649"><ele>159.25</ele></trkpt>
   <trkpt lat="51.233016" lon="7.078583"><ele>160</ele></trkpt>
   <trkpt lat="51.232461" lon="7.078429"><ele>163</ele></trkpt>
   <trkpt lat="51.231952" lon="7.078277"><ele>165.75</ele></trkpt>
   <trkpt lat="51.231816" lon="7.078242"><ele>166.25</ele></trkpt>
   <trkpt lat="51.231786" lon="7.078232"><ele>166.5</ele></trkpt>
   <trkpt lat="51.231751" lon="7.078222"><ele>166.5</ele></trkpt>
   <trkpt lat="51.231676" lon="7.078186"><ele>166.75</ele></trkpt>
   <trkpt lat="51.231583" lon="7.078115"><ele>167.25</ele></trkpt>
   <trkpt lat="51.231548" lon="7.078099"><ele>167.25</ele></trkpt>
   <trkpt lat="51.231473" lon="7.078065"><ele>167.5</ele></trkpt>
   <trkpt lat="51.231389" lon="7.078028"><ele>168</ele></trkpt>
   <trkpt lat="51.231114" lon="7.077881"><ele>169.75</ele></trkpt>
   <trkpt lat="51.231023" lon="7.077823"><ele>170.25</ele></trkpt>
   <trkpt lat="51.230868" lon="7.077705"><ele>170.75</ele></trkpt>
   <trkpt lat="51.2308" lon="7.077626"><ele>171</ele></trkpt>
   <trkpt lat="51.230715" lon="7.077508"><ele>171.25</ele></trkpt>
   <trkpt lat="51.230487" lon="7.076981"><ele>174.75</ele></trkpt>
   <trkpt lat="51.230186" lon="7.076355"><ele>180</ele></trkpt>
   <trkpt lat="51.229343" lon="7.074719"><ele>192.25</ele></trkpt>
   <trkpt lat="51.229218" lon="7.07449"><ele>194</ele></trkpt>
   <trkpt lat="51.229037" lon="7.074246"><ele>196.25</ele></trkpt>
   <trkpt lat="51.228852" lon="7.074076"><ele>198.25</ele></trkpt>
   <trkpt lat="51.228707" lon="7.073986"><ele>199.75</ele></trkpt>
   <trkpt lat="51.228601" lon="7.073935"><ele>201</ele></trkpt>
   <trkpt lat="51.228488" lon="7.07392"><ele>201.75</ele></trkpt>
   <trkpt lat="51.228405" lon="7.073927"><ele>202.25</ele></trkpt>
   <trkpt lat="51.227672" lon="7.07417"><ele>207</ele></trkpt>
   <trkpt lat="51.227347" lon="7.074262"><ele>210</ele></trkpt>
   <trkpt lat="51.22726" lon="7.07429"><ele>210.5</ele></trkpt>
   <trkpt lat="51.226705" lon="7.074475"><ele>216.5</ele></trkpt>
   <trkpt lat="51.226499" lon="7.074544"><ele>218.75</ele></trkpt>
   <trkpt lat="51.225709" lon="7.074806"><ele>224.75</ele></trkpt>
   <trkpt lat="51.225537" lon="7.074895"><ele>225.25</ele></trkpt>
   <trkpt lat="51.225163" lon="7.075149"><ele>227.75</ele></trkpt>
   <trkpt lat="51.224947" lon="7.075255"><ele>228.25</ele></trkpt>
   <trkpt lat="51.22485" lon="7.075289"><ele>227.25</ele></trkpt>
   <trkpt lat="51.224831" lon="7.075295"><ele>227</ele></trkpt>
   <trkpt lat="51.224414" lon="7.075409"><ele>228.5</ele></trkpt>
   <trkpt lat="51.224397" lon="7.075413"><ele>228.75</ele></trkpt>
   <trkpt lat="51.224121" lon="7.07549"><ele>234.25</ele></trkpt>
   <trkpt lat="51.223888" lon="7.075568"><ele>236</ele></trkpt>
   <trkpt lat="51.223723" lon="7.075662"><ele>237.5</ele></trkpt>
   <trkpt lat="51.223598" lon="7.075765"><ele>238.75</ele></trkpt>
   <trkpt lat="51.22346" lon="7.075903"><ele>240</ele></trkpt>
   <trkpt lat="51.222805" lon="7.076673"><ele>246.5</ele></trkpt>
   <trkpt lat="51.222561" lon="7.07696"><ele>249.5</ele></trkpt>
   <trkpt lat="51.222515" lon="7.07702"><ele>250</ele></trkpt>
   <trkpt lat="51.22213" lon="7.077503"><ele>255.75</ele></trkpt>
   <trkpt lat="51.221947" lon="7.077757"><ele>257.75</ele></trkpt>
   <trkpt lat="51.221843" lon="7.077931"><ele>259.25</ele></trkpt>
   <trkpt lat="51.221604" lon="7.078304"><ele>262.5</ele></trkpt>
   <trkpt lat="51.221088" lon="7.079149"><ele>268</ele></trkpt>
   <trkpt lat="51.221" lon="7.079269"><ele>269.25</ele></trkpt>
   <trkpt lat="51.220748" lon="7.079547"><ele>270.75</ele></trkpt>
   <trkpt lat="51.220682" lon="7.079621"><ele>271.25</ele></trkpt>
   <trkpt lat="51.220504" lon="7.07982"><ele>272</ele></trkpt>
   <trkpt lat="51.220145" lon="7.08022"><ele>272</ele></trkpt>
   <trkpt lat="51.219282" lon="7.080969"><ele>270.25</ele></trkpt>
   <trkpt lat="51.219272" lon="7.080981"><ele>270.25</ele></trkpt>
   <trkpt lat="51.218984" lon="7.081227"><ele>270</ele></trkpt>
   <trkpt lat="51.218" lon="7.08203"><ele>270.75</ele></trkpt>
   <trkpt lat="51.217824" lon="7.082135"><ele>270.75</ele></trkpt>
   <trkpt lat="51.21774" lon="7.082163"><ele>271</ele></trkpt>
   <trkpt lat="51.216283" lon="7.082678"><ele>273</ele></trkpt>
   <trkpt lat="51.215816" lon="7.082872"><ele>274</ele></trkpt>
   <trkpt lat="51.215588" lon="7.083015"><ele>274</ele></trkpt>
   <trkpt lat="51.214941" lon="7.083526"><ele>272.5</ele></trkpt>
   <trkpt lat="51.214701" lon="7.083716"><ele>272.25</ele></trkpt>
   <trkpt lat="51.214423" lon="7.083932"><ele>272</ele></trkpt>
   <trkpt lat="51.214295" lon="7.083999"><ele>272</ele></trkpt>
   <trkpt lat="51.214148" lon="7.08404"><ele>272</ele></trkpt>
   <trkpt lat="51.213956" lon="7.084083"><ele>272</ele></trkpt>
   <trkpt lat="51.213695" lon="7.084095"><ele>272.5</ele></trkpt>
   <trkpt lat="51.213363" lon="7.08405"><ele>272</ele></trkpt>
   <trkpt lat="51.213225" lon="7.084036"><ele>271.75</ele></trkpt>
   <trkpt lat="51.213049" lon="7.084019"><ele>271.25</ele></trkpt>
   <trkpt lat="51.212816" lon="7.084004"><ele>271.25</ele></trkpt>
   <trkpt lat="51.212073" lon="7.083971"><ele>271</ele></trkpt>
   <trkpt lat="51.211929" lon="7.083941"><ele>270.75</ele></trkpt>
   <trkpt lat="51.21162" lon="7.083836"><ele>270.5</ele></trkpt>
   <trkpt lat="51.211415" lon="7.083751"><ele>270</ele></trkpt>
   <trkpt lat="51.2108" lon="7.083285"><ele>267.75</ele></trkpt>
   <trkpt lat="51.210358" lon="7.082975"><ele>266</ele></trkpt>
   <trkpt lat="51.210255" lon="7.082849"><ele>265</ele></trkpt>
   <trkpt lat="51.210157" lon="7.08269"><ele>264.5</ele></trkpt>
   <trkpt lat="51.209877" lon="7.082165"><ele>263</ele></trkpt>
   <trkpt lat="51.209656" lon="7.081858"><ele>261.75</ele></trkpt>
   <trkpt lat="51.209634" lon="7.081829"><ele>261.75</ele></trkpt>
   <trkpt lat="51.209561" lon="7.081734"><ele>261.25</ele></trkpt>
   <trkpt lat="51.209375" lon="7.081527"><ele>259.5</ele></trkpt>
   <trkpt lat="51.20933" lon="7.08147"><ele>259.25</ele></trkpt>
   <trkpt lat="51.209289" lon="7.081402"><ele>258.75</ele></trkpt>
   <trkpt lat="51.209154" lon="7.081133"><ele>257.75</ele></trkpt>
   <trkpt lat="51.208913" lon="7.080705"><ele>255.5</ele></trkpt>
   <trkpt lat="51.208694" lon="7.080285"><ele>253.5</ele></trkpt>
   <trkpt lat="51.208586" lon="7.080085"><ele>252</ele></trkpt>
   <trkpt lat="51.208496" lon="7.079964"><ele>251.5</ele></trkpt>
   <trkpt lat="51.20841" lon="7.079888"><ele>250.75</ele></trkpt>
   <trkpt lat="51.208305" lon="7.079813"><ele>250</ele></trkpt>
   <trkpt lat="51.208165" lon="7.079722"><ele>248.75</ele></trkpt>
   <trkpt lat="51.208" lon="7.079628"><ele>247.5</ele></trkpt>
   <trkpt lat="51.207902" lon="7.079571"><ele>247</ele></trkpt>
   <trkpt lat="51.207786" lon="7.079504"><ele>246.25</ele></trkpt>
   <trkpt lat="51.207733" lon="7.079452"><ele>246</ele></trkpt>
   <trkpt lat="51.207625" lon="7.079331"><ele>245.75</ele></trkpt>
   <trkpt lat="51.207536" lon="7.079188"><ele>245.25</ele></trkpt>
   <trkpt lat="51.207479" lon="7.079069"><ele>245</ele></trkpt>
   <trkpt lat="51.207441" lon="7.07899"><ele>245</ele></trkpt>
   <trkpt lat="51.207428" lon="7.078964"><ele>244.75</ele></trkpt>
   <trkpt lat="51.207316" lon="7.078719"><ele>244.5</ele></trkpt>
   <trkpt lat="51.2072" lon="7.078468"><ele>243.75</ele></trkpt>
   <trkpt lat="51.207092" lon="7.078234"><ele>243.25</ele></trkpt>
   <trkpt lat="51.206956" lon="7.077941"><ele>242.5</ele></trkpt>
   <trkpt lat="51.206694" lon="7.077495"><ele>241</ele></trkpt>
   <trkpt lat="51.206478" lon="7.077158"><ele>240.25</ele></trkpt>
   <trkpt lat="51.20638" lon="7.077004"><ele>240</ele></trkpt>
   <trkpt lat="51.204973" lon="7.074797"><ele>233</ele></trkpt>
   <trkpt lat="51.204913" lon="7.074687"><ele>232.75</ele></trkpt>
   <trkpt lat="51.204626" lon="7.074079"><ele>230</ele></trkpt>
   <trkpt lat="51.204577" lon="7.074003"><ele>229.75</ele></trkpt>
   <trkpt lat="51.204484" lon="7.073903"><ele>228.5</ele></trkpt>
   <trkpt lat="51.204391" lon="7.073815"><ele>227.25</ele></trkpt>
   <trkpt lat="51.204385" lon="7.073809"><ele>227.25</ele></trkpt>
   <trkpt lat="51.204332" lon="7.073762"><ele>226.75</ele></trkpt>
   <trkpt lat="51.204362" lon="7.07368"><ele>226.25</ele></trkpt>
   <trkpt lat="51.204374" lon="7.073637"><ele>226</ele></trkpt>
   <trkpt lat="51.204247" lon="7.073538"><ele>226</ele></trkpt>
   <trkpt lat="51.204165" lon="7.07344"><ele>226</ele></trkpt>
   <trkpt lat="51.204061" lon="7.07335"><ele>226</ele></trkpt>
   <trkpt lat="51.203936" lon="7.073299"><ele>226</ele></trkpt>
   <trkpt lat="51.203671" lon="7.073281"><ele>225</ele></trkpt>
   <trkpt lat="51.203332" lon="7.073283"><ele>222.75</ele></trkpt>
   <trkpt lat="51.202524" lon="7.073298"><ele>217</ele></trkpt>
   <trkpt lat="51.202422" lon="7.073296"><ele>216.25</ele></trkpt>
   <trkpt lat="51.202301" lon="7.073322"><ele>215.5</ele></trkpt>
   <trkpt lat="51.202295" lon="7.073229"><ele>215.5</ele></trkpt>
   <trkpt lat="51.202287" lon="7.07314"><ele>215.25</ele></trkpt>
   <trkpt lat="51.202284" lon="7.073122"><ele>215.25</ele></trkpt>
   <trkpt lat="51.202275" lon="7.073062"><ele>215.25</ele></trkpt>
   <trkpt lat="51.202263" lon="7.073029"><ele>215.25</ele></trkpt>
   <trkpt lat="51.202226" lon="7.072984"><ele>215.25</ele></trkpt>
   <trkpt lat="51.202194" lon="7.072957"><ele>215.25</ele></trkpt>
   <trkpt lat="51.202097" lon="7.072874"><ele>215</ele></trkpt>
   <trkpt lat="51.201803" lon="7.072619"><ele>215</ele></trkpt>
   <trkpt lat="51.201291" lon="7.07219"><ele>214.25</ele></trkpt>
   <trkpt lat="51.200648" lon="7.071614"><ele>211.75</ele></trkpt>
   <trkpt lat="51.200434" lon="7.071413"><ele>210.5</ele></trkpt>
   <trkpt lat="51.200377" lon="7.071359"><ele>210.25</ele></trkpt>
   <trkpt lat="51.200087" lon="7.071084"><ele>209.25</ele></trkpt>
   <trkpt lat="51.200055" lon="7.071054"><ele>209.25</ele></trkpt>
   <trkpt lat="51.199805" lon="7.070811"><ele>208.5</ele></trkpt>
   <trkpt lat="51.199649" lon="7.070633"><ele>208</ele></trkpt>
   <trkpt lat="51.199453" lon="7.070399"><ele>206.5</ele></trkpt>
   <trkpt lat="51.199362" lon="7.070291"><ele>206.25</ele></trkpt>
   <trkpt lat="51.199217" lon="7.070115"><ele>205.5</ele></trkpt>
   <trkpt lat="51.198985" lon="7.069864"><ele>203.75</ele></trkpt>
   <trkpt lat="51.1989" lon="7.06979"><ele>202.75</ele></trkpt>
   <trkpt lat="51.198517" lon="7.069336"><ele>200.75</ele></trkpt>
   <trkpt lat="51.198084" lon="7.068686"><ele>198</ele></trkpt>
   <trkpt lat="51.197884" lon="7.068306"><ele>197.25</ele></trkpt>
   <trkpt lat="51.197596" lon="7.067697"><ele>194.5</ele></trkpt>
   <trkpt lat="51.197557" lon="7.067617"><ele>194</ele></trkpt>
   <trkpt lat="51.197295" lon="7.066968"><ele>191.25</ele></trkpt>
   <trkpt lat="51.197223" lon="7.066789"><ele>191</ele></trkpt>
   <trkpt lat="51.197128" lon="7.06647"><ele>192.5</ele></trkpt>
   <trkpt lat="51.197064" lon="7.066204"><ele>193</ele></trkpt>
   <trkpt lat="51.197038" lon="7.066048"><ele>192.75</ele></trkpt>
   <trkpt lat="51.197" lon="7.065889"><ele>193</ele></trkpt>
   <trkpt lat="51.196963" lon="7.065767"><ele>193.75</ele></trkpt>
   <trkpt lat="51.196881" lon="7.065637"><ele>193.75</ele></trkpt>
   <trkpt lat="51.196722" lon="7.065502"><ele>193</ele></trkpt>
   <trkpt lat="51.196707" lon="7.065489"><ele>193</ele></trkpt>
   <trkpt lat="51.196628" lon="7.065422"><ele>193</ele></trkpt>
   <trkpt lat="51.196497" lon="7.065308"><ele>193.5</ele></trkpt>
   <trkpt lat="51.195934" lon="7.064813"><ele>197.25</ele></trkpt>
   <trkpt lat="51.19589" lon="7.064729"><ele>197.5</ele></trkpt>
   <trkpt lat="51.195882" lon="7.064654"><ele>197.75</ele></trkpt>
   <trkpt lat="51.195791" lon="7.064615"><ele>199.25</ele></trkpt>
   <trkpt lat="51.19575" lon="7.064579"><ele>200.25</ele></trkpt>
   <trkpt lat="51.195691" lon="7.064463"><ele>202</ele></trkpt>
   <trkpt lat="51.195642" lon="7.064385"><ele>203</ele></trkpt>
   <trkpt lat="51.195597" lon="7.064337"><ele>204</ele></trkpt>
   <trkpt lat="51.19558" lon="7.064291"><ele>204.5</ele></trkpt>
   <trkpt lat="51.195575" lon="7.064039"><ele>205.5</ele></trkpt>
   <trkpt lat="51.195563" lon="7.063918"><ele>206.5</ele></trkpt>
   <trkpt lat="51.195535" lon="7.063823"><ele>207.5</ele></trkpt>
   <trkpt lat="51.195512" lon="7.06378"><ele>208</ele></trkpt>
   <trkpt lat="51.195481" lon="7.063746"><ele>208.5</ele></trkpt>
   <trkpt lat="51.195432" lon="7.063722"><ele>209.25</ele></trkpt>
   <trkpt lat="51.195305" lon="7.063696"><ele>211.25</ele></trkpt>
   <trkpt lat="51.195289" lon="7.063692"><ele>211.5</ele></trkpt>
   <trkpt lat="51.195254" lon="7.063683"><ele>212</ele></trkpt>
   <trkpt lat="51.195239" lon="7.063675"><ele>212.25</ele></trkpt>
   <trkpt lat="51.1952" lon="7.063623"><ele>213.25</ele></trkpt>
   <trkpt lat="51.195156" lon="7.063488"><ele>214</ele></trkpt>
   <trkpt lat="51.195042" lon="7.063036"><ele>216.25</ele></trkpt>
   <trkpt lat="51.194942" lon="7.062743"><ele>217.5</ele></trkpt>
   <trkpt lat="51.194818" lon="7.06248"><ele>218.75</ele></trkpt>
   <trkpt lat="51.194656" lon="7.062278"><ele>219.75</ele></trkpt>
   <trkpt lat="51.194167" lon="7.061773"><ele>222.75</ele></trkpt>
   <trkpt lat="51.193925" lon="7.061542"><ele>224.25</ele></trkpt>
   <trkpt lat="51.193795" lon="7.061406"><ele>224.75</ele></trkpt>
   <trkpt lat="51.193763" lon="7.061288"><ele>225</ele></trkpt>
   <trkpt lat="51.19352" lon="7.06085"><ele>226.75</ele></trkpt>
   <trkpt lat="51.19342" lon="7.060669"><ele>227</ele></trkpt>
   <trkpt lat="51.193401" lon="7.060601"><ele>227</ele></trkpt>
   <trkpt lat="51.193246" lon="7.060354"><ele>228</ele></trkpt>
   <trkpt lat="51.193264" lon="7.060291"><ele>228</ele></trkpt>
   <trkpt lat="51.192943" lon="7.059755"><ele>229.25</ele></trkpt>
   <trkpt lat="51.192828" lon="7.059569"><ele>229.75</ele></trkpt>
   <trkpt lat="51.192613" lon="7.059187"><ele>230</ele></trkpt>
   <trkpt lat="51.192326" lon="7.058693"><ele>230</ele></trkpt>
   <trkpt lat="51.192115" lon="7.058345"><ele>229.5</ele></trkpt>
   <trkpt lat="51.192088" lon="7.058292"><ele>229.25</ele></trkpt>
   <trkpt lat="51.19184" lon="7.057879"><ele>228.75</ele></trkpt>
   <trkpt lat="51.191666" lon="7.057591"><ele>228</ele></trkpt>
   <trkpt lat="51.19163" lon="7.05753"><ele>227.75</ele></trkpt>
   <trkpt lat="51.191099" lon="7.057814"><ele>227.75</ele></trkpt>
   <trkpt lat="51.190786" lon="7.057998"><ele>227</ele></trkpt>
   <trkpt lat="51.190634" lon="7.058087"><ele>226.25</ele></trkpt>
   <trkpt lat="51.190162" lon="7.058365"><ele>224.5</ele></trkpt>
   <trkpt lat="51.190145" lon="7.058376"><ele>224.25</ele></trkpt>
   <trkpt lat="51.189893" lon="7.058538"><ele>222.5</ele></trkpt>
   <trkpt lat="51.189305" lon="7.058859"><ele>218</ele></trkpt>
   <trkpt lat="51.189096" lon="7.058986"><ele>216</ele></trkpt>
   <trkpt lat="51.188885" lon="7.059132"><ele>213.75</ele></trkpt>
   <trkpt lat="51.188783" lon="7.058801"><ele>213.5</ele></trkpt>
   <trkpt lat="51.18863" lon="7.05837"><ele>213.75</ele></trkpt>
   <trkpt lat="51.188588" lon="7.058337"><ele>213.5</ele></trkpt>
   <trkpt lat="51.188501" lon="7.05814"><ele>214</ele></trkpt>
   <trkpt lat="51.188397" lon="7.057944"><ele>214.25</ele></trkpt>
   <trkpt lat="51.188369" lon="7.057904"><ele>214</ele></trkpt>
   <trkpt lat="51.18823" lon="7.057717"><ele>214</ele></trkpt>
   <trkpt lat="51.188124" lon="7.057608"><ele>214</ele></trkpt>
   <trkpt lat="51.188128" lon="7.057455"><ele>214.25</ele></trkpt>
   <trkpt lat="51.188128" lon="7.057324"><ele>214.25</ele></trkpt>
   <trkpt lat="51.188113" lon="7.057211"><ele>214.25</ele></trkpt>
   <trkpt lat="51.18804" lon="7.056997"><ele>214</ele></trkpt>
   <trkpt lat="51.187928" lon="7.056702"><ele>214.75</ele></trkpt>
   <trkpt lat="51.187894" lon="7.056615"><ele>215</ele></trkpt>
   <trkpt lat="51.187858" lon="7.056525"><ele>215.25</ele></trkpt>
   <trkpt lat="51.187678" lon="7.056066"><ele>215</ele></trkpt>
   <trkpt lat="51.187631" lon="7.055941"><ele>215.25</ele></trkpt>
   <trkpt lat="51.187373" lon="7.055228"><ele>214.5</ele></trkpt>
   <trkpt lat="51.187265" lon="7.054864"><ele>213</ele></trkpt>
   <trkpt lat="51.187089" lon="7.054377"><ele>213.25</ele></trkpt>
   <trkpt lat="51.186987" lon="7.054117"><ele>212.5</ele></trkpt>
   <trkpt lat="51.186942" lon="7.053998"><ele>211.75</ele></trkpt>
   <trkpt lat="51.186725" lon="7.053471"><ele>212</ele></trkpt>
   <trkpt lat="51.186642" lon="7.05328"><ele>212</ele></trkpt>
   <trkpt lat="51.186627" lon="7.053217"><ele>212</ele></trkpt>
   <trkpt lat="51.18654" lon="7.052874"><ele>211.25</ele></trkpt>
   <trkpt lat="51.186485" lon="7.052638"><ele>210.25</ele></trkpt>
   <trkpt lat="51.186403" lon="7.052288"><ele>209.75</ele></trkpt>
   <trkpt lat="51.18633" lon="7.051986"><ele>209.25</ele></trkpt>
   <trkpt lat="51.1862" lon="7.051434"><ele>208</ele></trkpt>
   <trkpt lat="51.186077" lon="7.050922"><ele>207</ele></trkpt>
   <trkpt lat="51.186048" lon="7.050804"><ele>207</ele></trkpt>
   <trkpt lat="51.18599" lon="7.050565"><ele>206.25</ele></trkpt>
   <trkpt lat="51.185939" lon="7.050355"><ele>205.5</ele></trkpt>
   <trkpt lat="51.185919" lon="7.050267"><ele>205.25</ele></trkpt>
   <trkpt lat="51.185899" lon="7.050183"><ele>205.25</ele></trkpt>
   <trkpt lat="51.18557" lon="7.048804"><ele>204.5</ele></trkpt>
   <trkpt lat="51.185496" lon="7.048503"><ele>204.25</ele></trkpt>
   <trkpt lat="51.185447" lon="7.048301"><ele>204.25</ele></trkpt>
   <trkpt lat="51.185381" lon="7.048032"><ele>203.5</ele></trkpt>
   <trkpt lat="51.185296" lon="7.047682"><ele>203.5</ele></trkpt>
   <trkpt lat="51.18525" lon="7.047483"><ele>203</ele></trkpt>
   <trkpt lat="51.185179" lon="7.047183"><ele>203</ele></trkpt>
   <trkpt lat="51.185158" lon="7.047093"><ele>202.75</ele></trkpt>
   <trkpt lat="51.185085" lon="7.046794"><ele>202.5</ele></trkpt>
   <trkpt lat="51.184916" lon="7.046073"><ele>202.25</ele></trkpt>
   <trkpt lat="51.18482" lon="7.045668"><ele>202.25</ele></trkpt>
   <trkpt lat="51.184725" lon="7.045241"><ele>202.75</ele></trkpt>
   <trkpt lat="51.184658" lon="7.044921"><ele>203</ele></trkpt>
   <trkpt lat="51.184582" lon="7.044964"><ele>203</ele></trkpt>
   <trkpt lat="51.184519" lon="7.044941"><ele>203</ele></trkpt>
   <trkpt lat="51.184307" lon="7.044803"><ele>203.25</ele></trkpt>
   <trkpt lat="51.1842" lon="7.044727"><ele>203.75</ele></trkpt>
   <trkpt lat="51.184082" lon="7.044635"><ele>204</ele></trkpt>
   <trkpt lat="51.183922" lon="7.044513"><ele>204</ele></trkpt>
   <trkpt lat="51.18382" lon="7.044445"><ele>204</ele></trkpt>
   <trkpt lat="51.183749" lon="7.04446"><ele>204</ele></trkpt>
   <trkpt lat="51.183687" lon="7.044523"><ele>204</ele></trkpt>
   <trkpt lat="51.183443" lon="7.044282"><ele>204</ele></trkpt>
   <trkpt lat="51.183377" lon="7.044212"><ele>204</ele></trkpt>
   <trkpt lat="51.183348" lon="7.044194"><ele>204</ele></trkpt>
   <trkpt lat="51.183312" lon="7.044187"><ele>203.75</ele></trkpt>
   <trkpt lat="51.18325" lon="7.044197"><ele>203.5</ele></trkpt>
   <trkpt lat="51.182947" lon="7.043941"><ele>202.5</ele></trkpt>
   <trkpt lat="51.182801" lon="7.043831"><ele>202</ele></trkpt>
   <trkpt lat="51.182613" lon="7.043685"><ele>201.25</ele></trkpt>
   <trkpt lat="51.182493" lon="7.043595"><ele>200.75</ele></trkpt>
   <trkpt lat="51.182447" lon="7.043528"><ele>200.75</ele></trkpt>
   <trkpt lat="51.182383" lon="7.043437"><ele>200.5</ele></trkpt>
   <trkpt lat="51.182273" lon="7.043243"><ele>200</ele></trkpt>
   <trkpt lat="51.182171" lon="7.043044"><ele>199.75</ele></trkpt>
   <trkpt lat="51.182122" lon="7.042935"><ele>199.5</ele></trkpt>
   <trkpt lat="51.182041" lon="7.042707"><ele>199</ele></trkpt>
   <trkpt lat="51.182039" lon="7.042702"><ele>199</ele></trkpt>
   <trkpt lat="51.181949" lon="7.04248"><ele>197.75</ele></trkpt>
   <trkpt lat="51.181857" lon="7.042292"><ele>197.25</ele></trkpt>
   <trkpt lat="51.181872" lon="7.042255"><ele>197.25</ele></trkpt>
   <trkpt lat="51.181872" lon="7.042212"><ele>197</ele></trkpt>
   <trkpt lat="51.181866" lon="7.042188"><ele>197</ele></trkpt>
   <trkpt lat="51.181841" lon="7.042156"><ele>197</ele></trkpt>
   <trkpt lat="51.181808" lon="7.042153"><ele>197.25</ele></trkpt>
   <trkpt lat="51.181792" lon="7.042165"><ele>197.25</ele></trkpt>
   <trkpt lat="51.181773" lon="7.042209"><ele>197.5</ele></trkpt>
   <trkpt lat="51.181645" lon="7.042255"><ele>197.75</ele></trkpt>
   <trkpt lat="51.181455" lon="7.042324"><ele>197.5</ele></trkpt>
   <trkpt lat="51.181276" lon="7.042415"><ele>197.25</ele></trkpt>
   <trkpt lat="51.180706" lon="7.042658"><ele>195.25</ele></trkpt>
   <trkpt lat="51.180583" lon="7.04271"><ele>194.75</ele></trkpt>
   <trkpt lat="51.18055" lon="7.042725"><ele>194.75</ele></trkpt>
   <trkpt lat="51.180338" lon="7.042824"><ele>194</ele></trkpt>
   <trkpt lat="51.180286" lon="7.042849"><ele>194</ele></trkpt>
   <trkpt lat="51.180234" lon="7.042862"><ele>193.75</ele></trkpt>
   <trkpt lat="51.179888" lon="7.042948"><ele>192.5</ele></trkpt>
   <trkpt lat="51.179731" lon="7.042987"><ele>192</ele></trkpt>
   <trkpt lat="51.17938" lon="7.04307"><ele>192</ele></trkpt>
   <trkpt lat="51.179018" lon="7.043089"><ele>191.5</ele></trkpt>
   <trkpt lat="51.178275" lon="7.043153"><ele>188</ele></trkpt>
   <trkpt lat="51.177653" lon="7.043139"><ele>184</ele></trkpt>
   <trkpt lat="51.177609" lon="7.043137"><ele>183.75</ele></trkpt>
   <trkpt lat="51.177561" lon="7.043134"><ele>183.25</ele></trkpt>
   <trkpt lat="51.176967" lon="7.043111"><ele>176.5</ele></trkpt>
   <trkpt lat="51.176759" lon="7.043103"><ele>173.75</ele></trkpt>
   <trkpt lat="51.176525" lon="7.043094"><ele>170.25</ele></trkpt>
   <trkpt lat="51.17618" lon="7.043071"><ele>164.75</ele></trkpt>
   <trkpt lat="51.176079" lon="7.043048"><ele>163.5</ele></trkpt>
   <trkpt lat="51.175963" lon="7.043"><ele>162.25</ele></trkpt>
   <trkpt lat="51.175795" lon="7.042931"><ele>159.25</ele></trkpt>
   <trkpt lat="51.175745" lon="7.042896"><ele>158</ele></trkpt>
   <trkpt lat="51.175702" lon="7.042846"><ele>156.75</ele></trkpt>
   <trkpt lat="51.175665" lon="7.042775"><ele>156</ele></trkpt>
   <trkpt lat="51.175632" lon="7.042668"><ele>155.25</ele></trkpt>
   <trkpt lat="51.175566" lon="7.042368"><ele>154.25</ele></trkpt>
   <trkpt lat="51.175523" lon="7.042221"><ele>153.5</ele></trkpt>
   <trkpt lat="51.175385" lon="7.041874"><ele>152.5</ele></trkpt>
   <trkpt lat="51.175314" lon="7.041737"><ele>152</ele></trkpt>
   <trkpt lat="51.175284" lon="7.041627"><ele>152</ele></trkpt>
   <trkpt lat="51.175172" lon="7.040916"><ele>149.5</ele></trkpt>
   <trkpt lat="51.175103" lon="7.040652"><ele>147.75</ele></trkpt>
   <trkpt lat="51.175039" lon="7.040074"><ele>145.75</ele></trkpt>
   <trkpt lat="51.175027" lon="7.040009"><ele>145.5</ele></trkpt>
   <trkpt lat="51.174996" lon="7.039938"><ele>145</ele></trkpt>
   <trkpt lat="51.174925" lon="7.039893"><ele>145.5</ele></trkpt>
   <trkpt lat="51.174856" lon="7.039817"><ele>146</ele></trkpt>
   <trkpt lat="51.174834" lon="7.039777"><ele>146.25</ele></trkpt>
   <trkpt lat="51.17477" lon="7.039605"><ele>146.25</ele></trkpt>
   <trkpt lat="51.174752" lon="7.039503"><ele>146</ele></trkpt>
   <trkpt lat="51.174739" lon="7.039394"><ele>145.75</ele></trkpt>
   <trkpt lat="51.17474" lon="7.039226"><ele>145.75</ele></trkpt>
   <trkpt lat="51.174763" lon="7.03874"><ele>146.5</ele></trkpt>
   <trkpt lat="51.174781" lon="7.03862"><ele>146.25</ele></trkpt>
   <trkpt lat="51.174804" lon="7.038522"><ele>146</ele></trkpt>
   <trkpt lat="51.174833" lon="7.038434"><ele>145.75</ele></trkpt>
   <trkpt lat="51.174863" lon="7.038367"><ele>145.25</ele></trkpt>
   <trkpt lat="51.174889" lon="7.038327"><ele>145</ele></trkpt>
   <trkpt lat="51.174931" lon="7.038287"><ele>144.5</ele></trkpt>
   <trkpt lat="51.174998" lon="7.038268"><ele>143.75</ele></trkpt>
   <trkpt lat="51.175094" lon="7.038274"><ele>144.75</ele></trkpt>
   <trkpt lat="51.175123" lon="7.038271"><ele>145.25</ele></trkpt>
   <trkpt lat="51.175147" lon="7.038252"><ele>145.5</ele></trkpt>
   <trkpt lat="51.175162" lon="7.038217"><ele>145.25</ele></trkpt>
   <trkpt lat="51.175226" lon="7.037894"><ele>144</ele></trkpt>
   <trkpt lat="51.17533" lon="7.037423"><ele>144.5</ele></trkpt>
   <trkpt lat="51.175379" lon="7.037158"><ele>144.75</ele></trkpt>
   <trkpt lat="51.175418" lon="7.037053"><ele>145</ele></trkpt>
   <trkpt lat="51.175457" lon="7.036999"><ele>145.5</ele></trkpt>
   <trkpt lat="51.175498" lon="7.036964"><ele>146</ele></trkpt>
   <trkpt lat="51.175585" lon="7.03692"><ele>147</ele></trkpt>
   <trkpt lat="51.175619" lon="7.0369"><ele>147.5</ele></trkpt>
   <trkpt lat="51.175655" lon="7.036861"><ele>147.75</ele></trkpt>
   <trkpt lat="51.175691" lon="7.036781"><ele>148</ele></trkpt>
   <trkpt lat="51.175779" lon="7.036158"><ele>152</ele></trkpt>
   <trkpt lat="51.175795" lon="7.036034"><ele>151.5</ele></trkpt>
   <trkpt lat="51.175675" lon="7.035981"><ele>150.75</ele></trkpt>
   <trkpt lat="51.175533" lon="7.035864"><ele>151</ele></trkpt>
   <trkpt lat="51.175386" lon="7.035772"><ele>150.75</ele></trkpt>
   <trkpt lat="51.175262" lon="7.035668"><ele>150</ele></trkpt>
   <trkpt lat="51.175184" lon="7.035513"><ele>149</ele></trkpt>
   <trkpt lat="51.175117" lon="7.035322"><ele>147.75</ele></trkpt>
   <trkpt lat="51.175065" lon="7.035231"><ele>147.25</ele></trkpt>
   <trkpt lat="51.174916" lon="7.035079"><ele>146.5</ele></trkpt>
   <trkpt lat="51.174864" lon="7.035004"><ele>146</ele></trkpt>
   <trkpt lat="51.174845" lon="7.034938"><ele>145</ele></trkpt>
   <trkpt lat="51.174682" lon="7.034942"><ele>147.25</ele></trkpt>
   <trkpt lat="51.174423" lon="7.034843"><ele>150.25</ele></trkpt>
   <trkpt lat="51.174399" lon="7.034748"><ele>149</ele></trkpt>
   <trkpt lat="51.174346" lon="7.034655"><ele>148.5</ele></trkpt>
   <trkpt lat="51.174326" lon="7.034595"><ele>148</ele></trkpt>
   <trkpt lat="51.174264" lon="7.033444"><ele>144</ele></trkpt>
   <trkpt lat="51.174244" lon="7.033178"><ele>142</ele></trkpt>
   <trkpt lat="51.174231" lon="7.033078"><ele>141.25</ele></trkpt>
   <trkpt lat="51.174212" lon="7.033"><ele>141</ele></trkpt>
   <trkpt lat="51.173868" lon="7.031988"><ele>140.75</ele></trkpt>
   <trkpt lat="51.173593" lon="7.031268"><ele>139</ele></trkpt>
   <trkpt lat="51.173083" lon="7.030347"><ele>137.75</ele></trkpt>
   <trkpt lat="51.173064" lon="7.030314"><ele>137.5</ele></trkpt>
   <trkpt lat="51.172731" lon="7.02985"><ele>137</ele></trkpt>
   <trkpt lat="51.172691" lon="7.029778"><ele>137</ele></trkpt>
   <trkpt lat="51.172554" lon="7.029477"><ele>136.75</ele></trkpt>
   <trkpt lat="51.172497" lon="7.029291"><ele>136.25</ele></trkpt>
   <trkpt lat="51.172476" lon="7.029201"><ele>136.5</ele></trkpt>
   <trkpt lat="51.172464" lon="7.029108"><ele>136.5</ele></trkpt>
   <trkpt lat="51.172447" lon="7.028946"><ele>136.5</ele></trkpt>
   <trkpt lat="51.172437" lon="7.028618"><ele>135.75</ele></trkpt>
   <trkpt lat="51.172416" lon="7.028362"><ele>135.25</ele></trkpt>
   <trkpt lat="51.172377" lon="7.027979"><ele>134.5</ele></trkpt>
   <trkpt lat="51.172352" lon="7.027852"><ele>134.5</ele></trkpt>
   <trkpt lat="51.172068" lon="7.026764"><ele>132</ele></trkpt>
   <trkpt lat="51.172004" lon="7.026564"><ele>131.75</ele></trkpt>
   <trkpt lat="51.171939" lon="7.026433"><ele>131.5</ele></trkpt>
   <trkpt lat="51.171896" lon="7.026372"><ele>132</ele></trkpt>
   <trkpt lat="51.171701" lon="7.026135"><ele>133.5</ele></trkpt>
   <trkpt lat="51.1714" lon="7.025803"><ele>133.75</ele></trkpt>
   <trkpt lat="51.171317" lon="7.025694"><ele>132.75</ele></trkpt>
   <trkpt lat="51.17125" lon="7.025596"><ele>132.5</ele></trkpt>
   <trkpt lat="51.170995" lon="7.025135"><ele>130.5</ele></trkpt>
   <trkpt lat="51.170768" lon="7.024799"><ele>128.75</ele></trkpt>
   <trkpt lat="51.170522" lon="7.024535"><ele>128.25</ele></trkpt>
   <trkpt lat="51.170438" lon="7.024417"><ele>128.5</ele></trkpt>
   <trkpt lat="51.170396" lon="7.024322"><ele>128.25</ele></trkpt>
   <trkpt lat="51.170285" lon="7.02399"><ele>128</ele></trkpt>
   <trkpt lat="51.170253" lon="7.023949"><ele>128.25</ele></trkpt>
   <trkpt lat="51.17013" lon="7.023855"><ele>127.5</ele></trkpt>
   <trkpt lat="51.17" lon="7.023771"><ele>125</ele></trkpt>
   <trkpt lat="51.169912" lon="7.023729"><ele>124.5</ele></trkpt>
   <trkpt lat="51.16923" lon="7.023438"><ele>123.5</ele></trkpt>
   <trkpt lat="51.169068" lon="7.023362"><ele>123.5</ele></trkpt>
   <trkpt lat="51.168963" lon="7.023289"><ele>123.75</ele></trkpt>
   <trkpt lat="51.168814" lon="7.023139"><ele>122.75</ele></trkpt>
   <trkpt lat="51.168402" lon="7.022652"><ele>123</ele></trkpt>
   <trkpt lat="51.168192" lon="7.022285"><ele>120</ele></trkpt>
   <trkpt lat="51.168134" lon="7.022209"><ele>119.5</ele></trkpt>
   <trkpt lat="51.168034" lon="7.022116"><ele>119.5</ele></trkpt>
   <trkpt lat="51.167976" lon="7.022061"><ele>119.25</ele></trkpt>
   <trkpt lat="51.167689" lon="7.021682"><ele>120.5</ele></trkpt>
   <trkpt lat="51.16759" lon="7.021465"><ele>119.75</ele></trkpt>
   <trkpt lat="51.167558" lon="7.021358"><ele>118.75</ele></trkpt>
   <trkpt lat="51.16741" lon="7.020966"><ele>118.5</ele></trkpt>
   <trkpt lat="51.167342" lon="7.020734"><ele>119</ele></trkpt>
   <trkpt lat="51.16731" lon="7.020571"><ele>118.25</ele></trkpt>
   <trkpt lat="51.167276" lon="7.020316"><ele>118</ele></trkpt>
   <trkpt lat="51.16727" lon="7.020099"><ele>117.25</ele></trkpt>
   <trkpt lat="51.167102" lon="7.019145"><ele>118.5</ele></trkpt>
   <trkpt lat="51.167097" lon="7.019014"><ele>117.5</ele></trkpt>
   <trkpt lat="51.167086" lon="7.018665"><ele>116</ele></trkpt>
   <trkpt lat="51.167093" lon="7.018493"><ele>115.25</ele></trkpt>
   <trkpt lat="51.167117" lon="7.018338"><ele>114.5</ele></trkpt>
   <trkpt lat="51.166926" lon="7.018001"><ele>114.75</ele></trkpt>
   <trkpt lat="51.166895" lon="7.017942"><ele>114.75</ele></trkpt>
   <trkpt lat="51.166344" lon="7.016805"><ele>113.75</ele></trkpt>
   <trkpt lat="51.166268" lon="7.016645"><ele>113.25</ele></trkpt>
   <trkpt lat="51.166239" lon="7.016566"><ele>113.5</ele></trkpt>
   <trkpt lat="51.166128" lon="7.01614"><ele>112.75</ele></trkpt>
   <trkpt lat="51.166092" lon="7.015856"><ele>111.5</ele></trkpt>
   <trkpt lat="51.166063" lon="7.015717"><ele>111</ele></trkpt>
   <trkpt lat="51.166013" lon="7.015558"><ele>111</ele></trkpt>
   <trkpt lat="51.165977" lon="7.015441"><ele>111.25</ele></trkpt>
   <trkpt lat="51.165879" lon="7.015182"><ele>111.75</ele></trkpt>
   <trkpt lat="51.16582" lon="7.014966"><ele>112</ele></trkpt>
   <trkpt lat="51.165774" lon="7.01476"><ele>111.5</ele></trkpt>
   <trkpt lat="51.165762" lon="7.014605"><ele>111.75</ele></trkpt>
   <trkpt lat="51.165763" lon="7.014509"><ele>111.75</ele></trkpt>
   <trkpt lat="51.165778" lon="7.014442"><ele>111</ele></trkpt>
   <trkpt lat="51.165817" lon="7.014345"><ele>109.5</ele></trkpt>
   <trkpt lat="51.165829" lon="7.014305"><ele>109</ele></trkpt>
   <trkpt lat="51.165833" lon="7.014139"><ele>108.75</ele></trkpt>
   <trkpt lat="51.165805" lon="7.013861"><ele>108.75</ele></trkpt>
   <trkpt lat="51.16576" lon="7.013035"><ele>109</ele></trkpt>
   <trkpt lat="51.16576" lon="7.012913"><ele>109</ele></trkpt>
   <trkpt lat="51.165772" lon="7.012759"><ele>108.5</ele></trkpt>
   <trkpt lat="51.165817" lon="7.012443"><ele>106.25</ele></trkpt>
   <trkpt lat="51.165692" lon="7.012238"><ele>108</ele></trkpt>
   <trkpt lat="51.165643" lon="7.012125"><ele>108.25</ele></trkpt>
   <trkpt lat="51.165595" lon="7.011988"><ele>108.25</ele></trkpt>
   <trkpt lat="51.165443" lon="7.011561"><ele>110</ele></trkpt>
   <trkpt lat="51.165373" lon="7.01142"><ele>110.5</ele></trkpt>
   <trkpt lat="51.165297" lon="7.01129"><ele>112</ele></trkpt>
   <trkpt lat="51.165177" lon="7.011154"><ele>113.5</ele></trkpt>
   <trkpt lat="51.165098" lon="7.011084"><ele>114.25</ele></trkpt>
   <trkpt lat="51.164805" lon="7.010879"><ele>115.75</ele></trkpt>
   <trkpt lat="51.164216" lon="7.010448"><ele>117.5</ele></trkpt>
   <trkpt lat="51.16389" lon="7.0102"><ele>118.75</ele></trkpt>
   <trkpt lat="51.163616" lon="7.009996"><ele>119.75</ele></trkpt>
   <trkpt lat="51.163451" lon="7.009874"><ele>120.25</ele></trkpt>
   <trkpt lat="51.163324" lon="7.00978"><ele>121</ele></trkpt>
   <trkpt lat="51.163168" lon="7.00964"><ele>121.75</ele></trkpt>
   <trkpt lat="51.163017" lon="7.009514"><ele>122.25</ele></trkpt>
   <trkpt lat="51.162787" lon="7.009628"><ele>123.5</ele></trkpt>
   <trkpt lat="51.162604" lon="7.008536"><ele>121.25</ele></trkpt>
   <trkpt lat="51.162527" lon="7.008077"><ele>120.75</ele></trkpt>
   <trkpt lat="51.162437" lon="7.007525"><ele>120</ele></trkpt>
   <trkpt lat="51.162387" lon="7.007224"><ele>119.25</ele></trkpt>
   <trkpt lat="51.162371" lon="7.007124"><ele>119</ele></trkpt>
   <trkpt lat="51.162293" lon="7.006619"><ele>118.5</ele></trkpt>
   <trkpt lat="51.162206" lon="7.006019"><ele>117.5</ele></trkpt>
   <trkpt lat="51.16219" lon="7.005887"><ele>117.25</ele></trkpt>
   <trkpt lat="51.161613" lon="7.005834"><ele>119</ele></trkpt>
   <trkpt lat="51.161264" lon="7.005802"><ele>119.5</ele></trkpt>
   <trkpt lat="51.16113" lon="7.005788"><ele>119.75</ele></trkpt>
   <trkpt lat="51.160869" lon="7.005766"><ele>119.75</ele></trkpt>
   <trkpt lat="51.160819" lon="7.00577"><ele>119.75</ele></trkpt>
   <trkpt lat="51.160804" lon="7.005643"><ele>119.25</ele></trkpt>
   <trkpt lat="51.160749" lon="7.005277"><ele>118.75</ele></trkpt>
   <trkpt lat="51.160693" lon="7.004931"><ele>117.75</ele></trkpt>
   <trkpt lat="51.160498" lon="7.005094"><ele>118.5</ele></trkpt>
   <trkpt lat="51.160369" lon="7.005208"><ele>119.5</ele></trkpt>
   <trkpt lat="51.160301" lon="7.005265"><ele>119.75</ele></trkpt>
   <trkpt lat="51.160185" lon="7.004964"><ele>119.75</ele></trkpt>
   <trkpt lat="51.160133" lon="7.004826"><ele>119.25</ele></trkpt>
   <trkpt lat="51.160101" lon="7.004769"><ele>119</ele></trkpt>
   <trkpt lat="51.160025" lon="7.004691"><ele>118.5</ele></trkpt>
   <trkpt lat="51.159977" lon="7.004664"><ele>118.25</ele></trkpt>
   <trkpt lat="51.159929" lon="7.004649"><ele>118.25</ele></trkpt>
   <trkpt lat="51.159772" lon="7.004642"><ele>118.75</ele></trkpt>
   <trkpt lat="51.159453" lon="7.004677"><ele>120.25</ele></trkpt>
   <trkpt lat="51.159086" lon="7.004782"><ele>121</ele></trkpt>
   <trkpt lat="51.158774" lon="7.004887"><ele>121.25</ele></trkpt>
   <trkpt lat="51.158689" lon="7.004934"><ele>121.75</ele></trkpt>
   <trkpt lat="51.158665" lon="7.004858"><ele>121.5</ele></trkpt>
   <trkpt lat="51.158606" lon="7.004597"><ele>121.5</ele></trkpt>
   <trkpt lat="51.158591" lon="7.004508"><ele>121.5</ele></trkpt>
   <trkpt lat="51.158565" lon="7.004524"><ele>121.5</ele></trkpt>
   <trkpt lat="51.158502" lon="7.004136"><ele>121.25</ele></trkpt>
   <trkpt lat="51.158462" lon="7.003873"><ele>121</ele></trkpt>
   <trkpt lat="51.158457" lon="7.00379"><ele>121</ele></trkpt>
   <trkpt lat="51.158465" lon="7.003717"><ele>121</ele></trkpt>
   <trkpt lat="51.158474" lon="7.003689"><ele>121</ele></trkpt>
   <trkpt lat="51.158517" lon="7.003608"><ele>121</ele></trkpt>
   <trkpt lat="51.158471" lon="7.003543"><ele>121</ele></trkpt>
   <trkpt lat="51.158473" lon="7.003456"><ele>121</ele></trkpt>
   <trkpt lat="51.158472" lon="7.003391"><ele>121</ele></trkpt>
   <trkpt lat="51.158459" lon="7.00334"><ele>121.25</ele></trkpt>
   <trkpt lat="51.158421" lon="7.003315"><ele>121.5</ele></trkpt>
   <trkpt lat="51.158369" lon="7.003279"><ele>121.5</ele></trkpt>
   <trkpt lat="51.158341" lon="7.003318"><ele>121.75</ele></trkpt>
   <trkpt lat="51.158322" lon="7.003347"><ele>121.75</ele></trkpt>
   <trkpt lat="51.15827" lon="7.003394"><ele>121</ele></trkpt>
   <trkpt lat="51.158234" lon="7.003424"><ele>120.75</ele></trkpt>
   <trkpt lat="51.158173" lon="7.003458"><ele>120</ele></trkpt>
   <trkpt lat="51.157806" lon="7.003478"><ele>118</ele></trkpt>
   <trkpt lat="51.157413" lon="7.003487"><ele>115.5</ele></trkpt>
   <trkpt lat="51.157037" lon="7.003477"><ele>113.75</ele></trkpt>
   <trkpt lat="51.156885" lon="7.003446"><ele>113</ele></trkpt>
   <trkpt lat="51.156825" lon="7.003439"><ele>112.5</ele></trkpt>
   <trkpt lat="51.156484" lon="7.003363"><ele>109</ele></trkpt>
   <trkpt lat="51.156005" lon="7.003282"><ele>106.25</ele></trkpt>
   <trkpt lat="51.155227" lon="7.003188"><ele>105.75</ele></trkpt>
   <trkpt lat="51.155057" lon="7.00318"><ele>105.75</ele></trkpt>
   <trkpt lat="51.154639" lon="7.003163"><ele>107.25</ele></trkpt>
   <trkpt lat="51.154585" lon="7.003161"><ele>107.5</ele></trkpt>
   <trkpt lat="51.154578" lon="7.00304"><ele>106</ele></trkpt>
   <trkpt lat="51.154439" lon="7.001947"><ele>106</ele></trkpt>
   <trkpt lat="51.154389" lon="7.001476"><ele>105.75</ele></trkpt>
   <trkpt lat="51.15436" lon="7.001055"><ele>105.5</ele></trkpt>
   <trkpt lat="51.154334" lon="7.00016"><ele>105.5</ele></trkpt>
   <trkpt lat="51.154312" lon="6.999361"><ele>105.25</ele></trkpt>
   <trkpt lat="51.154295" lon="6.99897"><ele>104.5</ele></trkpt>
   <trkpt lat="51.15428" lon="6.998944"><ele>104.5</ele></trkpt>
   <trkpt lat="51.154228" lon="6.998912"><ele>104.75</ele></trkpt>
   <trkpt lat="51.15422" lon="6.998788"><ele>104.5</ele></trkpt>
   <trkpt lat="51.154201" lon="6.998391"><ele>104</ele></trkpt>
   <trkpt lat="51.154221" lon="6.998247"><ele>103.25</ele></trkpt>
   <trkpt lat="51.154224" lon="6.998132"><ele>103</ele></trkpt>
   <trkpt lat="51.154164" lon="6.99778"><ele>102</ele></trkpt>
   <trkpt lat="51.154149" lon="6.997305"><ele>100.25</ele></trkpt>
   <trkpt lat="51.154156" lon="6.997178"><ele>99.75</ele></trkpt>
   <trkpt lat="51.154189" lon="6.996722"><ele>97.25</ele></trkpt>
   <trkpt lat="51.154195" lon="6.996674"><ele>97</ele></trkpt>
   <trkpt lat="51.154231" lon="6.996532"><ele>96.25</ele></trkpt>
   <trkpt lat="51.154241" lon="6.99642"><ele>95.75</ele></trkpt>
   <trkpt lat="51.154214" lon="6.996182"><ele>94.25</ele></trkpt>
   <trkpt lat="51.154121" lon="6.996059"><ele>93.75</ele></trkpt>
   <trkpt lat="51.153375" lon="6.995415"><ele>89.5</ele></trkpt>
   <trkpt lat="51.153269" lon="6.995315"><ele>89.25</ele></trkpt>
   <trkpt lat="51.152476" lon="6.994509"><ele>84.75</ele></trkpt>
   <trkpt lat="51.152048" lon="6.994094"><ele>84</ele></trkpt>
   <trkpt lat="51.151646" lon="6.993663"><ele>84.25</ele></trkpt>
   <trkpt lat="51.15156" lon="6.993609"><ele>84.25</ele></trkpt>
   <trkpt lat="51.151127" lon="6.993856"><ele>86.75</ele></trkpt>
   <trkpt lat="51.150826" lon="6.993863"><ele>86.75</ele></trkpt>
   <trkpt lat="51.150342" lon="6.993802"><ele>87.25</ele></trkpt>
   <trkpt lat="51.150237" lon="6.993701"><ele>86.5</ele></trkpt>
   <trkpt lat="51.150182" lon="6.99359"><ele>85.5</ele></trkpt>
   <trkpt lat="51.149971" lon="6.993031"><ele>84.75</ele></trkpt>
   <trkpt lat="51.149899" lon="6.992864"><ele>84.25</ele></trkpt>
   <trkpt lat="51.149504" lon="6.991801"><ele>80.5</ele></trkpt>
   <trkpt lat="51.1492" lon="6.992075"><ele>80.75</ele></trkpt>
   <trkpt lat="51.148814" lon="6.992423"><ele>82</ele></trkpt>
   <trkpt lat="51.148075" lon="6.992985"><ele>85.75</ele></trkpt>
   <trkpt lat="51.147897" lon="6.993079"><ele>86</ele></trkpt>
   <trkpt lat="51.147383" lon="6.993326"><ele>87</ele></trkpt>
   <trkpt lat="51.147022" lon="6.993488"><ele>87.75</ele></trkpt>
   <trkpt lat="51.1445" lon="6.99463"><ele>88.75</ele></trkpt>
   <trkpt lat="51.144019" lon="6.994831"><ele>89.5</ele></trkpt>
   <trkpt lat="51.143727" lon="6.994957"><ele>90.25</ele></trkpt>
   <trkpt lat="51.143683" lon="6.994976"><ele>90.5</ele></trkpt>
   <trkpt lat="51.143434" lon="6.995089"><ele>91.25</ele></trkpt>
   <trkpt lat="51.14329" lon="6.995154"><ele>91.5</ele></trkpt>
   <trkpt lat="51.143047" lon="6.995329"><ele>93</ele></trkpt>
   <trkpt lat="51.14292" lon="6.995373"><ele>93.5</ele></trkpt>
   <trkpt lat="51.142784" lon="6.995401"><ele>93.75</ele></trkpt>
   <trkpt lat="51.142739" lon="6.995418"><ele>94</ele></trkpt>
   <trkpt lat="51.14217" lon="6.995666"><ele>96.25</ele></trkpt>
   <trkpt lat="51.141842" lon="6.995807"><ele>96.75</ele></trkpt>
   <trkpt lat="51.141441" lon="6.995971"><ele>97.25</ele></trkpt>
   <trkpt lat="51.141201" lon="6.996063"><ele>97.5</ele></trkpt>
   <trkpt lat="51.140859" lon="6.996242"><ele>97.75</ele></trkpt>
   <trkpt lat="51.140437" lon="6.996414"><ele>99</ele></trkpt>
   <trkpt lat="51.140385" lon="6.996433"><ele>99.25</ele></trkpt>
   <trkpt lat="51.140063" lon="6.996551"><ele>100.25</ele></trkpt>
   <trkpt lat="51.139962" lon="6.996575"><ele>100</ele></trkpt>
   <trkpt lat="51.139723" lon="6.996653"><ele>99.75</ele></trkpt>
   <trkpt lat="51.13945" lon="6.996752"><ele>99.25</ele></trkpt>
   <trkpt lat="51.139341" lon="6.996781"><ele>99.25</ele></trkpt>
   <trkpt lat="51.138683" lon="6.997001"><ele>97.25</ele></trkpt>
   <trkpt lat="51.138478" lon="6.997051"><ele>96.5</ele></trkpt>
   <trkpt lat="51.138344" lon="6.997133"><ele>96</ele></trkpt>
   <trkpt lat="51.138081" lon="6.99722"><ele>95</ele></trkpt>
   <trkpt lat="51.137919" lon="6.997268"><ele>94.5</ele></trkpt>
   <trkpt lat="51.137869" lon="6.997259"><ele>94.25</ele></trkpt>
   <trkpt lat="51.137788" lon="6.997244"><ele>94</ele></trkpt>
   <trkpt lat="51.137743" lon="6.997249"><ele>93.5</ele></trkpt>
   <trkpt lat="51.137444" lon="6.997341"><ele>91.75</ele></trkpt>
   <trkpt lat="51.137228" lon="6.997408"><ele>91</ele></trkpt>
   <trkpt lat="51.136942" lon="6.997496"><ele>89</ele></trkpt>
   <trkpt lat="51.136521" lon="6.997641"><ele>88</ele></trkpt>
   <trkpt lat="51.136151" lon="6.997744"><ele>87.75</ele></trkpt>
   <trkpt lat="51.135917" lon="6.997826"><ele>88.5</ele></trkpt>
   <trkpt lat="51.135299" lon="6.998019"><ele>90.75</ele></trkpt>
   <trkpt lat="51.135138" lon="6.998066"><ele>91.5</ele></trkpt>
   <trkpt lat="51.134679" lon="6.998196"><ele>93</ele></trkpt>
   <trkpt lat="51.134576" lon="6.998224"><ele>93.5</ele></trkpt>
   <trkpt lat="51.134433" lon="6.998279"><ele>94</ele></trkpt>
   <trkpt lat="51.134102" lon="6.998356"><ele>94.25</ele></trkpt>
   <trkpt lat="51.133926" lon="6.99838"><ele>94.5</ele></trkpt>
   <trkpt lat="51.133719" lon="6.998375"><ele>94.5</ele></trkpt>
   <trkpt lat="51.133113" lon="6.998205"><ele>93.5</ele></trkpt>
   <trkpt lat="51.132508" lon="6.998079"><ele>90</ele></trkpt>
   <trkpt lat="51.132512" lon="6.998049"><ele>89.75</ele></trkpt>
   <trkpt lat="51.132522" lon="6.997964"><ele>89.5</ele></trkpt>
   <trkpt lat="51.132532" lon="6.997879"><ele>89.25</ele></trkpt>
   <trkpt lat="51.132198" lon="6.997718"><ele>88.75</ele></trkpt>
   <trkpt lat="51.132058" lon="6.997603"><ele>88.25</ele></trkpt>
   <trkpt lat="51.132008" lon="6.997566"><ele>88</ele></trkpt>
   <trkpt lat="51.131816" lon="6.99734"><ele>87</ele></trkpt>
   <trkpt lat="51.131663" lon="6.997112"><ele>86.75</ele></trkpt>
   <trkpt lat="51.131619" lon="6.997043"><ele>86.75</ele></trkpt>
   <trkpt lat="51.131497" lon="6.996892"><ele>86.25</ele></trkpt>
   <trkpt lat="51.131417" lon="6.996839"><ele>86</ele></trkpt>
   <trkpt lat="51.130762" lon="6.995993"><ele>84.5</ele></trkpt>
   <trkpt lat="51.13051" lon="6.995696"><ele>83.75</ele></trkpt>
   <trkpt lat="51.130403" lon="6.995553"><ele>84</ele></trkpt>
   <trkpt lat="51.130294" lon="6.995486"><ele>84</ele></trkpt>
   <trkpt lat="51.12867" lon="6.994543"><ele>83.25</ele></trkpt>
   <trkpt lat="51.128268" lon="6.9943"><ele>83.5</ele></trkpt>
   <trkpt lat="51.127892" lon="6.994089"><ele>84</ele></trkpt>
   <trkpt lat="51.12764" lon="6.993954"><ele>84</ele></trkpt>
   <trkpt lat="51.127527" lon="6.993937"><ele>84</ele></trkpt>
   <trkpt lat="51.127254" lon="6.993856"><ele>84</ele></trkpt>
   <trkpt lat="51.126587" lon="6.993634"><ele>85</ele></trkpt>
   <trkpt lat="51.126177" lon="6.993491"><ele>85.25</ele></trkpt>
   <trkpt lat="51.126011" lon="6.993424"><ele>85.5</ele></trkpt>
   <trkpt lat="51.125468" lon="6.993077"><ele>86.25</ele></trkpt>
   <trkpt lat="51.125334" lon="6.992936"><ele>86.25</ele></trkpt>
   <trkpt lat="51.125182" lon="6.992724"><ele>86</ele></trkpt>
   <trkpt lat="51.125144" lon="6.992807"><ele>86.5</ele></trkpt>
   <trkpt lat="51.125104" lon="6.992889"><ele>86.75</ele></trkpt>
   <trkpt lat="51.125047" lon="6.993007"><ele>86.75</ele></trkpt>
   <trkpt lat="51.124868" lon="6.993407"><ele>88.5</ele></trkpt>
   <trkpt lat="51.12483" lon="6.993498"><ele>89.5</ele></trkpt>
   <trkpt lat="51.12482" lon="6.993566"><ele>90</ele></trkpt>
   <trkpt lat="51.124829" lon="6.993707"><ele>90.25</ele></trkpt>
   <trkpt lat="51.124969" lon="6.994493"><ele>90.25</ele></trkpt>
   <trkpt lat="51.124975" lon="6.994584"><ele>89.75</ele></trkpt>
   <trkpt lat="51.124961" lon="6.99464"><ele>89.75</ele></trkpt>
   <trkpt lat="51.124922" lon="6.994712"><ele>89.75</ele></trkpt>
   <trkpt lat="51.124923" lon="6.994784"><ele>89.25</ele></trkpt>
   <trkpt lat="51.124927" lon="6.995217"><ele>87.25</ele></trkpt>
   <trkpt lat="51.124938" lon="6.99625"><ele>88.5</ele></trkpt>
   <trkpt lat="51.123538" lon="6.996378"><ele>87.25</ele></trkpt>
   <trkpt lat="51.123263" lon="6.996391"><ele>85.75</ele></trkpt>
   <trkpt lat="51.123174" lon="6.996413"><ele>85.5</ele></trkpt>
   <trkpt lat="51.123118" lon="6.996308"><ele>85.25</ele></trkpt>
   <trkpt lat="51.123043" lon="6.996224"><ele>85.5</ele></trkpt>
   <trkpt lat="51.122619" lon="6.99585"><ele>86.25</ele></trkpt>
   <trkpt lat="51.122355" lon="6.995417"><ele>87.5</ele></trkpt>
   <trkpt lat="51.121275" lon="6.993621"><ele>87.75</ele></trkpt>
   <trkpt lat="51.120957" lon="6.993098"><ele>88.75</ele></trkpt>
   <trkpt lat="51.120441" lon="6.992274"><ele>87.25</ele></trkpt>
   <trkpt lat="51.120325" lon="6.99211"><ele>85.75</ele></trkpt>
   <trkpt lat="51.120003" lon="6.991611"><ele>83.75</ele></trkpt>
   <trkpt lat="51.118784" lon="6.989491"><ele>86.5</ele></trkpt>
   <trkpt lat="51.118208" lon="6.988463"><ele>85.5</ele></trkpt>
   <trkpt lat="51.117133" lon="6.988735"><ele>88.75</ele></trkpt>
   <trkpt lat="51.116611" lon="6.98889"><ele>87.5</ele></trkpt>
   <trkpt lat="51.11654" lon="6.988935"><ele>87.25</ele></trkpt>
   <trkpt lat="51.116468" lon="6.989018"><ele>87</ele></trkpt>
   <trkpt lat="51.116374" lon="6.989198"><ele>86.75</ele></trkpt>
   <trkpt lat="51.115951" lon="6.990117"><ele>84.5</ele></trkpt>
   <trkpt lat="51.115713" lon="6.990613"><ele>83.5</ele></trkpt>
   <trkpt lat="51.115619" lon="6.99081"><ele>83.5</ele></trkpt>
   <trkpt lat="51.115542" lon="6.990891"><ele>83.25</ele></trkpt>
   <trkpt lat="51.115452" lon="6.990932"><ele>82.75</ele></trkpt>
   <trkpt lat="51.115152" lon="6.990936"><ele>82</ele></trkpt>
   <trkpt lat="51.115061" lon="6.990934"><ele>82</ele></trkpt>
   <trkpt lat="51.114968" lon="6.990918"><ele>82.25</ele></trkpt>
   <trkpt lat="51.114147" lon="6.99095"><ele>82.5</ele></trkpt>
   <trkpt lat="51.112454" lon="6.990949"><ele>77.25</ele></trkpt>
   <trkpt lat="51.111097" lon="6.990956"><ele>76.25</ele></trkpt>
   <trkpt lat="51.11077" lon="6.990929"><ele>77.5</ele></trkpt>
   <trkpt lat="51.110654" lon="6.990882"><ele>77.75</ele></trkpt>
   <trkpt lat="51.109325" lon="6.989842"><ele>76</ele></trkpt>
   <trkpt lat="51.108171" lon="6.988914"><ele>74.5</ele></trkpt>
   <trkpt lat="51.107961" lon="6.988742"><ele>74.75</ele></trkpt>
   <trkpt lat="51.107441" lon="6.988329"><ele>75</ele></trkpt>
   <trkpt lat="51.107252" lon="6.988307"><ele>75.25</ele></trkpt>
   <trkpt lat="51.10636" lon="6.988365"><ele>76</ele></trkpt>
   <trkpt lat="51.106114" lon="6.988393"><ele>75.5</ele></trkpt>
   <trkpt lat="51.106088" lon="6.988362"><ele>75.25</ele></trkpt>
   <trkpt lat="51.105869" lon="6.988366"><ele>75</ele></trkpt>
   <trkpt lat="51.105396" lon="6.988384"><ele>74.25</ele></trkpt>
   <trkpt lat="51.105244" lon="6.988294"><ele>74.5</ele></trkpt>
   <trkpt lat="51.104731" lon="6.988346"><ele>76.5</ele></trkpt>
   <trkpt lat="51.104412" lon="6.98847"><ele>75</ele></trkpt>
   <trkpt lat="51.104119" lon="6.988554"><ele>75.5</ele></trkpt>
   <trkpt lat="51.10383" lon="6.988614"><ele>75.75</ele></trkpt>
   <trkpt lat="51.103208" lon="6.988649"><ele>74.25</ele></trkpt>
   <trkpt lat="51.103122" lon="6.988687"><ele>73.75</ele></trkpt>
   <trkpt lat="51.103065" lon="6.988738"><ele>73.5</ele></trkpt>
   <trkpt lat="51.103032" lon="6.988789"><ele>73</ele></trkpt>
   <trkpt lat="51.102992" lon="6.988752"><ele>73.5</ele></trkpt>
   <trkpt lat="51.102926" lon="6.98869"><ele>74</ele></trkpt>
   <trkpt lat="51.102854" lon="6.988685"><ele>74</ele></trkpt>
   <trkpt lat="51.102784" lon="6.988711"><ele>74.25</ele></trkpt>
   <trkpt lat="51.102687" lon="6.98872"><ele>74</ele></trkpt>
   <trkpt lat="51.10262" lon="6.988697"><ele>73.75</ele></trkpt>
   <trkpt lat="51.102433" lon="6.988656"><ele>73.5</ele></trkpt>
   <trkpt lat="51.102129" lon="6.988628"><ele>72</ele></trkpt>
   <trkpt lat="51.10181" lon="6.988641"><ele>70.25</ele></trkpt>
   <trkpt lat="51.101726" lon="6.988644"><ele>70</ele></trkpt>
   <trkpt lat="51.100105" lon="6.988706"><ele>68.75</ele></trkpt>
   <trkpt lat="51.09411" lon="6.988916"><ele>68.75</ele></trkpt>
   <trkpt lat="51.09388" lon="6.98894"><ele>70.25</ele></trkpt>
   <trkpt lat="51.09376" lon="6.988987"><ele>71</ele></trkpt>
   <trkpt lat="51.093614" lon="6.989007"><ele>71</ele></trkpt>
   <trkpt lat="51.093202" lon="6.989028"><ele>70.5</ele></trkpt>
   <trkpt lat="51.093148" lon="6.989044"><ele>70.25</ele></trkpt>
   <trkpt lat="51.093115" lon="6.989064"><ele>70.25</ele></trkpt>
   <trkpt lat="51.093084" lon="6.989097"><ele>70</ele></trkpt>
   <trkpt lat="51.093058" lon="6.989059"><ele>70</ele></trkpt>
   <trkpt lat="51.093024" lon="6.989021"><ele>70</ele></trkpt>
   <trkpt lat="51.092965" lon="6.989015"><ele>70</ele></trkpt>
   <trkpt lat="51.092871" lon="6.989003"><ele>70.25</ele></trkpt>
   <trkpt lat="51.092843" lon="6.989038"><ele>70.25</ele></trkpt>
   <trkpt lat="51.092809" lon="6.9891"><ele>70.5</ele></trkpt>
   <trkpt lat="51.092736" lon="6.989069"><ele>70.75</ele></trkpt>
   <trkpt lat="51.09261" lon="6.989048"><ele>71</ele></trkpt>
   <trkpt lat="51.091757" lon="6.989039"><ele>72.5</ele></trkpt>
   <trkpt lat="51.091625" lon="6.989003"><ele>71.25</ele></trkpt>
   <trkpt lat="51.091498" lon="6.989021"><ele>69</ele></trkpt>
   <trkpt lat="51.091144" lon="6.989031"><ele>67.75</ele></trkpt>
   <trkpt lat="51.089199" lon="6.989106"><ele>69.5</ele></trkpt>
   <trkpt lat="51.08847" lon="6.989122"><ele>70.25</ele></trkpt>
   <trkpt lat="51.088008" lon="6.989157"><ele>71</ele></trkpt>
   <trkpt lat="51.087725" lon="6.989222"><ele>71</ele></trkpt>
   <trkpt lat="51.087391" lon="6.989344"><ele>71.25</ele></trkpt>
   <trkpt lat="51.087247" lon="6.98942"><ele>72.75</ele></trkpt>
   <trkpt lat="51.0869" lon="6.989619"><ele>74.5</ele></trkpt>
   <trkpt lat="51.086108" lon="6.99012"><ele>76.75</ele></trkpt>
   <trkpt lat="51.086076" lon="6.990181"><ele>77.25</ele></trkpt>
   <trkpt lat="51.086061" lon="6.990295"><ele>78</ele></trkpt>
   <trkpt lat="51.086025" lon="6.990491"><ele>78</ele></trkpt>
   <trkpt lat="51.086221" lon="6.993176"><ele>76.75</ele></trkpt>
   <trkpt lat="51.086258" lon="6.994114"><ele>75</ele></trkpt>
   <trkpt lat="51.086136" lon="6.994122"><ele>75</ele></trkpt>
   <trkpt lat="51.085424" lon="6.994044"><ele>73.75</ele></trkpt>
   <trkpt lat="51.085245" lon="6.993946"><ele>73.5</ele></trkpt>
   <trkpt lat="51.080531" lon="6.990918"><ele>72.75</ele></trkpt>
   <trkpt lat="51.08042" lon="6.990857"><ele>72.75</ele></trkpt>
   <trkpt lat="51.078138" lon="6.990189"><ele>66.75</ele></trkpt>
   <trkpt lat="51.077904" lon="6.99012"><ele>66</ele></trkpt>
   <trkpt lat="51.077715" lon="6.990849"><ele>66.75</ele></trkpt>
   <trkpt lat="51.07754" lon="6.991562"><ele>66</ele></trkpt>
   <trkpt lat="51.077037" lon="6.991227"><ele>66</ele></trkpt>
   <trkpt lat="51.076929" lon="6.991135"><ele>66</ele></trkpt>
   <trkpt lat="51.076611" lon="6.991828"><ele>65.75</ele></trkpt>
   <trkpt lat="51.076188" lon="6.991575"><ele>65</ele></trkpt>
   <trkpt lat="51.076092" lon="6.991534"><ele>65</ele></trkpt>
   <trkpt lat="51.075907" lon="6.991455"><ele>65</ele></trkpt>
   <trkpt lat="51.075657" lon="6.991206"><ele>64.25</ele></trkpt>
   <trkpt lat="51.075171" lon="6.990678"><ele>63</ele></trkpt>
   <trkpt lat="51.074742" lon="6.990095"><ele>62</ele></trkpt>
   <trkpt lat="51.074332" lon="6.989347"><ele>61</ele></trkpt>
   <trkpt lat="51.074297" lon="6.989198"><ele>61.25</ele></trkpt>
   <trkpt lat="51.074333" lon="6.988962"><ele>62.5</ele></trkpt>
   <trkpt lat="51.07423" lon="6.988943"><ele>62.5</ele></trkpt>
   <trkpt lat="51.074225" lon="6.988862"><ele>63</ele></trkpt>
   <trkpt lat="51.073065" lon="6.988852"><ele>60</ele></trkpt>
   <trkpt lat="51.072473" lon="6.988814"><ele>58.25</ele></trkpt>
   <trkpt lat="51.071916" lon="6.988823"><ele>57.25</ele></trkpt>
   <trkpt lat="51.071539" lon="6.988895"><ele>56.75</ele></trkpt>
   <trkpt lat="51.071245" lon="6.988973"><ele>54.75</ele></trkpt>
   <trkpt lat="51.070599" lon="6.989181"><ele>55.25</ele></trkpt>
   <trkpt lat="51.070272" lon="6.989333"><ele>53</ele></trkpt>
   <trkpt lat="51.06858" lon="6.990295"><ele>50.25</ele></trkpt>
   <trkpt lat="51.067885" lon="6.99071"><ele>48.5</ele></trkpt>
   <trkpt lat="51.067665" lon="6.99084"><ele>49.75</ele></trkpt>
   <trkpt lat="51.067574" lon="6.990942"><ele>49.75</ele></trkpt>
   <trkpt lat="51.067462" lon="6.99114"><ele>49.75</ele></trkpt>
   <trkpt lat="51.067416" lon="6.991098"><ele>50</ele></trkpt>
   <trkpt lat="51.067381" lon="6.991067"><ele>50</ele></trkpt>
   <trkpt lat="51.067238" lon="6.991111"><ele>50</ele></trkpt>
   <trkpt lat="51.067181" lon="6.991138"><ele>50</ele></trkpt>
   <trkpt lat="51.067103" lon="6.991182"><ele>50</ele></trkpt>
   <trkpt lat="51.06703" lon="6.991216"><ele>50</ele></trkpt>
   <trkpt lat="51.067008" lon="6.991247"><ele>50</ele></trkpt>
   <trkpt lat="51.066859" lon="6.991469"><ele>49.75</ele></trkpt>
   <trkpt lat="51.066784" lon="6.991405"><ele>49.75</ele></trkpt>
   <trkpt lat="51.066707" lon="6.991353"><ele>49.75</ele></trkpt>
   <trkpt lat="51.066628" lon="6.99131"><ele>49.75</ele></trkpt>
   <trkpt lat="51.066504" lon="6.991268"><ele>49.5</ele></trkpt>
   <trkpt lat="51.066346" lon="6.99122"><ele>49.5</ele></trkpt>
   <trkpt lat="51.066182" lon="6.99117"><ele>49.75</ele></trkpt>
   <trkpt lat="51.066136" lon="6.991143"><ele>49.75</ele></trkpt>
   <trkpt lat="51.065977" lon="6.991038"><ele>49.25</ele></trkpt>
   <trkpt lat="51.065685" lon="6.990828"><ele>49</ele></trkpt>
   <trkpt lat="51.065631" lon="6.990791"><ele>49</ele></trkpt>
   <trkpt lat="51.065225" lon="6.990514"><ele>50</ele></trkpt>
   <trkpt lat="51.064635" lon="6.990145"><ele>50</ele></trkpt>
   <trkpt lat="51.064212" lon="6.989859"><ele>50.5</ele></trkpt>
   <trkpt lat="51.064164" lon="6.989849"><ele>50.5</ele></trkpt>
   <trkpt lat="51.0641" lon="6.989882"><ele>50.5</ele></trkpt>
   <trkpt lat="51.064047" lon="6.989814"><ele>50.75</ele></trkpt>
   <trkpt lat="51.064016" lon="6.989855"><ele>50.75</ele></trkpt>
   <trkpt lat="51.063917" lon="6.989982"><ele>50.75</ele></trkpt>
   <trkpt lat="51.063734" lon="6.990219"><ele>50</ele></trkpt>
   <trkpt lat="51.063696" lon="6.990159"><ele>50.25</ele></trkpt>
   <trkpt lat="51.06366" lon="6.990104"><ele>50.5</ele></trkpt>
   <trkpt lat="51.063621" lon="6.99007"><ele>50.5</ele></trkpt>
   <trkpt lat="51.06358" lon="6.990066"><ele>51.25</ele></trkpt>
   <trkpt lat="51.063306" lon="6.990207"><ele>54.5</ele></trkpt>
   <trkpt lat="51.063024" lon="6.990394"><ele>55.75</ele></trkpt>
   <trkpt lat="51.062797" lon="6.990741"><ele>57.5</ele></trkpt>
   <trkpt lat="51.062591" lon="6.991087"><ele>58.25</ele></trkpt>
   <trkpt lat="51.062417" lon="6.991341"><ele>59.25</ele></trkpt>
   <trkpt lat="51.062343" lon="6.991434"><ele>59.5</ele></trkpt>
   <trkpt lat="51.062236" lon="6.991532"><ele>60.5</ele></trkpt>
   <trkpt lat="51.061837" lon="6.991836"><ele>60.25</ele></trkpt>
   <trkpt lat="51.061684" lon="6.991972"><ele>61.25</ele></trkpt>
   <trkpt lat="51.061285" lon="6.991588"><ele>64</ele></trkpt>
   <trkpt lat="51.061238" lon="6.991444"><ele>65.25</ele></trkpt>
   <trkpt lat="51.061078" lon="6.990727"><ele>66.25</ele></trkpt>
   <trkpt lat="51.061055" lon="6.990615"><ele>66.75</ele></trkpt>
   <trkpt lat="51.060946" lon="6.990115"><ele>66.25</ele></trkpt>
   <trkpt lat="51.060678" lon="6.988877"><ele>63.75</ele></trkpt>
   <trkpt lat="51.060649" lon="6.988746"><ele>65</ele></trkpt>
   <trkpt lat="51.060597" lon="6.988528"><ele>66.25</ele></trkpt>
   <trkpt lat="51.06049" lon="6.988298"><ele>66.25</ele></trkpt>
   <trkpt lat="51.060287" lon="6.98805"><ele>65</ele></trkpt>
   <trkpt lat="51.060143" lon="6.987926"><ele>64.5</ele></trkpt>
   <trkpt lat="51.059955" lon="6.987764"><ele>64</ele></trkpt>
   <trkpt lat="51.059846" lon="6.987647"><ele>64</ele></trkpt>
   <trkpt lat="51.058994" lon="6.988176"><ele>62.25</ele></trkpt>
   <trkpt lat="51.057779" lon="6.988688"><ele>59</ele></trkpt>
   <trkpt lat="51.056743" lon="6.988859"><ele>56</ele></trkpt>
   <trkpt lat="51.056173" lon="6.988966"><ele>56</ele></trkpt>
   <trkpt lat="51.055301" lon="6.989184"><ele>55</ele></trkpt>
   <trkpt lat="51.054945" lon="6.987365"><ele>53.75</ele></trkpt>
   <trkpt lat="51.054817" lon="6.987196"><ele>53.25</ele></trkpt>
   <trkpt lat="51.054801" lon="6.987149"><ele>53.25</ele></trkpt>
   <trkpt lat="51.054486" lon="6.986711"><ele>54</ele></trkpt>
   <trkpt lat="51.053869" lon="6.985907"><ele>53</ele></trkpt>
   <trkpt lat="51.053714" lon="6.985706"><ele>53</ele></trkpt>
   <trkpt lat="51.053575" lon="6.985557"><ele>53</ele></trkpt>
   <trkpt lat="51.05342" lon="6.985633"><ele>53</ele></trkpt>
   <trkpt lat="51.053101" lon="6.98579"><ele>52.25</ele></trkpt>
   <trkpt lat="51.052945" lon="6.985919"><ele>52</ele></trkpt>
   <trkpt lat="51.052734" lon="6.986138"><ele>52</ele></trkpt>
   <trkpt lat="51.052518" lon="6.986402"><ele>52</ele></trkpt>
   <trkpt lat="51.051843" lon="6.987388"><ele>51.25</ele></trkpt>
   <trkpt lat="51.051453" lon="6.987919"><ele>51</ele></trkpt>
   <trkpt lat="51.050991" lon="6.988424"><ele>51</ele></trkpt>
   <trkpt lat="51.0501" lon="6.989374"><ele>51.75</ele></trkpt>
   <trkpt lat="51.049865" lon="6.989628"><ele>51.25</ele></trkpt>
   <trkpt lat="51.04964" lon="6.989952"><ele>51.25</ele></trkpt>
   <trkpt lat="51.049539" lon="6.990102"><ele>50.75</ele></trkpt>
   <trkpt lat="51.049212" lon="6.990562"><ele>50</ele></trkpt>
   <trkpt lat="51.049119" lon="6.99065"><ele>50.25</ele></trkpt>
   <trkpt lat="51.048909" lon="6.990765"><ele>50</ele></trkpt>
   <trkpt lat="51.048775" lon="6.990818"><ele>49.5</ele></trkpt>
   <trkpt lat="51.048516" lon="6.990925"><ele>49</ele></trkpt>
   <trkpt lat="51.04833" lon="6.990961"><ele>48.75</ele></trkpt>
   <trkpt lat="51.048056" lon="6.990958"><ele>48.25</ele></trkpt>
   <trkpt lat="51.047782" lon="6.990929"><ele>48</ele></trkpt>
   <trkpt lat="51.047701" lon="6.990924"><ele>48</ele></trkpt>
   <trkpt lat="51.047264" lon="6.990938"><ele>48</ele></trkpt>
   <trkpt lat="51.046673" lon="6.990981"><ele>48</ele></trkpt>
   <trkpt lat="51.046459" lon="6.990989"><ele>47.5</ele></trkpt>
   <trkpt lat="51.046392" lon="6.990998"><ele>47.5</ele></trkpt>
   <trkpt lat="51.046113" lon="6.99102"><ele>47.5</ele></trkpt>
   <trkpt lat="51.045966" lon="6.991031"><ele>47.25</ele></trkpt>
   <trkpt lat="51.045698" lon="6.99105"><ele>47</ele></trkpt>
   <trkpt lat="51.045629" lon="6.991038"><ele>47</ele></trkpt>
   <trkpt lat="51.045136" lon="6.990934"><ele>47</ele></trkpt>
   <trkpt lat="51.044987" lon="6.990907"><ele>47</ele></trkpt>
   <trkpt lat="51.044835" lon="6.990877"><ele>47</ele></trkpt>
   <trkpt lat="51.04457" lon="6.99083"><ele>47</ele></trkpt>
   <trkpt lat="51.044501" lon="6.990817"><ele>47</ele></trkpt>
   <trkpt lat="51.044104" lon="6.990741"><ele>47</ele></trkpt>
   <trkpt lat="51.043426" lon="6.990571"><ele>47</ele></trkpt>
   <trkpt lat="51.043265" lon="6.990529"><ele>47</ele></trkpt>
   <trkpt lat="51.042902" lon="6.990534"><ele>47</ele></trkpt>
   <trkpt lat="51.042296" lon="6.990581"><ele>47</ele></trkpt>
   <trkpt lat="51.041665" lon="6.990634"><ele>47.25</ele></trkpt>
   <trkpt lat="51.041594" lon="6.990645"><ele>47.25</ele></trkpt>
   <trkpt lat="51.041519" lon="6.990669"><ele>47.5</ele></trkpt>
   <trkpt lat="51.041428" lon="6.990724"><ele>47.25</ele></trkpt>
   <trkpt lat="51.041351" lon="6.990786"><ele>47.25</ele></trkpt>
   <trkpt lat="51.04128" lon="6.990884"><ele>47.25</ele></trkpt>
   <trkpt lat="51.041205" lon="6.991019"><ele>47</ele></trkpt>
   <trkpt lat="51.040611" lon="6.990484"><ele>47</ele></trkpt>
   <trkpt lat="51.040385" lon="6.990396"><ele>47</ele></trkpt>
   <trkpt lat="51.040266" lon="6.990406"><ele>46.75</ele></trkpt>
   <trkpt lat="51.040134" lon="6.990504"><ele>46.25</ele></trkpt>
   <trkpt lat="51.04012" lon="6.990677"><ele>46</ele></trkpt>
   <trkpt lat="51.039994" lon="6.990673"><ele>46</ele></trkpt>
   <trkpt lat="51.039451" lon="6.990341"><ele>46</ele></trkpt>
   <trkpt lat="51.039122" lon="6.990242"><ele>45</ele></trkpt>
   <trkpt lat="51.039015" lon="6.990233"><ele>45</ele></trkpt>
   <trkpt lat="51.038445" lon="6.990356"><ele>44</ele></trkpt>
   <trkpt lat="51.037971" lon="6.990483"><ele>44</ele></trkpt>
   <trkpt lat="51.037876" lon="6.990439"><ele>44</ele></trkpt>
   <trkpt lat="51.037724" lon="6.990378"><ele>44</ele></trkpt>
   <trkpt lat="51.037284" lon="6.99051"><ele>43.5</ele></trkpt>
   <trkpt lat="51.037166" lon="6.990533"><ele>43.25</ele></trkpt>
   <trkpt lat="51.037088" lon="6.990516"><ele>43.5</ele></trkpt>
   <trkpt lat="51.037019" lon="6.990526"><ele>43.75</ele></trkpt>
   <trkpt lat="51.036252" lon="6.990774"><ele>44.5</ele></trkpt>
   <trkpt lat="51.036218" lon="6.990808"><ele>44.25</ele></trkpt>
   <trkpt lat="51.036184" lon="6.990816"><ele>44.25</ele></trkpt>
   <trkpt lat="51.036155" lon="6.990818"><ele>44</ele></trkpt>
   <trkpt lat="51.03578" lon="6.990917"><ele>43.25</ele></trkpt>
   <trkpt lat="51.035736" lon="6.990921"><ele>43.75</ele></trkpt>
   <trkpt lat="51.035582" lon="6.990932"><ele>45</ele></trkpt>
   <trkpt lat="51.035052" lon="6.991054"><ele>44.5</ele></trkpt>
   <trkpt lat="51.034433" lon="6.991176"><ele>45.5</ele></trkpt>
   <trkpt lat="51.033995" lon="6.991298"><ele>44.25</ele></trkpt>
   <trkpt lat="51.033823" lon="6.991346"><ele>44</ele></trkpt>
   <trkpt lat="51.03371" lon="6.991378"><ele>45.5</ele></trkpt>
   <trkpt lat="51.033627" lon="6.991404"><ele>46.5</ele></trkpt>
   <trkpt lat="51.03349" lon="6.991437"><ele>44.5</ele></trkpt>
   <trkpt lat="51.033153" lon="6.991529"><ele>44.75</ele></trkpt>
   <trkpt lat="51.033034" lon="6.99157"><ele>46.25</ele></trkpt>
   <trkpt lat="51.033002" lon="6.991623"><ele>46</ele></trkpt>
   <trkpt lat="51.03293" lon="6.991962"><ele>46</ele></trkpt>
   <trkpt lat="51.032898" lon="6.992041"><ele>46</ele></trkpt>
   <trkpt lat="51.032846" lon="6.992088"><ele>46</ele></trkpt>
   <trkpt lat="51.032689" lon="6.992131"><ele>46</ele></trkpt>
   <trkpt lat="51.032621" lon="6.992146"><ele>46</ele></trkpt>
   <trkpt lat="51.032578" lon="6.992155"><ele>46</ele></trkpt>
   <trkpt lat="51.031984" lon="6.992283"><ele>46</ele></trkpt>
   <trkpt lat="51.031656" lon="6.992379"><ele>45</ele></trkpt>
   <trkpt lat="51.031597" lon="6.992471"><ele>45</ele></trkpt>
   <trkpt lat="51.031549" lon="6.992893"><ele>45.25</ele></trkpt>
   <trkpt lat="51.031527" lon="6.992967"><ele>45</ele></trkpt>
   <trkpt lat="51.031488" lon="6.992931"><ele>45</ele></trkpt>
   <trkpt lat="51.031338" lon="6.992825"><ele>45</ele></trkpt>
   <trkpt lat="51.031294" lon="6.992787"><ele>45</ele></trkpt>
   <trkpt lat="51.031252" lon="6.992757"><ele>45</ele></trkpt>
   <trkpt lat="51.031206" lon="6.992747"><ele>45</ele></trkpt>
   <trkpt lat="51.03057" lon="6.992705"><ele>45</ele></trkpt>
   <trkpt lat="51.030527" lon="6.992704"><ele>45</ele></trkpt>
   <trkpt lat="51.030337" lon="6.99272"><ele>45</ele></trkpt>
   <trkpt lat="51.0303" lon="6.992728"><ele>45</ele></trkpt>
   <trkpt lat="51.02916" lon="6.992959"><ele>45</ele></trkpt>
   <trkpt lat="51.02828" lon="6.993123"><ele>45</ele></trkpt>
   <trkpt lat="51.028234" lon="6.993131"><ele>45.25</ele></trkpt>
   <trkpt lat="51.028203" lon="6.993158"><ele>45.25</ele></trkpt>
   <trkpt lat="51.028174" lon="6.993237"><ele>45.5</ele></trkpt>
   <trkpt lat="51.028191" lon="6.993436"><ele>45.5</ele></trkpt>
   <trkpt lat="51.028206" lon="6.993716"><ele>45.25</ele></trkpt>
   <trkpt lat="51.028159" lon="6.993728"><ele>45.5</ele></trkpt>
   <trkpt lat="51.028121" lon="6.993736"><ele>45.75</ele></trkpt>
   <trkpt lat="51.02806" lon="6.993164"><ele>45.75</ele></trkpt>
   <trkpt lat="51.028021" lon="6.993086"><ele>46</ele></trkpt>
   <trkpt lat="51.027968" lon="6.993035"><ele>45.75</ele></trkpt>
   <trkpt lat="51.027898" lon="6.99301"><ele>45.75</ele></trkpt>
   <trkpt lat="51.027851" lon="6.993006"><ele>45.75</ele></trkpt>
   <trkpt lat="51.027791" lon="6.993029"><ele>45.75</ele></trkpt>
   <trkpt lat="51.027725" lon="6.993098"><ele>45.5</ele></trkpt>
   <trkpt lat="51.027554" lon="6.993322"><ele>45.75</ele></trkpt>
   <trkpt lat="51.027505" lon="6.993365"><ele>46</ele></trkpt>
   <trkpt lat="51.027421" lon="6.993384"><ele>45.75</ele></trkpt>
   <trkpt lat="51.027202" lon="6.993401"><ele>45.25</ele></trkpt>
   <trkpt lat="51.027126" lon="6.99337"><ele>45.5</ele></trkpt>
   <trkpt lat="51.027056" lon="6.993309"><ele>46</ele></trkpt>
   <trkpt lat="51.026934" lon="6.993136"><ele>46.25</ele></trkpt>
   <trkpt lat="51.02689" lon="6.993092"><ele>46</ele></trkpt>
   <trkpt lat="51.026835" lon="6.993083"><ele>46</ele></trkpt>
   <trkpt lat="51.026104" lon="6.993253"><ele>46.5</ele></trkpt>
   <trkpt lat="51.025273" lon="6.993467"><ele>46.25</ele></trkpt>
   <trkpt lat="51.025174" lon="6.993516"><ele>46.5</ele></trkpt>
   <trkpt lat="51.0251" lon="6.993586"><ele>46.75</ele></trkpt>
   <trkpt lat="51.025053" lon="6.993688"><ele>47</ele></trkpt>
   <trkpt lat="51.025001" lon="6.993832"><ele>47</ele></trkpt>
   <trkpt lat="51.024976" lon="6.994022"><ele>46.75</ele></trkpt>
   <trkpt lat="51.025003" lon="6.994784"><ele>47</ele></trkpt>
   <trkpt lat="51.024622" lon="6.994898"><ele>46.75</ele></trkpt>
   <trkpt lat="51.024401" lon="6.995019"><ele>46.75</ele></trkpt>
   <trkpt lat="51.024196" lon="6.995251"><ele>46</ele></trkpt>
   <trkpt lat="51.024074" lon="6.995461"><ele>46.25</ele></trkpt>
   <trkpt lat="51.023978" lon="6.995697"><ele>46.25</ele></trkpt>
   <trkpt lat="51.023748" lon="6.995548"><ele>45.25</ele></trkpt>
   <trkpt lat="51.023534" lon="6.995378"><ele>44.5</ele></trkpt>
   <trkpt lat="51.023312" lon="6.995174"><ele>43.75</ele></trkpt>
   <trkpt lat="51.023195" lon="6.995049"><ele>43</ele></trkpt>
   <trkpt lat="51.023139" lon="6.994794"><ele>42.25</ele></trkpt>
   <trkpt lat="51.023095" lon="6.994672"><ele>42</ele></trkpt>
   <trkpt lat="51.02306" lon="6.994635"><ele>42</ele></trkpt>
   <trkpt lat="51.023034" lon="6.994641"><ele>41.75</ele></trkpt>
   <trkpt lat="51.023056" lon="6.994993"><ele>42</ele></trkpt>
   <trkpt lat="51.023078" lon="6.995476"><ele>42.75</ele></trkpt>
   <trkpt lat="51.023019" lon="6.995477"><ele>42.5</ele></trkpt>
   <trkpt lat="51.022942" lon="6.995491"><ele>42.75</ele></trkpt>
   <trkpt lat="51.02288" lon="6.995505"><ele>42.75</ele></trkpt>
   <trkpt lat="51.022881" lon="6.995653"><ele>42.75</ele></trkpt>
   <trkpt lat="51.022887" lon="6.995838"><ele>43</ele></trkpt>
   <trkpt lat="51.022854" lon="6.995793"><ele>43</ele></trkpt>
   <trkpt lat="51.022805" lon="6.995766"><ele>43</ele></trkpt>
   <trkpt lat="51.022297" lon="6.995834"><ele>44</ele></trkpt>
   <trkpt lat="51.022058" lon="6.995866"><ele>44</ele></trkpt>
   <trkpt lat="51.022058" lon="6.995904"><ele>44</ele></trkpt>
   <trkpt lat="51.022044" lon="6.995995"><ele>44</ele></trkpt>
   <trkpt lat="51.022012" lon="6.996115"><ele>44.25</ele></trkpt>
   <trkpt lat="51.021366" lon="6.997515"><ele>44.75</ele></trkpt>
   <trkpt lat="51.021196" lon="6.997929"><ele>45</ele></trkpt>
   <trkpt lat="51.021165" lon="6.998007"><ele>45</ele></trkpt>
   <trkpt lat="51.020816" lon="6.998873"><ele>44.75</ele></trkpt>
   <trkpt lat="51.020773" lon="6.998996"><ele>44.75</ele></trkpt>
   <trkpt lat="51.020451" lon="6.999829"><ele>45.75</ele></trkpt>
   <trkpt lat="51.020039" lon="7.000885"><ele>46</ele></trkpt>
   <trkpt lat="51.019864" lon="7.001042"><ele>46.25</ele></trkpt>
   <trkpt lat="51.019013" lon="7.001569"><ele>45.5</ele></trkpt>
   <trkpt lat="51.018847" lon="7.001562"><ele>45.25</ele></trkpt>
   <trkpt lat="51.018641" lon="7.001689"><ele>45.25</ele></trkpt>
   <trkpt lat="51.016749" lon="7.003363"><ele>45</ele></trkpt>
   <trkpt lat="51.016617" lon="7.003408"><ele>44.25</ele></trkpt>
   <trkpt lat="51.015239" lon="7.004795"><ele>43.75</ele></trkpt>
   <trkpt lat="51.013791" lon="7.006116"><ele>43.25</ele></trkpt>
   <trkpt lat="51.01279" lon="7.006914"><ele>43</ele></trkpt>
   <trkpt lat="51.012694" lon="7.006979"><ele>43</ele></trkpt>
   <trkpt lat="51.012617" lon="7.006962"><ele>42.5</ele></trkpt>
   <trkpt lat="51.012569" lon="7.006885"><ele>42</ele></trkpt>
   <trkpt lat="51.012374" lon="7.006332"><ele>40.75</ele></trkpt>
   <trkpt lat="51.012301" lon="7.006183"><ele>41.25</ele></trkpt>
   <trkpt lat="51.01218" lon="7.006183"><ele>41.5</ele></trkpt>
   <trkpt lat="51.0114" lon="7.006757"><ele>41.75</ele></trkpt>
   <trkpt lat="51.011102" lon="7.00697"><ele>41</ele></trkpt>
   <trkpt lat="51.010507" lon="7.007279"><ele>41</ele></trkpt>
   <trkpt lat="51.009717" lon="7.007492"><ele>41</ele></trkpt>
   <trkpt lat="51.009388" lon="7.00775"><ele>41</ele></trkpt>
   <trkpt lat="51.009096" lon="7.00796"><ele>41</ele></trkpt>
   <trkpt lat="51.008607" lon="7.008186"><ele>40.5</ele></trkpt>
   <trkpt lat="51.008342" lon="7.008189"><ele>40.75</ele></trkpt>
   <trkpt lat="51.008036" lon="7.008137"><ele>41</ele></trkpt>
   <trkpt lat="51.007407" lon="7.007984"><ele>41</ele></trkpt>
   <trkpt lat="51.006997" lon="7.00829"><ele>42</ele></trkpt>
   <trkpt lat="51.00684" lon="7.008381"><ele>42</ele></trkpt>
   <trkpt lat="51.006761" lon="7.00858"><ele>42</ele></trkpt>
   <trkpt lat="51.006735" lon="7.009352"><ele>43</ele></trkpt>
   <trkpt lat="51.00679" lon="7.00947"><ele>43</ele></trkpt>
   <trkpt lat="51.007006" lon="7.009812"><ele>42.75</ele></trkpt>
   <trkpt lat="51.007014" lon="7.010098"><ele>43.25</ele></trkpt>
   <trkpt lat="51.00688" lon="7.010435"><ele>44.75</ele></trkpt>
   <trkpt lat="51.00674" lon="7.010578"><ele>44.5</ele></trkpt>
   <trkpt lat="51.006294" lon="7.010873"><ele>44.75</ele></trkpt>
   <trkpt lat="51.005997" lon="7.010983"><ele>44.25</ele></trkpt>
   <trkpt lat="51.005739" lon="7.011062"><ele>44</ele></trkpt>
   <trkpt lat="51.005566" lon="7.011298"><ele>44.25</ele></trkpt>
   <trkpt lat="51.005271" lon="7.01187"><ele>46</ele></trkpt>
   <trkpt lat="51.005072" lon="7.012169"><ele>46.75</ele></trkpt>
   <trkpt lat="51.004972" lon="7.012348"><ele>47.5</ele></trkpt>
   <trkpt lat="51.00485" lon="7.012516"><ele>47.25</ele></trkpt>
   <trkpt lat="51.004567" lon="7.012842"><ele>47.5</ele></trkpt>
   <trkpt lat="51.004275" lon="7.013037"><ele>47.5</ele></trkpt>
   <trkpt lat="51.003961" lon="7.013229"><ele>47</ele></trkpt>
   <trkpt lat="51.00378" lon="7.013367"><ele>46.25</ele></trkpt>
   <trkpt lat="51.003536" lon="7.013611"><ele>45.25</ele></trkpt>
   <trkpt lat="51.003517" lon="7.013904"><ele>48</ele></trkpt>
   <trkpt lat="51.003466" lon="7.014427"><ele>48.5</ele></trkpt>
   <trkpt lat="51.003458" lon="7.014492"><ele>48</ele></trkpt>
   <trkpt lat="51.003263" lon="7.014481"><ele>47.75</ele></trkpt>
   <trkpt lat="51.002503" lon="7.014382"><ele>44</ele></trkpt>
   <trkpt lat="51.002074" lon="7.014277"><ele>44.25</ele></trkpt>
   <trkpt lat="51.001497" lon="7.014084"><ele>45.25</ele></trkpt>
   <trkpt lat="51.000349" lon="7.013789"><ele>45.25</ele></trkpt>
   <trkpt lat="50.998879" lon="7.013443"><ele>46.5</ele></trkpt>
   <trkpt lat="50.998167" lon="7.01333"><ele>46.25</ele></trkpt>
   <trkpt lat="50.997795" lon="7.013285"><ele>45.5</ele></trkpt>
   <trkpt lat="50.997267" lon="7.013164"><ele>45.75</ele></trkpt>
   <trkpt lat="50.996595" lon="7.013034"><ele>45</ele></trkpt>
   <trkpt lat="50.996013" lon="7.012961"><ele>45.25</ele></trkpt>
   <trkpt lat="50.995993" lon="7.012836"><ele>46.25</ele></trkpt>
   <trkpt lat="50.99594" lon="7.012062"><ele>45.75</ele></trkpt>
   <trkpt lat="50.995931" lon="7.01195"><ele>44.5</ele></trkpt>
   <trkpt lat="50.995889" lon="7.011355"><ele>43.75</ele></trkpt>
   <trkpt lat="50.995851" lon="7.010758"><ele>43.75</ele></trkpt>
   <trkpt lat="50.995855" lon="7.010132"><ele>43.75</ele></trkpt>
   <trkpt lat="50.994648" lon="7.010307"><ele>43.25</ele></trkpt>
   <trkpt lat="50.993157" lon="7.010515"><ele>44.75</ele></trkpt>
   <trkpt lat="50.991305" lon="7.010745"><ele>46</ele></trkpt>
   <trkpt lat="50.991127" lon="7.010806"><ele>47.5</ele></trkpt>
   <trkpt lat="50.991003" lon="7.010869"><ele>48.5</ele></trkpt>
   <trkpt lat="50.990868" lon="7.010946"><ele>49.5</ele></trkpt>
   <trkpt lat="50.990804" lon="7.010979"><ele>49.5</ele></trkpt>
   <trkpt lat="50.990881" lon="7.01127"><ele>49</ele></trkpt>
   <trkpt lat="50.990835" lon="7.011259"><ele>49.25</ele></trkpt>
   <trkpt lat="50.990693" lon="7.010963"><ele>48</ele></trkpt>
   <trkpt lat="50.990623" lon="7.010877"><ele>47.5</ele></trkpt>
   <trkpt lat="50.99056" lon="7.010878"><ele>46.75</ele></trkpt>
   <trkpt lat="50.990514" lon="7.010901"><ele>46.5</ele></trkpt>
   <trkpt lat="50.9903" lon="7.011008"><ele>46.5</ele></trkpt>
   <trkpt lat="50.990037" lon="7.011123"><ele>47.75</ele></trkpt>
   <trkpt lat="50.989885" lon="7.011146"><ele>48</ele></trkpt>
   <trkpt lat="50.989267" lon="7.010721"><ele>47.5</ele></trkpt>
   <trkpt lat="50.989104" lon="7.010717"><ele>47.75</ele></trkpt>
   <trkpt lat="50.988957" lon="7.010746"><ele>48.25</ele></trkpt>
   <trkpt lat="50.988681" lon="7.010837"><ele>49.75</ele></trkpt>
   <trkpt lat="50.98841" lon="7.010844"><ele>50</ele></trkpt>
   <trkpt lat="50.988097" lon="7.010913"><ele>49.75</ele></trkpt>
   <trkpt lat="50.987925" lon="7.011032"><ele>49</ele></trkpt>
   <trkpt lat="50.987742" lon="7.011183"><ele>48.75</ele></trkpt>
   <trkpt lat="50.987668" lon="7.01127"><ele>48.5</ele></trkpt>
   <trkpt lat="50.987528" lon="7.011461"><ele>48.75</ele></trkpt>
   <trkpt lat="50.987331" lon="7.011753"><ele>49</ele></trkpt>
   <trkpt lat="50.98707" lon="7.012001"><ele>48.5</ele></trkpt>
   <trkpt lat="50.986921" lon="7.012226"><ele>48.75</ele></trkpt>
   <trkpt lat="50.986893" lon="7.012763"><ele>49</ele></trkpt>
   <trkpt lat="50.986882" lon="7.012973"><ele>49</ele></trkpt>
   <trkpt lat="50.986842" lon="7.013124"><ele>49</ele></trkpt>
   <trkpt lat="50.98681" lon="7.013187"><ele>49</ele></trkpt>
   <trkpt lat="50.98668" lon="7.013269"><ele>49.5</ele></trkpt>
   <trkpt lat="50.986692" lon="7.013333"><ele>49.75</ele></trkpt>
   <trkpt lat="50.98658" lon="7.013401"><ele>49.5</ele></trkpt>
   <trkpt lat="50.986513" lon="7.013463"><ele>49</ele></trkpt>
   <trkpt lat="50.986431" lon="7.013568"><ele>49</ele></trkpt>
   <trkpt lat="50.986251" lon="7.013862"><ele>47</ele></trkpt>
   <trkpt lat="50.986185" lon="7.013933"><ele>47</ele></trkpt>
   <trkpt lat="50.98578" lon="7.014217"><ele>46.5</ele></trkpt>
   <trkpt lat="50.985317" lon="7.014488"><ele>47</ele></trkpt>
   <trkpt lat="50.985045" lon="7.014585"><ele>46.75</ele></trkpt>
   <trkpt lat="50.984741" lon="7.014586"><ele>47.25</ele></trkpt>
   <trkpt lat="50.984562" lon="7.014566"><ele>47.75</ele></trkpt>
   <trkpt lat="50.984377" lon="7.014528"><ele>48</ele></trkpt>
   <trkpt lat="50.984121" lon="7.014413"><ele>48</ele></trkpt>
   <trkpt lat="50.983911" lon="7.014287"><ele>48.25</ele></trkpt>
   <trkpt lat="50.983735" lon="7.014137"><ele>48</ele></trkpt>
   <trkpt lat="50.983025" lon="7.013474"><ele>48</ele></trkpt>
   <trkpt lat="50.982288" lon="7.012725"><ele>48</ele></trkpt>
   <trkpt lat="50.982202" lon="7.012632"><ele>47.75</ele></trkpt>
   <trkpt lat="50.981904" lon="7.012294"><ele>47.75</ele></trkpt>
   <trkpt lat="50.981556" lon="7.011866"><ele>47.25</ele></trkpt>
   <trkpt lat="50.981126" lon="7.011357"><ele>47</ele></trkpt>
   <trkpt lat="50.980527" lon="7.010448"><ele>46.25</ele></trkpt>
   <trkpt lat="50.980429" lon="7.010267"><ele>47.25</ele></trkpt>
   <trkpt lat="50.980377" lon="7.010171"><ele>47.25</ele></trkpt>
   <trkpt lat="50.980143" lon="7.009742"><ele>47.5</ele></trkpt>
   <trkpt lat="50.980051" lon="7.009574"><ele>45.75</ele></trkpt>
   <trkpt lat="50.979919" lon="7.009365"><ele>45.25</ele></trkpt>
   <trkpt lat="50.979784" lon="7.009201"><ele>45.75</ele></trkpt>
   <trkpt lat="50.979563" lon="7.008956"><ele>45.75</ele></trkpt>
   <trkpt lat="50.979343" lon="7.008736"><ele>46.25</ele></trkpt>
   <trkpt lat="50.979024" lon="7.00841"><ele>46.5</ele></trkpt>
   <trkpt lat="50.978244" lon="7.007726"><ele>46.25</ele></trkpt>
   <trkpt lat="50.978025" lon="7.007492"><ele>45.75</ele></trkpt>
   <trkpt lat="50.977787" lon="7.007206"><ele>46</ele></trkpt>
   <trkpt lat="50.977162" lon="7.00645"><ele>45</ele></trkpt>
   <trkpt lat="50.977116" lon="7.006356"><ele>45.25</ele></trkpt>
   <trkpt lat="50.97708" lon="7.006243"><ele>45.75</ele></trkpt>
   <trkpt lat="50.977064" lon="7.0061"><ele>46</ele></trkpt>
   <trkpt lat="50.977097" lon="7.004994"><ele>46</ele></trkpt>
   <trkpt lat="50.977108" lon="7.004674"><ele>46</ele></trkpt>
   <trkpt lat="50.97713" lon="7.004432"><ele>46</ele></trkpt>
   <trkpt lat="50.977029" lon="7.004488"><ele>46</ele></trkpt>
   <trkpt lat="50.976825" lon="7.004607"><ele>46</ele></trkpt>
   <trkpt lat="50.976795" lon="7.004469"><ele>46</ele></trkpt>
   <trkpt lat="50.976712" lon="7.004087"><ele>46</ele></trkpt>
   <trkpt lat="50.976692" lon="7.003973"><ele>46</ele></trkpt>
   <trkpt lat="50.976287" lon="7.004197"><ele>46</ele></trkpt>
   <trkpt lat="50.975758" lon="7.004486"><ele>46</ele></trkpt>
   <trkpt lat="50.975592" lon="7.004569"><ele>46</ele></trkpt>
   <trkpt lat="50.974933" lon="7.004973"><ele>45</ele></trkpt>
   <trkpt lat="50.973706" lon="7.005704"><ele>45.75</ele></trkpt>
   <trkpt lat="50.97364" lon="7.005777"><ele>45.75</ele></trkpt>
   <trkpt lat="50.973558" lon="7.005817"><ele>45.75</ele></trkpt>
   <trkpt lat="50.973363" lon="7.005911"><ele>45.5</ele></trkpt>
   <trkpt lat="50.973318" lon="7.005935"><ele>45.5</ele></trkpt>
   <trkpt lat="50.973255" lon="7.005969"><ele>45.5</ele></trkpt>
   <trkpt lat="50.972854" lon="7.006173"><ele>45.5</ele></trkpt>
   <trkpt lat="50.972628" lon="7.006275"><ele>45.25</ele></trkpt>
   <trkpt lat="50.972218" lon="7.006396"><ele>46</ele></trkpt>
   <trkpt lat="50.971954" lon="7.006453"><ele>46</ele></trkpt>
   <trkpt lat="50.971591" lon="7.006534"><ele>46</ele></trkpt>
   <trkpt lat="50.971373" lon="7.006592"><ele>46</ele></trkpt>
   <trkpt lat="50.971196" lon="7.006623"><ele>46</ele></trkpt>
   <trkpt lat="50.97092" lon="7.006644"><ele>46</ele></trkpt>
   <trkpt lat="50.970878" lon="7.006635"><ele>45.75</ele></trkpt>
   <trkpt lat="50.970846" lon="7.006623"><ele>46</ele></trkpt>
   <trkpt lat="50.970759" lon="7.006529"><ele>46</ele></trkpt>
   <trkpt lat="50.970067" lon="7.006551"><ele>46</ele></trkpt>
   <trkpt lat="50.969678" lon="7.006562"><ele>46</ele></trkpt>
   <trkpt lat="50.969561" lon="7.006575"><ele>46</ele></trkpt>
   <trkpt lat="50.969382" lon="7.006572"><ele>46.25</ele></trkpt>
   <trkpt lat="50.969315" lon="7.006679"><ele>46</ele></trkpt>
   <trkpt lat="50.969071" lon="7.006632"><ele>46.25</ele></trkpt>
   <trkpt lat="50.968926" lon="7.00662"><ele>46.75</ele></trkpt>
   <trkpt lat="50.968814" lon="7.006611"><ele>46.75</ele></trkpt>
   <trkpt lat="50.968545" lon="7.006585"><ele>46.75</ele></trkpt>
   <trkpt lat="50.968361" lon="7.006442"><ele>46.75</ele></trkpt>
   <trkpt lat="50.968171" lon="7.006425"><ele>47</ele></trkpt>
   <trkpt lat="50.967988" lon="7.006409"><ele>47</ele></trkpt>
   <trkpt lat="50.967787" lon="7.006387"><ele>47</ele></trkpt>
   <trkpt lat="50.967736" lon="7.006393"><ele>47</ele></trkpt>
   <trkpt lat="50.96758" lon="7.006327"><ele>47</ele></trkpt>
   <trkpt lat="50.967183" lon="7.006232"><ele>48</ele></trkpt>
   <trkpt lat="50.967021" lon="7.006226"><ele>48</ele></trkpt>
   <trkpt lat="50.966953" lon="7.006211"><ele>48</ele></trkpt>
   <trkpt lat="50.966895" lon="7.006199"><ele>48</ele></trkpt>
   <trkpt lat="50.966797" lon="7.006179"><ele>48</ele></trkpt>
   <trkpt lat="50.966494" lon="7.00613"><ele>48</ele></trkpt>
   <trkpt lat="50.966243" lon="7.006133"><ele>48</ele></trkpt>
   <trkpt lat="50.965813" lon="7.006062"><ele>48</ele></trkpt>
   <trkpt lat="50.965563" lon="7.005999"><ele>48</ele></trkpt>
   <trkpt lat="50.965291" lon="7.005917"><ele>48</ele></trkpt>
   <trkpt lat="50.965028" lon="7.005819"><ele>47.75</ele></trkpt>
   <trkpt lat="50.96476" lon="7.005704"><ele>48</ele></trkpt>
   <trkpt lat="50.964427" lon="7.005532"><ele>48</ele></trkpt>
   <trkpt lat="50.963966" lon="7.005249"><ele>48</ele></trkpt>
   <trkpt lat="50.963942" lon="7.005339"><ele>47.75</ele></trkpt>
   <trkpt lat="50.963921" lon="7.005418"><ele>48</ele></trkpt>
   <trkpt lat="50.963886" lon="7.005552"><ele>48</ele></trkpt>
   <trkpt lat="50.96386" lon="7.005651"><ele>48</ele></trkpt>
   <trkpt lat="50.963912" lon="7.005685"><ele>48</ele></trkpt>
   <trkpt lat="50.963902" lon="7.005719"><ele>48</ele></trkpt>
   <trkpt lat="50.963884" lon="7.005739"><ele>48</ele></trkpt>
   <trkpt lat="50.963856" lon="7.005771"><ele>48</ele></trkpt>
   <trkpt lat="50.96382" lon="7.005811"><ele>48</ele></trkpt>
   <trkpt lat="50.963878" lon="7.005847"><ele>48</ele></trkpt>
   <trkpt lat="50.963869" lon="7.005883"><ele>48</ele></trkpt>
   <trkpt lat="50.96377" lon="7.005816"><ele>48</ele></trkpt>
   <trkpt lat="50.963662" lon="7.005728"><ele>48</ele></trkpt>
   <trkpt lat="50.963603" lon="7.00568"><ele>48</ele></trkpt>
   <trkpt lat="50.963282" lon="7.005435"><ele>48.5</ele></trkpt>
   <trkpt lat="50.962735" lon="7.004972"><ele>48</ele></trkpt>
   <trkpt lat="50.962432" lon="7.004757"><ele>48.25</ele></trkpt>
   <trkpt lat="50.96216" lon="7.004584"><ele>48</ele></trkpt>
   <trkpt lat="50.962123" lon="7.004584"><ele>47.75</ele></trkpt>
   <trkpt lat="50.962102" lon="7.004646"><ele>47.75</ele></trkpt>
   <trkpt lat="50.962084" lon="7.00469"><ele>47.5</ele></trkpt>
   <trkpt lat="50.962075" lon="7.004709"><ele>47.5</ele></trkpt>
   <trkpt lat="50.962053" lon="7.004757"><ele>47.25</ele></trkpt>
   <trkpt lat="50.962045" lon="7.004774"><ele>47.25</ele></trkpt>
   <trkpt lat="50.962018" lon="7.004832"><ele>47.25</ele></trkpt>
   <trkpt lat="50.962009" lon="7.004851"><ele>47.25</ele></trkpt>
   <trkpt lat="50.961908" lon="7.005082"><ele>48</ele></trkpt>
   <trkpt lat="50.961778" lon="7.005423"><ele>48.25</ele></trkpt>
   <trkpt lat="50.961678" lon="7.00539"><ele>48</ele></trkpt>
   <trkpt lat="50.961618" lon="7.005397"><ele>48</ele></trkpt>
   <trkpt lat="50.961537" lon="7.00545"><ele>48</ele></trkpt>
   <trkpt lat="50.961428" lon="7.005543"><ele>48</ele></trkpt>
   <trkpt lat="50.961412" lon="7.005584"><ele>48</ele></trkpt>
   <trkpt lat="50.961327" lon="7.005278"><ele>48</ele></trkpt>
   <trkpt lat="50.96113" lon="7.005134"><ele>47.75</ele></trkpt>
   <trkpt lat="50.960934" lon="7.004991"><ele>48</ele></trkpt>
   <trkpt lat="50.96083" lon="7.004979"><ele>47.75</ele></trkpt>
   <trkpt lat="50.960796" lon="7.005134"><ele>47.75</ele></trkpt>
   <trkpt lat="50.96066" lon="7.005252"><ele>47.25</ele></trkpt>
   <trkpt lat="50.960506" lon="7.005386"><ele>47</ele></trkpt>
   <trkpt lat="50.9604" lon="7.005474"><ele>47</ele></trkpt>
   <trkpt lat="50.960192" lon="7.00562"><ele>47</ele></trkpt>
   <trkpt lat="50.960152" lon="7.005644"><ele>47</ele></trkpt>
   <trkpt lat="50.960096" lon="7.005679"><ele>47</ele></trkpt>
   <trkpt lat="50.959726" lon="7.005908"><ele>47.25</ele></trkpt>
   <trkpt lat="50.959252" lon="7.006186"><ele>46.75</ele></trkpt>
   <trkpt lat="50.959135" lon="7.006255"><ele>46.75</ele></trkpt>
   <trkpt lat="50.959021" lon="7.006321"><ele>46.75</ele></trkpt>
   <trkpt lat="50.958776" lon="7.00646"><ele>47</ele></trkpt>
   <trkpt lat="50.958478" lon="7.006598"><ele>46.75</ele></trkpt>
   <trkpt lat="50.958194" lon="7.00671"><ele>47</ele></trkpt>
   <trkpt lat="50.957971" lon="7.006774"><ele>47</ele></trkpt>
   <trkpt lat="50.957905" lon="7.006784"><ele>47</ele></trkpt>
   <trkpt lat="50.957751" lon="7.006655"><ele>47</ele></trkpt>
   <trkpt lat="50.957679" lon="7.006629"><ele>47</ele></trkpt>
   <trkpt lat="50.957631" lon="7.006627"><ele>47</ele></trkpt>
   <trkpt lat="50.957566" lon="7.00668"><ele>47</ele></trkpt>
   <trkpt lat="50.957438" lon="7.006826"><ele>47</ele></trkpt>
   <trkpt lat="50.957243" lon="7.007056"><ele>47</ele></trkpt>
   <trkpt lat="50.957212" lon="7.007091"><ele>47</ele></trkpt>
   <trkpt lat="50.957179" lon="7.007242"><ele>47</ele></trkpt>
   <trkpt lat="50.957115" lon="7.007312"><ele>47</ele></trkpt>
   <trkpt lat="50.957084" lon="7.007358"><ele>47</ele></trkpt>
   <trkpt lat="50.957002" lon="7.007516"><ele>47</ele></trkpt>
   <trkpt lat="50.956722" lon="7.008119"><ele>47</ele></trkpt>
   <trkpt lat="50.956689" lon="7.008192"><ele>47</ele></trkpt>
   <trkpt lat="50.956559" lon="7.008511"><ele>47</ele></trkpt>
   <trkpt lat="50.956486" lon="7.008727"><ele>47</ele></trkpt>
   <trkpt lat="50.955818" lon="7.010248"><ele>46</ele></trkpt>
   <trkpt lat="50.955775" lon="7.010322"><ele>46.25</ele></trkpt>
   <trkpt lat="50.955704" lon="7.010415"><ele>46.25</ele></trkpt>
   <trkpt lat="50.955578" lon="7.010667"><ele>47</ele></trkpt>
   <trkpt lat="50.955545" lon="7.010741"><ele>48</ele></trkpt>
   <trkpt lat="50.955026" lon="7.012204"><ele>47.75</ele></trkpt>
   <trkpt lat="50.954993" lon="7.012328"><ele>47</ele></trkpt>
   <trkpt lat="50.954672" lon="7.01227"><ele>47.5</ele></trkpt>
   <trkpt lat="50.95456" lon="7.012272"><ele>47</ele></trkpt>
   <trkpt lat="50.954489" lon="7.012306"><ele>46.75</ele></trkpt>
   <trkpt lat="50.954435" lon="7.012386"><ele>46.25</ele></trkpt>
   <trkpt lat="50.954411" lon="7.012499"><ele>46</ele></trkpt>
   <trkpt lat="50.954336" lon="7.013368"><ele>46</ele></trkpt>
   <trkpt lat="50.954319" lon="7.013567"><ele>46</ele></trkpt>
   <trkpt lat="50.954316" lon="7.013621"><ele>46</ele></trkpt>
   <trkpt lat="50.954324" lon="7.01375"><ele>46.25</ele></trkpt>
   <trkpt lat="50.954262" lon="7.013747"><ele>46</ele></trkpt>
   <trkpt lat="50.954217" lon="7.013745"><ele>46</ele></trkpt>
   <trkpt lat="50.953995" lon="7.013733"><ele>46</ele></trkpt>
   <trkpt lat="50.953753" lon="7.013654"><ele>45.5</ele></trkpt>
   <trkpt lat="50.953693" lon="7.013642"><ele>45.25</ele></trkpt>
   <trkpt lat="50.953528" lon="7.013629"><ele>45</ele></trkpt>
   <trkpt lat="50.953496" lon="7.013632"><ele>45</ele></trkpt>
   <trkpt lat="50.953407" lon="7.013643"><ele>45</ele></trkpt>
   <trkpt lat="50.953344" lon="7.013585"><ele>45</ele></trkpt>
   <trkpt lat="50.953257" lon="7.013562"><ele>45</ele></trkpt>
   <trkpt lat="50.953163" lon="7.013603"><ele>45</ele></trkpt>
   <trkpt lat="50.95312" lon="7.013625"><ele>45</ele></trkpt>
   <trkpt lat="50.953092" lon="7.013639"><ele>44.75</ele></trkpt>
   <trkpt lat="50.953046" lon="7.013662"><ele>45</ele></trkpt>
   <trkpt lat="50.952995" lon="7.013688"><ele>45.25</ele></trkpt>
   <trkpt lat="50.952948" lon="7.01367"><ele>45.5</ele></trkpt>
   <trkpt lat="50.952915" lon="7.013656"><ele>45.75</ele></trkpt>
   <trkpt lat="50.952901" lon="7.013701"><ele>45.75</ele></trkpt>
   <trkpt lat="50.952618" lon="7.01409"><ele>46</ele></trkpt>
   <trkpt lat="50.952527" lon="7.014214"><ele>46</ele></trkpt>
   <trkpt lat="50.952337" lon="7.014483"><ele>46</ele></trkpt>
   <trkpt lat="50.952208" lon="7.014652"><ele>46</ele></trkpt>
   <trkpt lat="50.95213" lon="7.014753"><ele>46</ele></trkpt>
   <trkpt lat="50.951758" lon="7.015267"><ele>46</ele></trkpt>
   <trkpt lat="50.951719" lon="7.015322"><ele>46</ele></trkpt>
   <trkpt lat="50.951624" lon="7.015453"><ele>46</ele></trkpt>
   <trkpt lat="50.951577" lon="7.015363"><ele>46</ele></trkpt>
   <trkpt lat="50.951473" lon="7.015224"><ele>46</ele></trkpt>
   <trkpt lat="50.951387" lon="7.015148"><ele>46</ele></trkpt>
   <trkpt lat="50.951326" lon="7.015108"><ele>46</ele></trkpt>
   <trkpt lat="50.95129" lon="7.015096"><ele>46</ele></trkpt>
   <trkpt lat="50.95119" lon="7.015063"><ele>46</ele></trkpt>
   <trkpt lat="50.950986" lon="7.014968"><ele>46</ele></trkpt>
   <trkpt lat="50.950624" lon="7.014862"><ele>46</ele></trkpt>
   <trkpt lat="50.950416" lon="7.014857"><ele>46</ele></trkpt>
   <trkpt lat="50.950149" lon="7.014887"><ele>46</ele></trkpt>
   <trkpt lat="50.950074" lon="7.014901"><ele>46</ele></trkpt>
   <trkpt lat="50.949971" lon="7.01492"><ele>46</ele></trkpt>
   <trkpt lat="50.949743" lon="7.015004"><ele>46</ele></trkpt>
   <trkpt lat="50.949586" lon="7.015101"><ele>46.25</ele></trkpt>
   <trkpt lat="50.949301" lon="7.015308"><ele>46.75</ele></trkpt>
   <trkpt lat="50.949107" lon="7.015484"><ele>47.5</ele></trkpt>
   <trkpt lat="50.948899" lon="7.015728"><ele>48.25</ele></trkpt>
   <trkpt lat="50.94872" lon="7.015961"><ele>48.75</ele></trkpt>
   <trkpt lat="50.948461" lon="7.016294"><ele>49.25</ele></trkpt>
   <trkpt lat="50.948381" lon="7.01641"><ele>49.25</ele></trkpt>
   <trkpt lat="50.948324" lon="7.016474"><ele>48</ele></trkpt>
   <trkpt lat="50.948139" lon="7.016682"><ele>48</ele></trkpt>
   <trkpt lat="50.947811" lon="7.017044"><ele>48.75</ele></trkpt>
   <trkpt lat="50.947772" lon="7.017087"><ele>49</ele></trkpt>
   <trkpt lat="50.947162" lon="7.017598"><ele>47.75</ele></trkpt>
   <trkpt lat="50.947026" lon="7.017696"><ele>47.5</ele></trkpt>
   <trkpt lat="50.947009" lon="7.017708"><ele>47.5</ele></trkpt>
   <trkpt lat="50.946635" lon="7.017846"><ele>47.25</ele></trkpt>
   <trkpt lat="50.946193" lon="7.01793"><ele>48.5</ele></trkpt>
   <trkpt lat="50.945537" lon="7.018084"><ele>48</ele></trkpt>
   <trkpt lat="50.945215" lon="7.018168"><ele>48</ele></trkpt>
   <trkpt lat="50.944292" lon="7.01841"><ele>48</ele></trkpt>
   <trkpt lat="50.943514" lon="7.018516"><ele>48.75</ele></trkpt>
   <trkpt lat="50.942773" lon="7.018647"><ele>48</ele></trkpt>
   <trkpt lat="50.942479" lon="7.018619"><ele>48</ele></trkpt>
   <trkpt lat="50.941864" lon="7.018509"><ele>47.75</ele></trkpt>
   <trkpt lat="50.941727" lon="7.018505"><ele>47.5</ele></trkpt>
   <trkpt lat="50.941237" lon="7.01857"><ele>47</ele></trkpt>
   <trkpt lat="50.941093" lon="7.01859"><ele>47</ele></trkpt>
   <trkpt lat="50.94097" lon="7.018607"><ele>47</ele></trkpt>
   <trkpt lat="50.940789" lon="7.018633"><ele>47</ele></trkpt>
   <trkpt lat="50.940399" lon="7.018686"><ele>46.25</ele></trkpt>
   <trkpt lat="50.940376" lon="7.018689"><ele>46.25</ele></trkpt>
   <trkpt lat="50.940331" lon="7.018695"><ele>46</ele></trkpt>
   <trkpt lat="50.94028" lon="7.018701"><ele>46</ele></trkpt>
   <trkpt lat="50.940203" lon="7.018712"><ele>46</ele></trkpt>
   <trkpt lat="50.940175" lon="7.018717"><ele>46</ele></trkpt>
   <trkpt lat="50.940132" lon="7.018732"><ele>46.25</ele></trkpt>
   <trkpt lat="50.940057" lon="7.018785"><ele>46.25</ele></trkpt>
   <trkpt lat="50.939853" lon="7.018938"><ele>46.25</ele></trkpt>
   <trkpt lat="50.939623" lon="7.019108"><ele>46</ele></trkpt>
   <trkpt lat="50.939538" lon="7.019171"><ele>46</ele></trkpt>
   <trkpt lat="50.939426" lon="7.019243"><ele>46</ele></trkpt>
   <trkpt lat="50.938923" lon="7.019557"><ele>45</ele></trkpt>
   <trkpt lat="50.938766" lon="7.019654"><ele>45</ele></trkpt>
   <trkpt lat="50.938636" lon="7.019741"><ele>45</ele></trkpt>
   <trkpt lat="50.938324" lon="7.019944"><ele>44.75</ele></trkpt>
   <trkpt lat="50.938298" lon="7.019961"><ele>44.75</ele></trkpt>
   <trkpt lat="50.938278" lon="7.019974"><ele>44.75</ele></trkpt>
   <trkpt lat="50.93793" lon="7.020194"><ele>45.75</ele></trkpt>
   <trkpt lat="50.937811" lon="7.02027"><ele>45.75</ele></trkpt>
   <trkpt lat="50.937733" lon="7.020321"><ele>46</ele></trkpt>
   <trkpt lat="50.937267" lon="7.020604"><ele>46</ele></trkpt>
   <trkpt lat="50.936934" lon="7.02083"><ele>46</ele></trkpt>
   <trkpt lat="50.936654" lon="7.021011"><ele>47</ele></trkpt>
   <trkpt lat="50.936544" lon="7.021074"><ele>47</ele></trkpt>
   <trkpt lat="50.936248" lon="7.021234"><ele>47.5</ele></trkpt>
   <trkpt lat="50.936169" lon="7.021276"><ele>47.75</ele></trkpt>
   <trkpt lat="50.935992" lon="7.021371"><ele>48</ele></trkpt>
   <trkpt lat="50.935814" lon="7.021438"><ele>48</ele></trkpt>
   <trkpt lat="50.935646" lon="7.021511"><ele>48</ele></trkpt>
   <trkpt lat="50.935065" lon="7.021741"><ele>48.75</ele></trkpt>
   <trkpt lat="50.934218" lon="7.0219"><ele>49.75</ele></trkpt>
   <trkpt lat="50.934125" lon="7.021925"><ele>50</ele></trkpt>
   <trkpt lat="50.934031" lon="7.021963"><ele>50</ele></trkpt>
   <trkpt lat="50.933943" lon="7.021982"><ele>50</ele></trkpt>
   <trkpt lat="50.933847" lon="7.021963"><ele>49.75</ele></trkpt>
   <trkpt lat="50.93339" lon="7.021791"><ele>48.5</ele></trkpt>
   <trkpt lat="50.933327" lon="7.021792"><ele>48.25</ele></trkpt>
   <trkpt lat="50.933242" lon="7.021795"><ele>48.25</ele></trkpt>
   <trkpt lat="50.933178" lon="7.021796"><ele>48</ele></trkpt>
   <trkpt lat="50.933171" lon="7.021981"><ele>48.25</ele></trkpt>
   <trkpt lat="50.933148" lon="7.022223"><ele>49</ele></trkpt>
   <trkpt lat="50.933108" lon="7.022512"><ele>49</ele></trkpt>
   <trkpt lat="50.933102" lon="7.022613"><ele>49</ele></trkpt>
   <trkpt lat="50.933038" lon="7.02288"><ele>49</ele></trkpt>
   <trkpt lat="50.933021" lon="7.022995"><ele>49</ele></trkpt>
   <trkpt lat="50.933005" lon="7.023055"><ele>49</ele></trkpt>
   <trkpt lat="50.932936" lon="7.023251"><ele>49</ele></trkpt>
   <trkpt lat="50.932814" lon="7.023547"><ele>49</ele></trkpt>
   <trkpt lat="50.932771" lon="7.023593"><ele>49</ele></trkpt>
   <trkpt lat="50.932756" lon="7.023629"><ele>49</ele></trkpt>
   <trkpt lat="50.932727" lon="7.023704"><ele>49</ele></trkpt>
   <trkpt lat="50.932655" lon="7.023911"><ele>49</ele></trkpt>
   <trkpt lat="50.932578" lon="7.024186"><ele>49</ele></trkpt>
   <trkpt lat="50.93253" lon="7.02432"><ele>49</ele></trkpt>
   <trkpt lat="50.932503" lon="7.024414"><ele>49</ele></trkpt>
   <trkpt lat="50.932421" lon="7.0248"><ele>49</ele></trkpt>
   <trkpt lat="50.932407" lon="7.024865"><ele>49</ele></trkpt>
   <trkpt lat="50.932402" lon="7.025023"><ele>49</ele></trkpt>
   <trkpt lat="50.932388" lon="7.025112"><ele>49.25</ele></trkpt>
   <trkpt lat="50.932148" lon="7.026205"><ele>49.25</ele></trkpt>
   <trkpt lat="50.932045" lon="7.026637"><ele>48.75</ele></trkpt>
   <trkpt lat="50.931995" lon="7.026717"><ele>49</ele></trkpt>
   <trkpt lat="50.931971" lon="7.026844"><ele>49</ele></trkpt>
   <trkpt lat="50.93187" lon="7.027121"><ele>48.25</ele></trkpt>
   <trkpt lat="50.931819" lon="7.027296"><ele>48.25</ele></trkpt>
   <trkpt lat="50.931746" lon="7.027673"><ele>48</ele></trkpt>
   <trkpt lat="50.931695" lon="7.028166"><ele>48</ele></trkpt>
   <trkpt lat="50.931671" lon="7.028667"><ele>47.75</ele></trkpt>
   <trkpt lat="50.931644" lon="7.029484"><ele>46</ele></trkpt>
   <trkpt lat="50.931611" lon="7.029612"><ele>46</ele></trkpt>
   <trkpt lat="50.931573" lon="7.029683"><ele>45.75</ele></trkpt>
   <trkpt lat="50.931587" lon="7.029784"><ele>45.5</ele></trkpt>
   <trkpt lat="50.931597" lon="7.029832"><ele>45.25</ele></trkpt>
   <trkpt lat="50.931592" lon="7.029959"><ele>45</ele></trkpt>
   <trkpt lat="50.93159" lon="7.030179"><ele>45</ele></trkpt>
   <trkpt lat="50.931582" lon="7.030416"><ele>45</ele></trkpt>
   <trkpt lat="50.931574" lon="7.030613"><ele>45</ele></trkpt>
   <trkpt lat="50.931562" lon="7.030694"><ele>45</ele></trkpt>
   <trkpt lat="50.931552" lon="7.030774"><ele>45.25</ele></trkpt>
   <trkpt lat="50.931543" lon="7.030857"><ele>45.5</ele></trkpt>
   <trkpt lat="50.931555" lon="7.031042"><ele>46</ele></trkpt>
   <trkpt lat="50.931544" lon="7.0316"><ele>47.75</ele></trkpt>
   <trkpt lat="50.931601" lon="7.032396"><ele>47.75</ele></trkpt>
   <trkpt lat="50.931668" lon="7.033071"><ele>48</ele></trkpt>
   <trkpt lat="50.931726" lon="7.033767"><ele>49.75</ele></trkpt>
   <trkpt lat="50.931734" lon="7.034021"><ele>49.75</ele></trkpt>
   <trkpt lat="50.931705" lon="7.034282"><ele>50</ele></trkpt>
   <trkpt lat="50.931638" lon="7.034671"><ele>50</ele></trkpt>
   <trkpt lat="50.931619" lon="7.03473"><ele>50</ele></trkpt>
   <trkpt lat="50.931535" lon="7.034983"><ele>50.25</ele></trkpt>
   <trkpt lat="50.931513" lon="7.035116"><ele>50.5</ele></trkpt>
   <trkpt lat="50.930913" lon="7.036547"><ele>50.75</ele></trkpt>
   <trkpt lat="50.930062" lon="7.038546"><ele>51</ele></trkpt>
   <trkpt lat="50.929801" lon="7.039191"><ele>51</ele></trkpt>
   <trkpt lat="50.929763" lon="7.039324"><ele>51</ele></trkpt>
   <trkpt lat="50.929726" lon="7.039498"><ele>50.75</ele></trkpt>
   <trkpt lat="50.929699" lon="7.03959"><ele>51</ele></trkpt>
   <trkpt lat="50.929686" lon="7.039615"><ele>51</ele></trkpt>
   <trkpt lat="50.929648" lon="7.039691"><ele>51</ele></trkpt>
   <trkpt lat="50.929579" lon="7.040242"><ele>51</ele></trkpt>
   <trkpt lat="50.929526" lon="7.040515"><ele>51</ele></trkpt>
   <trkpt lat="50.929458" lon="7.04079"><ele>51</ele></trkpt>
   <trkpt lat="50.9294" lon="7.040941"><ele>51.25</ele></trkpt>
   <trkpt lat="50.929364" lon="7.041006"><ele>51.5</ele></trkpt>
   <trkpt lat="50.92933" lon="7.041045"><ele>51.75</ele></trkpt>
   <trkpt lat="50.929258" lon="7.041104"><ele>51.75</ele></trkpt>
   <trkpt lat="50.929219" lon="7.041143"><ele>52</ele></trkpt>
   <trkpt lat="50.929174" lon="7.041172"><ele>52</ele></trkpt>
   <trkpt lat="50.92908" lon="7.041255"><ele>52</ele></trkpt>
   <trkpt lat="50.928963" lon="7.04136"><ele>52</ele></trkpt>
   <trkpt lat="50.928792" lon="7.041497"><ele>51.75</ele></trkpt>
   <trkpt lat="50.928623" lon="7.041654"><ele>51.75</ele></trkpt>
   <trkpt lat="50.928318" lon="7.041915"><ele>51.75</ele></trkpt>
   <trkpt lat="50.928228" lon="7.04201"><ele>51.25</ele></trkpt>
   <trkpt lat="50.927928" lon="7.042287"><ele>51</ele></trkpt>
   <trkpt lat="50.927617" lon="7.042553"><ele>51</ele></trkpt>
   <trkpt lat="50.926792" lon="7.043246"><ele>51.5</ele></trkpt>
   <trkpt lat="50.925982" lon="7.043948"><ele>51</ele></trkpt>
   <trkpt lat="50.925343" lon="7.044494"><ele>51</ele></trkpt>
   <trkpt lat="50.924768" lon="7.044971"><ele>51</ele></trkpt>
   <trkpt lat="50.924699" lon="7.045023"><ele>50.75</ele></trkpt>
   <trkpt lat="50.924459" lon="7.045209"><ele>50.75</ele></trkpt>
   <trkpt lat="50.924324" lon="7.045375"><ele>51</ele></trkpt>
   <trkpt lat="50.924164" lon="7.045521"><ele>51</ele></trkpt>
   <trkpt lat="50.92355" lon="7.046021"><ele>50.75</ele></trkpt>
   <trkpt lat="50.921796" lon="7.047561"><ele>51</ele></trkpt>
   <trkpt lat="50.921201" lon="7.048062"><ele>51</ele></trkpt>
   <trkpt lat="50.921076" lon="7.048148"><ele>50.75</ele></trkpt>
   <trkpt lat="50.920975" lon="7.048233"><ele>50.5</ele></trkpt>
   <trkpt lat="50.920781" lon="7.048376"><ele>49.75</ele></trkpt>
   <trkpt lat="50.920731" lon="7.048426"><ele>48.5</ele></trkpt>
   <trkpt lat="50.920217" lon="7.048865"><ele>47.75</ele></trkpt>
   <trkpt lat="50.920174" lon="7.048916"><ele>48.25</ele></trkpt>
   <trkpt lat="50.920074" lon="7.049005"><ele>49.25</ele></trkpt>
   <trkpt lat="50.919828" lon="7.049198"><ele>49.75</ele></trkpt>
   <trkpt lat="50.919641" lon="7.049374"><ele>50</ele></trkpt>
   <trkpt lat="50.919476" lon="7.049498"><ele>50</ele></trkpt>
   <trkpt lat="50.919099" lon="7.049759"><ele>50</ele></trkpt>
   <trkpt lat="50.918707" lon="7.050092"><ele>50</ele></trkpt>
   <trkpt lat="50.918662" lon="7.050095"><ele>50</ele></trkpt>
   <trkpt lat="50.918553" lon="7.050191"><ele>50</ele></trkpt>
   <trkpt lat="50.918467" lon="7.05026"><ele>50</ele></trkpt>
   <trkpt lat="50.91845" lon="7.050333"><ele>50</ele></trkpt>
   <trkpt lat="50.918415" lon="7.050388"><ele>50</ele></trkpt>
   <trkpt lat="50.917285" lon="7.051378"><ele>49.75</ele></trkpt>
   <trkpt lat="50.916176" lon="7.052317"><ele>48.25</ele></trkpt>
   <trkpt lat="50.915952" lon="7.052439"><ele>47</ele></trkpt>
   <trkpt lat="50.915836" lon="7.052536"><ele>45.75</ele></trkpt>
   <trkpt lat="50.915782" lon="7.052595"><ele>46.5</ele></trkpt>
   <trkpt lat="50.915713" lon="7.052701"><ele>46.75</ele></trkpt>
   <trkpt lat="50.915634" lon="7.052776"><ele>47</ele></trkpt>
   <trkpt lat="50.915608" lon="7.0528"><ele>47.25</ele></trkpt>
   <trkpt lat="50.91543" lon="7.052964"><ele>47.25</ele></trkpt>
   <trkpt lat="50.914181" lon="7.054042"><ele>51.75</ele></trkpt>
   <trkpt lat="50.913946" lon="7.054247"><ele>52</ele></trkpt>
   <trkpt lat="50.91332" lon="7.054726"><ele>51.75</ele></trkpt>
   <trkpt lat="50.913195" lon="7.054872"><ele>51.75</ele></trkpt>
   <trkpt lat="50.913029" lon="7.054958"><ele>51.75</ele></trkpt>
   <trkpt lat="50.912707" lon="7.055234"><ele>51.75</ele></trkpt>
   <trkpt lat="50.912619" lon="7.055268"><ele>51.75</ele></trkpt>
   <trkpt lat="50.912603" lon="7.055323"><ele>52</ele></trkpt>
   <trkpt lat="50.912535" lon="7.055294"><ele>52</ele></trkpt>
   <trkpt lat="50.912462" lon="7.055227"><ele>52</ele></trkpt>
   <trkpt lat="50.912238" lon="7.054721"><ele>51.75</ele></trkpt>
   <trkpt lat="50.912104" lon="7.054517"><ele>52</ele></trkpt>
   <trkpt lat="50.911986" lon="7.054412"><ele>51.75</ele></trkpt>
   <trkpt lat="50.911945" lon="7.054365"><ele>51.75</ele></trkpt>
   <trkpt lat="50.911713" lon="7.054114"><ele>52</ele></trkpt>
   <trkpt lat="50.911588" lon="7.053973"><ele>52</ele></trkpt>
   <trkpt lat="50.911394" lon="7.053755"><ele>52</ele></trkpt>
   <trkpt lat="50.911202" lon="7.053555"><ele>51.75</ele></trkpt>
   <trkpt lat="50.910727" lon="7.053027"><ele>52</ele></trkpt>
   <trkpt lat="50.910698" lon="7.053096"><ele>51.75</ele></trkpt>
   <trkpt lat="50.910673" lon="7.053151"><ele>51.75</ele></trkpt>
   <trkpt lat="50.910563" lon="7.053391"><ele>51</ele></trkpt>
   <trkpt lat="50.910252" lon="7.054098"><ele>51</ele></trkpt>
   <trkpt lat="50.910139" lon="7.05436"><ele>51.25</ele></trkpt>
   <trkpt lat="50.910019" lon="7.054636"><ele>51.25</ele></trkpt>
   <trkpt lat="50.90991" lon="7.054884"><ele>51.25</ele></trkpt>
   <trkpt lat="50.909859" lon="7.055002"><ele>51.5</ele></trkpt>
   <trkpt lat="50.909616" lon="7.055569"><ele>52</ele></trkpt>
   <trkpt lat="50.90958" lon="7.055552"><ele>52</ele></trkpt>
   <trkpt lat="50.909512" lon="7.055518"><ele>52</ele></trkpt>
   <trkpt lat="50.909427" lon="7.055519"><ele>52</ele></trkpt>
   <trkpt lat="50.909348" lon="7.055533"><ele>52</ele></trkpt>
   <trkpt lat="50.909238" lon="7.055538"><ele>52</ele></trkpt>
   <trkpt lat="50.90916" lon="7.055508"><ele>51.75</ele></trkpt>
   <trkpt lat="50.909089" lon="7.055446"><ele>51.5</ele></trkpt>
   <trkpt lat="50.908971" lon="7.055314"><ele>51.25</ele></trkpt>
   <trkpt lat="50.908892" lon="7.055251"><ele>51</ele></trkpt>
   <trkpt lat="50.908808" lon="7.05524"><ele>51</ele></trkpt>
   <trkpt lat="50.908781" lon="7.05529"><ele>51</ele></trkpt>
   <trkpt lat="50.908713" lon="7.055314"><ele>51</ele></trkpt>
   <trkpt lat="50.908235" lon="7.055288"><ele>52</ele></trkpt>
   <trkpt lat="50.908092" lon="7.05528"><ele>52</ele></trkpt>
   <trkpt lat="50.908084" lon="7.055279"><ele>52</ele></trkpt>
   <trkpt lat="50.907991" lon="7.055312"><ele>51.75</ele></trkpt>
   <trkpt lat="50.907952" lon="7.055368"><ele>51.5</ele></trkpt>
   <trkpt lat="50.907904" lon="7.055511"><ele>51.25</ele></trkpt>
   <trkpt lat="50.907886" lon="7.055636"><ele>51.25</ele></trkpt>
   <trkpt lat="50.907877" lon="7.056099"><ele>51.25</ele></trkpt>
   <trkpt lat="50.90788" lon="7.056588"><ele>51.25</ele></trkpt>
   <trkpt lat="50.90793" lon="7.057062"><ele>51.5</ele></trkpt>
   <trkpt lat="50.907966" lon="7.057286"><ele>52</ele></trkpt>
   <trkpt lat="50.907993" lon="7.057409"><ele>52</ele></trkpt>
   <trkpt lat="50.907898" lon="7.057447"><ele>52</ele></trkpt>
   <trkpt lat="50.907837" lon="7.057472"><ele>52</ele></trkpt>
   <trkpt lat="50.907765" lon="7.057478"><ele>51.5</ele></trkpt>
   <trkpt lat="50.90772" lon="7.057462"><ele>51.25</ele></trkpt>
   <trkpt lat="50.907638" lon="7.057412"><ele>51.25</ele></trkpt>
   <trkpt lat="50.907161" lon="7.056942"><ele>51</ele></trkpt>
   <trkpt lat="50.906943" lon="7.056702"><ele>51</ele></trkpt>
   <trkpt lat="50.906583" lon="7.056259"><ele>51</ele></trkpt>
   <trkpt lat="50.906546" lon="7.056327"><ele>51</ele></trkpt>
   <trkpt lat="50.906534" lon="7.05635"><ele>51</ele></trkpt>
   <trkpt lat="50.90653" lon="7.056358"><ele>51</ele></trkpt>
   <trkpt lat="50.90647" lon="7.056475"><ele>51</ele></trkpt>
   <trkpt lat="50.906451" lon="7.056513"><ele>51</ele></trkpt>
   <trkpt lat="50.906067" lon="7.057258"><ele>50.75</ele></trkpt>
   <trkpt lat="50.906008" lon="7.057373"><ele>50.5</ele></trkpt>
   <trkpt lat="50.905879" lon="7.057614"><ele>50</ele></trkpt>
   <trkpt lat="50.905777" lon="7.057803"><ele>50</ele></trkpt>
   <trkpt lat="50.905738" lon="7.057875"><ele>50</ele></trkpt>
   <trkpt lat="50.905596" lon="7.058105"><ele>50</ele></trkpt>
   <trkpt lat="50.905463" lon="7.058279"><ele>50.25</ele></trkpt>
   <trkpt lat="50.905415" lon="7.058339"><ele>50.5</ele></trkpt>
   <trkpt lat="50.905306" lon="7.058412"><ele>50.75</ele></trkpt>
   <trkpt lat="50.905136" lon="7.058503"><ele>50.25</ele></trkpt>
   <trkpt lat="50.905017" lon="7.058533"><ele>50</ele></trkpt>
   <trkpt lat="50.904964" lon="7.058541"><ele>50</ele></trkpt>
   <trkpt lat="50.904756" lon="7.05858"><ele>50</ele></trkpt>
   <trkpt lat="50.904581" lon="7.058613"><ele>50</ele></trkpt>
   <trkpt lat="50.904491" lon="7.05863"><ele>50</ele></trkpt>
   <trkpt lat="50.904348" lon="7.058637"><ele>50</ele></trkpt>
   <trkpt lat="50.904196" lon="7.058644"><ele>50</ele></trkpt>
   <trkpt lat="50.904004" lon="7.058652"><ele>50.5</ele></trkpt>
   <trkpt lat="50.90375" lon="7.058663"><ele>51</ele></trkpt>
   <trkpt lat="50.903578" lon="7.058671"><ele>51</ele></trkpt>
   <trkpt lat="50.903517" lon="7.058673"><ele>51</ele></trkpt>
   <trkpt lat="50.903412" lon="7.058678"><ele>51</ele></trkpt>
   <trkpt lat="50.903216" lon="7.058686"><ele>51</ele></trkpt>
   <trkpt lat="50.903151" lon="7.058689"><ele>51</ele></trkpt>
   <trkpt lat="50.903101" lon="7.058691"><ele>51</ele></trkpt>
   <trkpt lat="50.903035" lon="7.058694"><ele>51</ele></trkpt>
   <trkpt lat="50.902974" lon="7.058697"><ele>50.75</ele></trkpt>
   <trkpt lat="50.902849" lon="7.058702"><ele>51</ele></trkpt>
   <trkpt lat="50.902662" lon="7.05871"><ele>51</ele></trkpt>
   <trkpt lat="50.902592" lon="7.058713"><ele>51</ele></trkpt>
   <trkpt lat="50.902483" lon="7.058718"><ele>51</ele></trkpt>
   <trkpt lat="50.902296" lon="7.058726"><ele>51</ele></trkpt>
   <trkpt lat="50.90216" lon="7.058732"><ele>51</ele></trkpt>
   <trkpt lat="50.901929" lon="7.058696"><ele>50.75</ele></trkpt>
   <trkpt lat="50.901641" lon="7.058652"><ele>50</ele></trkpt>
   <trkpt lat="50.901427" lon="7.058619"><ele>50</ele></trkpt>
   <trkpt lat="50.901265" lon="7.058595"><ele>50</ele></trkpt>
   <trkpt lat="50.900442" lon="7.058452"><ele>50</ele></trkpt>
   <trkpt lat="50.899629" lon="7.058119"><ele>50</ele></trkpt>
   <trkpt lat="50.899431" lon="7.058035"><ele>49.75</ele></trkpt>
   <trkpt lat="50.898751" lon="7.057759"><ele>50</ele></trkpt>
   <trkpt lat="50.898644" lon="7.057716"><ele>50</ele></trkpt>
   <trkpt lat="50.898549" lon="7.057677"><ele>50</ele></trkpt>
   <trkpt lat="50.898492" lon="7.057654"><ele>50</ele></trkpt>
   <trkpt lat="50.898464" lon="7.057616"><ele>50</ele></trkpt>
   <trkpt lat="50.898396" lon="7.057587"><ele>49.75</ele></trkpt>
   <trkpt lat="50.898302" lon="7.057547"><ele>50</ele></trkpt>
   <trkpt lat="50.898176" lon="7.057528"><ele>50</ele></trkpt>
   <trkpt lat="50.898051" lon="7.057473"><ele>50</ele></trkpt>
   <trkpt lat="50.898003" lon="7.057453"><ele>50</ele></trkpt>
   <trkpt lat="50.89792" lon="7.057416"><ele>50.25</ele></trkpt>
   <trkpt lat="50.89783" lon="7.057377"><ele>50.75</ele></trkpt>
   <trkpt lat="50.897731" lon="7.057285"><ele>51</ele></trkpt>
   <trkpt lat="50.897539" lon="7.058455"><ele>51</ele></trkpt>
   <trkpt lat="50.897532" lon="7.058498"><ele>51</ele></trkpt>
   <trkpt lat="50.897509" lon="7.058482"><ele>51</ele></trkpt>
   <trkpt lat="50.897488" lon="7.058609"><ele>51</ele></trkpt>
   <trkpt lat="50.897453" lon="7.058803"><ele>51</ele></trkpt>
   <trkpt lat="50.897357" lon="7.058776"><ele>51</ele></trkpt>
   <trkpt lat="50.897282" lon="7.058753"><ele>51</ele></trkpt>
   <trkpt lat="50.897214" lon="7.058732"><ele>51</ele></trkpt>
   <trkpt lat="50.897188" lon="7.058757"><ele>51</ele></trkpt>
   <trkpt lat="50.897159" lon="7.058782"><ele>51</ele></trkpt>
   <trkpt lat="50.89712" lon="7.058748"><ele>51</ele></trkpt>
   <trkpt lat="50.896798" lon="7.058703"><ele>51.25</ele></trkpt>
   <trkpt lat="50.896455" lon="7.058518"><ele>51.5</ele></trkpt>
   <trkpt lat="50.896284" lon="7.058492"><ele>51.25</ele></trkpt>
   <trkpt lat="50.89611" lon="7.058558"><ele>50.75</ele></trkpt>
   <trkpt lat="50.895943" lon="7.058534"><ele>50.5</ele></trkpt>
   <trkpt lat="50.895579" lon="7.058413"><ele>52</ele></trkpt>
   <trkpt lat="50.895215" lon="7.058319"><ele>50.75</ele></trkpt>
   <trkpt lat="50.895057" lon="7.058292"><ele>50.75</ele></trkpt>
   <trkpt lat="50.894885" lon="7.058307"><ele>51</ele></trkpt>
   <trkpt lat="50.894745" lon="7.058355"><ele>51.75</ele></trkpt>
   <trkpt lat="50.894585" lon="7.058397"><ele>52.25</ele></trkpt>
   <trkpt lat="50.894464" lon="7.058411"><ele>52.5</ele></trkpt>
   <trkpt lat="50.894327" lon="7.058447"><ele>52.5</ele></trkpt>
   <trkpt lat="50.894218" lon="7.058506"><ele>52.25</ele></trkpt>
   <trkpt lat="50.894117" lon="7.05859"><ele>52</ele></trkpt>
   <trkpt lat="50.894009" lon="7.058708"><ele>51.5</ele></trkpt>
   <trkpt lat="50.893876" lon="7.058817"><ele>51.25</ele></trkpt>
   <trkpt lat="50.893673" lon="7.058911"><ele>51</ele></trkpt>
   <trkpt lat="50.893588" lon="7.058926"><ele>51</ele></trkpt>
   <trkpt lat="50.893586" lon="7.059365"><ele>51</ele></trkpt>
   <trkpt lat="50.893582" lon="7.059825"><ele>51</ele></trkpt>
   <trkpt lat="50.893576" lon="7.060433"><ele>51</ele></trkpt>
   <trkpt lat="50.893393" lon="7.060431"><ele>51</ele></trkpt>
   <trkpt lat="50.893203" lon="7.060469"><ele>51</ele></trkpt>
   <trkpt lat="50.893081" lon="7.060548"><ele>51</ele></trkpt>
   <trkpt lat="50.892931" lon="7.060799"><ele>51.75</ele></trkpt>
   <trkpt lat="50.892918" lon="7.060854"><ele>52</ele></trkpt>
   <trkpt lat="50.892887" lon="7.061007"><ele>52</ele></trkpt>
   <trkpt lat="50.892877" lon="7.061089"><ele>52</ele></trkpt>
   <trkpt lat="50.892866" lon="7.061386"><ele>52</ele></trkpt>
   <trkpt lat="50.892872" lon="7.061529"><ele>52</ele></trkpt>
   <trkpt lat="50.892887" lon="7.061674"><ele>51.75</ele></trkpt>
   <trkpt lat="50.892894" lon="7.061716"><ele>51.75</ele></trkpt>
   <trkpt lat="50.892966" lon="7.062025"><ele>51.25</ele></trkpt>
   <trkpt lat="50.892706" lon="7.062148"><ele>50.75</ele></trkpt>
   <trkpt lat="50.892086" lon="7.062438"><ele>49.75</ele></trkpt>
   <trkpt lat="50.892002" lon="7.062493"><ele>49.75</ele></trkpt>
   <trkpt lat="50.89185" lon="7.062563"><ele>50</ele></trkpt>
   <trkpt lat="50.891699" lon="7.062629"><ele>50</ele></trkpt>
   <trkpt lat="50.891444" lon="7.062744"><ele>50.75</ele></trkpt>
   <trkpt lat="50.891425" lon="7.062754"><ele>50.75</ele></trkpt>
   <trkpt lat="50.89139" lon="7.062748"><ele>50.75</ele></trkpt>
   <trkpt lat="50.891062" lon="7.062892"><ele>52</ele></trkpt>
   <trkpt lat="50.890676" lon="7.063075"><ele>52.5</ele></trkpt>
   <trkpt lat="50.890615" lon="7.062846"><ele>52.75</ele></trkpt>
   <trkpt lat="50.890574" lon="7.062878"><ele>52.75</ele></trkpt>
   <trkpt lat="50.890615" lon="7.0632"><ele>52.75</ele></trkpt>
   <trkpt lat="50.890652" lon="7.063575"><ele>52.25</ele></trkpt>
   <trkpt lat="50.890657" lon="7.063677"><ele>52.25</ele></trkpt>
   <trkpt lat="50.890655" lon="7.063721"><ele>52</ele></trkpt>
   <trkpt lat="50.890637" lon="7.063788"><ele>52</ele></trkpt>
   <trkpt lat="50.890618" lon="7.063859"><ele>52</ele></trkpt>
   <trkpt lat="50.89044" lon="7.063945"><ele>52</ele></trkpt>
   <trkpt lat="50.889751" lon="7.064278"><ele>52</ele></trkpt>
   <trkpt lat="50.88947" lon="7.064422"><ele>52</ele></trkpt>
   <trkpt lat="50.889388" lon="7.064449"><ele>52</ele></trkpt>
   <trkpt lat="50.889336" lon="7.064465"><ele>52</ele></trkpt>
   <trkpt lat="50.888935" lon="7.064781"><ele>52</ele></trkpt>
   <trkpt lat="50.888806" lon="7.064905"><ele>52.25</ele></trkpt>
   <trkpt lat="50.888362" lon="7.06521"><ele>52.75</ele></trkpt>
   <trkpt lat="50.888101" lon="7.065389"><ele>52.5</ele></trkpt>
   <trkpt lat="50.887873" lon="7.065556"><ele>52</ele></trkpt>
   <trkpt lat="50.887762" lon="7.065639"><ele>52</ele></trkpt>
   <trkpt lat="50.887574" lon="7.065752"><ele>52</ele></trkpt>
   <trkpt lat="50.887413" lon="7.065849"><ele>52</ele></trkpt>
   <trkpt lat="50.88729" lon="7.065923"><ele>52</ele></trkpt>
   <trkpt lat="50.887183" lon="7.065987"><ele>52</ele></trkpt>
   <trkpt lat="50.886837" lon="7.066197"><ele>52</ele></trkpt>
   <trkpt lat="50.886733" lon="7.066259"><ele>52</ele></trkpt>
   <trkpt lat="50.88671" lon="7.066273"><ele>52</ele></trkpt>
   <trkpt lat="50.886631" lon="7.066317"><ele>52</ele></trkpt>
   <trkpt lat="50.886618" lon="7.066324"><ele>52</ele></trkpt>
   <trkpt lat="50.886589" lon="7.066339"><ele>52</ele></trkpt>
   <trkpt lat="50.886314" lon="7.066491"><ele>52</ele></trkpt>
   <trkpt lat="50.886186" lon="7.066568"><ele>52</ele></trkpt>
   <trkpt lat="50.886051" lon="7.066645"><ele>52</ele></trkpt>
   <trkpt lat="50.885943" lon="7.066707"><ele>51.75</ele></trkpt>
   <trkpt lat="50.885929" lon="7.066715"><ele>51.75</ele></trkpt>
   <trkpt lat="50.885871" lon="7.066749"><ele>51.75</ele></trkpt>
   <trkpt lat="50.885856" lon="7.066756"><ele>51.75</ele></trkpt>
   <trkpt lat="50.885551" lon="7.066934"><ele>51.75</ele></trkpt>
   <trkpt lat="50.885319" lon="7.066976"><ele>52</ele></trkpt>
   <trkpt lat="50.885314" lon="7.066977"><ele>52</ele></trkpt>
   <trkpt lat="50.885138" lon="7.06699"><ele>52</ele></trkpt>
   <trkpt lat="50.885132" lon="7.066991"><ele>52</ele></trkpt>
   <trkpt lat="50.885022" lon="7.066994"><ele>52</ele></trkpt>
   <trkpt lat="50.884968" lon="7.066982"><ele>52</ele></trkpt>
   <trkpt lat="50.884856" lon="7.066991"><ele>52</ele></trkpt>
   <trkpt lat="50.884675" lon="7.067007"><ele>52</ele></trkpt>
   <trkpt lat="50.884558" lon="7.067015"><ele>52</ele></trkpt>
   <trkpt lat="50.88432" lon="7.067034"><ele>52</ele></trkpt>
   <trkpt lat="50.88431" lon="7.067034"><ele>52</ele></trkpt>
   <trkpt lat="50.884119" lon="7.067048"><ele>52</ele></trkpt>
   <trkpt lat="50.88411" lon="7.06705"><ele>52</ele></trkpt>
   <trkpt lat="50.883923" lon="7.067064"><ele>52</ele></trkpt>
   <trkpt lat="50.883623" lon="7.067072"><ele>52.25</ele></trkpt>
   <trkpt lat="50.883509" lon="7.067075"><ele>52.25</ele></trkpt>
   <trkpt lat="50.88349" lon="7.067075"><ele>52.25</ele></trkpt>
   <trkpt lat="50.883257" lon="7.067081"><ele>52.25</ele></trkpt>
   <trkpt lat="50.883149" lon="7.068276"><ele>51.75</ele></trkpt>
   <trkpt lat="50.883104" lon="7.068767"><ele>51.75</ele></trkpt>
   <trkpt lat="50.883075" lon="7.069096"><ele>51.75</ele></trkpt>
   <trkpt lat="50.882911" lon="7.068994"><ele>52</ele></trkpt>
   <trkpt lat="50.882561" lon="7.06896"><ele>51.75</ele></trkpt>
   <trkpt lat="50.882484" lon="7.069002"><ele>52</ele></trkpt>
   <trkpt lat="50.882333" lon="7.0689"><ele>52</ele></trkpt>
   <trkpt lat="50.882201" lon="7.06881"><ele>52</ele></trkpt>
   <trkpt lat="50.882146" lon="7.068773"><ele>52</ele></trkpt>
   <trkpt lat="50.882135" lon="7.068974"><ele>52</ele></trkpt>
   <trkpt lat="50.882125" lon="7.069004"><ele>52</ele></trkpt>
   <trkpt lat="50.882106" lon="7.069229"><ele>52</ele></trkpt>
   <trkpt lat="50.882098" lon="7.069316"><ele>52</ele></trkpt>
   <trkpt lat="50.882046" lon="7.069073"><ele>52</ele></trkpt>
   <trkpt lat="50.88199" lon="7.069064"><ele>52</ele></trkpt>
   <trkpt lat="50.881989" lon="7.06924"><ele>52</ele></trkpt>
   <trkpt lat="50.881982" lon="7.069537"><ele>52</ele></trkpt>
   <trkpt lat="50.881973" lon="7.070249"><ele>52.75</ele></trkpt>
   <trkpt lat="50.881967" lon="7.070604"><ele>52</ele></trkpt>
   <trkpt lat="50.881959" lon="7.070743"><ele>52.5</ele></trkpt>
   <trkpt lat="50.881949" lon="7.070812"><ele>52.75</ele></trkpt>
   <trkpt lat="50.88193" lon="7.070944"><ele>52.75</ele></trkpt>
   <trkpt lat="50.881894" lon="7.071107"><ele>52.5</ele></trkpt>
   <trkpt lat="50.881852" lon="7.071236"><ele>52.25</ele></trkpt>
   <trkpt lat="50.881779" lon="7.071412"><ele>52.25</ele></trkpt>
   <trkpt lat="50.881498" lon="7.0719"><ele>52.25</ele></trkpt>
   <trkpt lat="50.881455" lon="7.07213"><ele>52</ele></trkpt>
   <trkpt lat="50.881396" lon="7.072049"><ele>52</ele></trkpt>
   <trkpt lat="50.881358" lon="7.071996"><ele>52</ele></trkpt>
   <trkpt lat="50.881327" lon="7.071952"><ele>52</ele></trkpt>
   <trkpt lat="50.881306" lon="7.071923"><ele>52</ele></trkpt>
   <trkpt lat="50.881221" lon="7.071844"><ele>52</ele></trkpt>
   <trkpt lat="50.881124" lon="7.071787"><ele>52</ele></trkpt>
   <trkpt lat="50.880913" lon="7.071705"><ele>52</ele></trkpt>
   <trkpt lat="50.880822" lon="7.071669"><ele>52</ele></trkpt>
   <trkpt lat="50.880574" lon="7.071614"><ele>52</ele></trkpt>
   <trkpt lat="50.880453" lon="7.071588"><ele>52.25</ele></trkpt>
   <trkpt lat="50.880337" lon="7.071566"><ele>52.25</ele></trkpt>
   <trkpt lat="50.880266" lon="7.07157"><ele>52.25</ele></trkpt>
   <trkpt lat="50.880223" lon="7.071591"><ele>52</ele></trkpt>
   <trkpt lat="50.879987" lon="7.071484"><ele>52</ele></trkpt>
   <trkpt lat="50.879946" lon="7.071536"><ele>52</ele></trkpt>
   <trkpt lat="50.878358" lon="7.071844"><ele>52.5</ele></trkpt>
   <trkpt lat="50.878207" lon="7.071876"><ele>52.75</ele></trkpt>
   <trkpt lat="50.87785" lon="7.071978"><ele>53</ele></trkpt>
   <trkpt lat="50.877714" lon="7.072034"><ele>52.75</ele></trkpt>
   <trkpt lat="50.875886" lon="7.073088"><ele>53</ele></trkpt>
   <trkpt lat="50.875114" lon="7.073534"><ele>53</ele></trkpt>
   <trkpt lat="50.874182" lon="7.074072"><ele>53</ele></trkpt>
   <trkpt lat="50.872539" lon="7.074993"><ele>52</ele></trkpt>
   <trkpt lat="50.872464" lon="7.075003"><ele>51.75</ele></trkpt>
   <trkpt lat="50.872292" lon="7.073278"><ele>52.5</ele></trkpt>
   <trkpt lat="50.872253" lon="7.072962"><ele>52.75</ele></trkpt>
   <trkpt lat="50.872257" lon="7.072584"><ele>53.5</ele></trkpt>
   <trkpt lat="50.872321" lon="7.072072"><ele>53.5</ele></trkpt>
   <trkpt lat="50.872324" lon="7.071883"><ele>53.75</ele></trkpt>
   <trkpt lat="50.872311" lon="7.071686"><ele>54.75</ele></trkpt>
   <trkpt lat="50.872258" lon="7.071389"><ele>56.25</ele></trkpt>
   <trkpt lat="50.871994" lon="7.070257"><ele>56.25</ele></trkpt>
   <trkpt lat="50.871534" lon="7.068293"><ele>52.25</ele></trkpt>
   <trkpt lat="50.871453" lon="7.067115"><ele>53</ele></trkpt>
   <trkpt lat="50.871053" lon="7.067449"><ele>52.75</ele></trkpt>
   <trkpt lat="50.870404" lon="7.067971"><ele>52.25</ele></trkpt>
   <trkpt lat="50.870304" lon="7.068087"><ele>52</ele></trkpt>
   <trkpt lat="50.87025" lon="7.068176"><ele>52.25</ele></trkpt>
   <trkpt lat="50.86991" lon="7.068985"><ele>53</ele></trkpt>
   <trkpt lat="50.868838" lon="7.067568"><ele>51.75</ele></trkpt>
   <trkpt lat="50.865677" lon="7.063346"><ele>53</ele></trkpt>
   <trkpt lat="50.865626" lon="7.063283"><ele>53</ele></trkpt>
   <trkpt lat="50.864172" lon="7.061005"><ele>53</ele></trkpt>
   <trkpt lat="50.863767" lon="7.060365"><ele>53.5</ele></trkpt>
   <trkpt lat="50.863298" lon="7.059623"><ele>54</ele></trkpt>
   <trkpt lat="50.862676" lon="7.058639"><ele>54</ele></trkpt>
   <trkpt lat="50.862644" lon="7.05859"><ele>54</ele></trkpt>
   <trkpt lat="50.860583" lon="7.056131"><ele>53</ele></trkpt>
   <trkpt lat="50.859616" lon="7.054726"><ele>53</ele></trkpt>
   <trkpt lat="50.859457" lon="7.054508"><ele>53</ele></trkpt>
   <trkpt lat="50.857401" lon="7.051549"><ele>53</ele></trkpt>
   <trkpt lat="50.856407" lon="7.053427"><ele>52.5</ele></trkpt>
   <trkpt lat="50.856017" lon="7.054158"><ele>52.25</ele></trkpt>
   <trkpt lat="50.853785" lon="7.058337"><ele>52.25</ele></trkpt>
   <trkpt lat="50.853587" lon="7.058721"><ele>51.75</ele></trkpt>
   <trkpt lat="50.852847" lon="7.060109"><ele>52.25</ele></trkpt>
   <trkpt lat="50.852508" lon="7.060739"><ele>52.5</ele></trkpt>
   <trkpt lat="50.852461" lon="7.060794"><ele>52.75</ele></trkpt>
   <trkpt lat="50.852407" lon="7.06084"><ele>53</ele></trkpt>
   <trkpt lat="50.849745" lon="7.061803"><ele>53.75</ele></trkpt>
   <trkpt lat="50.848387" lon="7.062278"><ele>54</ele></trkpt>
   <trkpt lat="50.848201" lon="7.062343"><ele>53.5</ele></trkpt>
   <trkpt lat="50.848175" lon="7.062368"><ele>53.5</ele></trkpt>
   <trkpt lat="50.847465" lon="7.062855"><ele>53.5</ele></trkpt>
   <trkpt lat="50.846714" lon="7.063384"><ele>53</ele></trkpt>
   <trkpt lat="50.846604" lon="7.063461"><ele>53</ele></trkpt>
   <trkpt lat="50.844466" lon="7.064979"><ele>54</ele></trkpt>
   <trkpt lat="50.844336" lon="7.065071"><ele>54</ele></trkpt>
   <trkpt lat="50.842166" lon="7.066598"><ele>54</ele></trkpt>
   <trkpt lat="50.841811" lon="7.066854"><ele>53.5</ele></trkpt>
   <trkpt lat="50.841564" lon="7.067029"><ele>54</ele></trkpt>
   <trkpt lat="50.840558" lon="7.067772"><ele>54</ele></trkpt>
   <trkpt lat="50.840028" lon="7.068162"><ele>54</ele></trkpt>
   <trkpt lat="50.839719" lon="7.068357"><ele>54</ele></trkpt>
   <trkpt lat="50.83952" lon="7.068489"><ele>53.75</ele></trkpt>
   <trkpt lat="50.839409" lon="7.068556"><ele>54</ele></trkpt>
   <trkpt lat="50.839317" lon="7.068614"><ele>54</ele></trkpt>
   <trkpt lat="50.839199" lon="7.068686"><ele>54</ele></trkpt>
   <trkpt lat="50.838887" lon="7.068869"><ele>53</ele></trkpt>
   <trkpt lat="50.838647" lon="7.06901"><ele>53</ele></trkpt>
   <trkpt lat="50.838572" lon="7.069054"><ele>52.75</ele></trkpt>
   <trkpt lat="50.838526" lon="7.069081"><ele>52.75</ele></trkpt>
   <trkpt lat="50.838228" lon="7.069256"><ele>52</ele></trkpt>
   <trkpt lat="50.838066" lon="7.069243"><ele>52</ele></trkpt>
   <trkpt lat="50.837995" lon="7.069237"><ele>52</ele></trkpt>
   <trkpt lat="50.837837" lon="7.069224"><ele>52.75</ele></trkpt>
   <trkpt lat="50.837819" lon="7.069222"><ele>52.75</ele></trkpt>
   <trkpt lat="50.837583" lon="7.069207"><ele>53</ele></trkpt>
   <trkpt lat="50.837495" lon="7.069201"><ele>53</ele></trkpt>
   <trkpt lat="50.837329" lon="7.069197"><ele>53</ele></trkpt>
   <trkpt lat="50.83696" lon="7.069189"><ele>52.75</ele></trkpt>
   <trkpt lat="50.83696" lon="7.069333"><ele>53</ele></trkpt>
   <trkpt lat="50.83696" lon="7.069425"><ele>53</ele></trkpt>
   <trkpt lat="50.83696" lon="7.069831"><ele>53</ele></trkpt>
   <trkpt lat="50.836987" lon="7.070364"><ele>54</ele></trkpt>
   <trkpt lat="50.836666" lon="7.070414"><ele>53</ele></trkpt>
   <trkpt lat="50.836609" lon="7.070441"><ele>53</ele></trkpt>
   <trkpt lat="50.836572" lon="7.070469"><ele>53</ele></trkpt>
   <trkpt lat="50.83624" lon="7.070938"><ele>52.25</ele></trkpt>
   <trkpt lat="50.836049" lon="7.071235"><ele>51.75</ele></trkpt>
   <trkpt lat="50.83492" lon="7.07333"><ele>54</ele></trkpt>
   <trkpt lat="50.834532" lon="7.07385"><ele>54</ele></trkpt>
   <trkpt lat="50.833923" lon="7.074449"><ele>54</ele></trkpt>
   <trkpt lat="50.832614" lon="7.076324"><ele>54</ele></trkpt>
   <trkpt lat="50.831878" lon="7.077535"><ele>54</ele></trkpt>
   <trkpt lat="50.831757" lon="7.077696"><ele>54</ele></trkpt>
   <trkpt lat="50.831307" lon="7.078156"><ele>54</ele></trkpt>
   <trkpt lat="50.831018" lon="7.078505"><ele>54</ele></trkpt>
   <trkpt lat="50.830922" lon="7.078693"><ele>54</ele></trkpt>
   <trkpt lat="50.83083" lon="7.078877"><ele>54</ele></trkpt>
   <trkpt lat="50.830762" lon="7.079242"><ele>54</ele></trkpt>
   <trkpt lat="50.830506" lon="7.08032"><ele>53.5</ele></trkpt>
   <trkpt lat="50.82812" lon="7.08364"><ele>53.75</ele></trkpt>
   <trkpt lat="50.826721" lon="7.085539"><ele>54.75</ele></trkpt>
   <trkpt lat="50.82644" lon="7.085886"><ele>54</ele></trkpt>
   <trkpt lat="50.826136" lon="7.086233"><ele>53.75</ele></trkpt>
   <trkpt lat="50.825844" lon="7.086588"><ele>54</ele></trkpt>
   <trkpt lat="50.825579" lon="7.086948"><ele>54</ele></trkpt>
   <trkpt lat="50.825379" lon="7.087233"><ele>54</ele></trkpt>
   <trkpt lat="50.825327" lon="7.087348"><ele>53.75</ele></trkpt>
   <trkpt lat="50.82526" lon="7.087561"><ele>53.75</ele></trkpt>
   <trkpt lat="50.824849" lon="7.088206"><ele>53</ele></trkpt>
   <trkpt lat="50.82439" lon="7.089075"><ele>53</ele></trkpt>
   <trkpt lat="50.824339" lon="7.089171"><ele>53</ele></trkpt>
   <trkpt lat="50.824251" lon="7.089275"><ele>53</ele></trkpt>
   <trkpt lat="50.824127" lon="7.0894"><ele>53</ele></trkpt>
   <trkpt lat="50.823893" lon="7.089596"><ele>53.75</ele></trkpt>
   <trkpt lat="50.823786" lon="7.0897"><ele>54</ele></trkpt>
   <trkpt lat="50.823717" lon="7.089821"><ele>54</ele></trkpt>
   <trkpt lat="50.823661" lon="7.089967"><ele>54</ele></trkpt>
   <trkpt lat="50.823278" lon="7.091476"><ele>54.75</ele></trkpt>
   <trkpt lat="50.823165" lon="7.091891"><ele>54.75</ele></trkpt>
   <trkpt lat="50.823114" lon="7.09203"><ele>55</ele></trkpt>
   <trkpt lat="50.823043" lon="7.092192"><ele>54.75</ele></trkpt>
   <trkpt lat="50.8229" lon="7.092364"><ele>54.5</ele></trkpt>
   <trkpt lat="50.819243" lon="7.096"><ele>55.75</ele></trkpt>
   <trkpt lat="50.818783" lon="7.096419"><ele>55.5</ele></trkpt>
   <trkpt lat="50.818461" lon="7.096684"><ele>55.25</ele></trkpt>
   <trkpt lat="50.818164" lon="7.096905"><ele>55</ele></trkpt>
   <trkpt lat="50.818146" lon="7.096941"><ele>55</ele></trkpt>
   <trkpt lat="50.816434" lon="7.096903"><ele>55</ele></trkpt>
   <trkpt lat="50.816235" lon="7.096905"><ele>55.5</ele></trkpt>
   <trkpt lat="50.815772" lon="7.096598"><ele>56</ele></trkpt>
   <trkpt lat="50.81526" lon="7.096287"><ele>56</ele></trkpt>
   <trkpt lat="50.815003" lon="7.096116"><ele>56</ele></trkpt>
   <trkpt lat="50.814528" lon="7.095818"><ele>55.75</ele></trkpt>
   <trkpt lat="50.814405" lon="7.095774"><ele>55.75</ele></trkpt>
   <trkpt lat="50.81433" lon="7.095769"><ele>55.75</ele></trkpt>
   <trkpt lat="50.81408" lon="7.095753"><ele>55.5</ele></trkpt>
   <trkpt lat="50.813375" lon="7.095685"><ele>55.75</ele></trkpt>
   <trkpt lat="50.813106" lon="7.095668"><ele>55.5</ele></trkpt>
   <trkpt lat="50.812787" lon="7.095598"><ele>56</ele></trkpt>
   <trkpt lat="50.812539" lon="7.095493"><ele>56</ele></trkpt>
   <trkpt lat="50.812043" lon="7.095265"><ele>56</ele></trkpt>
   <trkpt lat="50.811697" lon="7.095104"><ele>56</ele></trkpt>
   <trkpt lat="50.811622" lon="7.095045"><ele>55.75</ele></trkpt>
   <trkpt lat="50.811593" lon="7.095143"><ele>56</ele></trkpt>
   <trkpt lat="50.811502" lon="7.095319"><ele>56</ele></trkpt>
   <trkpt lat="50.811221" lon="7.095695"><ele>56</ele></trkpt>
   <trkpt lat="50.811055" lon="7.095917"><ele>55.75</ele></trkpt>
   <trkpt lat="50.810747" lon="7.096294"><ele>55.75</ele></trkpt>
   <trkpt lat="50.810615" lon="7.096476"><ele>55.5</ele></trkpt>
   <trkpt lat="50.810416" lon="7.09623"><ele>55.5</ele></trkpt>
   <trkpt lat="50.809521" lon="7.095574"><ele>55.5</ele></trkpt>
   <trkpt lat="50.809186" lon="7.095279"><ele>55.75</ele></trkpt>
   <trkpt lat="50.808663" lon="7.094797"><ele>55.5</ele></trkpt>
   <trkpt lat="50.808608" lon="7.094715"><ele>56</ele></trkpt>
   <trkpt lat="50.807654" lon="7.093277"><ele>55</ele></trkpt>
   <trkpt lat="50.806556" lon="7.091562"><ele>55</ele></trkpt>
   <trkpt lat="50.805607" lon="7.093088"><ele>56</ele></trkpt>
   <trkpt lat="50.804791" lon="7.094403"><ele>55.75</ele></trkpt>
   <trkpt lat="50.804749" lon="7.094466"><ele>55.75</ele></trkpt>
   <trkpt lat="50.80229" lon="7.090635"><ele>56.75</ele></trkpt>
   <trkpt lat="50.800444" lon="7.087536"><ele>56</ele></trkpt>
   <trkpt lat="50.798961" lon="7.085045"><ele>56</ele></trkpt>
   <trkpt lat="50.798215" lon="7.083816"><ele>56.5</ele></trkpt>
   <trkpt lat="50.79747" lon="7.082546"><ele>56</ele></trkpt>
   <trkpt lat="50.797431" lon="7.082487"><ele>56</ele></trkpt>
   <trkpt lat="50.796202" lon="7.080423"><ele>55.75</ele></trkpt>
   <trkpt lat="50.795569" lon="7.081163"><ele>56</ele></trkpt>
   <trkpt lat="50.794806" lon="7.082034"><ele>57</ele></trkpt>
   <trkpt lat="50.793974" lon="7.083411"><ele>57</ele></trkpt>
   <trkpt lat="50.793668" lon="7.083864"><ele>56.75</ele></trkpt>
   <trkpt lat="50.792732" lon="7.085211"><ele>56</ele></trkpt>
   <trkpt lat="50.791814" lon="7.08647"><ele>57</ele></trkpt>
   <trkpt lat="50.790928" lon="7.087707"><ele>56.5</ele></trkpt>
   <trkpt lat="50.789996" lon="7.088988"><ele>56</ele></trkpt>
   <trkpt lat="50.787727" lon="7.091486"><ele>57</ele></trkpt>
   <trkpt lat="50.786083" lon="7.093314"><ele>57</ele></trkpt>
   <trkpt lat="50.786073" lon="7.093323"><ele>57</ele></trkpt>
   <trkpt lat="50.784956" lon="7.094571"><ele>57</ele></trkpt>
   <trkpt lat="50.784767" lon="7.094802"><ele>57</ele></trkpt>
   <trkpt lat="50.784681" lon="7.094923"><ele>57</ele></trkpt>
   <trkpt lat="50.784042" lon="7.095867"><ele>57</ele></trkpt>
   <trkpt lat="50.783851" lon="7.096137"><ele>57</ele></trkpt>
   <trkpt lat="50.783184" lon="7.097441"><ele>57</ele></trkpt>
   <trkpt lat="50.782632" lon="7.098557"><ele>57</ele></trkpt>
   <trkpt lat="50.782342" lon="7.099144"><ele>57</ele></trkpt>
   <trkpt lat="50.78199" lon="7.099888"><ele>57</ele></trkpt>
   <trkpt lat="50.781522" lon="7.10087"><ele>56.5</ele></trkpt>
   <trkpt lat="50.781491" lon="7.100978"><ele>56.5</ele></trkpt>
   <trkpt lat="50.781474" lon="7.101037"><ele>56.5</ele></trkpt>
   <trkpt lat="50.781449" lon="7.101124"><ele>56.75</ele></trkpt>
   <trkpt lat="50.781396" lon="7.101306"><ele>56.75</ele></trkpt>
   <trkpt lat="50.781379" lon="7.101368"><ele>57</ele></trkpt>
   <trkpt lat="50.781245" lon="7.101829"><ele>57</ele></trkpt>
   <trkpt lat="50.781234" lon="7.101866"><ele>57</ele></trkpt>
   <trkpt lat="50.781046" lon="7.102571"><ele>57</ele></trkpt>
   <trkpt lat="50.780843" lon="7.103336"><ele>57.75</ele></trkpt>
   <trkpt lat="50.780769" lon="7.103629"><ele>57.5</ele></trkpt>
   <trkpt lat="50.780718" lon="7.10383"><ele>57.25</ele></trkpt>
   <trkpt lat="50.780676" lon="7.104021"><ele>57.75</ele></trkpt>
   <trkpt lat="50.780658" lon="7.104096"><ele>57.75</ele></trkpt>
   <trkpt lat="50.780615" lon="7.104252"><ele>58</ele></trkpt>
   <trkpt lat="50.78058" lon="7.104364"><ele>58</ele></trkpt>
   <trkpt lat="50.780555" lon="7.104485"><ele>58</ele></trkpt>
   <trkpt lat="50.780542" lon="7.104543"><ele>58</ele></trkpt>
   <trkpt lat="50.780499" lon="7.104752"><ele>58</ele></trkpt>
   <trkpt lat="50.780192" lon="7.106413"><ele>58</ele></trkpt>
   <trkpt lat="50.780148" lon="7.106514"><ele>58</ele></trkpt>
   <trkpt lat="50.780106" lon="7.106551"><ele>58</ele></trkpt>
   <trkpt lat="50.780041" lon="7.106543"><ele>58</ele></trkpt>
   <trkpt lat="50.779821" lon="7.106404"><ele>57.75</ele></trkpt>
   <trkpt lat="50.779788" lon="7.106436"><ele>57.75</ele></trkpt>
   <trkpt lat="50.779766" lon="7.106477"><ele>57.5</ele></trkpt>
   <trkpt lat="50.779415" lon="7.10775"><ele>57</ele></trkpt>
   <trkpt lat="50.778756" lon="7.107135"><ele>58</ele></trkpt>
   <trkpt lat="50.778529" lon="7.106932"><ele>58</ele></trkpt>
   <trkpt lat="50.778388" lon="7.10679"><ele>58</ele></trkpt>
   <trkpt lat="50.778248" lon="7.106629"><ele>57.75</ele></trkpt>
   <trkpt lat="50.778095" lon="7.106421"><ele>58</ele></trkpt>
   <trkpt lat="50.77803" lon="7.106337"><ele>58</ele></trkpt>
   <trkpt lat="50.777793" lon="7.105992"><ele>57.75</ele></trkpt>
   <trkpt lat="50.777565" lon="7.105707"><ele>58.25</ele></trkpt>
   <trkpt lat="50.77752" lon="7.10565"><ele>58.25</ele></trkpt>
   <trkpt lat="50.777393" lon="7.105484"><ele>58</ele></trkpt>
   <trkpt lat="50.777247" lon="7.105346"><ele>57.75</ele></trkpt>
   <trkpt lat="50.776936" lon="7.105108"><ele>59</ele></trkpt>
   <trkpt lat="50.776104" lon="7.104436"><ele>59</ele></trkpt>
   <trkpt lat="50.77603" lon="7.104359"><ele>59</ele></trkpt>
   <trkpt lat="50.775725" lon="7.104197"><ele>58.5</ele></trkpt>
   <trkpt lat="50.774945" lon="7.103881"><ele>58</ele></trkpt>
   <trkpt lat="50.774236" lon="7.103607"><ele>58</ele></trkpt>
   <trkpt lat="50.774182" lon="7.103578"><ele>58</ele></trkpt>
   <trkpt lat="50.773976" lon="7.103519"><ele>58</ele></trkpt>
   <trkpt lat="50.773781" lon="7.103463"><ele>58</ele></trkpt>
   <trkpt lat="50.773539" lon="7.103413"><ele>57.25</ele></trkpt>
   <trkpt lat="50.773432" lon="7.103402"><ele>56</ele></trkpt>
   <trkpt lat="50.773335" lon="7.103415"><ele>55.25</ele></trkpt>
   <trkpt lat="50.772897" lon="7.103533"><ele>51.25</ele></trkpt>
   <trkpt lat="50.772818" lon="7.103545"><ele>51</ele></trkpt>
   <trkpt lat="50.772762" lon="7.103552"><ele>50.5</ele></trkpt>
   <trkpt lat="50.772552" lon="7.103498"><ele>49.75</ele></trkpt>
   <trkpt lat="50.77165" lon="7.103252"><ele>49.5</ele></trkpt>
   <trkpt lat="50.770931" lon="7.103098"><ele>49.5</ele></trkpt>
   <trkpt lat="50.770336" lon="7.103024"><ele>49.75</ele></trkpt>
   <trkpt lat="50.769778" lon="7.103175"><ele>49</ele></trkpt>
   <trkpt lat="50.769437" lon="7.10334"><ele>49.75</ele></trkpt>
   <trkpt lat="50.768882" lon="7.103672"><ele>49.75</ele></trkpt>
   <trkpt lat="50.767586" lon="7.104484"><ele>50.25</ele></trkpt>
   <trkpt lat="50.767488" lon="7.104516"><ele>50.25</ele></trkpt>
   <trkpt lat="50.767369" lon="7.104602"><ele>50</ele></trkpt>
   <trkpt lat="50.767559" lon="7.103922"><ele>53.5</ele></trkpt>
   <trkpt lat="50.767584" lon="7.103783"><ele>53</ele></trkpt>
   <trkpt lat="50.76752" lon="7.103905"><ele>54.25</ele></trkpt>
   <trkpt lat="50.767351" lon="7.104306"><ele>54.25</ele></trkpt>
   <trkpt lat="50.766711" lon="7.10571"><ele>54.25</ele></trkpt>
   <trkpt lat="50.766288" lon="7.106573"><ele>54.5</ele></trkpt>
   <trkpt lat="50.765901" lon="7.107332"><ele>54.5</ele></trkpt>
   <trkpt lat="50.765603" lon="7.107887"><ele>54.5</ele></trkpt>
   <trkpt lat="50.765044" lon="7.108875"><ele>54.5</ele></trkpt>
   <trkpt lat="50.764513" lon="7.109764"><ele>54.75</ele></trkpt>
   <trkpt lat="50.764237" lon="7.110204"><ele>54.75</ele></trkpt>
   <trkpt lat="50.763849" lon="7.110794"><ele>54.75</ele></trkpt>
   <trkpt lat="50.763459" lon="7.11137"><ele>54.75</ele></trkpt>
   <trkpt lat="50.763271" lon="7.111639"><ele>55</ele></trkpt>
   <trkpt lat="50.763212" lon="7.11171"><ele>54.25</ele></trkpt>
   <trkpt lat="50.762256" lon="7.112919"><ele>50.5</ele></trkpt>
   <trkpt lat="50.761441" lon="7.113823"><ele>49.75</ele></trkpt>
   <trkpt lat="50.760774" lon="7.114504"><ele>50</ele></trkpt>
   <trkpt lat="50.760713" lon="7.114598"><ele>50</ele></trkpt>
   <trkpt lat="50.760665" lon="7.114713"><ele>50</ele></trkpt>
   <trkpt lat="50.760611" lon="7.114762"><ele>50</ele></trkpt>
   <trkpt lat="50.760568" lon="7.114751"><ele>50</ele></trkpt>
   <trkpt lat="50.760532" lon="7.11474"><ele>50</ele></trkpt>
   <trkpt lat="50.760468" lon="7.114795"><ele>50</ele></trkpt>
   <trkpt lat="50.760372" lon="7.114875"><ele>50</ele></trkpt>
   <trkpt lat="50.760335" lon="7.11476"><ele>50</ele></trkpt>
   <trkpt lat="50.76029" lon="7.11463"><ele>49.5</ele></trkpt>
   <trkpt lat="50.760247" lon="7.114597"><ele>49.5</ele></trkpt>
   <trkpt lat="50.760201" lon="7.114562"><ele>49.5</ele></trkpt>
   <trkpt lat="50.760215" lon="7.114465"><ele>49.25</ele></trkpt>
   <trkpt lat="50.760218" lon="7.114364"><ele>49</ele></trkpt>
   <trkpt lat="50.760212" lon="7.114256"><ele>49</ele></trkpt>
   <trkpt lat="50.760199" lon="7.114153"><ele>49.25</ele></trkpt>
   <trkpt lat="50.760129" lon="7.113835"><ele>50</ele></trkpt>
   <trkpt lat="50.760087" lon="7.113856"><ele>50</ele></trkpt>
   <trkpt lat="50.760043" lon="7.113875"><ele>50</ele></trkpt>
   <trkpt lat="50.75965" lon="7.113966"><ele>50</ele></trkpt>
   <trkpt lat="50.759537" lon="7.113966"><ele>50</ele></trkpt>
   <trkpt lat="50.759296" lon="7.113937"><ele>50</ele></trkpt>
   <trkpt lat="50.758394" lon="7.113994"><ele>50</ele></trkpt>
   <trkpt lat="50.757696" lon="7.113927"><ele>50</ele></trkpt>
   <trkpt lat="50.757416" lon="7.113946"><ele>50.25</ele></trkpt>
   <trkpt lat="50.757094" lon="7.114061"><ele>51</ele></trkpt>
   <trkpt lat="50.756691" lon="7.114141"><ele>51</ele></trkpt>
   <trkpt lat="50.756027" lon="7.114208"><ele>50.75</ele></trkpt>
   <trkpt lat="50.755358" lon="7.114256"><ele>50.75</ele></trkpt>
   <trkpt lat="50.755136" lon="7.114282"><ele>50.75</ele></trkpt>
   <trkpt lat="50.753934" lon="7.114386"><ele>50</ele></trkpt>
   <trkpt lat="50.753689" lon="7.114386"><ele>50</ele></trkpt>
   <trkpt lat="50.753636" lon="7.114394"><ele>50</ele></trkpt>
   <trkpt lat="50.753616" lon="7.114399"><ele>50</ele></trkpt>
   <trkpt lat="50.753536" lon="7.114414"><ele>50.5</ele></trkpt>
   <trkpt lat="50.753488" lon="7.114424"><ele>50.75</ele></trkpt>
   <trkpt lat="50.753359" lon="7.114456"><ele>51.75</ele></trkpt>
   <trkpt lat="50.752758" lon="7.114608"><ele>55</ele></trkpt>
   <trkpt lat="50.752372" lon="7.114707"><ele>55.25</ele></trkpt>
   <trkpt lat="50.752073" lon="7.114824"><ele>56.5</ele></trkpt>
   <trkpt lat="50.751926" lon="7.114897"><ele>57</ele></trkpt>
   <trkpt lat="50.751674" lon="7.115023"><ele>56.75</ele></trkpt>
   <trkpt lat="50.75147" lon="7.115151"><ele>57.5</ele></trkpt>
   <trkpt lat="50.751469" lon="7.114969"><ele>57.5</ele></trkpt>
   <trkpt lat="50.75143" lon="7.114824"><ele>57.25</ele></trkpt>
   <trkpt lat="50.751394" lon="7.114693"><ele>57</ele></trkpt>
   <trkpt lat="50.751304" lon="7.114476"><ele>57.25</ele></trkpt>
   <trkpt lat="50.751181" lon="7.114263"><ele>56</ele></trkpt>
   <trkpt lat="50.751145" lon="7.114215"><ele>55.5</ele></trkpt>
   <trkpt lat="50.750993" lon="7.114003"><ele>54.5</ele></trkpt>
   <trkpt lat="50.750674" lon="7.113679"><ele>52</ele></trkpt>
   <trkpt lat="50.750508" lon="7.113524"><ele>51.5</ele></trkpt>
   <trkpt lat="50.750117" lon="7.112874"><ele>51</ele></trkpt>
   <trkpt lat="50.750021" lon="7.112718"><ele>50.75</ele></trkpt>
   <trkpt lat="50.749696" lon="7.112023"><ele>52.25</ele></trkpt>
   <trkpt lat="50.749635" lon="7.111867"><ele>52.5</ele></trkpt>
   <trkpt lat="50.749493" lon="7.111977"><ele>52.75</ele></trkpt>
   <trkpt lat="50.748463" lon="7.112745"><ele>52.75</ele></trkpt>
   <trkpt lat="50.747951" lon="7.113169"><ele>52.75</ele></trkpt>
   <trkpt lat="50.747324" lon="7.113644"><ele>52.75</ele></trkpt>
   <trkpt lat="50.746992" lon="7.113915"><ele>53.25</ele></trkpt>
   <trkpt lat="50.746706" lon="7.114088"><ele>52.5</ele></trkpt>
   <trkpt lat="50.746408" lon="7.114249"><ele>53.25</ele></trkpt>
   <trkpt lat="50.745998" lon="7.114403"><ele>53.25</ele></trkpt>
   <trkpt lat="50.745465" lon="7.114481"><ele>53.5</ele></trkpt>
   <trkpt lat="50.745332" lon="7.1145"><ele>53.5</ele></trkpt>
   <trkpt lat="50.74521" lon="7.114504"><ele>53.5</ele></trkpt>
   <trkpt lat="50.744031" lon="7.114546"><ele>53.25</ele></trkpt>
   <trkpt lat="50.743313" lon="7.114633"><ele>53</ele></trkpt>
   <trkpt lat="50.74324" lon="7.114631"><ele>53</ele></trkpt>
   <trkpt lat="50.743181" lon="7.114608"><ele>53.25</ele></trkpt>
   <trkpt lat="50.742729" lon="7.114626"><ele>52.75</ele></trkpt>
   <trkpt lat="50.742672" lon="7.114636"><ele>52.75</ele></trkpt>
   <trkpt lat="50.742638" lon="7.114656"><ele>53</ele></trkpt>
   <trkpt lat="50.742593" lon="7.1147"><ele>53.5</ele></trkpt>
   <trkpt lat="50.742114" lon="7.114799"><ele>53.25</ele></trkpt>
   <trkpt lat="50.741983" lon="7.114821"><ele>53.25</ele></trkpt>
   <trkpt lat="50.741478" lon="7.114919"><ele>52.5</ele></trkpt>
   <trkpt lat="50.741284" lon="7.114956"><ele>52.75</ele></trkpt>
   <trkpt lat="50.741221" lon="7.114967"><ele>52.75</ele></trkpt>
   <trkpt lat="50.741214" lon="7.114927"><ele>52.75</ele></trkpt>
   <trkpt lat="50.740418" lon="7.115133"><ele>53</ele></trkpt>
   <trkpt lat="50.73922" lon="7.115704"><ele>53.75</ele></trkpt>
   <trkpt lat="50.739199" lon="7.115714"><ele>53.75</ele></trkpt>
   <trkpt lat="50.73913" lon="7.115696"><ele>54</ele></trkpt>
   <trkpt lat="50.739133" lon="7.115623"><ele>54</ele></trkpt>
   <trkpt lat="50.739103" lon="7.115604"><ele>54</ele></trkpt>
   <trkpt lat="50.739077" lon="7.115569"><ele>54.25</ele></trkpt>
   <trkpt lat="50.739044" lon="7.115346"><ele>54.25</ele></trkpt>
   <trkpt lat="50.738942" lon="7.114663"><ele>54.5</ele></trkpt>
   <trkpt lat="50.738757" lon="7.113346"><ele>55</ele></trkpt>
   <trkpt lat="50.738289" lon="7.110067"><ele>56.75</ele></trkpt>
   <trkpt lat="50.737833" lon="7.106791"><ele>58.25</ele></trkpt>
   <trkpt lat="50.737817" lon="7.106649"><ele>58.5</ele></trkpt>
   <trkpt lat="50.737779" lon="7.106312"><ele>58.5</ele></trkpt>
   <trkpt lat="50.737729" lon="7.105973"><ele>58</ele></trkpt>
   <trkpt lat="50.73773" lon="7.105888"><ele>58</ele></trkpt>
   <trkpt lat="50.737711" lon="7.10581"><ele>58</ele></trkpt>
   <trkpt lat="50.7378" lon="7.105658"><ele>57.75</ele></trkpt>
   <trkpt lat="50.737849" lon="7.105636"><ele>57.5</ele></trkpt>
   <trkpt lat="50.737973" lon="7.105581"><ele>57.25</ele></trkpt>
   <trkpt lat="50.73822" lon="7.10549"><ele>56.25</ele></trkpt>
   <trkpt lat="50.738455" lon="7.105407"><ele>55.75</ele></trkpt>
   <trkpt lat="50.738547" lon="7.106312"><ele>53.25</ele></trkpt>
   <trkpt lat="50.738574" lon="7.106598"><ele>52.25</ele></trkpt>
   <trkpt lat="50.738571" lon="7.106723"><ele>52</ele></trkpt>
   <trkpt lat="50.738599" lon="7.106869"><ele>52</ele></trkpt>
   <trkpt lat="50.737409" lon="7.107225"><ele>52</ele></trkpt>
   <trkpt lat="50.736307" lon="7.107535"><ele>52</ele></trkpt>
   <trkpt lat="50.736226" lon="7.107516"><ele>52</ele></trkpt>
   <trkpt lat="50.736107" lon="7.107553"><ele>52</ele></trkpt>
   <trkpt lat="50.735859" lon="7.107639"><ele>52.75</ele></trkpt>
   <trkpt lat="50.735684" lon="7.107719"><ele>52.25</ele></trkpt>
   <trkpt lat="50.735524" lon="7.107799"><ele>52</ele></trkpt>
   <trkpt lat="50.735023" lon="7.108143"><ele>51.75</ele></trkpt>
   <trkpt lat="50.734562" lon="7.108362"><ele>50.25</ele></trkpt>
   <trkpt lat="50.732641" lon="7.109276"><ele>51.75</ele></trkpt>
   <trkpt lat="50.732484" lon="7.109346"><ele>51.5</ele></trkpt>
   <trkpt lat="50.732428" lon="7.109353"><ele>51.25</ele></trkpt>
   <trkpt lat="50.732382" lon="7.109343"><ele>51</ele></trkpt>
   <trkpt lat="50.732199" lon="7.109267"><ele>50.75</ele></trkpt>
   <trkpt lat="50.7321" lon="7.109263"><ele>52.25</ele></trkpt>
   <trkpt lat="50.732046" lon="7.109282"><ele>52.75</ele></trkpt>
   <trkpt lat="50.731859" lon="7.109382"><ele>51.75</ele></trkpt>
   <trkpt lat="50.731329" lon="7.109695"><ele>51.25</ele></trkpt>
   <trkpt lat="50.730808" lon="7.11003"><ele>51</ele></trkpt>
   <trkpt lat="50.730283" lon="7.110352"><ele>51.25</ele></trkpt>
   <trkpt lat="50.730108" lon="7.110457"><ele>51.5</ele></trkpt>
   <trkpt lat="50.729848" lon="7.110624"><ele>51.5</ele></trkpt>
   <trkpt lat="50.728918" lon="7.111232"><ele>53.25</ele></trkpt>
   <trkpt lat="50.728861" lon="7.11124"><ele>53.75</ele></trkpt>
   <trkpt lat="50.728801" lon="7.111182"><ele>54.5</ele></trkpt>
   <trkpt lat="50.728719" lon="7.110951"><ele>56.5</ele></trkpt>
   <trkpt lat="50.728343" lon="7.109889"><ele>60</ele></trkpt>
   <trkpt lat="50.728328" lon="7.109853"><ele>60</ele></trkpt>
   <trkpt lat="50.728294" lon="7.109753"><ele>60</ele></trkpt>
   <trkpt lat="50.728246" lon="7.109648"><ele>59.75</ele></trkpt>
   <trkpt lat="50.728223" lon="7.109579"><ele>60</ele></trkpt>
   <trkpt lat="50.728206" lon="7.10951"><ele>60</ele></trkpt>
   <trkpt lat="50.728088" lon="7.109116"><ele>60</ele></trkpt>
   <trkpt lat="50.727734" lon="7.108826"><ele>59</ele></trkpt>
   <trkpt lat="50.727615" lon="7.108729"><ele>59</ele></trkpt>
   <trkpt lat="50.727103" lon="7.108286"><ele>59</ele></trkpt>
   <trkpt lat="50.727" lon="7.108226"><ele>59</ele></trkpt>
   <trkpt lat="50.726902" lon="7.10821"><ele>59</ele></trkpt>
   <trkpt lat="50.726798" lon="7.108201"><ele>59</ele></trkpt>
   <trkpt lat="50.726695" lon="7.108188"><ele>59</ele></trkpt>
   <trkpt lat="50.72663" lon="7.108141"><ele>58.75</ele></trkpt>
   <trkpt lat="50.726601" lon="7.108206"><ele>58.75</ele></trkpt>
   <trkpt lat="50.726474" lon="7.108307"><ele>58.75</ele></trkpt>
   <trkpt lat="50.726291" lon="7.108415"><ele>59</ele></trkpt>
   <trkpt lat="50.726236" lon="7.108448"><ele>59</ele></trkpt>
   <trkpt lat="50.725855" lon="7.108565"><ele>59</ele></trkpt>
   <trkpt lat="50.725383" lon="7.108594"><ele>59</ele></trkpt>
   <trkpt lat="50.725228" lon="7.108588"><ele>58.75</ele></trkpt>
   <trkpt lat="50.725028" lon="7.108544"><ele>58</ele></trkpt>
   <trkpt lat="50.724942" lon="7.108521"><ele>58</ele></trkpt>
   <trkpt lat="50.724702" lon="7.108132"><ele>57.25</ele></trkpt>
   <trkpt lat="50.72467" lon="7.108078"><ele>57</ele></trkpt>
   <trkpt lat="50.724643" lon="7.108026"><ele>57</ele></trkpt>
   <trkpt lat="50.724624" lon="7.10798"><ele>57</ele></trkpt>
   <trkpt lat="50.724603" lon="7.107932"><ele>57</ele></trkpt>
   <trkpt lat="50.724552" lon="7.107769"><ele>57</ele></trkpt>
   <trkpt lat="50.723757" lon="7.108572"><ele>57.5</ele></trkpt>
   <trkpt lat="50.723612" lon="7.108534"><ele>57.75</ele></trkpt>
   <trkpt lat="50.72309" lon="7.108561"><ele>58.75</ele></trkpt>
   <trkpt lat="50.722531" lon="7.108573"><ele>59</ele></trkpt>
   <trkpt lat="50.72227" lon="7.10858"><ele>58.75</ele></trkpt>
   <trkpt lat="50.722065" lon="7.108579"><ele>58.75</ele></trkpt>
   <trkpt lat="50.721811" lon="7.108586"><ele>58.75</ele></trkpt>
   <trkpt lat="50.721009" lon="7.109022"><ele>59</ele></trkpt>
   <trkpt lat="50.720912" lon="7.109075"><ele>59</ele></trkpt>
   <trkpt lat="50.720738" lon="7.10917"><ele>59</ele></trkpt>
   <trkpt lat="50.720697" lon="7.109187"><ele>59</ele></trkpt>
   <trkpt lat="50.720617" lon="7.109237"><ele>59</ele></trkpt>
   <trkpt lat="50.720542" lon="7.109284"><ele>59</ele></trkpt>
   <trkpt lat="50.720479" lon="7.109324"><ele>59</ele></trkpt>
   <trkpt lat="50.720422" lon="7.109393"><ele>59</ele></trkpt>
   <trkpt lat="50.720375" lon="7.10946"><ele>59</ele></trkpt>
   <trkpt lat="50.720329" lon="7.109511"><ele>59</ele></trkpt>
   <trkpt lat="50.720269" lon="7.109579"><ele>59</ele></trkpt>
   <trkpt lat="50.720208" lon="7.10962"><ele>59</ele></trkpt>
   <trkpt lat="50.720126" lon="7.109676"><ele>59</ele></trkpt>
   <trkpt lat="50.720031" lon="7.109722"><ele>59</ele></trkpt>
   <trkpt lat="50.719633" lon="7.109926"><ele>59</ele></trkpt>
   <trkpt lat="50.719304" lon="7.110101"><ele>59.5</ele></trkpt>
   <trkpt lat="50.719154" lon="7.110152"><ele>59.5</ele></trkpt>
   <trkpt lat="50.719091" lon="7.110158"><ele>59.5</ele></trkpt>
   <trkpt lat="50.719023" lon="7.110138"><ele>59.75</ele></trkpt>
   <trkpt lat="50.71896" lon="7.110092"><ele>59.75</ele></trkpt>
   <trkpt lat="50.718875" lon="7.110085"><ele>60</ele></trkpt>
   <trkpt lat="50.718616" lon="7.110063"><ele>60</ele></trkpt>
   <trkpt lat="50.718283" lon="7.110048"><ele>59</ele></trkpt>
   <trkpt lat="50.718105" lon="7.110032"><ele>59</ele></trkpt>
   <trkpt lat="50.717879" lon="7.11001"><ele>59</ele></trkpt>
   <trkpt lat="50.717752" lon="7.110025"><ele>59</ele></trkpt>
   <trkpt lat="50.717523" lon="7.110076"><ele>59</ele></trkpt>
   <trkpt lat="50.71738" lon="7.110113"><ele>59</ele></trkpt>
   <trkpt lat="50.717235" lon="7.110147"><ele>59</ele></trkpt>
   <trkpt lat="50.717035" lon="7.11022"><ele>59</ele></trkpt>
   <trkpt lat="50.716908" lon="7.110294"><ele>59</ele></trkpt>
   <trkpt lat="50.716762" lon="7.110284"><ele>59.5</ele></trkpt>
   <trkpt lat="50.716587" lon="7.110299"><ele>59.5</ele></trkpt>
   <trkpt lat="50.716329" lon="7.110224"><ele>59</ele></trkpt>
   <trkpt lat="50.715994" lon="7.11015"><ele>59</ele></trkpt>
   <trkpt lat="50.715904" lon="7.110142"><ele>59</ele></trkpt>
   <trkpt lat="50.71551" lon="7.110146"><ele>59</ele></trkpt>
   <trkpt lat="50.715437" lon="7.11015"><ele>59</ele></trkpt>
   <trkpt lat="50.715221" lon="7.11013"><ele>59</ele></trkpt>
   <trkpt lat="50.714529" lon="7.109919"><ele>57.75</ele></trkpt>
   <trkpt lat="50.714357" lon="7.109865"><ele>58</ele></trkpt>
   <trkpt lat="50.7142" lon="7.109811"><ele>57.75</ele></trkpt>
   <trkpt lat="50.714152" lon="7.109794"><ele>58</ele></trkpt>
   <trkpt lat="50.714043" lon="7.109756"><ele>58</ele></trkpt>
   <trkpt lat="50.713965" lon="7.10974"><ele>57.75</ele></trkpt>
   <trkpt lat="50.71386" lon="7.109728"><ele>58</ele></trkpt>
   <trkpt lat="50.713631" lon="7.109731"><ele>58</ele></trkpt>
   <trkpt lat="50.712907" lon="7.109847"><ele>58</ele></trkpt>
   <trkpt lat="50.712813" lon="7.109895"><ele>58</ele></trkpt>
   <trkpt lat="50.712722" lon="7.109948"><ele>58</ele></trkpt>
   <trkpt lat="50.712517" lon="7.109995"><ele>58</ele></trkpt>
   <trkpt lat="50.712488" lon="7.110001"><ele>58</ele></trkpt>
   <trkpt lat="50.712292" lon="7.110049"><ele>58.5</ele></trkpt>
   <trkpt lat="50.712157" lon="7.110084"><ele>59</ele></trkpt>
   <trkpt lat="50.711842" lon="7.110156"><ele>59</ele></trkpt>
   <trkpt lat="50.711644" lon="7.110193"><ele>59</ele></trkpt>
   <trkpt lat="50.711301" lon="7.11027"><ele>59</ele></trkpt>
   <trkpt lat="50.710698" lon="7.110399"><ele>59</ele></trkpt>
   <trkpt lat="50.710471" lon="7.110442"><ele>59</ele></trkpt>
   <trkpt lat="50.709926" lon="7.11054"><ele>59.25</ele></trkpt>
   <trkpt lat="50.70985" lon="7.11056"><ele>59.5</ele></trkpt>
   <trkpt lat="50.709757" lon="7.110603"><ele>59.75</ele></trkpt>
   <trkpt lat="50.709653" lon="7.11063"><ele>59.75</ele></trkpt>
   <trkpt lat="50.709565" lon="7.110638"><ele>59.5</ele></trkpt>
   <trkpt lat="50.709299" lon="7.110643"><ele>59</ele></trkpt>
   <trkpt lat="50.709014" lon="7.110596"><ele>59</ele></trkpt>
   <trkpt lat="50.708638" lon="7.110495"><ele>59</ele></trkpt>
   <trkpt lat="50.708548" lon="7.110484"><ele>58.75</ele></trkpt>
   <trkpt lat="50.708517" lon="7.110479"><ele>58.5</ele></trkpt>
   <trkpt lat="50.708433" lon="7.110482"><ele>58.25</ele></trkpt>
   <trkpt lat="50.708347" lon="7.110499"><ele>58</ele></trkpt>
   <trkpt lat="50.708269" lon="7.110532"><ele>58</ele></trkpt>
   <trkpt lat="50.708204" lon="7.110568"><ele>58</ele></trkpt>
   <trkpt lat="50.708085" lon="7.110668"><ele>58</ele></trkpt>
   <trkpt lat="50.707966" lon="7.110801"><ele>58</ele></trkpt>
   <trkpt lat="50.707351" lon="7.11151"><ele>58</ele></trkpt>
   <trkpt lat="50.707069" lon="7.111822"><ele>58</ele></trkpt>
   <trkpt lat="50.70672" lon="7.112186"><ele>58</ele></trkpt>
   <trkpt lat="50.706382" lon="7.112518"><ele>58</ele></trkpt>
   <trkpt lat="50.705708" lon="7.113063"><ele>59</ele></trkpt>
   <trkpt lat="50.705598" lon="7.11315"><ele>59</ele></trkpt>
   <trkpt lat="50.704973" lon="7.113592"><ele>59</ele></trkpt>
   <trkpt lat="50.704683" lon="7.113846"><ele>59</ele></trkpt>
   <trkpt lat="50.70448" lon="7.114049"><ele>58.75</ele></trkpt>
   <trkpt lat="50.704433" lon="7.114096"><ele>59</ele></trkpt>
   <trkpt lat="50.704378" lon="7.114165"><ele>58.75</ele></trkpt>
   <trkpt lat="50.704226" lon="7.11438"><ele>59</ele></trkpt>
   <trkpt lat="50.704193" lon="7.114428"><ele>59</ele></trkpt>
   <trkpt lat="50.704053" lon="7.114632"><ele>59.5</ele></trkpt>
   <trkpt lat="50.703998" lon="7.114712"><ele>59.25</ele></trkpt>
   <trkpt lat="50.703659" lon="7.115218"><ele>59.75</ele></trkpt>
   <trkpt lat="50.703396" lon="7.115565"><ele>60</ele></trkpt>
   <trkpt lat="50.703343" lon="7.115621"><ele>59.75</ele></trkpt>
   <trkpt lat="50.703287" lon="7.115654"><ele>60</ele></trkpt>
   <trkpt lat="50.703046" lon="7.115155"><ele>59</ele></trkpt>
   <trkpt lat="50.702902" lon="7.114878"><ele>59</ele></trkpt>
   <trkpt lat="50.70279" lon="7.114667"><ele>58.75</ele></trkpt>
   <trkpt lat="50.702727" lon="7.114536"><ele>58.25</ele></trkpt>
   <trkpt lat="50.702663" lon="7.114403"><ele>58</ele></trkpt>
   <trkpt lat="50.70262" lon="7.114322"><ele>58.25</ele></trkpt>
   <trkpt lat="50.702571" lon="7.11423"><ele>58.75</ele></trkpt>
   <trkpt lat="50.702501" lon="7.114096"><ele>58.75</ele></trkpt>
   <trkpt lat="50.702414" lon="7.113932"><ele>59</ele></trkpt>
   <trkpt lat="50.702331" lon="7.113756"><ele>59</ele></trkpt>
   <trkpt lat="50.702295" lon="7.113679"><ele>59</ele></trkpt>
   <trkpt lat="50.702239" lon="7.113545"><ele>59</ele></trkpt>
   <trkpt lat="50.702212" lon="7.113374"><ele>59</ele></trkpt>
   <trkpt lat="50.702013" lon="7.112919"><ele>60</ele></trkpt>
   <trkpt lat="50.701942" lon="7.112797"><ele>60</ele></trkpt>
   <trkpt lat="50.70185" lon="7.11267"><ele>60.5</ele></trkpt>
   <trkpt lat="50.701785" lon="7.112587"><ele>60.75</ele></trkpt>
   <trkpt lat="50.701658" lon="7.112348"><ele>61</ele></trkpt>
   <trkpt lat="50.701457" lon="7.111964"><ele>61.75</ele></trkpt>
   <trkpt lat="50.701314" lon="7.111694"><ele>63</ele></trkpt>
   <trkpt lat="50.70121" lon="7.111498"><ele>64.25</ele></trkpt>
   <trkpt lat="50.701171" lon="7.111381"><ele>64.75</ele></trkpt>
   <trkpt lat="50.701019" lon="7.111234"><ele>66.25</ele></trkpt>
   <trkpt lat="50.700952" lon="7.111193"><ele>67.25</ele></trkpt>
   <trkpt lat="50.700885" lon="7.111168"><ele>68</ele></trkpt>
   <trkpt lat="50.700793" lon="7.111163"><ele>69</ele></trkpt>
   <trkpt lat="50.700501" lon="7.111202"><ele>72.5</ele></trkpt>
   <trkpt lat="50.700316" lon="7.111234"><ele>75.75</ele></trkpt>
   <trkpt lat="50.700258" lon="7.111253"><ele>76.5</ele></trkpt>
   <trkpt lat="50.70007" lon="7.111355"><ele>76.75</ele></trkpt>
   <trkpt lat="50.699985" lon="7.111344"><ele>77.5</ele></trkpt>
   <trkpt lat="50.699788" lon="7.11121"><ele>80.5</ele></trkpt>
   <trkpt lat="50.699715" lon="7.111194"><ele>81.25</ele></trkpt>
   <trkpt lat="50.699643" lon="7.111211"><ele>82.75</ele></trkpt>
   <trkpt lat="50.699447" lon="7.111308"><ele>86.25</ele></trkpt>
   <trkpt lat="50.699406" lon="7.11132"><ele>86.75</ele></trkpt>
   <trkpt lat="50.699329" lon="7.111325"><ele>87.75</ele></trkpt>
   <trkpt lat="50.699293" lon="7.111315"><ele>88.5</ele></trkpt>
   <trkpt lat="50.699256" lon="7.111291"><ele>89.5</ele></trkpt>
   <trkpt lat="50.6991" lon="7.111133"><ele>95.5</ele></trkpt>
   <trkpt lat="50.69904" lon="7.111093"><ele>97</ele></trkpt>
   <trkpt lat="50.698958" lon="7.111061"><ele>98.75</ele></trkpt>
   <trkpt lat="50.698747" lon="7.111"><ele>104.25</ele></trkpt>
   <trkpt lat="50.698551" lon="7.11097"><ele>109.25</ele></trkpt>
   <trkpt lat="50.698364" lon="7.110833"><ele>115.25</ele></trkpt>
   <trkpt lat="50.698217" lon="7.110636"><ele>118</ele></trkpt>
   <trkpt lat="50.698089" lon="7.11044"><ele>121.5</ele></trkpt>
   <trkpt lat="50.698001" lon="7.110194"><ele>125.5</ele></trkpt>
   <trkpt lat="50.697961" lon="7.109978"><ele>128.75</ele></trkpt>
   <trkpt lat="50.697892" lon="7.109801"><ele>132.25</ele></trkpt>
   <trkpt lat="50.697784" lon="7.109634"><ele>135.5</ele></trkpt>
   <trkpt lat="50.697617" lon="7.109428"><ele>141</ele></trkpt>
   <trkpt lat="50.69749" lon="7.10931"><ele>144.5</ele></trkpt>
   <trkpt lat="50.697046" lon="7.109238"><ele>153.75</ele></trkpt>
   <trkpt lat="50.69651" lon="7.10913"><ele>163.75</ele></trkpt>
   <trkpt lat="50.696026" lon="7.108804"><ele>168.5</ele></trkpt>
   <trkpt lat="50.695831" lon="7.108615"><ele>170</ele></trkpt>
   <trkpt lat="50.694492" lon="7.107933"><ele>169.5</ele></trkpt>
   <trkpt lat="50.693813" lon="7.10733"><ele>169</ele></trkpt>
   <trkpt lat="50.693307" lon="7.106932"><ele>168.75</ele></trkpt>
   <trkpt lat="50.692939" lon="7.106338"><ele>169</ele></trkpt>
   <trkpt lat="50.692776" lon="7.106071"><ele>168.75</ele></trkpt>
   <trkpt lat="50.692665" lon="7.105986"><ele>168.25</ele></trkpt>
   <trkpt lat="50.692644" lon="7.105946"><ele>168</ele></trkpt>
   <trkpt lat="50.692515" lon="7.105945"><ele>167.25</ele></trkpt>
   <trkpt lat="50.692247" lon="7.10608"><ele>164.5</ele></trkpt>
   <trkpt lat="50.692026" lon="7.106154"><ele>163.75</ele></trkpt>
   <trkpt lat="50.691871" lon="7.106156"><ele>163.75</ele></trkpt>
   <trkpt lat="50.691748" lon="7.106227"><ele>163.5</ele></trkpt>
   <trkpt lat="50.69111" lon="7.106719"><ele>168</ele></trkpt>
   <trkpt lat="50.691027" lon="7.106757"><ele>168</ele></trkpt>
   <trkpt lat="50.690942" lon="7.10688"><ele>168</ele></trkpt>
   <trkpt lat="50.690769" lon="7.107242"><ele>168</ele></trkpt>
   <trkpt lat="50.690663" lon="7.107358"><ele>168</ele></trkpt>
   <trkpt lat="50.690496" lon="7.107408"><ele>168</ele></trkpt>
   <trkpt lat="50.689827" lon="7.107172"><ele>168.5</ele></trkpt>
   <trkpt lat="50.689452" lon="7.107405"><ele>168.75</ele></trkpt>
   <trkpt lat="50.689368" lon="7.107435"><ele>169.25</ele></trkpt>
   <trkpt lat="50.689176" lon="7.107457"><ele>169.75</ele></trkpt>
   <trkpt lat="50.688867" lon="7.107344"><ele>170</ele></trkpt>
   <trkpt lat="50.688767" lon="7.107322"><ele>170.25</ele></trkpt>
   <trkpt lat="50.688511" lon="7.107248"><ele>170.75</ele></trkpt>
   <trkpt lat="50.688035" lon="7.107002"><ele>171.5</ele></trkpt>
   <trkpt lat="50.687946" lon="7.106969"><ele>171</ele></trkpt>
   <trkpt lat="50.687782" lon="7.107011"><ele>170</ele></trkpt>
   <trkpt lat="50.68767" lon="7.107054"><ele>170</ele></trkpt>
   <trkpt lat="50.687635" lon="7.107093"><ele>170</ele></trkpt>
   <trkpt lat="50.687615" lon="7.107141"><ele>170</ele></trkpt>
   <trkpt lat="50.687606" lon="7.107234"><ele>170</ele></trkpt>
   <trkpt lat="50.687636" lon="7.107345"><ele>170</ele></trkpt>
   <trkpt lat="50.687683" lon="7.107453"><ele>169.5</ele></trkpt>
   <trkpt lat="50.687703" lon="7.107541"><ele>169.5</ele></trkpt>
   <trkpt lat="50.687702" lon="7.107612"><ele>169.75</ele></trkpt>
   <trkpt lat="50.687679" lon="7.107683"><ele>170</ele></trkpt>
   <trkpt lat="50.687657" lon="7.107728"><ele>170.25</ele></trkpt>
   <trkpt lat="50.6874" lon="7.108148"><ele>171.25</ele></trkpt>
   <trkpt lat="50.68611" lon="7.110249"><ele>172</ele></trkpt>
   <trkpt lat="50.684215" lon="7.113316"><ele>173</ele></trkpt>
   <trkpt lat="50.683756" lon="7.114041"><ele>174</ele></trkpt>
   <trkpt lat="50.683526" lon="7.114443"><ele>174</ele></trkpt>
   <trkpt lat="50.676937" lon="7.107383"><ele>178</ele></trkpt>
   <trkpt lat="50.676848" lon="7.107322"><ele>178</ele></trkpt>
   <trkpt lat="50.676812" lon="7.107235"><ele>178</ele></trkpt>
   <trkpt lat="50.676509" lon="7.106878"><ele>177</ele></trkpt>
   <trkpt lat="50.676446" lon="7.106774"><ele>177</ele></trkpt>
   <trkpt lat="50.676398" lon="7.106656"><ele>177</ele></trkpt>
   <trkpt lat="50.675981" lon="7.105354"><ele>177</ele></trkpt>
   <trkpt lat="50.673415" lon="7.097521"><ele>179</ele></trkpt>
   <trkpt lat="50.671328" lon="7.091059"><ele>172</ele></trkpt>
   <trkpt lat="50.66901" lon="7.084142"><ele>165.75</ele></trkpt>
   <trkpt lat="50.668555" lon="7.082766"><ele>160.25</ele></trkpt>
   <trkpt lat="50.668508" lon="7.082625"><ele>161.5</ele></trkpt>
   <trkpt lat="50.66784" lon="7.080565"><ele>166.5</ele></trkpt>
   <trkpt lat="50.666373" lon="7.076068"><ele>168</ele></trkpt>
   <trkpt lat="50.666333" lon="7.075916"><ele>168</ele></trkpt>
   <trkpt lat="50.662736" lon="7.077394"><ele>170</ele></trkpt>
   <trkpt lat="50.659546" lon="7.07871"><ele>171</ele></trkpt>
   <trkpt lat="50.659438" lon="7.078758"><ele>171</ele></trkpt>
   <trkpt lat="50.656287" lon="7.080045"><ele>173</ele></trkpt>
   <trkpt lat="50.655454" lon="7.074847"><ele>172.75</ele></trkpt>
   <trkpt lat="50.65484" lon="7.071073"><ele>173</ele></trkpt>
   <trkpt lat="50.654341" lon="7.067909"><ele>173</ele></trkpt>
   <trkpt lat="50.654025" lon="7.065976"><ele>174</ele></trkpt>
   <trkpt lat="50.653767" lon="7.064267"><ele>174.25</ele></trkpt>
   <trkpt lat="50.653761" lon="7.064154"><ele>174.25</ele></trkpt>
   <trkpt lat="50.652424" lon="7.066045"><ele>174</ele></trkpt>
   <trkpt lat="50.648966" lon="7.070919"><ele>175</ele></trkpt>
   <trkpt lat="50.6489" lon="7.071024"><ele>175</ele></trkpt>
   <trkpt lat="50.648799" lon="7.07122"><ele>175</ele></trkpt>
   <trkpt lat="50.648626" lon="7.07116"><ele>175</ele></trkpt>
   <trkpt lat="50.645863" lon="7.070635"><ele>176</ele></trkpt>
   <trkpt lat="50.640862" lon="7.069652"><ele>179.75</ele></trkpt>
   <trkpt lat="50.637178" lon="7.068948"><ele>184</ele></trkpt>
   <trkpt lat="50.635726" lon="7.068656"><ele>188.25</ele></trkpt>
   <trkpt lat="50.635127" lon="7.068544"><ele>190.5</ele></trkpt>
   <trkpt lat="50.634815" lon="7.068464"><ele>191.5</ele></trkpt>
   <trkpt lat="50.634695" lon="7.068432"><ele>192</ele></trkpt>
   <trkpt lat="50.634659" lon="7.068444"><ele>192</ele></trkpt>
   <trkpt lat="50.634626" lon="7.068459"><ele>192</ele></trkpt>
   <trkpt lat="50.634573" lon="7.068498"><ele>192</ele></trkpt>
   <trkpt lat="50.63449" lon="7.068527"><ele>192</ele></trkpt>
   <trkpt lat="50.634387" lon="7.068535"><ele>192</ele></trkpt>
   <trkpt lat="50.634297" lon="7.068539"><ele>192.5</ele></trkpt>
   <trkpt lat="50.633398" lon="7.068528"><ele>193.5</ele></trkpt>
   <trkpt lat="50.632678" lon="7.068569"><ele>194</ele></trkpt>
   <trkpt lat="50.632326" lon="7.068555"><ele>194</ele></trkpt>
   <trkpt lat="50.632287" lon="7.068572"><ele>194</ele></trkpt>
   <trkpt lat="50.631909" lon="7.0686"><ele>193.75</ele></trkpt>
   <trkpt lat="50.631531" lon="7.068563"><ele>194</ele></trkpt>
   <trkpt lat="50.630607" lon="7.068098"><ele>194</ele></trkpt>
   <trkpt lat="50.629965" lon="7.067756"><ele>195</ele></trkpt>
   <trkpt lat="50.629393" lon="7.067475"><ele>196</ele></trkpt>
   <trkpt lat="50.628538" lon="7.067018"><ele>197</ele></trkpt>
   <trkpt lat="50.62805" lon="7.066767"><ele>198</ele></trkpt>
   <trkpt lat="50.627841" lon="7.06669"><ele>198.75</ele></trkpt>
   <trkpt lat="50.626331" lon="7.065878"><ele>203</ele></trkpt>
   <trkpt lat="50.625502" lon="7.065463"><ele>205.25</ele></trkpt>
   <trkpt lat="50.624791" lon="7.064881"><ele>207.75</ele></trkpt>
   <trkpt lat="50.624753" lon="7.064948"><ele>207.75</ele></trkpt>
   <trkpt lat="50.623664" lon="7.065614"><ele>206.5</ele></trkpt>
   <trkpt lat="50.62351" lon="7.065668"><ele>207</ele></trkpt>
   <trkpt lat="50.622943" lon="7.065508"><ele>204.75</ele></trkpt>
   <trkpt lat="50.62269" lon="7.065583"><ele>202.75</ele></trkpt>
   <trkpt lat="50.622513" lon="7.06572"><ele>202.75</ele></trkpt>
   <trkpt lat="50.621895" lon="7.066478"><ele>205.75</ele></trkpt>
   <trkpt lat="50.620914" lon="7.067288"><ele>211.5</ele></trkpt>
   <trkpt lat="50.620253" lon="7.068094"><ele>210.75</ele></trkpt>
   <trkpt lat="50.618801" lon="7.069848"><ele>206.75</ele></trkpt>
   <trkpt lat="50.616891" lon="7.074054"><ele>203</ele></trkpt>
   <trkpt lat="50.616157" lon="7.075672"><ele>202.25</ele></trkpt>
   <trkpt lat="50.615452" lon="7.077224"><ele>201.75</ele></trkpt>
   <trkpt lat="50.61456" lon="7.079205"><ele>202.5</ele></trkpt>
   <trkpt lat="50.613731" lon="7.081038"><ele>203</ele></trkpt>
   <trkpt lat="50.612933" lon="7.082859"><ele>204</ele></trkpt>
   <trkpt lat="50.612052" lon="7.084914"><ele>203</ele></trkpt>
   <trkpt lat="50.611968" lon="7.084843"><ele>203.5</ele></trkpt>
   <trkpt lat="50.611244" lon="7.084459"><ele>203</ele></trkpt>
   <trkpt lat="50.610301" lon="7.083942"><ele>203.75</ele></trkpt>
   <trkpt lat="50.609734" lon="7.083569"><ele>203.75</ele></trkpt>
   <trkpt lat="50.608884" lon="7.083023"><ele>204</ele></trkpt>
   <trkpt lat="50.607778" lon="7.082302"><ele>204.5</ele></trkpt>
   <trkpt lat="50.60566" lon="7.080914"><ele>206.5</ele></trkpt>
   <trkpt lat="50.603649" lon="7.079472"><ele>209.75</ele></trkpt>
   <trkpt lat="50.602099" lon="7.078359"><ele>212</ele></trkpt>
   <trkpt lat="50.599868" lon="7.080731"><ele>216.25</ele></trkpt>
   <trkpt lat="50.599443" lon="7.081208"><ele>218</ele></trkpt>
   <trkpt lat="50.598979" lon="7.081742"><ele>218.5</ele></trkpt>
   <trkpt lat="50.598794" lon="7.081911"><ele>219.25</ele></trkpt>
   <trkpt lat="50.598063" lon="7.082465"><ele>221</ele></trkpt>
   <trkpt lat="50.597785" lon="7.082652"><ele>221.25</ele></trkpt>
   <trkpt lat="50.597647" lon="7.082744"><ele>221.5</ele></trkpt>
   <trkpt lat="50.596819" lon="7.083299"><ele>223.25</ele></trkpt>
   <trkpt lat="50.596576" lon="7.08346"><ele>224</ele></trkpt>
   <trkpt lat="50.596529" lon="7.083476"><ele>224</ele></trkpt>
   <trkpt lat="50.59645" lon="7.083473"><ele>224.25</ele></trkpt>
   <trkpt lat="50.596262" lon="7.08375"><ele>224.25</ele></trkpt>
   <trkpt lat="50.59612" lon="7.083982"><ele>224.5</ele></trkpt>
   <trkpt lat="50.595775" lon="7.084581"><ele>223.5</ele></trkpt>
   <trkpt lat="50.595388" lon="7.085338"><ele>223.5</ele></trkpt>
   <trkpt lat="50.595137" lon="7.086038"><ele>224.5</ele></trkpt>
   <trkpt lat="50.594866" lon="7.086797"><ele>226.25</ele></trkpt>
   <trkpt lat="50.594844" lon="7.086918"><ele>226.5</ele></trkpt>
   <trkpt lat="50.59484" lon="7.087042"><ele>226.75</ele></trkpt>
   <trkpt lat="50.594486" lon="7.08846"><ele>228.75</ele></trkpt>
   <trkpt lat="50.59444" lon="7.088631"><ele>229</ele></trkpt>
   <trkpt lat="50.593612" lon="7.092038"><ele>229.25</ele></trkpt>
   <trkpt lat="50.592315" lon="7.091411"><ele>235.5</ele></trkpt>
   <trkpt lat="50.592116" lon="7.091337"><ele>236.75</ele></trkpt>
   <trkpt lat="50.591865" lon="7.091332"><ele>238.25</ele></trkpt>
   <trkpt lat="50.590927" lon="7.09143"><ele>242.75</ele></trkpt>
   <trkpt lat="50.590442" lon="7.091469"><ele>245.75</ele></trkpt>
   <trkpt lat="50.590172" lon="7.091573"><ele>246.75</ele></trkpt>
   <trkpt lat="50.589537" lon="7.091927"><ele>250</ele></trkpt>
   <trkpt lat="50.588723" lon="7.092787"><ele>253.5</ele></trkpt>
   <trkpt lat="50.588431" lon="7.092985"><ele>254.75</ele></trkpt>
   <trkpt lat="50.588215" lon="7.093081"><ele>255.25</ele></trkpt>
   <trkpt lat="50.587852" lon="7.093173"><ele>256.5</ele></trkpt>
   <trkpt lat="50.587602" lon="7.093249"><ele>257</ele></trkpt>
   <trkpt lat="50.587139" lon="7.093294"><ele>258.25</ele></trkpt>
   <trkpt lat="50.586913" lon="7.093317"><ele>259</ele></trkpt>
   <trkpt lat="50.586084" lon="7.093415"><ele>258</ele></trkpt>
   <trkpt lat="50.586009" lon="7.093427"><ele>258</ele></trkpt>
   <trkpt lat="50.585839" lon="7.093459"><ele>258</ele></trkpt>
   <trkpt lat="50.584236" lon="7.094073"><ele>254.5</ele></trkpt>
   <trkpt lat="50.58364" lon="7.09435"><ele>252.25</ele></trkpt>
   <trkpt lat="50.582576" lon="7.095009"><ele>247.5</ele></trkpt>
   <trkpt lat="50.582205" lon="7.095143"><ele>246.75</ele></trkpt>
   <trkpt lat="50.582144" lon="7.095167"><ele>246.5</ele></trkpt>
   <trkpt lat="50.581931" lon="7.095229"><ele>245.75</ele></trkpt>
   <trkpt lat="50.581717" lon="7.095277"><ele>245</ele></trkpt>
   <trkpt lat="50.58144" lon="7.095304"><ele>244</ele></trkpt>
   <trkpt lat="50.581381" lon="7.095305"><ele>244</ele></trkpt>
   <trkpt lat="50.581341" lon="7.09528"><ele>244</ele></trkpt>
   <trkpt lat="50.581306" lon="7.09524"><ele>244</ele></trkpt>
   <trkpt lat="50.581278" lon="7.095165"><ele>244</ele></trkpt>
   <trkpt lat="50.581259" lon="7.095083"><ele>244</ele></trkpt>
   <trkpt lat="50.5812" lon="7.094124"><ele>244.25</ele></trkpt>
   <trkpt lat="50.581185" lon="7.093881"><ele>244.25</ele></trkpt>
   <trkpt lat="50.581062" lon="7.093835"><ele>244</ele></trkpt>
   <trkpt lat="50.580484" lon="7.093929"><ele>239.25</ele></trkpt>
   <trkpt lat="50.580221" lon="7.093968"><ele>237.75</ele></trkpt>
   <trkpt lat="50.580205" lon="7.093971"><ele>237.5</ele></trkpt>
   <trkpt lat="50.579862" lon="7.094032"><ele>236</ele></trkpt>
   <trkpt lat="50.579718" lon="7.094058"><ele>234.75</ele></trkpt>
   <trkpt lat="50.579732" lon="7.09428"><ele>235</ele></trkpt>
   <trkpt lat="50.579753" lon="7.094594"><ele>235.25</ele></trkpt>
   <trkpt lat="50.579804" lon="7.095367"><ele>235.5</ele></trkpt>
   <trkpt lat="50.579812" lon="7.095488"><ele>235</ele></trkpt>
   <trkpt lat="50.579744" lon="7.095497"><ele>234.25</ele></trkpt>
   <trkpt lat="50.578425" lon="7.095741"><ele>226.5</ele></trkpt>
   <trkpt lat="50.577824" lon="7.096052"><ele>221.5</ele></trkpt>
   <trkpt lat="50.577495" lon="7.096266"><ele>218.75</ele></trkpt>
   <trkpt lat="50.576902" lon="7.096546"><ele>214</ele></trkpt>
   <trkpt lat="50.576834" lon="7.096635"><ele>213.25</ele></trkpt>
   <trkpt lat="50.57645" lon="7.096795"><ele>210</ele></trkpt>
   <trkpt lat="50.575501" lon="7.097001"><ele>201.25</ele></trkpt>
   <trkpt lat="50.575381" lon="7.097066"><ele>201.25</ele></trkpt>
   <trkpt lat="50.575196" lon="7.097193"><ele>201.5</ele></trkpt>
   <trkpt lat="50.574869" lon="7.09719"><ele>200</ele></trkpt>
   <trkpt lat="50.57478" lon="7.097203"><ele>196.5</ele></trkpt>
   <trkpt lat="50.574804" lon="7.09635"><ele>202.25</ele></trkpt>
   <trkpt lat="50.574811" lon="7.095932"><ele>202.75</ele></trkpt>
   <trkpt lat="50.574782" lon="7.092666"><ele>206</ele></trkpt>
   <trkpt lat="50.574723" lon="7.092225"><ele>206.75</ele></trkpt>
   <trkpt lat="50.574659" lon="7.091233"><ele>208.75</ele></trkpt>
   <trkpt lat="50.574599" lon="7.090186"><ele>211.25</ele></trkpt>
   <trkpt lat="50.574578" lon="7.089968"><ele>211.5</ele></trkpt>
   <trkpt lat="50.574121" lon="7.090267"><ele>211.75</ele></trkpt>
   <trkpt lat="50.573191" lon="7.090508"><ele>206.5</ele></trkpt>
   <trkpt lat="50.572193" lon="7.090736"><ele>204</ele></trkpt>
   <trkpt lat="50.572024" lon="7.091074"><ele>203.25</ele></trkpt>
   <trkpt lat="50.571965" lon="7.091265"><ele>203</ele></trkpt>
   <trkpt lat="50.571859" lon="7.091605"><ele>203.5</ele></trkpt>
   <trkpt lat="50.571231" lon="7.093728"><ele>201.5</ele></trkpt>
   <trkpt lat="50.571135" lon="7.094092"><ele>198.5</ele></trkpt>
   <trkpt lat="50.571048" lon="7.094324"><ele>198</ele></trkpt>
   <trkpt lat="50.571018" lon="7.094405"><ele>198</ele></trkpt>
   <trkpt lat="50.570845" lon="7.09432"><ele>198.25</ele></trkpt>
   <trkpt lat="50.570789" lon="7.094251"><ele>198.5</ele></trkpt>
   <trkpt lat="50.570767" lon="7.09421"><ele>198.5</ele></trkpt>
   <trkpt lat="50.570741" lon="7.09424"><ele>198.25</ele></trkpt>
   <trkpt lat="50.570685" lon="7.094263"><ele>198</ele></trkpt>
   <trkpt lat="50.570461" lon="7.094289"><ele>197</ele></trkpt>
   <trkpt lat="50.570209" lon="7.094264"><ele>199</ele></trkpt>
   <trkpt lat="50.569985" lon="7.094037"><ele>203.25</ele></trkpt>
   <trkpt lat="50.569879" lon="7.093945"><ele>199.25</ele></trkpt>
   <trkpt lat="50.569807" lon="7.093944"><ele>197.75</ele></trkpt>
   <trkpt lat="50.569473" lon="7.094182"><ele>197</ele></trkpt>
   <trkpt lat="50.568695" lon="7.094715"><ele>203</ele></trkpt>
   <trkpt lat="50.568778" lon="7.095632"><ele>203.5</ele></trkpt>
   <trkpt lat="50.5688" lon="7.095875"><ele>203.25</ele></trkpt>
   <trkpt lat="50.568834" lon="7.09625"><ele>202.75</ele></trkpt>
   <trkpt lat="50.568872" lon="7.096785"><ele>202</ele></trkpt>
   <trkpt lat="50.568872" lon="7.096919"><ele>202</ele></trkpt>
   <trkpt lat="50.568861" lon="7.097067"><ele>201.75</ele></trkpt>
   <trkpt lat="50.568842" lon="7.097216"><ele>201.25</ele></trkpt>
   <trkpt lat="50.56827" lon="7.099058"><ele>204</ele></trkpt>
   <trkpt lat="50.568253" lon="7.099242"><ele>203.75</ele></trkpt>
   <trkpt lat="50.568247" lon="7.099524"><ele>203.25</ele></trkpt>
   <trkpt lat="50.568081" lon="7.101283"><ele>201.25</ele></trkpt>
   <trkpt lat="50.56867" lon="7.102398"><ele>197.75</ele></trkpt>
   <trkpt lat="50.567249" lon="7.104406"><ele>194.75</ele></trkpt>
   <trkpt lat="50.566893" lon="7.104869"><ele>193.5</ele></trkpt>
   <trkpt lat="50.566707" lon="7.105129"><ele>193</ele></trkpt>
   <trkpt lat="50.566024" lon="7.105879"><ele>189.5</ele></trkpt>
   <trkpt lat="50.565838" lon="7.106021"><ele>187.75</ele></trkpt>
   <trkpt lat="50.565555" lon="7.106166"><ele>186.5</ele></trkpt>
   <trkpt lat="50.565333" lon="7.106214"><ele>185.25</ele></trkpt>
   <trkpt lat="50.564757" lon="7.106216"><ele>182.5</ele></trkpt>
   <trkpt lat="50.564753" lon="7.106364"><ele>182</ele></trkpt>
   <trkpt lat="50.564752" lon="7.106665"><ele>181</ele></trkpt>
   <trkpt lat="50.564679" lon="7.106753"><ele>180.5</ele></trkpt>
   <trkpt lat="50.56473" lon="7.10693"><ele>180</ele></trkpt>
   <trkpt lat="50.564728" lon="7.107329"><ele>179</ele></trkpt>
   <trkpt lat="50.564657" lon="7.108849"><ele>175.75</ele></trkpt>
   <trkpt lat="50.564176" lon="7.108864"><ele>173</ele></trkpt>
   <trkpt lat="50.563984" lon="7.108932"><ele>171.5</ele></trkpt>
   <trkpt lat="50.563794" lon="7.109038"><ele>169.75</ele></trkpt>
   <trkpt lat="50.563695" lon="7.1091"><ele>169.25</ele></trkpt>
   <trkpt lat="50.563271" lon="7.109422"><ele>165.75</ele></trkpt>
   <trkpt lat="50.56316" lon="7.109498"><ele>165.25</ele></trkpt>
   <trkpt lat="50.562833" lon="7.109738"><ele>163</ele></trkpt>
   <trkpt lat="50.562806" lon="7.109809"><ele>163</ele></trkpt>
   <trkpt lat="50.562852" lon="7.10999"><ele>163.25</ele></trkpt>
   <trkpt lat="50.562184" lon="7.110511"><ele>161.75</ele></trkpt>
   <trkpt lat="50.561988" lon="7.110223"><ele>161</ele></trkpt>
   <trkpt lat="50.561812" lon="7.110101"><ele>160.75</ele></trkpt>
   <trkpt lat="50.559281" lon="7.108659"><ele>159.25</ele></trkpt>
   <trkpt lat="50.559248" lon="7.108648"><ele>159</ele></trkpt>
   <trkpt lat="50.559146" lon="7.108615"><ele>158.75</ele></trkpt>
   <trkpt lat="50.559106" lon="7.108598"><ele>158.75</ele></trkpt>
   <trkpt lat="50.559066" lon="7.10858"><ele>158.5</ele></trkpt>
   <trkpt lat="50.558951" lon="7.108557"><ele>158.25</ele></trkpt>
   <trkpt lat="50.558861" lon="7.108539"><ele>157.75</ele></trkpt>
   <trkpt lat="50.558667" lon="7.10843"><ele>156.5</ele></trkpt>
   <trkpt lat="50.558401" lon="7.10813"><ele>154</ele></trkpt>
   <trkpt lat="50.558039" lon="7.107674"><ele>149</ele></trkpt>
   <trkpt lat="50.55802" lon="7.107647"><ele>149</ele></trkpt>
   <trkpt lat="50.557804" lon="7.107439"><ele>146.75</ele></trkpt>
   <trkpt lat="50.557499" lon="7.107187"><ele>144</ele></trkpt>
   <trkpt lat="50.557056" lon="7.106865"><ele>141.25</ele></trkpt>
   <trkpt lat="50.556748" lon="7.106888"><ele>141.75</ele></trkpt>
   <trkpt lat="50.556563" lon="7.106889"><ele>142.5</ele></trkpt>
   <trkpt lat="50.556222" lon="7.106912"><ele>144.25</ele></trkpt>
   <trkpt lat="50.555968" lon="7.106888"><ele>146.25</ele></trkpt>
   <trkpt lat="50.555739" lon="7.106848"><ele>148</ele></trkpt>
   <trkpt lat="50.555651" lon="7.106879"><ele>148</ele></trkpt>
   <trkpt lat="50.555354" lon="7.107062"><ele>149.75</ele></trkpt>
   <trkpt lat="50.555317" lon="7.107052"><ele>150</ele></trkpt>
   <trkpt lat="50.55524" lon="7.106983"><ele>150.25</ele></trkpt>
   <trkpt lat="50.554951" lon="7.106635"><ele>153.5</ele></trkpt>
   <trkpt lat="50.5549" lon="7.106585"><ele>154</ele></trkpt>
   <trkpt lat="50.554854" lon="7.106561"><ele>154.5</ele></trkpt>
   <trkpt lat="50.554804" lon="7.106555"><ele>154.75</ele></trkpt>
   <trkpt lat="50.554408" lon="7.106833"><ele>156.5</ele></trkpt>
   <trkpt lat="50.554242" lon="7.107006"><ele>156.5</ele></trkpt>
   <trkpt lat="50.554078" lon="7.107212"><ele>157.25</ele></trkpt>
   <trkpt lat="50.553972" lon="7.107729"><ele>157</ele></trkpt>
   <trkpt lat="50.553778" lon="7.108544"><ele>156</ele></trkpt>
   <trkpt lat="50.553764" lon="7.108633"><ele>156.25</ele></trkpt>
   <trkpt lat="50.553738" lon="7.108901"><ele>157</ele></trkpt>
   <trkpt lat="50.553731" lon="7.109099"><ele>157.5</ele></trkpt>
   <trkpt lat="50.553731" lon="7.110247"><ele>156.75</ele></trkpt>
   <trkpt lat="50.553679" lon="7.111082"><ele>155.25</ele></trkpt>
   <trkpt lat="50.55363" lon="7.111584"><ele>154.25</ele></trkpt>
   <trkpt lat="50.553571" lon="7.111794"><ele>153.75</ele></trkpt>
   <trkpt lat="50.553493" lon="7.111878"><ele>153.75</ele></trkpt>
   <trkpt lat="50.553541" lon="7.112053"><ele>152.25</ele></trkpt>
   <trkpt lat="50.553548" lon="7.112245"><ele>150.75</ele></trkpt>
   <trkpt lat="50.553438" lon="7.113218"><ele>143.25</ele></trkpt>
   <trkpt lat="50.553407" lon="7.114264"><ele>135.75</ele></trkpt>
   <trkpt lat="50.553296" lon="7.115183"><ele>126.75</ele></trkpt>
   <trkpt lat="50.553316" lon="7.115477"><ele>124.5</ele></trkpt>
   <trkpt lat="50.553348" lon="7.115722"><ele>122.75</ele></trkpt>
   <trkpt lat="50.553391" lon="7.1159"><ele>121.75</ele></trkpt>
   <trkpt lat="50.553493" lon="7.116011"><ele>121.5</ele></trkpt>
   <trkpt lat="50.553249" lon="7.116501"><ele>119.75</ele></trkpt>
   <trkpt lat="50.553101" lon="7.116832"><ele>118.5</ele></trkpt>
   <trkpt lat="50.552967" lon="7.117122"><ele>118</ele></trkpt>
   <trkpt lat="50.552787" lon="7.117621"><ele>115.5</ele></trkpt>
   <trkpt lat="50.552595" lon="7.118109"><ele>113</ele></trkpt>
   <trkpt lat="50.552535" lon="7.118238"><ele>112.25</ele></trkpt>
   <trkpt lat="50.552471" lon="7.11834"><ele>112</ele></trkpt>
   <trkpt lat="50.552361" lon="7.118451"><ele>112.25</ele></trkpt>
   <trkpt lat="50.552337" lon="7.118806"><ele>111.5</ele></trkpt>
   <trkpt lat="50.552265" lon="7.118809"><ele>110.75</ele></trkpt>
   <trkpt lat="50.552227" lon="7.118832"><ele>110.25</ele></trkpt>
   <trkpt lat="50.552118" lon="7.118953"><ele>109.75</ele></trkpt>
   <trkpt lat="50.551923" lon="7.119119"><ele>108</ele></trkpt>
   <trkpt lat="50.551816" lon="7.119142"><ele>107.5</ele></trkpt>
   <trkpt lat="50.551698" lon="7.11906"><ele>107.25</ele></trkpt>
   <trkpt lat="50.551564" lon="7.118865"><ele>107.75</ele></trkpt>
   <trkpt lat="50.551437" lon="7.11875"><ele>108.25</ele></trkpt>
   <trkpt lat="50.551261" lon="7.118665"><ele>107.25</ele></trkpt>
   <trkpt lat="50.551167" lon="7.118609"><ele>106.5</ele></trkpt>
   <trkpt lat="50.551082" lon="7.118623"><ele>106</ele></trkpt>
   <trkpt lat="50.551003" lon="7.118644"><ele>106.25</ele></trkpt>
   <trkpt lat="50.550772" lon="7.118859"><ele>107</ele></trkpt>
   <trkpt lat="50.550631" lon="7.119116"><ele>105.5</ele></trkpt>
   <trkpt lat="50.550501" lon="7.119285"><ele>104.75</ele></trkpt>
   <trkpt lat="50.550488" lon="7.119386"><ele>104.75</ele></trkpt>
   <trkpt lat="50.550306" lon="7.119395"><ele>104.75</ele></trkpt>
   <trkpt lat="50.550217" lon="7.119377"><ele>104.5</ele></trkpt>
   <trkpt lat="50.550132" lon="7.119361"><ele>104.25</ele></trkpt>
   <trkpt lat="50.549928" lon="7.119388"><ele>103.75</ele></trkpt>
   <trkpt lat="50.549902" lon="7.119258"><ele>103.25</ele></trkpt>
   <trkpt lat="50.549856" lon="7.119033"><ele>102.25</ele></trkpt>
   <trkpt lat="50.549645" lon="7.117995"><ele>102.75</ele></trkpt>
   <trkpt lat="50.54958" lon="7.117672"><ele>102.75</ele></trkpt>
   <trkpt lat="50.549499" lon="7.117407"><ele>102.5</ele></trkpt>
   <trkpt lat="50.549391" lon="7.117185"><ele>101.75</ele></trkpt>
   <trkpt lat="50.549232" lon="7.116717"><ele>102</ele></trkpt>
   <trkpt lat="50.549065" lon="7.11624"><ele>102</ele></trkpt>
   <trkpt lat="50.548762" lon="7.116452"><ele>101.5</ele></trkpt>
  </trkseg>
 </trk>
</gpx>