<?xml version="1.0" encoding="UTF-8"?>
<!-- track-length = 115101 filtered ascend = 565 plain-ascend = 93 cost=255996 energy=0.7kwh time=4h 45m 45s -->
<gpx
 xmlns="http://www.topografix.com/GPX/1/1"
 xmlns:xsi="http://www.w3.org/2001/XMLSchema-instance"
 xsi:schemaLocation="http://www.topografix.com/GPX/1/1 http://www.topografix.com/GPX/1/1/gpx.xsd"
 version="1.1"
 creator="bikerouter.de 2026.22">
 <wpt lat="51.962479125729594" lon="7.626840089282619"><name>from</name><type>from</type></wpt>
 <wpt lat="51.2548916067019" lon="7.151273553696141"><name>to</name><type>to</type></wpt>
 <trk>
  <name>etappe#3-Gravel(BRouter)</name>
  <link href="https://bikerouter.de/#map=16/51.2551/7.1531/osm-mapnik-german_style&amp;lonlats=7.62684,51.962479;7.151274,51.254892&amp;profile=gravel">
   <text>bikerouter.de</text>
  </link>
  <trkseg>
   <trkpt lat="51.96244" lon="7.626842"><ele>61</ele></trkpt>
   <trkpt lat="51.962271" lon="7.626831"><ele>61</ele></trkpt>
   <trkpt lat="51.962267" lon="7.626918"><ele>61</ele></trkpt>
   <trkpt lat="51.962241" lon="7.626919"><ele>61</ele></trkpt>
   <trkpt lat="51.962231" lon="7.626981"><ele>61</ele></trkpt>
   <trkpt lat="51.962135" lon="7.626952"><ele>61</ele></trkpt>
   <trkpt lat="51.961998" lon="7.626878"><ele>61</ele></trkpt>
   <trkpt lat="51.961959" lon="7.626853"><ele>61</ele></trkpt>
   <trkpt lat="51.961917" lon="7.627084"><ele>60.75</ele></trkpt>
   <trkpt lat="51.961889" lon="7.62721"><ele>60.75</ele></trkpt>
   <trkpt lat="51.961773" lon="7.627731"><ele>60.25</ele></trkpt>
   <trkpt lat="51.96174" lon="7.627867"><ele>60.25</ele></trkpt>
   <trkpt lat="51.9616" lon="7.627779"><ele>60</ele></trkpt>
   <trkpt lat="51.961311" lon="7.627599"><ele>60</ele></trkpt>
   <trkpt lat="51.961288" lon="7.627582"><ele>60</ele></trkpt>
   <trkpt lat="51.961227" lon="7.627493"><ele>59.75</ele></trkpt>
   <trkpt lat="51.961201" lon="7.627525"><ele>60</ele></trkpt>
   <trkpt lat="51.961175" lon="7.627556"><ele>60</ele></trkpt>
   <trkpt lat="51.960995" lon="7.627769"><ele>60</ele></trkpt>
   <trkpt lat="51.960973" lon="7.628054"><ele>60</ele></trkpt>
   <trkpt lat="51.960943" lon="7.628457"><ele>60</ele></trkpt>
   <trkpt lat="51.960935" lon="7.628563"><ele>60</ele></trkpt>
   <trkpt lat="51.960921" lon="7.628757"><ele>60</ele></trkpt>
   <trkpt lat="51.960877" lon="7.629318"><ele>60</ele></trkpt>
   <trkpt lat="51.960831" lon="7.629553"><ele>60</ele></trkpt>
   <trkpt lat="51.96073" lon="7.629779"><ele>60</ele></trkpt>
   <trkpt lat="51.960685" lon="7.629864"><ele>60</ele></trkpt>
   <trkpt lat="51.960625" lon="7.629974"><ele>60</ele></trkpt>
   <trkpt lat="51.960607" lon="7.630007"><ele>60</ele></trkpt>
   <trkpt lat="51.960549" lon="7.630113"><ele>60</ele></trkpt>
   <trkpt lat="51.960397" lon="7.630347"><ele>60.25</ele></trkpt>
   <trkpt lat="51.960276" lon="7.630491"><ele>60</ele></trkpt>
   <trkpt lat="51.960175" lon="7.630569"><ele>60</ele></trkpt>
   <trkpt lat="51.960123" lon="7.630592"><ele>60</ele></trkpt>
   <trkpt lat="51.96006" lon="7.630599"><ele>60</ele></trkpt>
   <trkpt lat="51.95999" lon="7.630583"><ele>60</ele></trkpt>
   <trkpt lat="51.959856" lon="7.63051"><ele>60.5</ele></trkpt>
   <trkpt lat="51.959806" lon="7.630448"><ele>60.5</ele></trkpt>
   <trkpt lat="51.959736" lon="7.630313"><ele>60</ele></trkpt>
   <trkpt lat="51.95955" lon="7.629929"><ele>60.25</ele></trkpt>
   <trkpt lat="51.959474" lon="7.629772"><ele>60</ele></trkpt>
   <trkpt lat="51.959377" lon="7.629543"><ele>60.25</ele></trkpt>
   <trkpt lat="51.959359" lon="7.629498"><ele>60.25</ele></trkpt>
   <trkpt lat="51.959354" lon="7.629486"><ele>60.25</ele></trkpt>
   <trkpt lat="51.959232" lon="7.629212"><ele>60</ele></trkpt>
   <trkpt lat="51.959198" lon="7.629164"><ele>60</ele></trkpt>
   <trkpt lat="51.959165" lon="7.629141"><ele>60</ele></trkpt>
   <trkpt lat="51.959137" lon="7.629133"><ele>60</ele></trkpt>
   <trkpt lat="51.959084" lon="7.629153"><ele>60</ele></trkpt>
   <trkpt lat="51.959029" lon="7.629202"><ele>60</ele></trkpt>
   <trkpt lat="51.958985" lon="7.629241"><ele>60.25</ele></trkpt>
   <trkpt lat="51.958546" lon="7.629604"><ele>61</ele></trkpt>
   <trkpt lat="51.958365" lon="7.629746"><ele>61</ele></trkpt>
   <trkpt lat="51.958287" lon="7.629824"><ele>60.75</ele></trkpt>
   <trkpt lat="51.958201" lon="7.629918"><ele>61</ele></trkpt>
   <trkpt lat="51.958047" lon="7.630216"><ele>61</ele></trkpt>
   <trkpt lat="51.957968" lon="7.63037"><ele>61</ele></trkpt>
   <trkpt lat="51.957908" lon="7.630487"><ele>61</ele></trkpt>
   <trkpt lat="51.957868" lon="7.630564"><ele>61</ele></trkpt>
   <trkpt lat="51.95783" lon="7.630638"><ele>61</ele></trkpt>
   <trkpt lat="51.957785" lon="7.630724"><ele>61</ele></trkpt>
   <trkpt lat="51.957571" lon="7.631142"><ele>60.75</ele></trkpt>
   <trkpt lat="51.957416" lon="7.631481"><ele>60</ele></trkpt>
   <trkpt lat="51.957241" lon="7.631418"><ele>59.75</ele></trkpt>
   <trkpt lat="51.957193" lon="7.631419"><ele>60</ele></trkpt>
   <trkpt lat="51.956742" lon="7.631438"><ele>60</ele></trkpt>
   <trkpt lat="51.956604" lon="7.631426"><ele>60.25</ele></trkpt>
   <trkpt lat="51.956536" lon="7.6314"><ele>60.25</ele></trkpt>
   <trkpt lat="51.956354" lon="7.631287"><ele>61</ele></trkpt>
   <trkpt lat="51.956263" lon="7.631224"><ele>61</ele></trkpt>
   <trkpt lat="51.956206" lon="7.631183"><ele>61</ele></trkpt>
   <trkpt lat="51.956188" lon="7.631243"><ele>61</ele></trkpt>
   <trkpt lat="51.956168" lon="7.631306"><ele>61</ele></trkpt>
   <trkpt lat="51.956156" lon="7.631345"><ele>60.75</ele></trkpt>
   <trkpt lat="51.955984" lon="7.631831"><ele>60</ele></trkpt>
   <trkpt lat="51.95573" lon="7.632562"><ele>60</ele></trkpt>
   <trkpt lat="51.955713" lon="7.632598"><ele>60</ele></trkpt>
   <trkpt lat="51.955701" lon="7.632666"><ele>60</ele></trkpt>
   <trkpt lat="51.955695" lon="7.632809"><ele>60</ele></trkpt>
   <trkpt lat="51.955696" lon="7.632902"><ele>60</ele></trkpt>
   <trkpt lat="51.955712" lon="7.632933"><ele>60</ele></trkpt>
   <trkpt lat="51.955726" lon="7.632992"><ele>60</ele></trkpt>
   <trkpt lat="51.955829" lon="7.633156"><ele>59.5</ele></trkpt>
   <trkpt lat="51.955946" lon="7.633306"><ele>59</ele></trkpt>
   <trkpt lat="51.955995" lon="7.633336"><ele>59</ele></trkpt>
   <trkpt lat="51.956124" lon="7.633493"><ele>59</ele></trkpt>
   <trkpt lat="51.956182" lon="7.633566"><ele>59</ele></trkpt>
   <trkpt lat="51.956134" lon="7.633676"><ele>59</ele></trkpt>
   <trkpt lat="51.956055" lon="7.633859"><ele>59</ele></trkpt>
   <trkpt lat="51.95604" lon="7.634004"><ele>59</ele></trkpt>
   <trkpt lat="51.956022" lon="7.634179"><ele>59</ele></trkpt>
   <trkpt lat="51.956005" lon="7.634356"><ele>59</ele></trkpt>
   <trkpt lat="51.955995" lon="7.634449"><ele>59</ele></trkpt>
   <trkpt lat="51.956111" lon="7.634486"><ele>59</ele></trkpt>
   <trkpt lat="51.956129" lon="7.634492"><ele>59</ele></trkpt>
   <trkpt lat="51.956111" lon="7.63467"><ele>59</ele></trkpt>
   <trkpt lat="51.956109" lon="7.634689"><ele>59</ele></trkpt>
   <trkpt lat="51.956091" lon="7.634856"><ele>61</ele></trkpt>
   <trkpt lat="51.956085" lon="7.634913"><ele>61.75</ele></trkpt>
   <trkpt lat="51.955908" lon="7.63652"><ele>60.5</ele></trkpt>
   <trkpt lat="51.955892" lon="7.636745"><ele>58.25</ele></trkpt>
   <trkpt lat="51.955884" lon="7.637036"><ele>58</ele></trkpt>
   <trkpt lat="51.955879" lon="7.637207"><ele>58</ele></trkpt>
   <trkpt lat="51.955879" lon="7.637225"><ele>58</ele></trkpt>
   <trkpt lat="51.955877" lon="7.637287"><ele>58</ele></trkpt>
   <trkpt lat="51.955811" lon="7.637243"><ele>58</ele></trkpt>
   <trkpt lat="51.955777" lon="7.637241"><ele>58</ele></trkpt>
   <trkpt lat="51.955773" lon="7.637299"><ele>57.75</ele></trkpt>
   <trkpt lat="51.955767" lon="7.637389"><ele>58</ele></trkpt>
   <trkpt lat="51.955746" lon="7.637718"><ele>58</ele></trkpt>
   <trkpt lat="51.955699" lon="7.637886"><ele>58</ele></trkpt>
   <trkpt lat="51.955798" lon="7.638039"><ele>58</ele></trkpt>
   <trkpt lat="51.955847" lon="7.638088"><ele>58</ele></trkpt>
   <trkpt lat="51.955879" lon="7.63812"><ele>58</ele></trkpt>
   <trkpt lat="51.955987" lon="7.638229"><ele>58</ele></trkpt>
   <trkpt lat="51.956066" lon="7.638309"><ele>58</ele></trkpt>
   <trkpt lat="51.956125" lon="7.638368"><ele>58</ele></trkpt>
   <trkpt lat="51.956169" lon="7.638432"><ele>58.25</ele></trkpt>
   <trkpt lat="51.95621" lon="7.63849"><ele>58.5</ele></trkpt>
   <trkpt lat="51.956305" lon="7.638595"><ele>58.75</ele></trkpt>
   <trkpt lat="51.956441" lon="7.638726"><ele>59</ele></trkpt>
   <trkpt lat="51.95651" lon="7.638768"><ele>59</ele></trkpt>
   <trkpt lat="51.956641" lon="7.638792"><ele>59.25</ele></trkpt>
   <trkpt lat="51.956713" lon="7.63878"><ele>59.25</ele></trkpt>
   <trkpt lat="51.956795" lon="7.638752"><ele>59.25</ele></trkpt>
   <trkpt lat="51.956958" lon="7.638676"><ele>58.75</ele></trkpt>
   <trkpt lat="51.957024" lon="7.638675"><ele>59</ele></trkpt>
   <trkpt lat="51.957102" lon="7.638716"><ele>59</ele></trkpt>
   <trkpt lat="51.957151" lon="7.638758"><ele>59</ele></trkpt>
   <trkpt lat="51.957176" lon="7.638791"><ele>59</ele></trkpt>
   <trkpt lat="51.957095" lon="7.638946"><ele>59</ele></trkpt>
   <trkpt lat="51.957067" lon="7.639052"><ele>59</ele></trkpt>
   <trkpt lat="51.957026" lon="7.639151"><ele>59</ele></trkpt>
   <trkpt lat="51.956718" lon="7.639727"><ele>59</ele></trkpt>
   <trkpt lat="51.956294" lon="7.640501"><ele>58</ele></trkpt>
   <trkpt lat="51.956256" lon="7.640586"><ele>58</ele></trkpt>
   <trkpt lat="51.956228" lon="7.640661"><ele>58</ele></trkpt>
   <trkpt lat="51.956161" lon="7.640871"><ele>58</ele></trkpt>
   <trkpt lat="51.956087" lon="7.641131"><ele>57.75</ele></trkpt>
   <trkpt lat="51.956074" lon="7.641176"><ele>57.75</ele></trkpt>
   <trkpt lat="51.955878" lon="7.641839"><ele>58</ele></trkpt>
   <trkpt lat="51.955616" lon="7.642529"><ele>58</ele></trkpt>
   <trkpt lat="51.955604" lon="7.642561"><ele>58</ele></trkpt>
   <trkpt lat="51.955452" lon="7.642961"><ele>58</ele></trkpt>
   <trkpt lat="51.955131" lon="7.643687"><ele>57.5</ele></trkpt>
   <trkpt lat="51.954917" lon="7.644169"><ele>57.25</ele></trkpt>
   <trkpt lat="51.954853" lon="7.644313"><ele>57.25</ele></trkpt>
   <trkpt lat="51.954727" lon="7.644595"><ele>57</ele></trkpt>
   <trkpt lat="51.954687" lon="7.644684"><ele>57</ele></trkpt>
   <trkpt lat="51.954659" lon="7.644748"><ele>57</ele></trkpt>
   <trkpt lat="51.954633" lon="7.644806"><ele>57</ele></trkpt>
   <trkpt lat="51.954587" lon="7.644911"><ele>57</ele></trkpt>
   <trkpt lat="51.954547" lon="7.64497"><ele>57</ele></trkpt>
   <trkpt lat="51.954484" lon="7.645067"><ele>57</ele></trkpt>
   <trkpt lat="51.954345" lon="7.645279"><ele>57</ele></trkpt>
   <trkpt lat="51.954243" lon="7.645432"><ele>57</ele></trkpt>
   <trkpt lat="51.953897" lon="7.645922"><ele>57</ele></trkpt>
   <trkpt lat="51.953848" lon="7.645997"><ele>57</ele></trkpt>
   <trkpt lat="51.953834" lon="7.646018"><ele>57</ele></trkpt>
   <trkpt lat="51.953709" lon="7.646214"><ele>57</ele></trkpt>
   <trkpt lat="51.952965" lon="7.64742"><ele>57</ele></trkpt>
   <trkpt lat="51.952878" lon="7.647565"><ele>57</ele></trkpt>
   <trkpt lat="51.952737" lon="7.647808"><ele>57</ele></trkpt>
   <trkpt lat="51.952645" lon="7.647989"><ele>57</ele></trkpt>
   <trkpt lat="51.952506" lon="7.648329"><ele>57</ele></trkpt>
   <trkpt lat="51.952455" lon="7.648452"><ele>57</ele></trkpt>
   <trkpt lat="51.9524" lon="7.648584"><ele>57</ele></trkpt>
   <trkpt lat="51.952301" lon="7.648822"><ele>57.5</ele></trkpt>
   <trkpt lat="51.952014" lon="7.64945"><ele>58.25</ele></trkpt>
   <trkpt lat="51.951585" lon="7.650263"><ele>59</ele></trkpt>
   <trkpt lat="51.951538" lon="7.650342"><ele>58.25</ele></trkpt>
   <trkpt lat="51.951162" lon="7.650976"><ele>60.25</ele></trkpt>
   <trkpt lat="51.95111" lon="7.651062"><ele>61.5</ele></trkpt>
   <trkpt lat="51.951031" lon="7.651185"><ele>60</ele></trkpt>
   <trkpt lat="51.95109" lon="7.651303"><ele>59</ele></trkpt>
   <trkpt lat="51.951174" lon="7.65144"><ele>58</ele></trkpt>
   <trkpt lat="51.951254" lon="7.651533"><ele>58.25</ele></trkpt>
   <trkpt lat="51.951354" lon="7.651602"><ele>58.75</ele></trkpt>
   <trkpt lat="51.951717" lon="7.651812"><ele>57.5</ele></trkpt>
   <trkpt lat="51.951732" lon="7.651717"><ele>57.5</ele></trkpt>
   <trkpt lat="51.951715" lon="7.651694"><ele>57.5</ele></trkpt>
   <trkpt lat="51.951435" lon="7.651314"><ele>58.25</ele></trkpt>
   <trkpt lat="51.951272" lon="7.651068"><ele>59.25</ele></trkpt>
   <trkpt lat="51.951161" lon="7.650869"><ele>59.5</ele></trkpt>
   <trkpt lat="51.951077" lon="7.650735"><ele>58.5</ele></trkpt>
   <trkpt lat="51.950955" lon="7.650556"><ele>57</ele></trkpt>
   <trkpt lat="51.950897" lon="7.650473"><ele>56.75</ele></trkpt>
   <trkpt lat="51.950639" lon="7.650075"><ele>57.25</ele></trkpt>
   <trkpt lat="51.950325" lon="7.64962"><ele>57.25</ele></trkpt>
   <trkpt lat="51.946834" lon="7.644851"><ele>56.75</ele></trkpt>
   <trkpt lat="51.946549" lon="7.644491"><ele>56.75</ele></trkpt>
   <trkpt lat="51.946469" lon="7.644391"><ele>57.25</ele></trkpt>
   <trkpt lat="51.946146" lon="7.644007"><ele>57.5</ele></trkpt>
   <trkpt lat="51.945929" lon="7.643753"><ele>57.5</ele></trkpt>
   <trkpt lat="51.945574" lon="7.643361"><ele>57</ele></trkpt>
   <trkpt lat="51.945516" lon="7.643292"><ele>57</ele></trkpt>
   <trkpt lat="51.945" lon="7.642752"><ele>57.75</ele></trkpt>
   <trkpt lat="51.944811" lon="7.642543"><ele>57.25</ele></trkpt>
   <trkpt lat="51.94474" lon="7.642482"><ele>57.75</ele></trkpt>
   <trkpt lat="51.944478" lon="7.642211"><ele>57.5</ele></trkpt>
   <trkpt lat="51.943578" lon="7.641307"><ele>57.25</ele></trkpt>
   <trkpt lat="51.943397" lon="7.641137"><ele>57.5</ele></trkpt>
   <trkpt lat="51.942859" lon="7.640633"><ele>57.5</ele></trkpt>
   <trkpt lat="51.942478" lon="7.64029"><ele>57</ele></trkpt>
   <trkpt lat="51.94204" lon="7.639932"><ele>58.25</ele></trkpt>
   <trkpt lat="51.941893" lon="7.639806"><ele>57.75</ele></trkpt>
   <trkpt lat="51.941272" lon="7.639411"><ele>57.25</ele></trkpt>
   <trkpt lat="51.940451" lon="7.638978"><ele>57.25</ele></trkpt>
   <trkpt lat="51.940381" lon="7.639007"><ele>57.5</ele></trkpt>
   <trkpt lat="51.940338" lon="7.63906"><ele>58</ele></trkpt>
   <trkpt lat="51.940162" lon="7.638975"><ele>58.25</ele></trkpt>
   <trkpt lat="51.940099" lon="7.638951"><ele>58.25</ele></trkpt>
   <trkpt lat="51.93988" lon="7.638874"><ele>58.25</ele></trkpt>
   <trkpt lat="51.939768" lon="7.638851"><ele>58.5</ele></trkpt>
   <trkpt lat="51.939607" lon="7.63892"><ele>59.5</ele></trkpt>
   <trkpt lat="51.939498" lon="7.639036"><ele>59.75</ele></trkpt>
   <trkpt lat="51.939332" lon="7.639291"><ele>59.5</ele></trkpt>
   <trkpt lat="51.939131" lon="7.639597"><ele>60</ele></trkpt>
   <trkpt lat="51.938772" lon="7.640124"><ele>59.75</ele></trkpt>
   <trkpt lat="51.938172" lon="7.640981"><ele>59</ele></trkpt>
   <trkpt lat="51.937918" lon="7.641352"><ele>59</ele></trkpt>
   <trkpt lat="51.937862" lon="7.641426"><ele>59</ele></trkpt>
   <trkpt lat="51.937765" lon="7.641559"><ele>59</ele></trkpt>
   <trkpt lat="51.937339" lon="7.642182"><ele>59</ele></trkpt>
   <trkpt lat="51.937155" lon="7.642451"><ele>58</ele></trkpt>
   <trkpt lat="51.937136" lon="7.642478"><ele>58</ele></trkpt>
   <trkpt lat="51.936049" lon="7.640754"><ele>59</ele></trkpt>
   <trkpt lat="51.935855" lon="7.640511"><ele>59</ele></trkpt>
   <trkpt lat="51.935736" lon="7.640406"><ele>59.25</ele></trkpt>
   <trkpt lat="51.935621" lon="7.640326"><ele>59</ele></trkpt>
   <trkpt lat="51.93545" lon="7.640242"><ele>59</ele></trkpt>
   <trkpt lat="51.935347" lon="7.640217"><ele>59</ele></trkpt>
   <trkpt lat="51.935215" lon="7.640216"><ele>59</ele></trkpt>
   <trkpt lat="51.935064" lon="7.640239"><ele>59</ele></trkpt>
   <trkpt lat="51.934954" lon="7.640274"><ele>59</ele></trkpt>
   <trkpt lat="51.934868" lon="7.640313"><ele>59.25</ele></trkpt>
   <trkpt lat="51.934728" lon="7.640404"><ele>59.5</ele></trkpt>
   <trkpt lat="51.934577" lon="7.640551"><ele>59.5</ele></trkpt>
   <trkpt lat="51.934481" lon="7.640672"><ele>59.5</ele></trkpt>
   <trkpt lat="51.934398" lon="7.640794"><ele>59.25</ele></trkpt>
   <trkpt lat="51.934387" lon="7.640776"><ele>59.25</ele></trkpt>
   <trkpt lat="51.934321" lon="7.640709"><ele>59.75</ele></trkpt>
   <trkpt lat="51.933666" lon="7.639586"><ele>58.75</ele></trkpt>
   <trkpt lat="51.933634" lon="7.639585"><ele>58.5</ele></trkpt>
   <trkpt lat="51.933082" lon="7.639913"><ele>58.75</ele></trkpt>
   <trkpt lat="51.932529" lon="7.640258"><ele>58.75</ele></trkpt>
   <trkpt lat="51.93206" lon="7.640565"><ele>58.25</ele></trkpt>
   <trkpt lat="51.931894" lon="7.640717"><ele>58.5</ele></trkpt>
   <trkpt lat="51.931819" lon="7.640762"><ele>58.75</ele></trkpt>
   <trkpt lat="51.931684" lon="7.640823"><ele>58.75</ele></trkpt>
   <trkpt lat="51.930093" lon="7.641936"><ele>58.5</ele></trkpt>
   <trkpt lat="51.929996" lon="7.642037"><ele>58.75</ele></trkpt>
   <trkpt lat="51.929946" lon="7.642078"><ele>59</ele></trkpt>
   <trkpt lat="51.929894" lon="7.642113"><ele>59</ele></trkpt>
   <trkpt lat="51.929759" lon="7.642169"><ele>58.75</ele></trkpt>
   <trkpt lat="51.928717" lon="7.642895"><ele>58.5</ele></trkpt>
   <trkpt lat="51.928666" lon="7.64293"><ele>58.75</ele></trkpt>
   <trkpt lat="51.927939" lon="7.643371"><ele>58</ele></trkpt>
   <trkpt lat="51.927839" lon="7.643423"><ele>58.5</ele></trkpt>
   <trkpt lat="51.927787" lon="7.643436"><ele>58.75</ele></trkpt>
   <trkpt lat="51.927744" lon="7.643454"><ele>58.75</ele></trkpt>
   <trkpt lat="51.927479" lon="7.643626"><ele>58</ele></trkpt>
   <trkpt lat="51.927439" lon="7.64366"><ele>58</ele></trkpt>
   <trkpt lat="51.927387" lon="7.643726"><ele>58.25</ele></trkpt>
   <trkpt lat="51.927232" lon="7.643824"><ele>57.75</ele></trkpt>
   <trkpt lat="51.927158" lon="7.64387"><ele>57.5</ele></trkpt>
   <trkpt lat="51.925756" lon="7.644634"><ele>58</ele></trkpt>
   <trkpt lat="51.925695" lon="7.644664"><ele>58</ele></trkpt>
   <trkpt lat="51.925549" lon="7.644709"><ele>57.75</ele></trkpt>
   <trkpt lat="51.92525" lon="7.644881"><ele>58.5</ele></trkpt>
   <trkpt lat="51.925185" lon="7.64494"><ele>58.5</ele></trkpt>
   <trkpt lat="51.925099" lon="7.644996"><ele>58</ele></trkpt>
   <trkpt lat="51.924675" lon="7.645264"><ele>58.5</ele></trkpt>
   <trkpt lat="51.924447" lon="7.645398"><ele>57.25</ele></trkpt>
   <trkpt lat="51.923309" lon="7.646018"><ele>58.25</ele></trkpt>
   <trkpt lat="51.922398" lon="7.646498"><ele>58.25</ele></trkpt>
   <trkpt lat="51.922305" lon="7.646555"><ele>58.25</ele></trkpt>
   <trkpt lat="51.922209" lon="7.64664"><ele>58.5</ele></trkpt>
   <trkpt lat="51.918691" lon="7.648517"><ele>58.25</ele></trkpt>
   <trkpt lat="51.918656" lon="7.648544"><ele>58.25</ele></trkpt>
   <trkpt lat="51.918613" lon="7.648592"><ele>58.75</ele></trkpt>
   <trkpt lat="51.918538" lon="7.648689"><ele>58.75</ele></trkpt>
   <trkpt lat="51.918492" lon="7.64872"><ele>58.5</ele></trkpt>
   <trkpt lat="51.918195" lon="7.648858"><ele>58.75</ele></trkpt>
   <trkpt lat="51.91767" lon="7.649127"><ele>58.25</ele></trkpt>
   <trkpt lat="51.917206" lon="7.64938"><ele>58.25</ele></trkpt>
   <trkpt lat="51.915964" lon="7.650028"><ele>58.5</ele></trkpt>
   <trkpt lat="51.915425" lon="7.650323"><ele>58.5</ele></trkpt>
   <trkpt lat="51.914362" lon="7.650889"><ele>58.75</ele></trkpt>
   <trkpt lat="51.913978" lon="7.651108"><ele>58.75</ele></trkpt>
   <trkpt lat="51.913422" lon="7.651432"><ele>59</ele></trkpt>
   <trkpt lat="51.912996" lon="7.651546"><ele>59</ele></trkpt>
   <trkpt lat="51.912774" lon="7.651619"><ele>59.25</ele></trkpt>
   <trkpt lat="51.91226" lon="7.651882"><ele>58.5</ele></trkpt>
   <trkpt lat="51.91163" lon="7.652247"><ele>58.75</ele></trkpt>
   <trkpt lat="51.911139" lon="7.65257"><ele>59</ele></trkpt>
   <trkpt lat="51.910436" lon="7.65311"><ele>59</ele></trkpt>
   <trkpt lat="51.910375" lon="7.65316"><ele>58.75</ele></trkpt>
   <trkpt lat="51.909431" lon="7.653946"><ele>58.75</ele></trkpt>
   <trkpt lat="51.908051" lon="7.655117"><ele>58.75</ele></trkpt>
   <trkpt lat="51.907124" lon="7.6559"><ele>58.75</ele></trkpt>
   <trkpt lat="51.907106" lon="7.655878"><ele>58.5</ele></trkpt>
   <trkpt lat="51.907071" lon="7.655865"><ele>58.5</ele></trkpt>
   <trkpt lat="51.907032" lon="7.655836"><ele>58.25</ele></trkpt>
   <trkpt lat="51.906992" lon="7.65584"><ele>58</ele></trkpt>
   <trkpt lat="51.90697" lon="7.655853"><ele>58</ele></trkpt>
   <trkpt lat="51.906445" lon="7.656265"><ele>58</ele></trkpt>
   <trkpt lat="51.90632" lon="7.656338"><ele>58</ele></trkpt>
   <trkpt lat="51.906135" lon="7.656492"><ele>58.25</ele></trkpt>
   <trkpt lat="51.906102" lon="7.656535"><ele>58.5</ele></trkpt>
   <trkpt lat="51.905839" lon="7.656747"><ele>58</ele></trkpt>
   <trkpt lat="51.905791" lon="7.656792"><ele>58.25</ele></trkpt>
   <trkpt lat="51.905482" lon="7.657105"><ele>58.25</ele></trkpt>
   <trkpt lat="51.905024" lon="7.657528"><ele>59</ele></trkpt>
   <trkpt lat="51.904569" lon="7.657915"><ele>58</ele></trkpt>
   <trkpt lat="51.904501" lon="7.657988"><ele>58.25</ele></trkpt>
   <trkpt lat="51.904357" lon="7.658178"><ele>58.25</ele></trkpt>
   <trkpt lat="51.903956" lon="7.658526"><ele>57.75</ele></trkpt>
   <trkpt lat="51.903891" lon="7.658562"><ele>57.75</ele></trkpt>
   <trkpt lat="51.903778" lon="7.658589"><ele>57.5</ele></trkpt>
   <trkpt lat="51.903728" lon="7.658618"><ele>57.25</ele></trkpt>
   <trkpt lat="51.903213" lon="7.65905"><ele>57.5</ele></trkpt>
   <trkpt lat="51.903107" lon="7.659146"><ele>57.75</ele></trkpt>
   <trkpt lat="51.902921" lon="7.659337"><ele>57.5</ele></trkpt>
   <trkpt lat="51.902517" lon="7.659663"><ele>57.5</ele></trkpt>
   <trkpt lat="51.902432" lon="7.659729"><ele>57.75</ele></trkpt>
   <trkpt lat="51.902231" lon="7.659883"><ele>57.5</ele></trkpt>
   <trkpt lat="51.900525" lon="7.661188"><ele>57</ele></trkpt>
   <trkpt lat="51.90008" lon="7.6615"><ele>57.25</ele></trkpt>
   <trkpt lat="51.899865" lon="7.661633"><ele>57.25</ele></trkpt>
   <trkpt lat="51.899549" lon="7.661809"><ele>57</ele></trkpt>
   <trkpt lat="51.899203" lon="7.661975"><ele>57</ele></trkpt>
   <trkpt lat="51.898774" lon="7.662164"><ele>56.75</ele></trkpt>
   <trkpt lat="51.898456" lon="7.662266"><ele>56.75</ele></trkpt>
   <trkpt lat="51.89792" lon="7.662391"><ele>57</ele></trkpt>
   <trkpt lat="51.897597" lon="7.662443"><ele>57.25</ele></trkpt>
   <trkpt lat="51.897344" lon="7.662467"><ele>57.75</ele></trkpt>
   <trkpt lat="51.896935" lon="7.662477"><ele>57.75</ele></trkpt>
   <trkpt lat="51.896541" lon="7.662454"><ele>57.5</ele></trkpt>
   <trkpt lat="51.896298" lon="7.662432"><ele>57.5</ele></trkpt>
   <trkpt lat="51.895852" lon="7.662333"><ele>57.25</ele></trkpt>
   <trkpt lat="51.895607" lon="7.662273"><ele>57.75</ele></trkpt>
   <trkpt lat="51.895337" lon="7.662192"><ele>57.75</ele></trkpt>
   <trkpt lat="51.894815" lon="7.661993"><ele>57.5</ele></trkpt>
   <trkpt lat="51.894269" lon="7.661719"><ele>57.75</ele></trkpt>
   <trkpt lat="51.893797" lon="7.661438"><ele>57.5</ele></trkpt>
   <trkpt lat="51.893568" lon="7.661292"><ele>57.5</ele></trkpt>
   <trkpt lat="51.893218" lon="7.661016"><ele>57.5</ele></trkpt>
   <trkpt lat="51.892992" lon="7.660818"><ele>57</ele></trkpt>
   <trkpt lat="51.89284" lon="7.660678"><ele>57</ele></trkpt>
   <trkpt lat="51.89238" lon="7.660216"><ele>57.25</ele></trkpt>
   <trkpt lat="51.892321" lon="7.660147"><ele>57.25</ele></trkpt>
   <trkpt lat="51.892019" lon="7.659805"><ele>57.75</ele></trkpt>
   <trkpt lat="51.891608" lon="7.659287"><ele>57.75</ele></trkpt>
   <trkpt lat="51.891241" lon="7.658758"><ele>58</ele></trkpt>
   <trkpt lat="51.890954" lon="7.658277"><ele>58.25</ele></trkpt>
   <trkpt lat="51.890562" lon="7.657585"><ele>58.5</ele></trkpt>
   <trkpt lat="51.890302" lon="7.657017"><ele>58.25</ele></trkpt>
   <trkpt lat="51.890162" lon="7.656713"><ele>58.25</ele></trkpt>
   <trkpt lat="51.890075" lon="7.656507"><ele>58</ele></trkpt>
   <trkpt lat="51.889877" lon="7.656009"><ele>57.75</ele></trkpt>
   <trkpt lat="51.889761" lon="7.655709"><ele>58</ele></trkpt>
   <trkpt lat="51.88938" lon="7.654473"><ele>57.75</ele></trkpt>
   <trkpt lat="51.889275" lon="7.654085"><ele>58.25</ele></trkpt>
   <trkpt lat="51.889039" lon="7.653094"><ele>57.5</ele></trkpt>
   <trkpt lat="51.88899" lon="7.652849"><ele>57.25</ele></trkpt>
   <trkpt lat="51.888912" lon="7.65238"><ele>57.75</ele></trkpt>
   <trkpt lat="51.888797" lon="7.651542"><ele>57</ele></trkpt>
   <trkpt lat="51.888733" lon="7.650983"><ele>56.5</ele></trkpt>
   <trkpt lat="51.888655" lon="7.649716"><ele>56.75</ele></trkpt>
   <trkpt lat="51.88866" lon="7.648749"><ele>56.75</ele></trkpt>
   <trkpt lat="51.888677" lon="7.648192"><ele>57</ele></trkpt>
   <trkpt lat="51.888716" lon="7.64749"><ele>57.5</ele></trkpt>
   <trkpt lat="51.888755" lon="7.647053"><ele>59.5</ele></trkpt>
   <trkpt lat="51.888757" lon="7.64703"><ele>59.5</ele></trkpt>
   <trkpt lat="51.888787" lon="7.646706"><ele>58.5</ele></trkpt>
   <trkpt lat="51.888797" lon="7.646622"><ele>58</ele></trkpt>
   <trkpt lat="51.889488" lon="7.641324"><ele>57.5</ele></trkpt>
   <trkpt lat="51.889647" lon="7.64009"><ele>56.25</ele></trkpt>
   <trkpt lat="51.889905" lon="7.637942"><ele>56</ele></trkpt>
   <trkpt lat="51.890043" lon="7.636508"><ele>57</ele></trkpt>
   <trkpt lat="51.890154" lon="7.63511"><ele>56.5</ele></trkpt>
   <trkpt lat="51.890386" lon="7.631557"><ele>57.5</ele></trkpt>
   <trkpt lat="51.890425" lon="7.630814"><ele>57.25</ele></trkpt>
   <trkpt lat="51.890456" lon="7.630052"><ele>57.25</ele></trkpt>
   <trkpt lat="51.890491" lon="7.628759"><ele>57</ele></trkpt>
   <trkpt lat="51.890491" lon="7.626578"><ele>56.75</ele></trkpt>
   <trkpt lat="51.890463" lon="7.625253"><ele>56.5</ele></trkpt>
   <trkpt lat="51.890435" lon="7.623867"><ele>57</ele></trkpt>
   <trkpt lat="51.890386" lon="7.622364"><ele>57.5</ele></trkpt>
   <trkpt lat="51.890381" lon="7.622015"><ele>57.5</ele></trkpt>
   <trkpt lat="51.890401" lon="7.621779"><ele>57.5</ele></trkpt>
   <trkpt lat="51.890423" lon="7.621447"><ele>58</ele></trkpt>
   <trkpt lat="51.890419" lon="7.621327"><ele>58.5</ele></trkpt>
   <trkpt lat="51.890413" lon="7.6211"><ele>59.5</ele></trkpt>
   <trkpt lat="51.890409" lon="7.621022"><ele>59.25</ele></trkpt>
   <trkpt lat="51.890342" lon="7.620143"><ele>57.75</ele></trkpt>
   <trkpt lat="51.890273" lon="7.619367"><ele>57.5</ele></trkpt>
   <trkpt lat="51.890226" lon="7.618985"><ele>57</ele></trkpt>
   <trkpt lat="51.890207" lon="7.618864"><ele>56.75</ele></trkpt>
   <trkpt lat="51.890182" lon="7.618757"><ele>56.5</ele></trkpt>
   <trkpt lat="51.890056" lon="7.618286"><ele>56.75</ele></trkpt>
   <trkpt lat="51.890004" lon="7.618031"><ele>56.75</ele></trkpt>
   <trkpt lat="51.889901" lon="7.617323"><ele>56.5</ele></trkpt>
   <trkpt lat="51.889686" lon="7.61602"><ele>56.75</ele></trkpt>
   <trkpt lat="51.88909" lon="7.612857"><ele>56</ele></trkpt>
   <trkpt lat="51.888499" lon="7.609951"><ele>56.25</ele></trkpt>
   <trkpt lat="51.888029" lon="7.607844"><ele>57</ele></trkpt>
   <trkpt lat="51.888005" lon="7.607662"><ele>57</ele></trkpt>
   <trkpt lat="51.887789" lon="7.605473"><ele>57.5</ele></trkpt>
   <trkpt lat="51.887724" lon="7.604647"><ele>57</ele></trkpt>
   <trkpt lat="51.887704" lon="7.604289"><ele>57.25</ele></trkpt>
   <trkpt lat="51.887686" lon="7.603669"><ele>57.25</ele></trkpt>
   <trkpt lat="51.887685" lon="7.603046"><ele>57.5</ele></trkpt>
   <trkpt lat="51.887695" lon="7.602494"><ele>57.5</ele></trkpt>
   <trkpt lat="51.887751" lon="7.601339"><ele>57.5</ele></trkpt>
   <trkpt lat="51.887777" lon="7.600828"><ele>58</ele></trkpt>
   <trkpt lat="51.88779" lon="7.600204"><ele>57.75</ele></trkpt>
   <trkpt lat="51.887784" lon="7.599294"><ele>57.75</ele></trkpt>
   <trkpt lat="51.887782" lon="7.599175"><ele>57.75</ele></trkpt>
   <trkpt lat="51.887787" lon="7.599003"><ele>59</ele></trkpt>
   <trkpt lat="51.887783" lon="7.59888"><ele>59.75</ele></trkpt>
   <trkpt lat="51.887767" lon="7.598744"><ele>58.5</ele></trkpt>
   <trkpt lat="51.887735" lon="7.598518"><ele>57</ele></trkpt>
   <trkpt lat="51.887655" lon="7.597673"><ele>56</ele></trkpt>
   <trkpt lat="51.88759" lon="7.597115"><ele>56.5</ele></trkpt>
   <trkpt lat="51.887547" lon="7.59694"><ele>57.5</ele></trkpt>
   <trkpt lat="51.887501" lon="7.59679"><ele>57.75</ele></trkpt>
   <trkpt lat="51.887392" lon="7.596362"><ele>56.25</ele></trkpt>
   <trkpt lat="51.887198" lon="7.595686"><ele>57.25</ele></trkpt>
   <trkpt lat="51.886978" lon="7.595228"><ele>57</ele></trkpt>
   <trkpt lat="51.886477" lon="7.594655"><ele>57.25</ele></trkpt>
   <trkpt lat="51.885587" lon="7.593712"><ele>57.25</ele></trkpt>
   <trkpt lat="51.884529" lon="7.592601"><ele>56.75</ele></trkpt>
   <trkpt lat="51.884169" lon="7.592158"><ele>57</ele></trkpt>
   <trkpt lat="51.883823" lon="7.591676"><ele>57.25</ele></trkpt>
   <trkpt lat="51.883553" lon="7.591203"><ele>57.25</ele></trkpt>
   <trkpt lat="51.883387" lon="7.590862"><ele>57</ele></trkpt>
   <trkpt lat="51.883111" lon="7.590211"><ele>56.75</ele></trkpt>
   <trkpt lat="51.882905" lon="7.589589"><ele>56.75</ele></trkpt>
   <trkpt lat="51.882731" lon="7.588959"><ele>56.75</ele></trkpt>
   <trkpt lat="51.882358" lon="7.587463"><ele>56</ele></trkpt>
   <trkpt lat="51.88162" lon="7.584583"><ele>58.5</ele></trkpt>
   <trkpt lat="51.881576" lon="7.584304"><ele>58.75</ele></trkpt>
   <trkpt lat="51.881439" lon="7.584053"><ele>58.5</ele></trkpt>
   <trkpt lat="51.881367" lon="7.583824"><ele>58.75</ele></trkpt>
   <trkpt lat="51.881223" lon="7.583222"><ele>57</ele></trkpt>
   <trkpt lat="51.880901" lon="7.581952"><ele>57.25</ele></trkpt>
   <trkpt lat="51.880813" lon="7.581599"><ele>57.75</ele></trkpt>
   <trkpt lat="51.880616" lon="7.580819"><ele>57.5</ele></trkpt>
   <trkpt lat="51.880591" lon="7.580682"><ele>57.5</ele></trkpt>
   <trkpt lat="51.880556" lon="7.580403"><ele>57.25</ele></trkpt>
   <trkpt lat="51.880534" lon="7.580276"><ele>57</ele></trkpt>
   <trkpt lat="51.880501" lon="7.580139"><ele>57</ele></trkpt>
   <trkpt lat="51.880445" lon="7.579968"><ele>57.25</ele></trkpt>
   <trkpt lat="51.87994" lon="7.578637"><ele>57.25</ele></trkpt>
   <trkpt lat="51.879825" lon="7.578351"><ele>57.5</ele></trkpt>
   <trkpt lat="51.879513" lon="7.577659"><ele>57.75</ele></trkpt>
   <trkpt lat="51.879411" lon="7.577454"><ele>57.75</ele></trkpt>
   <trkpt lat="51.878976" lon="7.576458"><ele>58.5</ele></trkpt>
   <trkpt lat="51.878701" lon="7.575865"><ele>59.25</ele></trkpt>
   <trkpt lat="51.878527" lon="7.575413"><ele>57.25</ele></trkpt>
   <trkpt lat="51.878418" lon="7.575162"><ele>57.5</ele></trkpt>
   <trkpt lat="51.876503" lon="7.570886"><ele>57.5</ele></trkpt>
   <trkpt lat="51.876082" lon="7.570002"><ele>57</ele></trkpt>
   <trkpt lat="51.875946" lon="7.569725"><ele>58</ele></trkpt>
   <trkpt lat="51.875912" lon="7.56968"><ele>58.25</ele></trkpt>
   <trkpt lat="51.875855" lon="7.569624"><ele>58.5</ele></trkpt>
   <trkpt lat="51.875794" lon="7.569582"><ele>58.25</ele></trkpt>
   <trkpt lat="51.87577" lon="7.56958"><ele>58</ele></trkpt>
   <trkpt lat="51.875766" lon="7.569498"><ele>57.75</ele></trkpt>
   <trkpt lat="51.875751" lon="7.569427"><ele>57.5</ele></trkpt>
   <trkpt lat="51.875723" lon="7.56935"><ele>57.5</ele></trkpt>
   <trkpt lat="51.875681" lon="7.569277"><ele>57.5</ele></trkpt>
   <trkpt lat="51.875303" lon="7.568758"><ele>58.25</ele></trkpt>
   <trkpt lat="51.87531" lon="7.568726"><ele>58.25</ele></trkpt>
   <trkpt lat="51.875302" lon="7.568653"><ele>58.5</ele></trkpt>
   <trkpt lat="51.875272" lon="7.568546"><ele>58.5</ele></trkpt>
   <trkpt lat="51.875213" lon="7.568418"><ele>58</ele></trkpt>
   <trkpt lat="51.87507" lon="7.568159"><ele>58</ele></trkpt>
   <trkpt lat="51.874927" lon="7.567914"><ele>58.25</ele></trkpt>
   <trkpt lat="51.874744" lon="7.567633"><ele>57.75</ele></trkpt>
   <trkpt lat="51.873655" lon="7.566015"><ele>58</ele></trkpt>
   <trkpt lat="51.873204" lon="7.565287"><ele>57.25</ele></trkpt>
   <trkpt lat="51.87258" lon="7.564153"><ele>57.5</ele></trkpt>
   <trkpt lat="51.872247" lon="7.563483"><ele>57.25</ele></trkpt>
   <trkpt lat="51.872018" lon="7.562992"><ele>57.5</ele></trkpt>
   <trkpt lat="51.87179" lon="7.562472"><ele>58</ele></trkpt>
   <trkpt lat="51.871416" lon="7.561565"><ele>57.75</ele></trkpt>
   <trkpt lat="51.871245" lon="7.561105"><ele>57.5</ele></trkpt>
   <trkpt lat="51.87085" lon="7.559959"><ele>57.75</ele></trkpt>
   <trkpt lat="51.87049" lon="7.558781"><ele>57</ele></trkpt>
   <trkpt lat="51.870106" lon="7.557418"><ele>58</ele></trkpt>
   <trkpt lat="51.869958" lon="7.556869"><ele>57.75</ele></trkpt>
   <trkpt lat="51.869759" lon="7.556175"><ele>57.75</ele></trkpt>
   <trkpt lat="51.86966" lon="7.555846"><ele>57.25</ele></trkpt>
   <trkpt lat="51.869572" lon="7.555565"><ele>57.5</ele></trkpt>
   <trkpt lat="51.869047" lon="7.55376"><ele>57</ele></trkpt>
   <trkpt lat="51.86877" lon="7.552839"><ele>57.75</ele></trkpt>
   <trkpt lat="51.868497" lon="7.551892"><ele>57.5</ele></trkpt>
   <trkpt lat="51.868287" lon="7.551195"><ele>57.5</ele></trkpt>
   <trkpt lat="51.86815" lon="7.550751"><ele>57.5</ele></trkpt>
   <trkpt lat="51.868018" lon="7.55035"><ele>57.25</ele></trkpt>
   <trkpt lat="51.867934" lon="7.55013"><ele>57.75</ele></trkpt>
   <trkpt lat="51.867884" lon="7.549923"><ele>58</ele></trkpt>
   <trkpt lat="51.867735" lon="7.549377"><ele>57.25</ele></trkpt>
   <trkpt lat="51.867648" lon="7.549059"><ele>58.5</ele></trkpt>
   <trkpt lat="51.867294" lon="7.547761"><ele>58.25</ele></trkpt>
   <trkpt lat="51.866922" lon="7.546215"><ele>58.25</ele></trkpt>
   <trkpt lat="51.866297" lon="7.543599"><ele>57.5</ele></trkpt>
   <trkpt lat="51.86489" lon="7.537798"><ele>57.75</ele></trkpt>
   <trkpt lat="51.864021" lon="7.534213"><ele>58</ele></trkpt>
   <trkpt lat="51.862061" lon="7.526058"><ele>58</ele></trkpt>
   <trkpt lat="51.861589" lon="7.523997"><ele>57.75</ele></trkpt>
   <trkpt lat="51.861395" lon="7.523092"><ele>57.75</ele></trkpt>
   <trkpt lat="51.861176" lon="7.522259"><ele>57.75</ele></trkpt>
   <trkpt lat="51.860984" lon="7.521562"><ele>57.25</ele></trkpt>
   <trkpt lat="51.860739" lon="7.520761"><ele>57.25</ele></trkpt>
   <trkpt lat="51.860471" lon="7.519957"><ele>57.25</ele></trkpt>
   <trkpt lat="51.860118" lon="7.519021"><ele>57.5</ele></trkpt>
   <trkpt lat="51.859605" lon="7.517808"><ele>57.25</ele></trkpt>
   <trkpt lat="51.859381" lon="7.517349"><ele>57.5</ele></trkpt>
   <trkpt lat="51.859141" lon="7.516971"><ele>58</ele></trkpt>
   <trkpt lat="51.858916" lon="7.516678"><ele>57.75</ele></trkpt>
   <trkpt lat="51.858303" lon="7.516003"><ele>57.5</ele></trkpt>
   <trkpt lat="51.85734" lon="7.51501"><ele>57.5</ele></trkpt>
   <trkpt lat="51.85731" lon="7.514957"><ele>57.5</ele></trkpt>
   <trkpt lat="51.857296" lon="7.514874"><ele>57.5</ele></trkpt>
   <trkpt lat="51.857581" lon="7.514249"><ele>58.5</ele></trkpt>
   <trkpt lat="51.85761" lon="7.514183"><ele>58.25</ele></trkpt>
   <trkpt lat="51.857624" lon="7.514102"><ele>58</ele></trkpt>
   <trkpt lat="51.857594" lon="7.514025"><ele>58.25</ele></trkpt>
   <trkpt lat="51.857186" lon="7.513331"><ele>59</ele></trkpt>
   <trkpt lat="51.856765" lon="7.512562"><ele>59</ele></trkpt>
   <trkpt lat="51.856702" lon="7.512323"><ele>58.5</ele></trkpt>
   <trkpt lat="51.856652" lon="7.512221"><ele>58</ele></trkpt>
   <trkpt lat="51.856576" lon="7.512153"><ele>58.75</ele></trkpt>
   <trkpt lat="51.856504" lon="7.512089"><ele>59.5</ele></trkpt>
   <trkpt lat="51.855981" lon="7.511097"><ele>59.25</ele></trkpt>
   <trkpt lat="51.855575" lon="7.510218"><ele>59</ele></trkpt>
   <trkpt lat="51.855056" lon="7.508979"><ele>57.75</ele></trkpt>
   <trkpt lat="51.854714" lon="7.508022"><ele>58.75</ele></trkpt>
   <trkpt lat="51.8543" lon="7.506698"><ele>58</ele></trkpt>
   <trkpt lat="51.854003" lon="7.505626"><ele>57.5</ele></trkpt>
   <trkpt lat="51.853747" lon="7.504505"><ele>57.25</ele></trkpt>
   <trkpt lat="51.853583" lon="7.5037"><ele>58</ele></trkpt>
   <trkpt lat="51.853291" lon="7.502012"><ele>58</ele></trkpt>
   <trkpt lat="51.853236" lon="7.501618"><ele>57.25</ele></trkpt>
   <trkpt lat="51.852381" lon="7.495452"><ele>58.25</ele></trkpt>
   <trkpt lat="51.852234" lon="7.494442"><ele>58.75</ele></trkpt>
   <trkpt lat="51.852085" lon="7.49452"><ele>59.25</ele></trkpt>
   <trkpt lat="51.851897" lon="7.493689"><ele>60</ele></trkpt>
   <trkpt lat="51.851796" lon="7.493289"><ele>60</ele></trkpt>
   <trkpt lat="51.851744" lon="7.49302"><ele>60</ele></trkpt>
   <trkpt lat="51.851695" lon="7.492824"><ele>60.5</ele></trkpt>
   <trkpt lat="51.851655" lon="7.492729"><ele>61</ele></trkpt>
   <trkpt lat="51.851538" lon="7.49231"><ele>61</ele></trkpt>
   <trkpt lat="51.851426" lon="7.491891"><ele>61</ele></trkpt>
   <trkpt lat="51.8514" lon="7.491761"><ele>61.5</ele></trkpt>
   <trkpt lat="51.8514" lon="7.491591"><ele>61.75</ele></trkpt>
   <trkpt lat="51.851418" lon="7.491438"><ele>61.75</ele></trkpt>
   <trkpt lat="51.851452" lon="7.491287"><ele>62</ele></trkpt>
   <trkpt lat="51.851503" lon="7.491189"><ele>62.5</ele></trkpt>
   <trkpt lat="51.851548" lon="7.491115"><ele>62.75</ele></trkpt>
   <trkpt lat="51.851571" lon="7.491"><ele>62.5</ele></trkpt>
   <trkpt lat="51.851602" lon="7.490836"><ele>62</ele></trkpt>
   <trkpt lat="51.851659" lon="7.490865"><ele>62</ele></trkpt>
   <trkpt lat="51.851724" lon="7.490944"><ele>61.25</ele></trkpt>
   <trkpt lat="51.851753" lon="7.490955"><ele>60.5</ele></trkpt>
   <trkpt lat="51.852505" lon="7.49129"><ele>60.75</ele></trkpt>
   <trkpt lat="51.852521" lon="7.491298"><ele>61</ele></trkpt>
   <trkpt lat="51.85262" lon="7.491337"><ele>61.5</ele></trkpt>
   <trkpt lat="51.852623" lon="7.491261"><ele>60.75</ele></trkpt>
   <trkpt lat="51.852539" lon="7.490707"><ele>59</ele></trkpt>
   <trkpt lat="51.852492" lon="7.490443"><ele>58.75</ele></trkpt>
   <trkpt lat="51.852436" lon="7.489912"><ele>58.5</ele></trkpt>
   <trkpt lat="51.852301" lon="7.489733"><ele>57.5</ele></trkpt>
   <trkpt lat="51.852253" lon="7.489377"><ele>58</ele></trkpt>
   <trkpt lat="51.852119" lon="7.488419"><ele>57.75</ele></trkpt>
   <trkpt lat="51.852114" lon="7.488384"><ele>57.5</ele></trkpt>
   <trkpt lat="51.852102" lon="7.488299"><ele>57.5</ele></trkpt>
   <trkpt lat="51.851992" lon="7.488013"><ele>58</ele></trkpt>
   <trkpt lat="51.85197" lon="7.487864"><ele>58</ele></trkpt>
   <trkpt lat="51.851966" lon="7.487842"><ele>58</ele></trkpt>
   <trkpt lat="51.85197" lon="7.487716"><ele>58</ele></trkpt>
   <trkpt lat="51.85194" lon="7.487481"><ele>57.75</ele></trkpt>
   <trkpt lat="51.851854" lon="7.486987"><ele>57.5</ele></trkpt>
   <trkpt lat="51.851781" lon="7.486525"><ele>57.5</ele></trkpt>
   <trkpt lat="51.851552" lon="7.485158"><ele>57.5</ele></trkpt>
   <trkpt lat="51.851343" lon="7.483892"><ele>57.75</ele></trkpt>
   <trkpt lat="51.851313" lon="7.483719"><ele>57.5</ele></trkpt>
   <trkpt lat="51.851073" lon="7.482337"><ele>57.25</ele></trkpt>
   <trkpt lat="51.85106" lon="7.482256"><ele>57</ele></trkpt>
   <trkpt lat="51.850836" lon="7.480923"><ele>57.75</ele></trkpt>
   <trkpt lat="51.850599" lon="7.47954"><ele>57.5</ele></trkpt>
   <trkpt lat="51.850363" lon="7.478144"><ele>57.25</ele></trkpt>
   <trkpt lat="51.850118" lon="7.476703"><ele>56</ele></trkpt>
   <trkpt lat="51.849967" lon="7.47581"><ele>56.75</ele></trkpt>
   <trkpt lat="51.849944" lon="7.475678"><ele>56.5</ele></trkpt>
   <trkpt lat="51.849898" lon="7.475595"><ele>56.25</ele></trkpt>
   <trkpt lat="51.849887" lon="7.475494"><ele>56.25</ele></trkpt>
   <trkpt lat="51.849907" lon="7.475369"><ele>55.75</ele></trkpt>
   <trkpt lat="51.84992" lon="7.475284"><ele>55.5</ele></trkpt>
   <trkpt lat="51.850037" lon="7.474727"><ele>55</ele></trkpt>
   <trkpt lat="51.850109" lon="7.4742"><ele>55.5</ele></trkpt>
   <trkpt lat="51.850152" lon="7.473501"><ele>54.75</ele></trkpt>
   <trkpt lat="51.850143" lon="7.473249"><ele>54.75</ele></trkpt>
   <trkpt lat="51.850121" lon="7.47295"><ele>55.25</ele></trkpt>
   <trkpt lat="51.850078" lon="7.472616"><ele>55.5</ele></trkpt>
   <trkpt lat="51.849993" lon="7.472299"><ele>54.5</ele></trkpt>
   <trkpt lat="51.849612" lon="7.47118"><ele>54.75</ele></trkpt>
   <trkpt lat="51.849424" lon="7.470519"><ele>54.75</ele></trkpt>
   <trkpt lat="51.849278" lon="7.4699"><ele>56</ele></trkpt>
   <trkpt lat="51.848906" lon="7.4682"><ele>56</ele></trkpt>
   <trkpt lat="51.848873" lon="7.468058"><ele>56</ele></trkpt>
   <trkpt lat="51.848835" lon="7.467955"><ele>55.25</ele></trkpt>
   <trkpt lat="51.848756" lon="7.467831"><ele>55</ele></trkpt>
   <trkpt lat="51.848678" lon="7.467739"><ele>55.5</ele></trkpt>
   <trkpt lat="51.848594" lon="7.467702"><ele>55.75</ele></trkpt>
   <trkpt lat="51.848319" lon="7.46788"><ele>57</ele></trkpt>
   <trkpt lat="51.848168" lon="7.467277"><ele>56.75</ele></trkpt>
   <trkpt lat="51.847983" lon="7.466569"><ele>57.25</ele></trkpt>
   <trkpt lat="51.847512" lon="7.46488"><ele>57.25</ele></trkpt>
   <trkpt lat="51.847151" lon="7.463654"><ele>59</ele></trkpt>
   <trkpt lat="51.847085" lon="7.46347"><ele>58.5</ele></trkpt>
   <trkpt lat="51.846369" lon="7.461214"><ele>57.5</ele></trkpt>
   <trkpt lat="51.845929" lon="7.459844"><ele>57.5</ele></trkpt>
   <trkpt lat="51.844222" lon="7.454521"><ele>57</ele></trkpt>
   <trkpt lat="51.842839" lon="7.450226"><ele>56.75</ele></trkpt>
   <trkpt lat="51.84244" lon="7.449046"><ele>56.25</ele></trkpt>
   <trkpt lat="51.841845" lon="7.447399"><ele>56.5</ele></trkpt>
   <trkpt lat="51.840928" lon="7.445096"><ele>56.5</ele></trkpt>
   <trkpt lat="51.84032" lon="7.443679"><ele>56.5</ele></trkpt>
   <trkpt lat="51.839985" lon="7.442936"><ele>57</ele></trkpt>
   <trkpt lat="51.839026" lon="7.440944"><ele>57</ele></trkpt>
   <trkpt lat="51.838503" lon="7.439926"><ele>56.5</ele></trkpt>
   <trkpt lat="51.837698" lon="7.438445"><ele>56.5</ele></trkpt>
   <trkpt lat="51.83702" lon="7.437278"><ele>56.75</ele></trkpt>
   <trkpt lat="51.835621" lon="7.435049"><ele>56.75</ele></trkpt>
   <trkpt lat="51.835423" lon="7.434749"><ele>56.5</ele></trkpt>
   <trkpt lat="51.834517" lon="7.433432"><ele>56.75</ele></trkpt>
   <trkpt lat="51.833876" lon="7.432548"><ele>56.75</ele></trkpt>
   <trkpt lat="51.833591" lon="7.432166"><ele>57</ele></trkpt>
   <trkpt lat="51.833108" lon="7.431532"><ele>56.75</ele></trkpt>
   <trkpt lat="51.832797" lon="7.431113"><ele>56.75</ele></trkpt>
   <trkpt lat="51.831429" lon="7.429433"><ele>56.75</ele></trkpt>
   <trkpt lat="51.83116" lon="7.429147"><ele>56.75</ele></trkpt>
   <trkpt lat="51.830727" lon="7.428654"><ele>57</ele></trkpt>
   <trkpt lat="51.829744" lon="7.427636"><ele>56.75</ele></trkpt>
   <trkpt lat="51.829332" lon="7.427233"><ele>57.25</ele></trkpt>
   <trkpt lat="51.829111" lon="7.427016"><ele>59</ele></trkpt>
   <trkpt lat="51.826032" lon="7.424339"><ele>56.75</ele></trkpt>
   <trkpt lat="51.82447" lon="7.42294"><ele>57</ele></trkpt>
   <trkpt lat="51.82393" lon="7.42248"><ele>57.25</ele></trkpt>
   <trkpt lat="51.823142" lon="7.421782"><ele>56.75</ele></trkpt>
   <trkpt lat="51.821801" lon="7.420598"><ele>56.5</ele></trkpt>
   <trkpt lat="51.820158" lon="7.419119"><ele>57</ele></trkpt>
   <trkpt lat="51.818484" lon="7.417667"><ele>56.75</ele></trkpt>
   <trkpt lat="51.814016" lon="7.413719"><ele>56.25</ele></trkpt>
   <trkpt lat="51.810473" lon="7.410587"><ele>56.5</ele></trkpt>
   <trkpt lat="51.808034" lon="7.40844"><ele>56.75</ele></trkpt>
   <trkpt lat="51.807359" lon="7.407842"><ele>56.5</ele></trkpt>
   <trkpt lat="51.806366" lon="7.406938"><ele>56.75</ele></trkpt>
   <trkpt lat="51.803177" lon="7.404319"><ele>58.75</ele></trkpt>
   <trkpt lat="51.802783" lon="7.404011"><ele>58</ele></trkpt>
   <trkpt lat="51.801915" lon="7.403411"><ele>57</ele></trkpt>
   <trkpt lat="51.800976" lon="7.402858"><ele>56.5</ele></trkpt>
   <trkpt lat="51.800031" lon="7.402373"><ele>56.25</ele></trkpt>
   <trkpt lat="51.799662" lon="7.402199"><ele>57</ele></trkpt>
   <trkpt lat="51.798579" lon="7.402008"><ele>57.75</ele></trkpt>
   <trkpt lat="51.798371" lon="7.401939"><ele>57.75</ele></trkpt>
   <trkpt lat="51.798151" lon="7.401825"><ele>56.75</ele></trkpt>
   <trkpt lat="51.798086" lon="7.401811"><ele>56.5</ele></trkpt>
   <trkpt lat="51.797992" lon="7.401776"><ele>56.5</ele></trkpt>
   <trkpt lat="51.797852" lon="7.401742"><ele>56.75</ele></trkpt>
   <trkpt lat="51.797539" lon="7.401628"><ele>56.5</ele></trkpt>
   <trkpt lat="51.796789" lon="7.401502"><ele>56.5</ele></trkpt>
   <trkpt lat="51.796105" lon="7.401425"><ele>56.75</ele></trkpt>
   <trkpt lat="51.794851" lon="7.401393"><ele>57</ele></trkpt>
   <trkpt lat="51.794508" lon="7.401411"><ele>57</ele></trkpt>
   <trkpt lat="51.79394" lon="7.401464"><ele>56.25</ele></trkpt>
   <trkpt lat="51.793218" lon="7.401563"><ele>56.25</ele></trkpt>
   <trkpt lat="51.792465" lon="7.401725"><ele>56.75</ele></trkpt>
   <trkpt lat="51.792066" lon="7.40183"><ele>56.25</ele></trkpt>
   <trkpt lat="51.791345" lon="7.402055"><ele>56.25</ele></trkpt>
   <trkpt lat="51.790602" lon="7.402342"><ele>56.25</ele></trkpt>
   <trkpt lat="51.789733" lon="7.402746"><ele>56.75</ele></trkpt>
   <trkpt lat="51.789262" lon="7.403001"><ele>56.5</ele></trkpt>
   <trkpt lat="51.788854" lon="7.403235"><ele>56.5</ele></trkpt>
   <trkpt lat="51.788338" lon="7.403555"><ele>56.5</ele></trkpt>
   <trkpt lat="51.787849" lon="7.403889"><ele>56.75</ele></trkpt>
   <trkpt lat="51.786934" lon="7.404555"><ele>56.75</ele></trkpt>
   <trkpt lat="51.784885" lon="7.406099"><ele>56.75</ele></trkpt>
   <trkpt lat="51.783625" lon="7.407164"><ele>57</ele></trkpt>
   <trkpt lat="51.783588" lon="7.407058"><ele>57.5</ele></trkpt>
   <trkpt lat="51.783561" lon="7.40698"><ele>57.5</ele></trkpt>
   <trkpt lat="51.782949" lon="7.407521"><ele>58.75</ele></trkpt>
   <trkpt lat="51.782882" lon="7.407561"><ele>58.5</ele></trkpt>
   <trkpt lat="51.782806" lon="7.407579"><ele>58.5</ele></trkpt>
   <trkpt lat="51.782736" lon="7.407583"><ele>58.75</ele></trkpt>
   <trkpt lat="51.782594" lon="7.407553"><ele>59.25</ele></trkpt>
   <trkpt lat="51.78249" lon="7.40756"><ele>59.75</ele></trkpt>
   <trkpt lat="51.782387" lon="7.407618"><ele>60.25</ele></trkpt>
   <trkpt lat="51.782304" lon="7.407678"><ele>60.75</ele></trkpt>
   <trkpt lat="51.78224" lon="7.407725"><ele>61.5</ele></trkpt>
   <trkpt lat="51.78213" lon="7.407352"><ele>59.5</ele></trkpt>
   <trkpt lat="51.782059" lon="7.407175"><ele>59.75</ele></trkpt>
   <trkpt lat="51.781903" lon="7.406879"><ele>59.75</ele></trkpt>
   <trkpt lat="51.781691" lon="7.406515"><ele>60</ele></trkpt>
   <trkpt lat="51.781649" lon="7.406419"><ele>60.5</ele></trkpt>
   <trkpt lat="51.781346" lon="7.405543"><ele>61.75</ele></trkpt>
   <trkpt lat="51.781247" lon="7.405263"><ele>61.5</ele></trkpt>
   <trkpt lat="51.781146" lon="7.404971"><ele>61.75</ele></trkpt>
   <trkpt lat="51.780896" lon="7.404241"><ele>60.25</ele></trkpt>
   <trkpt lat="51.780805" lon="7.404017"><ele>59.75</ele></trkpt>
   <trkpt lat="51.78073" lon="7.403884"><ele>59.25</ele></trkpt>
   <trkpt lat="51.780651" lon="7.403787"><ele>59.5</ele></trkpt>
   <trkpt lat="51.780239" lon="7.403313"><ele>58.75</ele></trkpt>
   <trkpt lat="51.780187" lon="7.403311"><ele>58.75</ele></trkpt>
   <trkpt lat="51.780122" lon="7.403305"><ele>58.75</ele></trkpt>
   <trkpt lat="51.780053" lon="7.403331"><ele>58.75</ele></trkpt>
   <trkpt lat="51.780002" lon="7.403377"><ele>58.75</ele></trkpt>
   <trkpt lat="51.779913" lon="7.40363"><ele>58.5</ele></trkpt>
   <trkpt lat="51.77975" lon="7.404446"><ele>57.75</ele></trkpt>
   <trkpt lat="51.779574" lon="7.404976"><ele>58</ele></trkpt>
   <trkpt lat="51.779072" lon="7.406373"><ele>57</ele></trkpt>
   <trkpt lat="51.778499" lon="7.407965"><ele>57.5</ele></trkpt>
   <trkpt lat="51.77814" lon="7.408873"><ele>57.5</ele></trkpt>
   <trkpt lat="51.777928" lon="7.40934"><ele>57.5</ele></trkpt>
   <trkpt lat="51.777874" lon="7.409455"><ele>57.5</ele></trkpt>
   <trkpt lat="51.777646" lon="7.409909"><ele>57.5</ele></trkpt>
   <trkpt lat="51.777418" lon="7.410337"><ele>57</ele></trkpt>
   <trkpt lat="51.777183" lon="7.410699"><ele>57</ele></trkpt>
   <trkpt lat="51.777188" lon="7.410908"><ele>57</ele></trkpt>
   <trkpt lat="51.777163" lon="7.41096"><ele>57</ele></trkpt>
   <trkpt lat="51.776976" lon="7.411259"><ele>57</ele></trkpt>
   <trkpt lat="51.776704" lon="7.411666"><ele>57</ele></trkpt>
   <trkpt lat="51.776013" lon="7.412611"><ele>57.25</ele></trkpt>
   <trkpt lat="51.775541" lon="7.413043"><ele>57.75</ele></trkpt>
   <trkpt lat="51.774821" lon="7.413675"><ele>56.75</ele></trkpt>
   <trkpt lat="51.774747" lon="7.41373"><ele>56.5</ele></trkpt>
   <trkpt lat="51.774006" lon="7.414253"><ele>56.75</ele></trkpt>
   <trkpt lat="51.773153" lon="7.41487"><ele>57</ele></trkpt>
   <trkpt lat="51.77189" lon="7.415808"><ele>57.75</ele></trkpt>
   <trkpt lat="51.771054" lon="7.416397"><ele>57.75</ele></trkpt>
   <trkpt lat="51.769873" lon="7.417274"><ele>57.5</ele></trkpt>
   <trkpt lat="51.768018" lon="7.418616"><ele>56.75</ele></trkpt>
   <trkpt lat="51.766503" lon="7.419711"><ele>57.5</ele></trkpt>
   <trkpt lat="51.765732" lon="7.420303"><ele>58.75</ele></trkpt>
   <trkpt lat="51.7652" lon="7.420664"><ele>58</ele></trkpt>
   <trkpt lat="51.764498" lon="7.421086"><ele>58</ele></trkpt>
   <trkpt lat="51.764078" lon="7.421306"><ele>57</ele></trkpt>
   <trkpt lat="51.763984" lon="7.421431"><ele>57</ele></trkpt>
   <trkpt lat="51.762976" lon="7.422178"><ele>56.75</ele></trkpt>
   <trkpt lat="51.760272" lon="7.424118"><ele>57</ele></trkpt>
   <trkpt lat="51.759155" lon="7.424781"><ele>56.75</ele></trkpt>
   <trkpt lat="51.758147" lon="7.425249"><ele>56.75</ele></trkpt>
   <trkpt lat="51.756706" lon="7.425779"><ele>56.5</ele></trkpt>
   <trkpt lat="51.75558" lon="7.426069"><ele>56.5</ele></trkpt>
   <trkpt lat="51.753716" lon="7.426473"><ele>56.75</ele></trkpt>
   <trkpt lat="51.752938" lon="7.42665"><ele>56.75</ele></trkpt>
   <trkpt lat="51.751754" lon="7.42694"><ele>56.75</ele></trkpt>
   <trkpt lat="51.750804" lon="7.427159"><ele>57</ele></trkpt>
   <trkpt lat="51.750422" lon="7.427245"><ele>57.75</ele></trkpt>
   <trkpt lat="51.74966" lon="7.427432"><ele>57</ele></trkpt>
   <trkpt lat="51.749239" lon="7.427395"><ele>57</ele></trkpt>
   <trkpt lat="51.748973" lon="7.427554"><ele>57</ele></trkpt>
   <trkpt lat="51.748755" lon="7.42762"><ele>57.25</ele></trkpt>
   <trkpt lat="51.748566" lon="7.427661"><ele>57.25</ele></trkpt>
   <trkpt lat="51.745592" lon="7.428346"><ele>57.75</ele></trkpt>
   <trkpt lat="51.744094" lon="7.428705"><ele>57.25</ele></trkpt>
   <trkpt lat="51.743772" lon="7.428679"><ele>57.5</ele></trkpt>
   <trkpt lat="51.743586" lon="7.428763"><ele>57.5</ele></trkpt>
   <trkpt lat="51.743402" lon="7.428891"><ele>57.5</ele></trkpt>
   <trkpt lat="51.743245" lon="7.428958"><ele>57.5</ele></trkpt>
   <trkpt lat="51.743061" lon="7.428978"><ele>57.5</ele></trkpt>
   <trkpt lat="51.743015" lon="7.428772"><ele>58.5</ele></trkpt>
   <trkpt lat="51.742995" lon="7.428574"><ele>59.25</ele></trkpt>
   <trkpt lat="51.742958" lon="7.428362"><ele>59.5</ele></trkpt>
   <trkpt lat="51.742907" lon="7.428171"><ele>58.5</ele></trkpt>
   <trkpt lat="51.7428" lon="7.427855"><ele>58</ele></trkpt>
   <trkpt lat="51.742743" lon="7.427644"><ele>58.25</ele></trkpt>
   <trkpt lat="51.74267" lon="7.427312"><ele>58.75</ele></trkpt>
   <trkpt lat="51.742639" lon="7.427089"><ele>59</ele></trkpt>
   <trkpt lat="51.742683" lon="7.42698"><ele>59</ele></trkpt>
   <trkpt lat="51.742748" lon="7.427376"><ele>58.75</ele></trkpt>
   <trkpt lat="51.742869" lon="7.427759"><ele>58.25</ele></trkpt>
   <trkpt lat="51.743034" lon="7.428138"><ele>59.25</ele></trkpt>
   <trkpt lat="51.74311" lon="7.428426"><ele>60.75</ele></trkpt>
   <trkpt lat="51.743164" lon="7.428781"><ele>58.75</ele></trkpt>
   <trkpt lat="51.743167" lon="7.428806"><ele>58.5</ele></trkpt>
   <trkpt lat="51.743283" lon="7.430083"><ele>59.25</ele></trkpt>
   <trkpt lat="51.743286" lon="7.430111"><ele>59.5</ele></trkpt>
   <trkpt lat="51.743319" lon="7.430373"><ele>61.25</ele></trkpt>
   <trkpt lat="51.743392" lon="7.430355"><ele>61</ele></trkpt>
   <trkpt lat="51.744298" lon="7.429939"><ele>57.5</ele></trkpt>
   <trkpt lat="51.744281" lon="7.429813"><ele>57.75</ele></trkpt>
   <trkpt lat="51.744267" lon="7.429712"><ele>57.75</ele></trkpt>
   <trkpt lat="51.74362" lon="7.429857"><ele>57.5</ele></trkpt>
   <trkpt lat="51.743409" lon="7.429913"><ele>57.75</ele></trkpt>
   <trkpt lat="51.743157" lon="7.429977"><ele>57.5</ele></trkpt>
   <trkpt lat="51.742974" lon="7.430012"><ele>56.75</ele></trkpt>
   <trkpt lat="51.739351" lon="7.430863"><ele>56.75</ele></trkpt>
   <trkpt lat="51.734728" lon="7.43194"><ele>58</ele></trkpt>
   <trkpt lat="51.733671" lon="7.431949"><ele>58</ele></trkpt>
   <trkpt lat="51.733541" lon="7.43195"><ele>57.75</ele></trkpt>
   <trkpt lat="51.732297" lon="7.431779"><ele>57.25</ele></trkpt>
   <trkpt lat="51.731378" lon="7.431478"><ele>57.5</ele></trkpt>
   <trkpt lat="51.730518" lon="7.43108"><ele>58</ele></trkpt>
   <trkpt lat="51.729708" lon="7.430576"><ele>58.25</ele></trkpt>
   <trkpt lat="51.728646" lon="7.429758"><ele>58</ele></trkpt>
   <trkpt lat="51.727774" lon="7.428942"><ele>57.5</ele></trkpt>
   <trkpt lat="51.727189" lon="7.428375"><ele>57.25</ele></trkpt>
   <trkpt lat="51.726619" lon="7.427831"><ele>57.25</ele></trkpt>
   <trkpt lat="51.724754" lon="7.426006"><ele>58</ele></trkpt>
   <trkpt lat="51.723677" lon="7.424963"><ele>58.25</ele></trkpt>
   <trkpt lat="51.722083" lon="7.423441"><ele>57.25</ele></trkpt>
   <trkpt lat="51.720651" lon="7.42217"><ele>56.25</ele></trkpt>
   <trkpt lat="51.720387" lon="7.421959"><ele>57.5</ele></trkpt>
   <trkpt lat="51.718843" lon="7.42072"><ele>57.5</ele></trkpt>
   <trkpt lat="51.717078" lon="7.419491"><ele>57.5</ele></trkpt>
   <trkpt lat="51.714973" lon="7.418136"><ele>57.25</ele></trkpt>
   <trkpt lat="51.713814" lon="7.417387"><ele>56.5</ele></trkpt>
   <trkpt lat="51.71025" lon="7.415118"><ele>56.25</ele></trkpt>
   <trkpt lat="51.709265" lon="7.414499"><ele>57</ele></trkpt>
   <trkpt lat="51.708768" lon="7.414175"><ele>56.75</ele></trkpt>
   <trkpt lat="51.705551" lon="7.412113"><ele>56.25</ele></trkpt>
   <trkpt lat="51.703691" lon="7.410945"><ele>56</ele></trkpt>
   <trkpt lat="51.702619" lon="7.410254"><ele>56.25</ele></trkpt>
   <trkpt lat="51.700525" lon="7.408902"><ele>56.5</ele></trkpt>
   <trkpt lat="51.69792" lon="7.40725"><ele>56.5</ele></trkpt>
   <trkpt lat="51.696832" lon="7.406548"><ele>56.25</ele></trkpt>
   <trkpt lat="51.695141" lon="7.405482"><ele>56.5</ele></trkpt>
   <trkpt lat="51.693599" lon="7.404495"><ele>56.25</ele></trkpt>
   <trkpt lat="51.69264" lon="7.403909"><ele>56.25</ele></trkpt>
   <trkpt lat="51.689583" lon="7.401953"><ele>56.75</ele></trkpt>
   <trkpt lat="51.687944" lon="7.400807"><ele>57.5</ele></trkpt>
   <trkpt lat="51.686558" lon="7.399838"><ele>59.25</ele></trkpt>
   <trkpt lat="51.68401" lon="7.397693"><ele>60</ele></trkpt>
   <trkpt lat="51.68297" lon="7.39657"><ele>59.75</ele></trkpt>
   <trkpt lat="51.682276" lon="7.395932"><ele>60.75</ele></trkpt>
   <trkpt lat="51.681947" lon="7.395648"><ele>59.25</ele></trkpt>
   <trkpt lat="51.681489" lon="7.395315"><ele>59.5</ele></trkpt>
   <trkpt lat="51.679356" lon="7.393306"><ele>58</ele></trkpt>
   <trkpt lat="51.678133" lon="7.392071"><ele>58.25</ele></trkpt>
   <trkpt lat="51.676738" lon="7.390325"><ele>57.25</ele></trkpt>
   <trkpt lat="51.676061" lon="7.389325"><ele>57</ele></trkpt>
   <trkpt lat="51.675399" lon="7.388274"><ele>57</ele></trkpt>
   <trkpt lat="51.674589" lon="7.386801"><ele>57</ele></trkpt>
   <trkpt lat="51.674403" lon="7.386517"><ele>54.75</ele></trkpt>
   <trkpt lat="51.674362" lon="7.386435"><ele>52.5</ele></trkpt>
   <trkpt lat="51.673819" lon="7.385587"><ele>49.25</ele></trkpt>
   <trkpt lat="51.673465" lon="7.385095"><ele>56.25</ele></trkpt>
   <trkpt lat="51.672429" lon="7.383744"><ele>56.25</ele></trkpt>
   <trkpt lat="51.672262" lon="7.38347"><ele>56.5</ele></trkpt>
   <trkpt lat="51.671347" lon="7.381973"><ele>56</ele></trkpt>
   <trkpt lat="51.670799" lon="7.380968"><ele>56.25</ele></trkpt>
   <trkpt lat="51.670273" lon="7.379919"><ele>56.75</ele></trkpt>
   <trkpt lat="51.669652" lon="7.378789"><ele>55.75</ele></trkpt>
   <trkpt lat="51.668819" lon="7.377455"><ele>56</ele></trkpt>
   <trkpt lat="51.668169" lon="7.376476"><ele>56.25</ele></trkpt>
   <trkpt lat="51.667715" lon="7.376084"><ele>54</ele></trkpt>
   <trkpt lat="51.667193" lon="7.375619"><ele>49.5</ele></trkpt>
   <trkpt lat="51.667029" lon="7.37559"><ele>48.25</ele></trkpt>
   <trkpt lat="51.666901" lon="7.375389"><ele>47.75</ele></trkpt>
   <trkpt lat="51.66676" lon="7.375031"><ele>48.5</ele></trkpt>
   <trkpt lat="51.666653" lon="7.375022"><ele>47.75</ele></trkpt>
   <trkpt lat="51.666407" lon="7.374889"><ele>48</ele></trkpt>
   <trkpt lat="51.665007" lon="7.374848"><ele>48</ele></trkpt>
   <trkpt lat="51.664002" lon="7.375258"><ele>47</ele></trkpt>
   <trkpt lat="51.663832" lon="7.375137"><ele>46.75</ele></trkpt>
   <trkpt lat="51.663493" lon="7.374682"><ele>47</ele></trkpt>
   <trkpt lat="51.662567" lon="7.373008"><ele>48.5</ele></trkpt>
   <trkpt lat="51.662413" lon="7.372843"><ele>50.25</ele></trkpt>
   <trkpt lat="51.662205" lon="7.372777"><ele>51</ele></trkpt>
   <trkpt lat="51.661792" lon="7.372834"><ele>51</ele></trkpt>
   <trkpt lat="51.661664" lon="7.372888"><ele>51</ele></trkpt>
   <trkpt lat="51.661534" lon="7.372989"><ele>51.25</ele></trkpt>
   <trkpt lat="51.660754" lon="7.373869"><ele>50</ele></trkpt>
   <trkpt lat="51.660388" lon="7.374176"><ele>49.5</ele></trkpt>
   <trkpt lat="51.660309" lon="7.374798"><ele>49.75</ele></trkpt>
   <trkpt lat="51.660255" lon="7.37486"><ele>49.75</ele></trkpt>
   <trkpt lat="51.660195" lon="7.37489"><ele>49.5</ele></trkpt>
   <trkpt lat="51.660477" lon="7.376581"><ele>50</ele></trkpt>
   <trkpt lat="51.66053" lon="7.376805"><ele>50</ele></trkpt>
   <trkpt lat="51.660662" lon="7.377154"><ele>49.5</ele></trkpt>
   <trkpt lat="51.660825" lon="7.3775"><ele>49</ele></trkpt>
   <trkpt lat="51.660579" lon="7.37783"><ele>49.75</ele></trkpt>
   <trkpt lat="51.660315" lon="7.378321"><ele>49</ele></trkpt>
   <trkpt lat="51.659382" lon="7.377891"><ele>50</ele></trkpt>
   <trkpt lat="51.658923" lon="7.377699"><ele>50</ele></trkpt>
   <trkpt lat="51.658855" lon="7.37781"><ele>50</ele></trkpt>
   <trkpt lat="51.658351" lon="7.379434"><ele>49.75</ele></trkpt>
   <trkpt lat="51.658273" lon="7.379691"><ele>50</ele></trkpt>
   <trkpt lat="51.658212" lon="7.379857"><ele>49.75</ele></trkpt>
   <trkpt lat="51.657658" lon="7.380801"><ele>50</ele></trkpt>
   <trkpt lat="51.657325" lon="7.381312"><ele>50</ele></trkpt>
   <trkpt lat="51.655727" lon="7.383624"><ele>50.25</ele></trkpt>
   <trkpt lat="51.655258" lon="7.384131"><ele>51</ele></trkpt>
   <trkpt lat="51.654991" lon="7.38444"><ele>51</ele></trkpt>
   <trkpt lat="51.654628" lon="7.384973"><ele>51</ele></trkpt>
   <trkpt lat="51.654547" lon="7.385126"><ele>51</ele></trkpt>
   <trkpt lat="51.654373" lon="7.385517"><ele>51</ele></trkpt>
   <trkpt lat="51.654238" lon="7.385895"><ele>51</ele></trkpt>
   <trkpt lat="51.654122" lon="7.386262"><ele>51.25</ele></trkpt>
   <trkpt lat="51.654018" lon="7.386669"><ele>51</ele></trkpt>
   <trkpt lat="51.653853" lon="7.387433"><ele>51</ele></trkpt>
   <trkpt lat="51.653655" lon="7.388463"><ele>51</ele></trkpt>
   <trkpt lat="51.653633" lon="7.388594"><ele>51</ele></trkpt>
   <trkpt lat="51.653438" lon="7.390027"><ele>50</ele></trkpt>
   <trkpt lat="51.653365" lon="7.390427"><ele>50</ele></trkpt>
   <trkpt lat="51.653275" lon="7.390783"><ele>50</ele></trkpt>
   <trkpt lat="51.653217" lon="7.39094"><ele>50</ele></trkpt>
   <trkpt lat="51.653143" lon="7.391078"><ele>50</ele></trkpt>
   <trkpt lat="51.653" lon="7.391276"><ele>50</ele></trkpt>
   <trkpt lat="51.652891" lon="7.391417"><ele>50.5</ele></trkpt>
   <trkpt lat="51.65205" lon="7.392326"><ele>50.75</ele></trkpt>
   <trkpt lat="51.651096" lon="7.393294"><ele>51</ele></trkpt>
   <trkpt lat="51.650999" lon="7.393369"><ele>50.75</ele></trkpt>
   <trkpt lat="51.649636" lon="7.393496"><ele>50.25</ele></trkpt>
   <trkpt lat="51.649086" lon="7.392588"><ele>50</ele></trkpt>
   <trkpt lat="51.648079" lon="7.394372"><ele>50</ele></trkpt>
   <trkpt lat="51.646992" lon="7.39635"><ele>51</ele></trkpt>
   <trkpt lat="51.646536" lon="7.397115"><ele>51</ele></trkpt>
   <trkpt lat="51.646232" lon="7.397177"><ele>51</ele></trkpt>
   <trkpt lat="51.645464" lon="7.397399"><ele>50.5</ele></trkpt>
   <trkpt lat="51.644873" lon="7.397547"><ele>51</ele></trkpt>
   <trkpt lat="51.644116" lon="7.397754"><ele>50.75</ele></trkpt>
   <trkpt lat="51.643518" lon="7.397931"><ele>50.25</ele></trkpt>
   <trkpt lat="51.641632" lon="7.398449"><ele>51</ele></trkpt>
   <trkpt lat="51.641608" lon="7.398455"><ele>51</ele></trkpt>
   <trkpt lat="51.64132" lon="7.398531"><ele>51</ele></trkpt>
   <trkpt lat="51.640215" lon="7.398826"><ele>51.25</ele></trkpt>
   <trkpt lat="51.63976" lon="7.398771"><ele>52</ele></trkpt>
   <trkpt lat="51.639447" lon="7.398728"><ele>52</ele></trkpt>
   <trkpt lat="51.637002" lon="7.398394"><ele>56.75</ele></trkpt>
   <trkpt lat="51.636929" lon="7.398378"><ele>57</ele></trkpt>
   <trkpt lat="51.636749" lon="7.39835"><ele>57.5</ele></trkpt>
   <trkpt lat="51.636564" lon="7.39828"><ele>58.25</ele></trkpt>
   <trkpt lat="51.635969" lon="7.397892"><ele>58.5</ele></trkpt>
   <trkpt lat="51.635907" lon="7.397852"><ele>57.75</ele></trkpt>
   <trkpt lat="51.63529" lon="7.397436"><ele>59</ele></trkpt>
   <trkpt lat="51.635222" lon="7.397385"><ele>59.25</ele></trkpt>
   <trkpt lat="51.635172" lon="7.397348"><ele>59.5</ele></trkpt>
   <trkpt lat="51.635094" lon="7.397175"><ele>59.5</ele></trkpt>
   <trkpt lat="51.635074" lon="7.396969"><ele>58.25</ele></trkpt>
   <trkpt lat="51.63512" lon="7.396799"><ele>57.75</ele></trkpt>
   <trkpt lat="51.635498" lon="7.39628"><ele>57.75</ele></trkpt>
   <trkpt lat="51.635587" lon="7.396365"><ele>57.75</ele></trkpt>
   <trkpt lat="51.635491" lon="7.396697"><ele>57.25</ele></trkpt>
   <trkpt lat="51.635291" lon="7.397569"><ele>58.25</ele></trkpt>
   <trkpt lat="51.635117" lon="7.398135"><ele>57.75</ele></trkpt>
   <trkpt lat="51.634673" lon="7.399894"><ele>57.25</ele></trkpt>
   <trkpt lat="51.634291" lon="7.401761"><ele>58.5</ele></trkpt>
   <trkpt lat="51.633891" lon="7.403607"><ele>59</ele></trkpt>
   <trkpt lat="51.633537" lon="7.405299"><ele>58</ele></trkpt>
   <trkpt lat="51.63306" lon="7.407792"><ele>57.75</ele></trkpt>
   <trkpt lat="51.632637" lon="7.409808"><ele>57.25</ele></trkpt>
   <trkpt lat="51.632312" lon="7.411541"><ele>56</ele></trkpt>
   <trkpt lat="51.631901" lon="7.41395"><ele>57.5</ele></trkpt>
   <trkpt lat="51.631766" lon="7.414585"><ele>57.5</ele></trkpt>
   <trkpt lat="51.631678" lon="7.414715"><ele>57.75</ele></trkpt>
   <trkpt lat="51.631377" lon="7.414188"><ele>57.75</ele></trkpt>
   <trkpt lat="51.631275" lon="7.414132"><ele>57</ele></trkpt>
   <trkpt lat="51.630948" lon="7.413137"><ele>56</ele></trkpt>
   <trkpt lat="51.630813" lon="7.412784"><ele>55.75</ele></trkpt>
   <trkpt lat="51.630654" lon="7.41251"><ele>55.75</ele></trkpt>
   <trkpt lat="51.630608" lon="7.41241"><ele>56</ele></trkpt>
   <trkpt lat="51.630601" lon="7.412348"><ele>55.75</ele></trkpt>
   <trkpt lat="51.630617" lon="7.412266"><ele>56</ele></trkpt>
   <trkpt lat="51.630643" lon="7.412193"><ele>55.75</ele></trkpt>
   <trkpt lat="51.630759" lon="7.412047"><ele>55.75</ele></trkpt>
   <trkpt lat="51.630395" lon="7.411209"><ele>55</ele></trkpt>
   <trkpt lat="51.630358" lon="7.411123"><ele>55</ele></trkpt>
   <trkpt lat="51.630305" lon="7.41102"><ele>55</ele></trkpt>
   <trkpt lat="51.630216" lon="7.410915"><ele>54.75</ele></trkpt>
   <trkpt lat="51.630112" lon="7.410872"><ele>54.25</ele></trkpt>
   <trkpt lat="51.6301" lon="7.410576"><ele>54.75</ele></trkpt>
   <trkpt lat="51.630076" lon="7.410484"><ele>54.75</ele></trkpt>
   <trkpt lat="51.629943" lon="7.41018"><ele>54.75</ele></trkpt>
   <trkpt lat="51.628813" lon="7.407596"><ele>55.5</ele></trkpt>
   <trkpt lat="51.628591" lon="7.407089"><ele>56</ele></trkpt>
   <trkpt lat="51.628511" lon="7.406906"><ele>56</ele></trkpt>
   <trkpt lat="51.628451" lon="7.406769"><ele>56</ele></trkpt>
   <trkpt lat="51.628318" lon="7.406441"><ele>56</ele></trkpt>
   <trkpt lat="51.628167" lon="7.406097"><ele>56.25</ele></trkpt>
   <trkpt lat="51.627975" lon="7.405657"><ele>56.75</ele></trkpt>
   <trkpt lat="51.627357" lon="7.404245"><ele>57.25</ele></trkpt>
   <trkpt lat="51.627267" lon="7.404042"><ele>57.5</ele></trkpt>
   <trkpt lat="51.627067" lon="7.403613"><ele>58</ele></trkpt>
   <trkpt lat="51.626583" lon="7.4025"><ele>59</ele></trkpt>
   <trkpt lat="51.626283" lon="7.401733"><ele>59</ele></trkpt>
   <trkpt lat="51.626131" lon="7.401224"><ele>59</ele></trkpt>
   <trkpt lat="51.626074" lon="7.401032"><ele>59.25</ele></trkpt>
   <trkpt lat="51.625235" lon="7.398236"><ele>60.75</ele></trkpt>
   <trkpt lat="51.625203" lon="7.398034"><ele>61</ele></trkpt>
   <trkpt lat="51.624985" lon="7.397313"><ele>62</ele></trkpt>
   <trkpt lat="51.624837" lon="7.396806"><ele>63</ele></trkpt>
   <trkpt lat="51.624732" lon="7.396478"><ele>63</ele></trkpt>
   <trkpt lat="51.624589" lon="7.39607"><ele>63.5</ele></trkpt>
   <trkpt lat="51.624531" lon="7.395908"><ele>63.75</ele></trkpt>
   <trkpt lat="51.624417" lon="7.395532"><ele>64.25</ele></trkpt>
   <trkpt lat="51.624321" lon="7.395213"><ele>65.5</ele></trkpt>
   <trkpt lat="51.624199" lon="7.394886"><ele>66.25</ele></trkpt>
   <trkpt lat="51.624166" lon="7.394801"><ele>66.5</ele></trkpt>
   <trkpt lat="51.624129" lon="7.394708"><ele>67</ele></trkpt>
   <trkpt lat="51.623942" lon="7.394265"><ele>68</ele></trkpt>
   <trkpt lat="51.62383" lon="7.393981"><ele>68.5</ele></trkpt>
   <trkpt lat="51.623722" lon="7.393682"><ele>69</ele></trkpt>
   <trkpt lat="51.623666" lon="7.393511"><ele>69.25</ele></trkpt>
   <trkpt lat="51.623618" lon="7.393342"><ele>69.75</ele></trkpt>
   <trkpt lat="51.623129" lon="7.393738"><ele>70.25</ele></trkpt>
   <trkpt lat="51.6231" lon="7.393759"><ele>70.25</ele></trkpt>
   <trkpt lat="51.622539" lon="7.394118"><ele>70</ele></trkpt>
   <trkpt lat="51.622013" lon="7.39306"><ele>70.75</ele></trkpt>
   <trkpt lat="51.621844" lon="7.392687"><ele>71</ele></trkpt>
   <trkpt lat="51.621702" lon="7.392374"><ele>71.25</ele></trkpt>
   <trkpt lat="51.621609" lon="7.392169"><ele>71.75</ele></trkpt>
   <trkpt lat="51.621552" lon="7.391969"><ele>71.75</ele></trkpt>
   <trkpt lat="51.621319" lon="7.391157"><ele>72.5</ele></trkpt>
   <trkpt lat="51.621258" lon="7.390954"><ele>72.75</ele></trkpt>
   <trkpt lat="51.621197" lon="7.390865"><ele>72.75</ele></trkpt>
   <trkpt lat="51.621156" lon="7.390805"><ele>73</ele></trkpt>
   <trkpt lat="51.621076" lon="7.390772"><ele>73</ele></trkpt>
   <trkpt lat="51.620986" lon="7.390734"><ele>73</ele></trkpt>
   <trkpt lat="51.620642" lon="7.390638"><ele>73</ele></trkpt>
   <trkpt lat="51.620536" lon="7.390636"><ele>73</ele></trkpt>
   <trkpt lat="51.620295" lon="7.390631"><ele>73</ele></trkpt>
   <trkpt lat="51.620122" lon="7.390625"><ele>73</ele></trkpt>
   <trkpt lat="51.62007" lon="7.390626"><ele>73</ele></trkpt>
   <trkpt lat="51.619729" lon="7.390627"><ele>73</ele></trkpt>
   <trkpt lat="51.619507" lon="7.390614"><ele>73</ele></trkpt>
   <trkpt lat="51.619363" lon="7.390585"><ele>73</ele></trkpt>
   <trkpt lat="51.619264" lon="7.39055"><ele>72.75</ele></trkpt>
   <trkpt lat="51.618972" lon="7.390445"><ele>72.5</ele></trkpt>
   <trkpt lat="51.618608" lon="7.390139"><ele>73</ele></trkpt>
   <trkpt lat="51.618139" lon="7.389692"><ele>73</ele></trkpt>
   <trkpt lat="51.617763" lon="7.389321"><ele>73</ele></trkpt>
   <trkpt lat="51.616954" lon="7.388527"><ele>73</ele></trkpt>
   <trkpt lat="51.61649" lon="7.388068"><ele>72</ele></trkpt>
   <trkpt lat="51.616164" lon="7.387745"><ele>71.75</ele></trkpt>
   <trkpt lat="51.616144" lon="7.387705"><ele>71.75</ele></trkpt>
   <trkpt lat="51.615732" lon="7.387311"><ele>71.75</ele></trkpt>
   <trkpt lat="51.615361" lon="7.386932"><ele>71.25</ele></trkpt>
   <trkpt lat="51.615296" lon="7.38687"><ele>71</ele></trkpt>
   <trkpt lat="51.615216" lon="7.386777"><ele>70.75</ele></trkpt>
   <trkpt lat="51.615054" lon="7.386622"><ele>70.25</ele></trkpt>
   <trkpt lat="51.61494" lon="7.38652"><ele>70.25</ele></trkpt>
   <trkpt lat="51.614612" lon="7.386277"><ele>69.75</ele></trkpt>
   <trkpt lat="51.614415" lon="7.386132"><ele>69</ele></trkpt>
   <trkpt lat="51.613299" lon="7.385572"><ele>68</ele></trkpt>
   <trkpt lat="51.611722" lon="7.384716"><ele>66</ele></trkpt>
   <trkpt lat="51.610993" lon="7.384343"><ele>66.25</ele></trkpt>
   <trkpt lat="51.610659" lon="7.384198"><ele>66.5</ele></trkpt>
   <trkpt lat="51.610618" lon="7.383911"><ele>67.75</ele></trkpt>
   <trkpt lat="51.610465" lon="7.383797"><ele>69.5</ele></trkpt>
   <trkpt lat="51.6103" lon="7.383629"><ele>70.75</ele></trkpt>
   <trkpt lat="51.609962" lon="7.383646"><ele>71</ele></trkpt>
   <trkpt lat="51.609733" lon="7.383635"><ele>71</ele></trkpt>
   <trkpt lat="51.609378" lon="7.38374"><ele>70.75</ele></trkpt>
   <trkpt lat="51.60896" lon="7.38415"><ele>70.75</ele></trkpt>
   <trkpt lat="51.608736" lon="7.384281"><ele>69.75</ele></trkpt>
   <trkpt lat="51.608207" lon="7.384483"><ele>70.5</ele></trkpt>
   <trkpt lat="51.607918" lon="7.384573"><ele>69.5</ele></trkpt>
   <trkpt lat="51.607453" lon="7.384669"><ele>70</ele></trkpt>
   <trkpt lat="51.607264" lon="7.384671"><ele>70</ele></trkpt>
   <trkpt lat="51.60709" lon="7.384673"><ele>70</ele></trkpt>
   <trkpt lat="51.606385" lon="7.384564"><ele>69.5</ele></trkpt>
   <trkpt lat="51.605442" lon="7.384402"><ele>70.5</ele></trkpt>
   <trkpt lat="51.605115" lon="7.384284"><ele>69.75</ele></trkpt>
   <trkpt lat="51.604906" lon="7.384237"><ele>70.25</ele></trkpt>
   <trkpt lat="51.604794" lon="7.384213"><ele>70.5</ele></trkpt>
   <trkpt lat="51.604672" lon="7.384271"><ele>70.75</ele></trkpt>
   <trkpt lat="51.604554" lon="7.384271"><ele>70.25</ele></trkpt>
   <trkpt lat="51.604464" lon="7.384212"><ele>70.5</ele></trkpt>
   <trkpt lat="51.603956" lon="7.384137"><ele>70.75</ele></trkpt>
   <trkpt lat="51.601916" lon="7.383789"><ele>70</ele></trkpt>
   <trkpt lat="51.601126" lon="7.383673"><ele>70.75</ele></trkpt>
   <trkpt lat="51.60073" lon="7.383634"><ele>71</ele></trkpt>
   <trkpt lat="51.599812" lon="7.383631"><ele>70.75</ele></trkpt>
   <trkpt lat="51.599288" lon="7.383657"><ele>70.75</ele></trkpt>
   <trkpt lat="51.599038" lon="7.383686"><ele>71</ele></trkpt>
   <trkpt lat="51.598839" lon="7.383721"><ele>70.75</ele></trkpt>
   <trkpt lat="51.598668" lon="7.383749"><ele>70.5</ele></trkpt>
   <trkpt lat="51.598335" lon="7.383842"><ele>70.75</ele></trkpt>
   <trkpt lat="51.597993" lon="7.383983"><ele>70.5</ele></trkpt>
   <trkpt lat="51.597556" lon="7.384223"><ele>70</ele></trkpt>
   <trkpt lat="51.597317" lon="7.384424"><ele>70.5</ele></trkpt>
   <trkpt lat="51.596729" lon="7.384798"><ele>71.25</ele></trkpt>
   <trkpt lat="51.596488" lon="7.385003"><ele>72</ele></trkpt>
   <trkpt lat="51.596177" lon="7.38529"><ele>71.75</ele></trkpt>
   <trkpt lat="51.595906" lon="7.385577"><ele>71.75</ele></trkpt>
   <trkpt lat="51.595591" lon="7.38595"><ele>71.5</ele></trkpt>
   <trkpt lat="51.595241" lon="7.38646"><ele>71.5</ele></trkpt>
   <trkpt lat="51.594798" lon="7.387136"><ele>71.5</ele></trkpt>
   <trkpt lat="51.594094" lon="7.388381"><ele>71.75</ele></trkpt>
   <trkpt lat="51.592994" lon="7.39035"><ele>72</ele></trkpt>
   <trkpt lat="51.592449" lon="7.391341"><ele>72.75</ele></trkpt>
   <trkpt lat="51.591896" lon="7.392321"><ele>72.75</ele></trkpt>
   <trkpt lat="51.591632" lon="7.392845"><ele>71.5</ele></trkpt>
   <trkpt lat="51.591792" lon="7.392897"><ele>72.5</ele></trkpt>
   <trkpt lat="51.592038" lon="7.392976"><ele>72.5</ele></trkpt>
   <trkpt lat="51.592292" lon="7.392987"><ele>73.5</ele></trkpt>
   <trkpt lat="51.592311" lon="7.392981"><ele>73.75</ele></trkpt>
   <trkpt lat="51.592317" lon="7.392943"><ele>74.5</ele></trkpt>
   <trkpt lat="51.592298" lon="7.392921"><ele>75</ele></trkpt>
   <trkpt lat="51.591901" lon="7.39274"><ele>76.25</ele></trkpt>
   <trkpt lat="51.591861" lon="7.392696"><ele>75.5</ele></trkpt>
   <trkpt lat="51.591833" lon="7.392649"><ele>74.75</ele></trkpt>
   <trkpt lat="51.591822" lon="7.392645"><ele>74.5</ele></trkpt>
   <trkpt lat="51.591771" lon="7.392633"><ele>73.25</ele></trkpt>
   <trkpt lat="51.591232" lon="7.392495"><ele>73.75</ele></trkpt>
   <trkpt lat="51.591127" lon="7.392473"><ele>76.5</ele></trkpt>
   <trkpt lat="51.591014" lon="7.392477"><ele>77.25</ele></trkpt>
   <trkpt lat="51.590751" lon="7.392422"><ele>77.75</ele></trkpt>
   <trkpt lat="51.59052" lon="7.392377"><ele>77.5</ele></trkpt>
   <trkpt lat="51.590304" lon="7.392353"><ele>76.5</ele></trkpt>
   <trkpt lat="51.589953" lon="7.392334"><ele>76</ele></trkpt>
   <trkpt lat="51.589814" lon="7.392337"><ele>75.5</ele></trkpt>
   <trkpt lat="51.588205" lon="7.392452"><ele>72.5</ele></trkpt>
   <trkpt lat="51.587419" lon="7.392511"><ele>69.5</ele></trkpt>
   <trkpt lat="51.587148" lon="7.392546"><ele>68.5</ele></trkpt>
   <trkpt lat="51.586421" lon="7.39275"><ele>67.75</ele></trkpt>
   <trkpt lat="51.586169" lon="7.392798"><ele>64.5</ele></trkpt>
   <trkpt lat="51.585931" lon="7.392815"><ele>65.5</ele></trkpt>
   <trkpt lat="51.585211" lon="7.392868"><ele>64.25</ele></trkpt>
   <trkpt lat="51.585162" lon="7.392884"><ele>64</ele></trkpt>
   <trkpt lat="51.585101" lon="7.392887"><ele>64</ele></trkpt>
   <trkpt lat="51.58501" lon="7.392893"><ele>64</ele></trkpt>
   <trkpt lat="51.584958" lon="7.392903"><ele>63.75</ele></trkpt>
   <trkpt lat="51.584925" lon="7.392945"><ele>63.75</ele></trkpt>
   <trkpt lat="51.584885" lon="7.392995"><ele>63.5</ele></trkpt>
   <trkpt lat="51.584861" lon="7.392998"><ele>63.5</ele></trkpt>
   <trkpt lat="51.584781" lon="7.392927"><ele>63.5</ele></trkpt>
   <trkpt lat="51.584746" lon="7.392917"><ele>63.5</ele></trkpt>
   <trkpt lat="51.584351" lon="7.392942"><ele>63.5</ele></trkpt>
   <trkpt lat="51.58419" lon="7.392925"><ele>64.25</ele></trkpt>
   <trkpt lat="51.583533" lon="7.392974"><ele>65</ele></trkpt>
   <trkpt lat="51.583215" lon="7.393016"><ele>62.5</ele></trkpt>
   <trkpt lat="51.582929" lon="7.393074"><ele>62</ele></trkpt>
   <trkpt lat="51.582917" lon="7.392917"><ele>62.25</ele></trkpt>
   <trkpt lat="51.582904" lon="7.392757"><ele>63</ele></trkpt>
   <trkpt lat="51.582894" lon="7.392634"><ele>63.25</ele></trkpt>
   <trkpt lat="51.5828" lon="7.390911"><ele>64</ele></trkpt>
   <trkpt lat="51.582787" lon="7.390664"><ele>64</ele></trkpt>
   <trkpt lat="51.582774" lon="7.390606"><ele>64</ele></trkpt>
   <trkpt lat="51.582752" lon="7.390561"><ele>64</ele></trkpt>
   <trkpt lat="51.582697" lon="7.390504"><ele>64</ele></trkpt>
   <trkpt lat="51.582669" lon="7.390609"><ele>64</ele></trkpt>
   <trkpt lat="51.582203" lon="7.390111"><ele>64</ele></trkpt>
   <trkpt lat="51.581693" lon="7.38966"><ele>64.25</ele></trkpt>
   <trkpt lat="51.581267" lon="7.389329"><ele>64</ele></trkpt>
   <trkpt lat="51.57919" lon="7.387662"><ele>64</ele></trkpt>
   <trkpt lat="51.578939" lon="7.387446"><ele>64</ele></trkpt>
   <trkpt lat="51.578892" lon="7.387533"><ele>64</ele></trkpt>
   <trkpt lat="51.578866" lon="7.387581"><ele>63.75</ele></trkpt>
   <trkpt lat="51.578853" lon="7.38764"><ele>63.75</ele></trkpt>
   <trkpt lat="51.578783" lon="7.387693"><ele>63.5</ele></trkpt>
   <trkpt lat="51.578723" lon="7.38774"><ele>63.25</ele></trkpt>
   <trkpt lat="51.578706" lon="7.387691"><ele>63.25</ele></trkpt>
   <trkpt lat="51.578591" lon="7.387453"><ele>63</ele></trkpt>
   <trkpt lat="51.578491" lon="7.387314"><ele>63.25</ele></trkpt>
   <trkpt lat="51.578338" lon="7.387188"><ele>63</ele></trkpt>
   <trkpt lat="51.57815" lon="7.387101"><ele>63.25</ele></trkpt>
   <trkpt lat="51.577948" lon="7.387022"><ele>63.25</ele></trkpt>
   <trkpt lat="51.577833" lon="7.386998"><ele>63</ele></trkpt>
   <trkpt lat="51.577552" lon="7.386979"><ele>63.5</ele></trkpt>
   <trkpt lat="51.576749" lon="7.386979"><ele>63.75</ele></trkpt>
   <trkpt lat="51.576426" lon="7.386871"><ele>63.25</ele></trkpt>
   <trkpt lat="51.576373" lon="7.386852"><ele>62.75</ele></trkpt>
   <trkpt lat="51.576078" lon="7.386758"><ele>61.25</ele></trkpt>
   <trkpt lat="51.576058" lon="7.386752"><ele>61.25</ele></trkpt>
   <trkpt lat="51.575985" lon="7.386743"><ele>61.25</ele></trkpt>
   <trkpt lat="51.575976" lon="7.386777"><ele>61.25</ele></trkpt>
   <trkpt lat="51.575852" lon="7.387274"><ele>62.25</ele></trkpt>
   <trkpt lat="51.575827" lon="7.387124"><ele>62.75</ele></trkpt>
   <trkpt lat="51.575762" lon="7.38696"><ele>62.5</ele></trkpt>
   <trkpt lat="51.575738" lon="7.386928"><ele>62.5</ele></trkpt>
   <trkpt lat="51.575687" lon="7.386902"><ele>62.5</ele></trkpt>
   <trkpt lat="51.575466" lon="7.38687"><ele>62.25</ele></trkpt>
   <trkpt lat="51.574927" lon="7.386872"><ele>62.25</ele></trkpt>
   <trkpt lat="51.574742" lon="7.386855"><ele>62.75</ele></trkpt>
   <trkpt lat="51.574683" lon="7.386813"><ele>63</ele></trkpt>
   <trkpt lat="51.574712" lon="7.386674"><ele>63</ele></trkpt>
   <trkpt lat="51.574731" lon="7.386588"><ele>63</ele></trkpt>
   <trkpt lat="51.574342" lon="7.386615"><ele>63</ele></trkpt>
   <trkpt lat="51.57419" lon="7.386626"><ele>63</ele></trkpt>
   <trkpt lat="51.57397" lon="7.386641"><ele>63</ele></trkpt>
   <trkpt lat="51.57394" lon="7.386643"><ele>63</ele></trkpt>
   <trkpt lat="51.573555" lon="7.386658"><ele>63</ele></trkpt>
   <trkpt lat="51.573388" lon="7.386665"><ele>63.75</ele></trkpt>
   <trkpt lat="51.573175" lon="7.386673"><ele>64</ele></trkpt>
   <trkpt lat="51.573037" lon="7.386664"><ele>63.75</ele></trkpt>
   <trkpt lat="51.572913" lon="7.38666"><ele>63.75</ele></trkpt>
   <trkpt lat="51.572617" lon="7.38664"><ele>64</ele></trkpt>
   <trkpt lat="51.572249" lon="7.386659"><ele>64</ele></trkpt>
   <trkpt lat="51.572202" lon="7.386636"><ele>64</ele></trkpt>
   <trkpt lat="51.572055" lon="7.386646"><ele>64</ele></trkpt>
   <trkpt lat="51.57196" lon="7.386649"><ele>64</ele></trkpt>
   <trkpt lat="51.571942" lon="7.386606"><ele>64</ele></trkpt>
   <trkpt lat="51.571917" lon="7.386573"><ele>64</ele></trkpt>
   <trkpt lat="51.571888" lon="7.386553"><ele>64</ele></trkpt>
   <trkpt lat="51.571856" lon="7.386548"><ele>64</ele></trkpt>
   <trkpt lat="51.571824" lon="7.386557"><ele>64</ele></trkpt>
   <trkpt lat="51.571796" lon="7.386581"><ele>64</ele></trkpt>
   <trkpt lat="51.571766" lon="7.386634"><ele>64</ele></trkpt>
   <trkpt lat="51.571708" lon="7.386641"><ele>64</ele></trkpt>
   <trkpt lat="51.571616" lon="7.38663"><ele>64</ele></trkpt>
   <trkpt lat="51.571517" lon="7.386613"><ele>64</ele></trkpt>
   <trkpt lat="51.571455" lon="7.386574"><ele>64</ele></trkpt>
   <trkpt lat="51.571442" lon="7.386529"><ele>64</ele></trkpt>
   <trkpt lat="51.571422" lon="7.386491"><ele>64</ele></trkpt>
   <trkpt lat="51.571397" lon="7.386464"><ele>64</ele></trkpt>
   <trkpt lat="51.571368" lon="7.386448"><ele>64</ele></trkpt>
   <trkpt lat="51.571337" lon="7.386446"><ele>64</ele></trkpt>
   <trkpt lat="51.571288" lon="7.386473"><ele>64</ele></trkpt>
   <trkpt lat="51.571268" lon="7.3865"><ele>64</ele></trkpt>
   <trkpt lat="51.57124" lon="7.386577"><ele>64</ele></trkpt>
   <trkpt lat="51.571236" lon="7.386621"><ele>64</ele></trkpt>
   <trkpt lat="51.57115" lon="7.386715"><ele>64</ele></trkpt>
   <trkpt lat="51.571021" lon="7.38686"><ele>64</ele></trkpt>
   <trkpt lat="51.570987" lon="7.386937"><ele>64</ele></trkpt>
   <trkpt lat="51.57092" lon="7.387021"><ele>64</ele></trkpt>
   <trkpt lat="51.570564" lon="7.387481"><ele>64</ele></trkpt>
   <trkpt lat="51.570398" lon="7.387679"><ele>64</ele></trkpt>
   <trkpt lat="51.570266" lon="7.387797"><ele>64</ele></trkpt>
   <trkpt lat="51.570219" lon="7.387839"><ele>64</ele></trkpt>
   <trkpt lat="51.570013" lon="7.387977"><ele>64.25</ele></trkpt>
   <trkpt lat="51.569699" lon="7.388162"><ele>65</ele></trkpt>
   <trkpt lat="51.569398" lon="7.388274"><ele>65</ele></trkpt>
   <trkpt lat="51.569312" lon="7.388303"><ele>65</ele></trkpt>
   <trkpt lat="51.569199" lon="7.3883"><ele>65</ele></trkpt>
   <trkpt lat="51.568986" lon="7.388253"><ele>65</ele></trkpt>
   <trkpt lat="51.568801" lon="7.388239"><ele>65</ele></trkpt>
   <trkpt lat="51.568719" lon="7.388247"><ele>65</ele></trkpt>
   <trkpt lat="51.56858" lon="7.388308"><ele>65</ele></trkpt>
   <trkpt lat="51.568542" lon="7.388324"><ele>65</ele></trkpt>
   <trkpt lat="51.568433" lon="7.388374"><ele>65</ele></trkpt>
   <trkpt lat="51.568293" lon="7.388474"><ele>65</ele></trkpt>
   <trkpt lat="51.567627" lon="7.388958"><ele>65.25</ele></trkpt>
   <trkpt lat="51.567499" lon="7.38905"><ele>65.5</ele></trkpt>
   <trkpt lat="51.56744" lon="7.389083"><ele>65.75</ele></trkpt>
   <trkpt lat="51.567381" lon="7.389099"><ele>66</ele></trkpt>
   <trkpt lat="51.567332" lon="7.389106"><ele>66</ele></trkpt>
   <trkpt lat="51.567284" lon="7.389098"><ele>66.25</ele></trkpt>
   <trkpt lat="51.567204" lon="7.38905"><ele>66.75</ele></trkpt>
   <trkpt lat="51.567142" lon="7.389013"><ele>66.75</ele></trkpt>
   <trkpt lat="51.566753" lon="7.38876"><ele>66.25</ele></trkpt>
   <trkpt lat="51.566552" lon="7.388649"><ele>66.5</ele></trkpt>
   <trkpt lat="51.566604" lon="7.388342"><ele>66.75</ele></trkpt>
   <trkpt lat="51.566648" lon="7.388074"><ele>67</ele></trkpt>
   <trkpt lat="51.566654" lon="7.388017"><ele>67</ele></trkpt>
   <trkpt lat="51.566645" lon="7.387962"><ele>67</ele></trkpt>
   <trkpt lat="51.566128" lon="7.387074"><ele>66.75</ele></trkpt>
   <trkpt lat="51.565785" lon="7.386498"><ele>67</ele></trkpt>
   <trkpt lat="51.565519" lon="7.386044"><ele>66.25</ele></trkpt>
   <trkpt lat="51.565255" lon="7.385452"><ele>67</ele></trkpt>
   <trkpt lat="51.564671" lon="7.386033"><ele>68</ele></trkpt>
   <trkpt lat="51.564184" lon="7.386493"><ele>69.75</ele></trkpt>
   <trkpt lat="51.56416" lon="7.386419"><ele>70</ele></trkpt>
   <trkpt lat="51.564101" lon="7.385949"><ele>70</ele></trkpt>
   <trkpt lat="51.564044" lon="7.385582"><ele>69.25</ele></trkpt>
   <trkpt lat="51.563991" lon="7.385369"><ele>69</ele></trkpt>
   <trkpt lat="51.563945" lon="7.385274"><ele>69</ele></trkpt>
   <trkpt lat="51.563445" lon="7.384426"><ele>68.5</ele></trkpt>
   <trkpt lat="51.563046" lon="7.38502"><ele>70</ele></trkpt>
   <trkpt lat="51.562426" lon="7.38601"><ele>72</ele></trkpt>
   <trkpt lat="51.562364" lon="7.386118"><ele>72.5</ele></trkpt>
   <trkpt lat="51.5623" lon="7.386041"><ele>72.5</ele></trkpt>
   <trkpt lat="51.562275" lon="7.386011"><ele>72.5</ele></trkpt>
   <trkpt lat="51.561967" lon="7.38544"><ele>72</ele></trkpt>
   <trkpt lat="51.561311" lon="7.384109"><ele>71</ele></trkpt>
   <trkpt lat="51.561249" lon="7.384029"><ele>71.25</ele></trkpt>
   <trkpt lat="51.56043" lon="7.382981"><ele>71.75</ele></trkpt>
   <trkpt lat="51.560303" lon="7.382841"><ele>71.75</ele></trkpt>
   <trkpt lat="51.559579" lon="7.381935"><ele>73.75</ele></trkpt>
   <trkpt lat="51.55911" lon="7.380702"><ele>75</ele></trkpt>
   <trkpt lat="51.559072" lon="7.3806"><ele>75</ele></trkpt>
   <trkpt lat="51.558887" lon="7.380721"><ele>75</ele></trkpt>
   <trkpt lat="51.558451" lon="7.381005"><ele>76</ele></trkpt>
   <trkpt lat="51.558403" lon="7.380876"><ele>76</ele></trkpt>
   <trkpt lat="51.558182" lon="7.380421"><ele>76.5</ele></trkpt>
   <trkpt lat="51.558065" lon="7.380199"><ele>76.25</ele></trkpt>
   <trkpt lat="51.557914" lon="7.379912"><ele>77</ele></trkpt>
   <trkpt lat="51.557621" lon="7.379373"><ele>77</ele></trkpt>
   <trkpt lat="51.557454" lon="7.379053"><ele>77</ele></trkpt>
   <trkpt lat="51.557418" lon="7.378985"><ele>77</ele></trkpt>
   <trkpt lat="51.557201" lon="7.378578"><ele>77</ele></trkpt>
   <trkpt lat="51.556923" lon="7.378044"><ele>77.75</ele></trkpt>
   <trkpt lat="51.556761" lon="7.377757"><ele>77.25</ele></trkpt>
   <trkpt lat="51.556662" lon="7.377597"><ele>76.75</ele></trkpt>
   <trkpt lat="51.556594" lon="7.377505"><ele>76.75</ele></trkpt>
   <trkpt lat="51.556443" lon="7.377351"><ele>77</ele></trkpt>
   <trkpt lat="51.556245" lon="7.377225"><ele>76.25</ele></trkpt>
   <trkpt lat="51.55615" lon="7.377182"><ele>76.25</ele></trkpt>
   <trkpt lat="51.555078" lon="7.376846"><ele>75</ele></trkpt>
   <trkpt lat="51.554516" lon="7.376659"><ele>74.75</ele></trkpt>
   <trkpt lat="51.554461" lon="7.376613"><ele>74.75</ele></trkpt>
   <trkpt lat="51.554429" lon="7.376542"><ele>74.25</ele></trkpt>
   <trkpt lat="51.554417" lon="7.37644"><ele>74</ele></trkpt>
   <trkpt lat="51.55442" lon="7.376327"><ele>74</ele></trkpt>
   <trkpt lat="51.554485" lon="7.375604"><ele>74.25</ele></trkpt>
   <trkpt lat="51.55457" lon="7.373161"><ele>78.75</ele></trkpt>
   <trkpt lat="51.554571" lon="7.37312"><ele>78.75</ele></trkpt>
   <trkpt lat="51.554604" lon="7.372193"><ele>78.5</ele></trkpt>
   <trkpt lat="51.554614" lon="7.372044"><ele>78.5</ele></trkpt>
   <trkpt lat="51.554645" lon="7.371905"><ele>78.5</ele></trkpt>
   <trkpt lat="51.554668" lon="7.371837"><ele>78.75</ele></trkpt>
   <trkpt lat="51.554728" lon="7.371719"><ele>79</ele></trkpt>
   <trkpt lat="51.555864" lon="7.370098"><ele>75.75</ele></trkpt>
   <trkpt lat="51.555969" lon="7.369881"><ele>75.5</ele></trkpt>
   <trkpt lat="51.555981" lon="7.369784"><ele>75.75</ele></trkpt>
   <trkpt lat="51.555972" lon="7.369665"><ele>75.75</ele></trkpt>
   <trkpt lat="51.55595" lon="7.369596"><ele>75.75</ele></trkpt>
   <trkpt lat="51.555913" lon="7.369524"><ele>75.75</ele></trkpt>
   <trkpt lat="51.555812" lon="7.369343"><ele>75.25</ele></trkpt>
   <trkpt lat="51.555709" lon="7.369116"><ele>74.5</ele></trkpt>
   <trkpt lat="51.555355" lon="7.368287"><ele>75.75</ele></trkpt>
   <trkpt lat="51.554866" lon="7.368669"><ele>76.5</ele></trkpt>
   <trkpt lat="51.554642" lon="7.368844"><ele>77.25</ele></trkpt>
   <trkpt lat="51.5544" lon="7.369017"><ele>78</ele></trkpt>
   <trkpt lat="51.554071" lon="7.367867"><ele>78.25</ele></trkpt>
   <trkpt lat="51.55399" lon="7.367602"><ele>78</ele></trkpt>
   <trkpt lat="51.553886" lon="7.367245"><ele>78</ele></trkpt>
   <trkpt lat="51.553871" lon="7.367172"><ele>78</ele></trkpt>
   <trkpt lat="51.553842" lon="7.367032"><ele>78</ele></trkpt>
   <trkpt lat="51.553812" lon="7.366846"><ele>78.25</ele></trkpt>
   <trkpt lat="51.553715" lon="7.366239"><ele>78.5</ele></trkpt>
   <trkpt lat="51.553558" lon="7.366167"><ele>79</ele></trkpt>
   <trkpt lat="51.553419" lon="7.36609"><ele>79</ele></trkpt>
   <trkpt lat="51.553378" lon="7.366067"><ele>79</ele></trkpt>
   <trkpt lat="51.553155" lon="7.366027"><ele>79.5</ele></trkpt>
   <trkpt lat="51.552928" lon="7.36601"><ele>80.75</ele></trkpt>
   <trkpt lat="51.552822" lon="7.366063"><ele>81.5</ele></trkpt>
   <trkpt lat="51.552754" lon="7.366122"><ele>82</ele></trkpt>
   <trkpt lat="51.55273" lon="7.366032"><ele>82</ele></trkpt>
   <trkpt lat="51.552609" lon="7.36558"><ele>83.75</ele></trkpt>
   <trkpt lat="51.552584" lon="7.365454"><ele>83.75</ele></trkpt>
   <trkpt lat="51.552579" lon="7.365312"><ele>83.5</ele></trkpt>
   <trkpt lat="51.552531" lon="7.36524"><ele>83.75</ele></trkpt>
   <trkpt lat="51.55248" lon="7.365164"><ele>84</ele></trkpt>
   <trkpt lat="51.552426" lon="7.365102"><ele>84.25</ele></trkpt>
   <trkpt lat="51.552373" lon="7.365093"><ele>84.5</ele></trkpt>
   <trkpt lat="51.552315" lon="7.365109"><ele>84.75</ele></trkpt>
   <trkpt lat="51.552081" lon="7.365245"><ele>86.25</ele></trkpt>
   <trkpt lat="51.551841" lon="7.36544"><ele>87</ele></trkpt>
   <trkpt lat="51.551547" lon="7.36572"><ele>87.25</ele></trkpt>
   <trkpt lat="51.551486" lon="7.36579"><ele>87.5</ele></trkpt>
   <trkpt lat="51.551215" lon="7.365436"><ele>88.75</ele></trkpt>
   <trkpt lat="51.551071" lon="7.365249"><ele>89</ele></trkpt>
   <trkpt lat="51.550635" lon="7.364681"><ele>90.75</ele></trkpt>
   <trkpt lat="51.550093" lon="7.363975"><ele>92</ele></trkpt>
   <trkpt lat="51.550079" lon="7.363955"><ele>92</ele></trkpt>
   <trkpt lat="51.549393" lon="7.363064"><ele>93</ele></trkpt>
   <trkpt lat="51.548825" lon="7.36234"><ele>93</ele></trkpt>
   <trkpt lat="51.548352" lon="7.361729"><ele>94.25</ele></trkpt>
   <trkpt lat="51.548292" lon="7.361653"><ele>94.5</ele></trkpt>
   <trkpt lat="51.548234" lon="7.361576"><ele>94.25</ele></trkpt>
   <trkpt lat="51.548168" lon="7.361492"><ele>94.25</ele></trkpt>
   <trkpt lat="51.547534" lon="7.360694"><ele>96.5</ele></trkpt>
   <trkpt lat="51.547108" lon="7.360091"><ele>98.75</ele></trkpt>
   <trkpt lat="51.547061" lon="7.360016"><ele>99</ele></trkpt>
   <trkpt lat="51.546924" lon="7.359779"><ele>100.5</ele></trkpt>
   <trkpt lat="51.54679" lon="7.359524"><ele>102.25</ele></trkpt>
   <trkpt lat="51.546714" lon="7.359355"><ele>103.25</ele></trkpt>
   <trkpt lat="51.546616" lon="7.359124"><ele>103.25</ele></trkpt>
   <trkpt lat="51.54586" lon="7.359547"><ele>104.75</ele></trkpt>
   <trkpt lat="51.545264" lon="7.359939"><ele>102.25</ele></trkpt>
   <trkpt lat="51.544415" lon="7.360404"><ele>104.75</ele></trkpt>
   <trkpt lat="51.544335" lon="7.360411"><ele>105</ele></trkpt>
   <trkpt lat="51.544283" lon="7.360298"><ele>106.25</ele></trkpt>
   <trkpt lat="51.544046" lon="7.3588"><ele>116.75</ele></trkpt>
   <trkpt lat="51.54392" lon="7.358059"><ele>118.75</ele></trkpt>
   <trkpt lat="51.543721" lon="7.356807"><ele>121.25</ele></trkpt>
   <trkpt lat="51.543584" lon="7.35594"><ele>123</ele></trkpt>
   <trkpt lat="51.543235" lon="7.35386"><ele>120.75</ele></trkpt>
   <trkpt lat="51.543192" lon="7.353775"><ele>120.5</ele></trkpt>
   <trkpt lat="51.543086" lon="7.353334"><ele>119</ele></trkpt>
   <trkpt lat="51.543039" lon="7.353175"><ele>118.25</ele></trkpt>
   <trkpt lat="51.542993" lon="7.353045"><ele>117.75</ele></trkpt>
   <trkpt lat="51.542934" lon="7.352922"><ele>117.25</ele></trkpt>
   <trkpt lat="51.542864" lon="7.352826"><ele>116.5</ele></trkpt>
   <trkpt lat="51.542648" lon="7.352589"><ele>114</ele></trkpt>
   <trkpt lat="51.542532" lon="7.352515"><ele>113.75</ele></trkpt>
   <trkpt lat="51.542433" lon="7.352468"><ele>113</ele></trkpt>
   <trkpt lat="51.542321" lon="7.35248"><ele>112.75</ele></trkpt>
   <trkpt lat="51.542259" lon="7.352498"><ele>113</ele></trkpt>
   <trkpt lat="51.542168" lon="7.352547"><ele>112.25</ele></trkpt>
   <trkpt lat="51.542102" lon="7.352612"><ele>111.5</ele></trkpt>
   <trkpt lat="51.542037" lon="7.352693"><ele>111.75</ele></trkpt>
   <trkpt lat="51.541964" lon="7.352804"><ele>112.25</ele></trkpt>
   <trkpt lat="51.541931" lon="7.352872"><ele>112.25</ele></trkpt>
   <trkpt lat="51.541776" lon="7.353247"><ele>112.75</ele></trkpt>
   <trkpt lat="51.541711" lon="7.353345"><ele>113.25</ele></trkpt>
   <trkpt lat="51.541673" lon="7.353381"><ele>113.5</ele></trkpt>
   <trkpt lat="51.5416" lon="7.353415"><ele>113.75</ele></trkpt>
   <trkpt lat="51.541521" lon="7.353438"><ele>114</ele></trkpt>
   <trkpt lat="51.541322" lon="7.353461"><ele>114</ele></trkpt>
   <trkpt lat="51.540849" lon="7.35353"><ele>112.25</ele></trkpt>
   <trkpt lat="51.540741" lon="7.353558"><ele>111.5</ele></trkpt>
   <trkpt lat="51.540296" lon="7.353607"><ele>107</ele></trkpt>
   <trkpt lat="51.539943" lon="7.353652"><ele>104</ele></trkpt>
   <trkpt lat="51.539642" lon="7.35365"><ele>101.25</ele></trkpt>
   <trkpt lat="51.53926" lon="7.35372"><ele>98.5</ele></trkpt>
   <trkpt lat="51.53906" lon="7.353795"><ele>97.5</ele></trkpt>
   <trkpt lat="51.53881" lon="7.353833"><ele>97</ele></trkpt>
   <trkpt lat="51.53872" lon="7.353816"><ele>96.75</ele></trkpt>
   <trkpt lat="51.53842" lon="7.353698"><ele>94.5</ele></trkpt>
   <trkpt lat="51.538148" lon="7.353615"><ele>93</ele></trkpt>
   <trkpt lat="51.538113" lon="7.35357"><ele>92.5</ele></trkpt>
   <trkpt lat="51.538032" lon="7.353367"><ele>91</ele></trkpt>
   <trkpt lat="51.537881" lon="7.352834"><ele>89.75</ele></trkpt>
   <trkpt lat="51.537831" lon="7.352748"><ele>90.25</ele></trkpt>
   <trkpt lat="51.537792" lon="7.352712"><ele>90.5</ele></trkpt>
   <trkpt lat="51.537634" lon="7.352794"><ele>89.75</ele></trkpt>
   <trkpt lat="51.537436" lon="7.352858"><ele>89.5</ele></trkpt>
   <trkpt lat="51.537275" lon="7.352922"><ele>89</ele></trkpt>
   <trkpt lat="51.537231" lon="7.352982"><ele>89</ele></trkpt>
   <trkpt lat="51.536824" lon="7.353153"><ele>88.5</ele></trkpt>
   <trkpt lat="51.536252" lon="7.353477"><ele>88.5</ele></trkpt>
   <trkpt lat="51.535939" lon="7.353816"><ele>87</ele></trkpt>
   <trkpt lat="51.534842" lon="7.354406"><ele>85</ele></trkpt>
   <trkpt lat="51.534361" lon="7.354631"><ele>85.75</ele></trkpt>
   <trkpt lat="51.533124" lon="7.355159"><ele>87.5</ele></trkpt>
   <trkpt lat="51.532489" lon="7.355318"><ele>86.75</ele></trkpt>
   <trkpt lat="51.531593" lon="7.355604"><ele>89</ele></trkpt>
   <trkpt lat="51.531533" lon="7.355623"><ele>89.25</ele></trkpt>
   <trkpt lat="51.53147" lon="7.355631"><ele>89.5</ele></trkpt>
   <trkpt lat="51.531275" lon="7.355713"><ele>90</ele></trkpt>
   <trkpt lat="51.531022" lon="7.355786"><ele>90</ele></trkpt>
   <trkpt lat="51.530321" lon="7.356029"><ele>88.25</ele></trkpt>
   <trkpt lat="51.530295" lon="7.355737"><ele>89.25</ele></trkpt>
   <trkpt lat="51.530277" lon="7.355434"><ele>90.25</ele></trkpt>
   <trkpt lat="51.530275" lon="7.355265"><ele>90.75</ele></trkpt>
   <trkpt lat="51.53027" lon="7.354814"><ele>91.5</ele></trkpt>
   <trkpt lat="51.530246" lon="7.354118"><ele>92</ele></trkpt>
   <trkpt lat="51.530236" lon="7.353959"><ele>92.5</ele></trkpt>
   <trkpt lat="51.530141" lon="7.353732"><ele>92</ele></trkpt>
   <trkpt lat="51.529998" lon="7.353478"><ele>90.75</ele></trkpt>
   <trkpt lat="51.529942" lon="7.353389"><ele>90.75</ele></trkpt>
   <trkpt lat="51.529882" lon="7.35333"><ele>90.5</ele></trkpt>
   <trkpt lat="51.529791" lon="7.353285"><ele>90.25</ele></trkpt>
   <trkpt lat="51.529558" lon="7.353249"><ele>88.75</ele></trkpt>
   <trkpt lat="51.529478" lon="7.353252"><ele>88</ele></trkpt>
   <trkpt lat="51.529399" lon="7.353269"><ele>87.5</ele></trkpt>
   <trkpt lat="51.529347" lon="7.353297"><ele>87.25</ele></trkpt>
   <trkpt lat="51.529219" lon="7.353413"><ele>86.25</ele></trkpt>
   <trkpt lat="51.529117" lon="7.353529"><ele>85.75</ele></trkpt>
   <trkpt lat="51.529024" lon="7.353656"><ele>85.25</ele></trkpt>
   <trkpt lat="51.528913" lon="7.353887"><ele>85</ele></trkpt>
   <trkpt lat="51.528703" lon="7.354281"><ele>83.5</ele></trkpt>
   <trkpt lat="51.528523" lon="7.354528"><ele>83</ele></trkpt>
   <trkpt lat="51.528222" lon="7.354914"><ele>84.5</ele></trkpt>
   <trkpt lat="51.528091" lon="7.354952"><ele>85.5</ele></trkpt>
   <trkpt lat="51.528012" lon="7.354957"><ele>86</ele></trkpt>
   <trkpt lat="51.52793" lon="7.354977"><ele>86.75</ele></trkpt>
   <trkpt lat="51.527712" lon="7.355047"><ele>88.5</ele></trkpt>
   <trkpt lat="51.527631" lon="7.355073"><ele>89.5</ele></trkpt>
   <trkpt lat="51.527402" lon="7.355149"><ele>91.25</ele></trkpt>
   <trkpt lat="51.527324" lon="7.355154"><ele>91.5</ele></trkpt>
   <trkpt lat="51.527283" lon="7.355133"><ele>91.75</ele></trkpt>
   <trkpt lat="51.527053" lon="7.35496"><ele>93</ele></trkpt>
   <trkpt lat="51.526963" lon="7.354891"><ele>93.5</ele></trkpt>
   <trkpt lat="51.526768" lon="7.354754"><ele>94.25</ele></trkpt>
   <trkpt lat="51.52648" lon="7.354535"><ele>95.75</ele></trkpt>
   <trkpt lat="51.526104" lon="7.354282"><ele>98.5</ele></trkpt>
   <trkpt lat="51.525967" lon="7.35421"><ele>99.25</ele></trkpt>
   <trkpt lat="51.525437" lon="7.354075"><ele>101.75</ele></trkpt>
   <trkpt lat="51.525012" lon="7.353928"><ele>103.75</ele></trkpt>
   <trkpt lat="51.524979" lon="7.353894"><ele>104</ele></trkpt>
   <trkpt lat="51.524972" lon="7.353863"><ele>104</ele></trkpt>
   <trkpt lat="51.52494" lon="7.353331"><ele>104.25</ele></trkpt>
   <trkpt lat="51.524888" lon="7.352513"><ele>104.75</ele></trkpt>
   <trkpt lat="51.524849" lon="7.351719"><ele>103.5</ele></trkpt>
   <trkpt lat="51.524838" lon="7.351403"><ele>103</ele></trkpt>
   <trkpt lat="51.524476" lon="7.351102"><ele>105.5</ele></trkpt>
   <trkpt lat="51.524362" lon="7.350992"><ele>106.25</ele></trkpt>
   <trkpt lat="51.524324" lon="7.350945"><ele>106.5</ele></trkpt>
   <trkpt lat="51.52425" lon="7.350876"><ele>106.75</ele></trkpt>
   <trkpt lat="51.523647" lon="7.350374"><ele>110.75</ele></trkpt>
   <trkpt lat="51.523462" lon="7.350198"><ele>112</ele></trkpt>
   <trkpt lat="51.523255" lon="7.350037"><ele>113.5</ele></trkpt>
   <trkpt lat="51.523157" lon="7.349951"><ele>114.5</ele></trkpt>
   <trkpt lat="51.523024" lon="7.349853"><ele>115.5</ele></trkpt>
   <trkpt lat="51.52232" lon="7.349391"><ele>118</ele></trkpt>
   <trkpt lat="51.522058" lon="7.349228"><ele>118</ele></trkpt>
   <trkpt lat="51.521843" lon="7.349113"><ele>117.75</ele></trkpt>
   <trkpt lat="51.52146" lon="7.34893"><ele>117</ele></trkpt>
   <trkpt lat="51.520867" lon="7.34861"><ele>115</ele></trkpt>
   <trkpt lat="51.520794" lon="7.348589"><ele>114.75</ele></trkpt>
   <trkpt lat="51.520001" lon="7.347543"><ele>114.75</ele></trkpt>
   <trkpt lat="51.519713" lon="7.347102"><ele>114.25</ele></trkpt>
   <trkpt lat="51.519663" lon="7.347039"><ele>114.25</ele></trkpt>
   <trkpt lat="51.519624" lon="7.347008"><ele>114.25</ele></trkpt>
   <trkpt lat="51.519577" lon="7.346999"><ele>114</ele></trkpt>
   <trkpt lat="51.519125" lon="7.346997"><ele>112.25</ele></trkpt>
   <trkpt lat="51.51886" lon="7.347003"><ele>112.25</ele></trkpt>
   <trkpt lat="51.51865" lon="7.347022"><ele>112.5</ele></trkpt>
   <trkpt lat="51.518492" lon="7.347047"><ele>113</ele></trkpt>
   <trkpt lat="51.518247" lon="7.347112"><ele>113.75</ele></trkpt>
   <trkpt lat="51.518214" lon="7.347026"><ele>114.25</ele></trkpt>
   <trkpt lat="51.518178" lon="7.346973"><ele>114.5</ele></trkpt>
   <trkpt lat="51.518149" lon="7.346947"><ele>114.5</ele></trkpt>
   <trkpt lat="51.518116" lon="7.346932"><ele>114.75</ele></trkpt>
   <trkpt lat="51.518083" lon="7.346927"><ele>114.75</ele></trkpt>
   <trkpt lat="51.517927" lon="7.346938"><ele>115.25</ele></trkpt>
   <trkpt lat="51.517928" lon="7.34688"><ele>115.25</ele></trkpt>
   <trkpt lat="51.51793" lon="7.346822"><ele>115.25</ele></trkpt>
   <trkpt lat="51.517936" lon="7.346586"><ele>115.5</ele></trkpt>
   <trkpt lat="51.517933" lon="7.346415"><ele>115.75</ele></trkpt>
   <trkpt lat="51.517926" lon="7.34605"><ele>116</ele></trkpt>
   <trkpt lat="51.517864" lon="7.346033"><ele>116</ele></trkpt>
   <trkpt lat="51.517827" lon="7.346024"><ele>116</ele></trkpt>
   <trkpt lat="51.517828" lon="7.346092"><ele>116</ele></trkpt>
   <trkpt lat="51.517812" lon="7.346128"><ele>115.75</ele></trkpt>
   <trkpt lat="51.517816" lon="7.346191"><ele>116</ele></trkpt>
   <trkpt lat="51.517502" lon="7.346338"><ele>116</ele></trkpt>
   <trkpt lat="51.516487" lon="7.346852"><ele>116</ele></trkpt>
   <trkpt lat="51.516388" lon="7.346901"><ele>116</ele></trkpt>
   <trkpt lat="51.516399" lon="7.346981"><ele>116</ele></trkpt>
   <trkpt lat="51.515483" lon="7.347523"><ele>112.5</ele></trkpt>
   <trkpt lat="51.515354" lon="7.347581"><ele>112</ele></trkpt>
   <trkpt lat="51.515216" lon="7.347626"><ele>111.75</ele></trkpt>
   <trkpt lat="51.515078" lon="7.347645"><ele>111.25</ele></trkpt>
   <trkpt lat="51.514932" lon="7.347649"><ele>110.75</ele></trkpt>
   <trkpt lat="51.514819" lon="7.347632"><ele>110.5</ele></trkpt>
   <trkpt lat="51.514447" lon="7.34753"><ele>110</ele></trkpt>
   <trkpt lat="51.51361" lon="7.347248"><ele>106.25</ele></trkpt>
   <trkpt lat="51.513251" lon="7.347075"><ele>103.25</ele></trkpt>
   <trkpt lat="51.513002" lon="7.346934"><ele>100.25</ele></trkpt>
   <trkpt lat="51.51284" lon="7.346876"><ele>98.75</ele></trkpt>
   <trkpt lat="51.511706" lon="7.346591"><ele>88.75</ele></trkpt>
   <trkpt lat="51.511388" lon="7.346497"><ele>88.5</ele></trkpt>
   <trkpt lat="51.511214" lon="7.346445"><ele>89.25</ele></trkpt>
   <trkpt lat="51.511193" lon="7.346603"><ele>88.75</ele></trkpt>
   <trkpt lat="51.511127" lon="7.346892"><ele>88</ele></trkpt>
   <trkpt lat="51.510953" lon="7.347538"><ele>87.5</ele></trkpt>
   <trkpt lat="51.510939" lon="7.347688"><ele>87.25</ele></trkpt>
   <trkpt lat="51.510992" lon="7.348117"><ele>85</ele></trkpt>
   <trkpt lat="51.510996" lon="7.348266"><ele>84.5</ele></trkpt>
   <trkpt lat="51.51095" lon="7.348588"><ele>85</ele></trkpt>
   <trkpt lat="51.510676" lon="7.350576"><ele>81</ele></trkpt>
   <trkpt lat="51.510559" lon="7.351186"><ele>80.75</ele></trkpt>
   <trkpt lat="51.51044" lon="7.351664"><ele>80.25</ele></trkpt>
   <trkpt lat="51.5104" lon="7.351746"><ele>80.25</ele></trkpt>
   <trkpt lat="51.510376" lon="7.351831"><ele>80.5</ele></trkpt>
   <trkpt lat="51.510366" lon="7.351703"><ele>80.5</ele></trkpt>
   <trkpt lat="51.510272" lon="7.351279"><ele>82</ele></trkpt>
   <trkpt lat="51.510102" lon="7.350427"><ele>83.25</ele></trkpt>
   <trkpt lat="51.509987" lon="7.349957"><ele>85.25</ele></trkpt>
   <trkpt lat="51.509938" lon="7.349725"><ele>86.75</ele></trkpt>
   <trkpt lat="51.50989" lon="7.349421"><ele>88</ele></trkpt>
   <trkpt lat="51.509831" lon="7.349094"><ele>88.75</ele></trkpt>
   <trkpt lat="51.509719" lon="7.34858"><ele>91</ele></trkpt>
   <trkpt lat="51.509606" lon="7.348115"><ele>92.75</ele></trkpt>
   <trkpt lat="51.509247" lon="7.348081"><ele>93.5</ele></trkpt>
   <trkpt lat="51.509182" lon="7.348074"><ele>93.75</ele></trkpt>
   <trkpt lat="51.508735" lon="7.348023"><ele>94.5</ele></trkpt>
   <trkpt lat="51.508232" lon="7.347995"><ele>97.5</ele></trkpt>
   <trkpt lat="51.508179" lon="7.348062"><ele>98</ele></trkpt>
   <trkpt lat="51.508165" lon="7.348111"><ele>98.25</ele></trkpt>
   <trkpt lat="51.508144" lon="7.348288"><ele>98</ele></trkpt>
   <trkpt lat="51.508123" lon="7.348794"><ele>98</ele></trkpt>
   <trkpt lat="51.508098" lon="7.348964"><ele>98</ele></trkpt>
   <trkpt lat="51.508065" lon="7.349068"><ele>98</ele></trkpt>
   <trkpt lat="51.507717" lon="7.34974"><ele>97.75</ele></trkpt>
   <trkpt lat="51.507668" lon="7.349829"><ele>97.5</ele></trkpt>
   <trkpt lat="51.507623" lon="7.349892"><ele>97.25</ele></trkpt>
   <trkpt lat="51.507573" lon="7.349939"><ele>97.25</ele></trkpt>
   <trkpt lat="51.507514" lon="7.349978"><ele>97</ele></trkpt>
   <trkpt lat="51.507202" lon="7.350157"><ele>95.75</ele></trkpt>
   <trkpt lat="51.50541" lon="7.351264"><ele>91.25</ele></trkpt>
   <trkpt lat="51.505367" lon="7.351282"><ele>91.75</ele></trkpt>
   <trkpt lat="51.50533" lon="7.351269"><ele>92.5</ele></trkpt>
   <trkpt lat="51.505293" lon="7.351237"><ele>93.25</ele></trkpt>
   <trkpt lat="51.505191" lon="7.351147"><ele>92.5</ele></trkpt>
   <trkpt lat="51.50513" lon="7.351113"><ele>91.25</ele></trkpt>
   <trkpt lat="51.505084" lon="7.35113"><ele>90</ele></trkpt>
   <trkpt lat="51.505006" lon="7.351215"><ele>88.25</ele></trkpt>
   <trkpt lat="51.504847" lon="7.351349"><ele>87.25</ele></trkpt>
   <trkpt lat="51.504681" lon="7.351426"><ele>86</ele></trkpt>
   <trkpt lat="51.503951" lon="7.351577"><ele>85</ele></trkpt>
   <trkpt lat="51.50392" lon="7.351577"><ele>85</ele></trkpt>
   <trkpt lat="51.503856" lon="7.351568"><ele>85</ele></trkpt>
   <trkpt lat="51.503795" lon="7.351562"><ele>85</ele></trkpt>
   <trkpt lat="51.503729" lon="7.351557"><ele>85</ele></trkpt>
   <trkpt lat="51.502095" lon="7.351201"><ele>83.5</ele></trkpt>
   <trkpt lat="51.501897" lon="7.351179"><ele>82.75</ele></trkpt>
   <trkpt lat="51.501618" lon="7.351065"><ele>83</ele></trkpt>
   <trkpt lat="51.501299" lon="7.350952"><ele>83</ele></trkpt>
   <trkpt lat="51.501138" lon="7.350939"><ele>83</ele></trkpt>
   <trkpt lat="51.500976" lon="7.350939"><ele>82.75</ele></trkpt>
   <trkpt lat="51.50072" lon="7.350986"><ele>82.25</ele></trkpt>
   <trkpt lat="51.500306" lon="7.351084"><ele>82</ele></trkpt>
   <trkpt lat="51.50013" lon="7.35112"><ele>81.75</ele></trkpt>
   <trkpt lat="51.500063" lon="7.351115"><ele>81.75</ele></trkpt>
   <trkpt lat="51.499989" lon="7.351081"><ele>82</ele></trkpt>
   <trkpt lat="51.499899" lon="7.350975"><ele>82.5</ele></trkpt>
   <trkpt lat="51.499766" lon="7.350751"><ele>83</ele></trkpt>
   <trkpt lat="51.499698" lon="7.350673"><ele>83</ele></trkpt>
   <trkpt lat="51.499598" lon="7.350625"><ele>83.25</ele></trkpt>
   <trkpt lat="51.499398" lon="7.350533"><ele>84</ele></trkpt>
   <trkpt lat="51.498844" lon="7.350308"><ele>86</ele></trkpt>
   <trkpt lat="51.498611" lon="7.3502"><ele>87</ele></trkpt>
   <trkpt lat="51.498575" lon="7.350183"><ele>87</ele></trkpt>
   <trkpt lat="51.498731" lon="7.349469"><ele>86.75</ele></trkpt>
   <trkpt lat="51.498676" lon="7.349424"><ele>87</ele></trkpt>
   <trkpt lat="51.498051" lon="7.348903"><ele>88</ele></trkpt>
   <trkpt lat="51.497372" lon="7.348316"><ele>89</ele></trkpt>
   <trkpt lat="51.49734" lon="7.3483"><ele>89</ele></trkpt>
   <trkpt lat="51.497276" lon="7.348297"><ele>89</ele></trkpt>
   <trkpt lat="51.497275" lon="7.348322"><ele>89</ele></trkpt>
   <trkpt lat="51.497209" lon="7.34832"><ele>89</ele></trkpt>
   <trkpt lat="51.496989" lon="7.348318"><ele>89</ele></trkpt>
   <trkpt lat="51.496662" lon="7.348273"><ele>89</ele></trkpt>
   <trkpt lat="51.496641" lon="7.348271"><ele>89</ele></trkpt>
   <trkpt lat="51.496428" lon="7.348233"><ele>89.25</ele></trkpt>
   <trkpt lat="51.495959" lon="7.348149"><ele>89</ele></trkpt>
   <trkpt lat="51.495928" lon="7.348279"><ele>88</ele></trkpt>
   <trkpt lat="51.495922" lon="7.348377"><ele>87.5</ele></trkpt>
   <trkpt lat="51.495851" lon="7.348335"><ele>88.5</ele></trkpt>
   <trkpt lat="51.495812" lon="7.348312"><ele>89</ele></trkpt>
   <trkpt lat="51.495426" lon="7.348076"><ele>89.75</ele></trkpt>
   <trkpt lat="51.495343" lon="7.348288"><ele>89.75</ele></trkpt>
   <trkpt lat="51.495322" lon="7.348264"><ele>89.75</ele></trkpt>
   <trkpt lat="51.494835" lon="7.347746"><ele>90</ele></trkpt>
   <trkpt lat="51.494767" lon="7.347644"><ele>90</ele></trkpt>
   <trkpt lat="51.494564" lon="7.347335"><ele>89</ele></trkpt>
   <trkpt lat="51.494529" lon="7.347276"><ele>88.5</ele></trkpt>
   <trkpt lat="51.494383" lon="7.347038"><ele>88</ele></trkpt>
   <trkpt lat="51.494344" lon="7.346976"><ele>88</ele></trkpt>
   <trkpt lat="51.494237" lon="7.347128"><ele>88</ele></trkpt>
   <trkpt lat="51.494075" lon="7.347418"><ele>87.75</ele></trkpt>
   <trkpt lat="51.493665" lon="7.348094"><ele>87.25</ele></trkpt>
   <trkpt lat="51.493581" lon="7.348268"><ele>87</ele></trkpt>
   <trkpt lat="51.4935" lon="7.348472"><ele>87.25</ele></trkpt>
   <trkpt lat="51.493403" lon="7.348811"><ele>87.25</ele></trkpt>
   <trkpt lat="51.493327" lon="7.349241"><ele>86.5</ele></trkpt>
   <trkpt lat="51.493316" lon="7.349368"><ele>86.25</ele></trkpt>
   <trkpt lat="51.493262" lon="7.34935"><ele>86.5</ele></trkpt>
   <trkpt lat="51.493076" lon="7.349288"><ele>86.75</ele></trkpt>
   <trkpt lat="51.492805" lon="7.349204"><ele>86.25</ele></trkpt>
   <trkpt lat="51.492671" lon="7.349164"><ele>85.5</ele></trkpt>
   <trkpt lat="51.492567" lon="7.34912"><ele>85.25</ele></trkpt>
   <trkpt lat="51.492358" lon="7.348991"><ele>84</ele></trkpt>
   <trkpt lat="51.492287" lon="7.348947"><ele>83.75</ele></trkpt>
   <trkpt lat="51.492045" lon="7.348699"><ele>83.25</ele></trkpt>
   <trkpt lat="51.491822" lon="7.348373"><ele>83.25</ele></trkpt>
   <trkpt lat="51.491784" lon="7.348312"><ele>83.25</ele></trkpt>
   <trkpt lat="51.491717" lon="7.348233"><ele>83</ele></trkpt>
   <trkpt lat="51.491567" lon="7.348126"><ele>83.25</ele></trkpt>
   <trkpt lat="51.491295" lon="7.34797"><ele>84</ele></trkpt>
   <trkpt lat="51.490901" lon="7.347716"><ele>84</ele></trkpt>
   <trkpt lat="51.490837" lon="7.347906"><ele>84</ele></trkpt>
   <trkpt lat="51.490693" lon="7.348453"><ele>83.75</ele></trkpt>
   <trkpt lat="51.490668" lon="7.348518"><ele>83.5</ele></trkpt>
   <trkpt lat="51.490602" lon="7.348691"><ele>83.75</ele></trkpt>
   <trkpt lat="51.490525" lon="7.348811"><ele>84</ele></trkpt>
   <trkpt lat="51.49044" lon="7.348905"><ele>83.75</ele></trkpt>
   <trkpt lat="51.490318" lon="7.348942"><ele>84</ele></trkpt>
   <trkpt lat="51.490236" lon="7.348938"><ele>84</ele></trkpt>
   <trkpt lat="51.490108" lon="7.348924"><ele>84</ele></trkpt>
   <trkpt lat="51.490026" lon="7.348957"><ele>84</ele></trkpt>
   <trkpt lat="51.489773" lon="7.349254"><ele>85.5</ele></trkpt>
   <trkpt lat="51.489632" lon="7.349423"><ele>85.75</ele></trkpt>
   <trkpt lat="51.489453" lon="7.349666"><ele>85.25</ele></trkpt>
   <trkpt lat="51.489226" lon="7.349972"><ele>87.25</ele></trkpt>
   <trkpt lat="51.488979" lon="7.350305"><ele>89</ele></trkpt>
   <trkpt lat="51.488827" lon="7.350461"><ele>89.5</ele></trkpt>
   <trkpt lat="51.488584" lon="7.350668"><ele>90.25</ele></trkpt>
   <trkpt lat="51.488329" lon="7.350864"><ele>91</ele></trkpt>
   <trkpt lat="51.488214" lon="7.350941"><ele>91.25</ele></trkpt>
   <trkpt lat="51.487801" lon="7.35097"><ele>92.25</ele></trkpt>
   <trkpt lat="51.48652" lon="7.351232"><ele>94.25</ele></trkpt>
   <trkpt lat="51.486134" lon="7.351286"><ele>94.75</ele></trkpt>
   <trkpt lat="51.483601" lon="7.351373"><ele>102</ele></trkpt>
   <trkpt lat="51.482237" lon="7.351409"><ele>105.75</ele></trkpt>
   <trkpt lat="51.481946" lon="7.351403"><ele>106.75</ele></trkpt>
   <trkpt lat="51.481671" lon="7.348653"><ele>108.75</ele></trkpt>
   <trkpt lat="51.481646" lon="7.348531"><ele>109</ele></trkpt>
   <trkpt lat="51.481098" lon="7.346912"><ele>110</ele></trkpt>
   <trkpt lat="51.480612" lon="7.345425"><ele>111</ele></trkpt>
   <trkpt lat="51.480595" lon="7.34531"><ele>111</ele></trkpt>
   <trkpt lat="51.480499" lon="7.345292"><ele>111.25</ele></trkpt>
   <trkpt lat="51.48041" lon="7.345338"><ele>111.75</ele></trkpt>
   <trkpt lat="51.479828" lon="7.345752"><ele>114</ele></trkpt>
   <trkpt lat="51.47977" lon="7.34576"><ele>114</ele></trkpt>
   <trkpt lat="51.479735" lon="7.345738"><ele>114</ele></trkpt>
   <trkpt lat="51.4797" lon="7.345687"><ele>114</ele></trkpt>
   <trkpt lat="51.478787" lon="7.343589"><ele>112.5</ele></trkpt>
   <trkpt lat="51.478761" lon="7.34353"><ele>112.5</ele></trkpt>
   <trkpt lat="51.478621" lon="7.34322"><ele>111</ele></trkpt>
   <trkpt lat="51.478533" lon="7.343387"><ele>111.25</ele></trkpt>
   <trkpt lat="51.478188" lon="7.344039"><ele>111</ele></trkpt>
   <trkpt lat="51.477653" lon="7.34487"><ele>111.25</ele></trkpt>
   <trkpt lat="51.477284" lon="7.345388"><ele>111.5</ele></trkpt>
   <trkpt lat="51.4769" lon="7.345869"><ele>113</ele></trkpt>
   <trkpt lat="51.476591" lon="7.346231"><ele>113.5</ele></trkpt>
   <trkpt lat="51.476267" lon="7.346554"><ele>115</ele></trkpt>
   <trkpt lat="51.475879" lon="7.346913"><ele>115</ele></trkpt>
   <trkpt lat="51.475551" lon="7.3472"><ele>115</ele></trkpt>
   <trkpt lat="51.475198" lon="7.347464"><ele>115</ele></trkpt>
   <trkpt lat="51.474849" lon="7.347706"><ele>114</ele></trkpt>
   <trkpt lat="51.474422" lon="7.347959"><ele>113</ele></trkpt>
   <trkpt lat="51.474168" lon="7.348097"><ele>114.5</ele></trkpt>
   <trkpt lat="51.47393" lon="7.348206"><ele>115.5</ele></trkpt>
   <trkpt lat="51.473486" lon="7.348382"><ele>116</ele></trkpt>
   <trkpt lat="51.472809" lon="7.348575"><ele>116.25</ele></trkpt>
   <trkpt lat="51.471597" lon="7.348816"><ele>120.75</ele></trkpt>
   <trkpt lat="51.471542" lon="7.348826"><ele>120.5</ele></trkpt>
   <trkpt lat="51.471451" lon="7.348843"><ele>120.25</ele></trkpt>
   <trkpt lat="51.469278" lon="7.349261"><ele>122.5</ele></trkpt>
   <trkpt lat="51.467794" lon="7.349525"><ele>124.75</ele></trkpt>
   <trkpt lat="51.46739" lon="7.349567"><ele>125.75</ele></trkpt>
   <trkpt lat="51.466959" lon="7.349562"><ele>126</ele></trkpt>
   <trkpt lat="51.466459" lon="7.34953"><ele>126.5</ele></trkpt>
   <trkpt lat="51.466234" lon="7.349496"><ele>126.25</ele></trkpt>
   <trkpt lat="51.46547" lon="7.349261"><ele>126</ele></trkpt>
   <trkpt lat="51.465357" lon="7.349214"><ele>125.75</ele></trkpt>
   <trkpt lat="51.465059" lon="7.348958"><ele>126.25</ele></trkpt>
   <trkpt lat="51.464958" lon="7.348901"><ele>126</ele></trkpt>
   <trkpt lat="51.464222" lon="7.348405"><ele>125.25</ele></trkpt>
   <trkpt lat="51.463817" lon="7.348038"><ele>124.25</ele></trkpt>
   <trkpt lat="51.463382" lon="7.34773"><ele>124.5</ele></trkpt>
   <trkpt lat="51.462814" lon="7.347349"><ele>123.75</ele></trkpt>
   <trkpt lat="51.462623" lon="7.347187"><ele>123.75</ele></trkpt>
   <trkpt lat="51.462506" lon="7.347077"><ele>123.75</ele></trkpt>
   <trkpt lat="51.462134" lon="7.346708"><ele>123.5</ele></trkpt>
   <trkpt lat="51.462097" lon="7.346671"><ele>123.5</ele></trkpt>
   <trkpt lat="51.461987" lon="7.346517"><ele>123</ele></trkpt>
   <trkpt lat="51.461089" lon="7.345739"><ele>121.75</ele></trkpt>
   <trkpt lat="51.458629" lon="7.343636"><ele>121.75</ele></trkpt>
   <trkpt lat="51.458546" lon="7.34356"><ele>121.25</ele></trkpt>
   <trkpt lat="51.458208" lon="7.343272"><ele>120</ele></trkpt>
   <trkpt lat="51.458012" lon="7.343101"><ele>119.25</ele></trkpt>
   <trkpt lat="51.457796" lon="7.342917"><ele>119.25</ele></trkpt>
   <trkpt lat="51.457056" lon="7.34231"><ele>118.25</ele></trkpt>
   <trkpt lat="51.456898" lon="7.342191"><ele>120</ele></trkpt>
   <trkpt lat="51.456739" lon="7.342083"><ele>119</ele></trkpt>
   <trkpt lat="51.45641" lon="7.341885"><ele>120.75</ele></trkpt>
   <trkpt lat="51.456288" lon="7.341824"><ele>120.75</ele></trkpt>
   <trkpt lat="51.45606" lon="7.341713"><ele>121.25</ele></trkpt>
   <trkpt lat="51.455803" lon="7.341608"><ele>120.75</ele></trkpt>
   <trkpt lat="51.453961" lon="7.340902"><ele>121</ele></trkpt>
   <trkpt lat="51.453784" lon="7.340834"><ele>120.5</ele></trkpt>
   <trkpt lat="51.452635" lon="7.340395"><ele>119.5</ele></trkpt>
   <trkpt lat="51.450857" lon="7.339712"><ele>118</ele></trkpt>
   <trkpt lat="51.450807" lon="7.339694"><ele>117.75</ele></trkpt>
   <trkpt lat="51.450731" lon="7.340156"><ele>115.5</ele></trkpt>
   <trkpt lat="51.45066" lon="7.340374"><ele>113.75</ele></trkpt>
   <trkpt lat="51.450509" lon="7.340433"><ele>113</ele></trkpt>
   <trkpt lat="51.450272" lon="7.340621"><ele>110.25</ele></trkpt>
   <trkpt lat="51.450063" lon="7.340781"><ele>107.5</ele></trkpt>
   <trkpt lat="51.449857" lon="7.340941"><ele>105.5</ele></trkpt>
   <trkpt lat="51.449374" lon="7.341208"><ele>102</ele></trkpt>
   <trkpt lat="51.448999" lon="7.341502"><ele>100</ele></trkpt>
   <trkpt lat="51.448642" lon="7.341739"><ele>99.75</ele></trkpt>
   <trkpt lat="51.448556" lon="7.341753"><ele>100</ele></trkpt>
   <trkpt lat="51.448449" lon="7.341746"><ele>100.5</ele></trkpt>
   <trkpt lat="51.448374" lon="7.341693"><ele>100.75</ele></trkpt>
   <trkpt lat="51.448358" lon="7.341342"><ele>100.75</ele></trkpt>
   <trkpt lat="51.448336" lon="7.341231"><ele>100.75</ele></trkpt>
   <trkpt lat="51.448281" lon="7.341108"><ele>101.5</ele></trkpt>
   <trkpt lat="51.44811" lon="7.340901"><ele>102.75</ele></trkpt>
   <trkpt lat="51.447909" lon="7.340757"><ele>104.25</ele></trkpt>
   <trkpt lat="51.447536" lon="7.340491"><ele>106.5</ele></trkpt>
   <trkpt lat="51.447267" lon="7.340323"><ele>108.5</ele></trkpt>
   <trkpt lat="51.447031" lon="7.340224"><ele>110</ele></trkpt>
   <trkpt lat="51.446562" lon="7.340059"><ele>112.5</ele></trkpt>
   <trkpt lat="51.446455" lon="7.340024"><ele>112.75</ele></trkpt>
   <trkpt lat="51.446314" lon="7.339935"><ele>113.25</ele></trkpt>
   <trkpt lat="51.446212" lon="7.339791"><ele>113.75</ele></trkpt>
   <trkpt lat="51.446188" lon="7.339673"><ele>114</ele></trkpt>
   <trkpt lat="51.446142" lon="7.339385"><ele>114.75</ele></trkpt>
   <trkpt lat="51.446132" lon="7.339366"><ele>114.5</ele></trkpt>
   <trkpt lat="51.446113" lon="7.339332"><ele>114</ele></trkpt>
   <trkpt lat="51.445638" lon="7.339139"><ele>115.5</ele></trkpt>
   <trkpt lat="51.445555" lon="7.339126"><ele>116</ele></trkpt>
   <trkpt lat="51.445467" lon="7.339119"><ele>116</ele></trkpt>
   <trkpt lat="51.444818" lon="7.338917"><ele>117</ele></trkpt>
   <trkpt lat="51.444585" lon="7.338843"><ele>117</ele></trkpt>
   <trkpt lat="51.443961" lon="7.338645"><ele>118</ele></trkpt>
   <trkpt lat="51.443921" lon="7.338633"><ele>118</ele></trkpt>
   <trkpt lat="51.443897" lon="7.338626"><ele>118</ele></trkpt>
   <trkpt lat="51.443885" lon="7.33872"><ele>118</ele></trkpt>
   <trkpt lat="51.44388" lon="7.338762"><ele>118</ele></trkpt>
   <trkpt lat="51.443812" lon="7.33874"><ele>118</ele></trkpt>
   <trkpt lat="51.443787" lon="7.338707"><ele>118</ele></trkpt>
   <trkpt lat="51.443748" lon="7.338695"><ele>118</ele></trkpt>
   <trkpt lat="51.443713" lon="7.338625"><ele>118</ele></trkpt>
   <trkpt lat="51.443656" lon="7.338534"><ele>118</ele></trkpt>
   <trkpt lat="51.443597" lon="7.338465"><ele>118</ele></trkpt>
   <trkpt lat="51.443487" lon="7.338473"><ele>118</ele></trkpt>
   <trkpt lat="51.443076" lon="7.338339"><ele>118</ele></trkpt>
   <trkpt lat="51.442904" lon="7.338305"><ele>118.5</ele></trkpt>
   <trkpt lat="51.442339" lon="7.338197"><ele>118.25</ele></trkpt>
   <trkpt lat="51.442199" lon="7.338164"><ele>118</ele></trkpt>
   <trkpt lat="51.442128" lon="7.338201"><ele>118</ele></trkpt>
   <trkpt lat="51.441696" lon="7.338312"><ele>118</ele></trkpt>
   <trkpt lat="51.441534" lon="7.338348"><ele>117.5</ele></trkpt>
   <trkpt lat="51.441151" lon="7.33844"><ele>117</ele></trkpt>
   <trkpt lat="51.440936" lon="7.338516"><ele>116.25</ele></trkpt>
   <trkpt lat="51.440892" lon="7.338531"><ele>116</ele></trkpt>
   <trkpt lat="51.44076" lon="7.338594"><ele>115.5</ele></trkpt>
   <trkpt lat="51.440643" lon="7.338645"><ele>115.25</ele></trkpt>
   <trkpt lat="51.440628" lon="7.338651"><ele>115.25</ele></trkpt>
   <trkpt lat="51.440601" lon="7.338663"><ele>115</ele></trkpt>
   <trkpt lat="51.440452" lon="7.338721"><ele>114.5</ele></trkpt>
   <trkpt lat="51.440232" lon="7.338692"><ele>113.75</ele></trkpt>
   <trkpt lat="51.440201" lon="7.338778"><ele>113.75</ele></trkpt>
   <trkpt lat="51.440161" lon="7.338943"><ele>114</ele></trkpt>
   <trkpt lat="51.440149" lon="7.338984"><ele>114</ele></trkpt>
   <trkpt lat="51.440134" lon="7.339034"><ele>114</ele></trkpt>
   <trkpt lat="51.440096" lon="7.339026"><ele>114</ele></trkpt>
   <trkpt lat="51.440078" lon="7.339037"><ele>114</ele></trkpt>
   <trkpt lat="51.440053" lon="7.339083"><ele>113.75</ele></trkpt>
   <trkpt lat="51.440014" lon="7.339058"><ele>114</ele></trkpt>
   <trkpt lat="51.439983" lon="7.339038"><ele>114</ele></trkpt>
   <trkpt lat="51.439752" lon="7.33893"><ele>115.75</ele></trkpt>
   <trkpt lat="51.439644" lon="7.338925"><ele>116</ele></trkpt>
   <trkpt lat="51.439272" lon="7.338908"><ele>115.25</ele></trkpt>
   <trkpt lat="51.439216" lon="7.338911"><ele>115</ele></trkpt>
   <trkpt lat="51.439178" lon="7.338936"><ele>115</ele></trkpt>
   <trkpt lat="51.43911" lon="7.33901"><ele>114.5</ele></trkpt>
   <trkpt lat="51.43902" lon="7.33906"><ele>114.25</ele></trkpt>
   <trkpt lat="51.438959" lon="7.339068"><ele>113.75</ele></trkpt>
   <trkpt lat="51.438877" lon="7.339061"><ele>113.5</ele></trkpt>
   <trkpt lat="51.438732" lon="7.339021"><ele>112</ele></trkpt>
   <trkpt lat="51.438447" lon="7.338941"><ele>109.75</ele></trkpt>
   <trkpt lat="51.438398" lon="7.338928"><ele>109.25</ele></trkpt>
   <trkpt lat="51.438339" lon="7.339127"><ele>109</ele></trkpt>
   <trkpt lat="51.438309" lon="7.339236"><ele>108.75</ele></trkpt>
   <trkpt lat="51.438089" lon="7.339216"><ele>107.25</ele></trkpt>
   <trkpt lat="51.437648" lon="7.339176"><ele>103.5</ele></trkpt>
   <trkpt lat="51.437541" lon="7.339183"><ele>103</ele></trkpt>
   <trkpt lat="51.437455" lon="7.339188"><ele>102.75</ele></trkpt>
   <trkpt lat="51.436479" lon="7.339252"><ele>99</ele></trkpt>
   <trkpt lat="51.436386" lon="7.339265"><ele>98.75</ele></trkpt>
   <trkpt lat="51.436324" lon="7.339275"><ele>98.75</ele></trkpt>
   <trkpt lat="51.436257" lon="7.339277"><ele>98.5</ele></trkpt>
   <trkpt lat="51.4355" lon="7.339277"><ele>99</ele></trkpt>
   <trkpt lat="51.435157" lon="7.339277"><ele>99.25</ele></trkpt>
   <trkpt lat="51.435125" lon="7.339277"><ele>99.25</ele></trkpt>
   <trkpt lat="51.435084" lon="7.339277"><ele>99.25</ele></trkpt>
   <trkpt lat="51.434974" lon="7.338717"><ele>98</ele></trkpt>
   <trkpt lat="51.43495" lon="7.338606"><ele>97.75</ele></trkpt>
   <trkpt lat="51.434916" lon="7.338472"><ele>97.25</ele></trkpt>
   <trkpt lat="51.434896" lon="7.338403"><ele>97.25</ele></trkpt>
   <trkpt lat="51.434817" lon="7.338171"><ele>96.5</ele></trkpt>
   <trkpt lat="51.434782" lon="7.338064"><ele>96</ele></trkpt>
   <trkpt lat="51.434728" lon="7.337909"><ele>95.25</ele></trkpt>
   <trkpt lat="51.434626" lon="7.337616"><ele>94.75</ele></trkpt>
   <trkpt lat="51.434595" lon="7.337531"><ele>94.5</ele></trkpt>
   <trkpt lat="51.434531" lon="7.337345"><ele>94.5</ele></trkpt>
   <trkpt lat="51.434385" lon="7.337344"><ele>95</ele></trkpt>
   <trkpt lat="51.433908" lon="7.33737"><ele>96.25</ele></trkpt>
   <trkpt lat="51.433742" lon="7.337392"><ele>97</ele></trkpt>
   <trkpt lat="51.43365" lon="7.337405"><ele>97.5</ele></trkpt>
   <trkpt lat="51.433514" lon="7.337404"><ele>98</ele></trkpt>
   <trkpt lat="51.433418" lon="7.337374"><ele>98</ele></trkpt>
   <trkpt lat="51.433332" lon="7.337315"><ele>98.25</ele></trkpt>
   <trkpt lat="51.433224" lon="7.337223"><ele>98</ele></trkpt>
   <trkpt lat="51.432959" lon="7.336987"><ele>97</ele></trkpt>
   <trkpt lat="51.432855" lon="7.336926"><ele>96.75</ele></trkpt>
   <trkpt lat="51.432755" lon="7.336842"><ele>96.75</ele></trkpt>
   <trkpt lat="51.432691" lon="7.336793"><ele>96.75</ele></trkpt>
   <trkpt lat="51.432609" lon="7.336719"><ele>96.5</ele></trkpt>
   <trkpt lat="51.432536" lon="7.336654"><ele>96</ele></trkpt>
   <trkpt lat="51.432379" lon="7.336493"><ele>95.75</ele></trkpt>
   <trkpt lat="51.432273" lon="7.336397"><ele>95</ele></trkpt>
   <trkpt lat="51.432025" lon="7.336186"><ele>94</ele></trkpt>
   <trkpt lat="51.431969" lon="7.336158"><ele>93.5</ele></trkpt>
   <trkpt lat="51.431748" lon="7.336094"><ele>92.25</ele></trkpt>
   <trkpt lat="51.431439" lon="7.336017"><ele>92.25</ele></trkpt>
   <trkpt lat="51.431198" lon="7.335932"><ele>89.25</ele></trkpt>
   <trkpt lat="51.431032" lon="7.335951"><ele>87</ele></trkpt>
   <trkpt lat="51.430976" lon="7.336118"><ele>87</ele></trkpt>
   <trkpt lat="51.430704" lon="7.336115"><ele>84.5</ele></trkpt>
   <trkpt lat="51.430472" lon="7.336098"><ele>83.5</ele></trkpt>
   <trkpt lat="51.430278" lon="7.336116"><ele>82.75</ele></trkpt>
   <trkpt lat="51.43018" lon="7.336092"><ele>82.5</ele></trkpt>
   <trkpt lat="51.429481" lon="7.336071"><ele>78.25</ele></trkpt>
   <trkpt lat="51.429332" lon="7.336068"><ele>79.5</ele></trkpt>
   <trkpt lat="51.429292" lon="7.336071"><ele>80</ele></trkpt>
   <trkpt lat="51.429256" lon="7.336103"><ele>80.5</ele></trkpt>
   <trkpt lat="51.42924" lon="7.336129"><ele>80.75</ele></trkpt>
   <trkpt lat="51.429198" lon="7.336113"><ele>81.5</ele></trkpt>
   <trkpt lat="51.429079" lon="7.336094"><ele>81.75</ele></trkpt>
   <trkpt lat="51.428977" lon="7.336084"><ele>81.75</ele></trkpt>
   <trkpt lat="51.428906" lon="7.336096"><ele>81.75</ele></trkpt>
   <trkpt lat="51.428824" lon="7.336109"><ele>81.75</ele></trkpt>
   <trkpt lat="51.428716" lon="7.336076"><ele>81.75</ele></trkpt>
   <trkpt lat="51.428495" lon="7.336073"><ele>81.75</ele></trkpt>
   <trkpt lat="51.428366" lon="7.336041"><ele>81.75</ele></trkpt>
   <trkpt lat="51.428234" lon="7.335993"><ele>82</ele></trkpt>
   <trkpt lat="51.428073" lon="7.335918"><ele>82.5</ele></trkpt>
   <trkpt lat="51.42766" lon="7.335659"><ele>81</ele></trkpt>
   <trkpt lat="51.426738" lon="7.335089"><ele>80.5</ele></trkpt>
   <trkpt lat="51.426608" lon="7.335018"><ele>83</ele></trkpt>
   <trkpt lat="51.426599" lon="7.335071"><ele>82.75</ele></trkpt>
   <trkpt lat="51.426346" lon="7.336501"><ele>82</ele></trkpt>
   <trkpt lat="51.426189" lon="7.336827"><ele>82.75</ele></trkpt>
   <trkpt lat="51.425863" lon="7.337405"><ele>83.5</ele></trkpt>
   <trkpt lat="51.425736" lon="7.337585"><ele>83.75</ele></trkpt>
   <trkpt lat="51.425642" lon="7.337663"><ele>84.5</ele></trkpt>
   <trkpt lat="51.425599" lon="7.337684"><ele>84.75</ele></trkpt>
   <trkpt lat="51.425434" lon="7.337723"><ele>84.75</ele></trkpt>
   <trkpt lat="51.425285" lon="7.337757"><ele>84.75</ele></trkpt>
   <trkpt lat="51.424828" lon="7.339917"><ele>84.25</ele></trkpt>
   <trkpt lat="51.424483" lon="7.341472"><ele>85</ele></trkpt>
   <trkpt lat="51.424321" lon="7.342317"><ele>84.25</ele></trkpt>
   <trkpt lat="51.424234" lon="7.342846"><ele>83</ele></trkpt>
   <trkpt lat="51.424153" lon="7.342802"><ele>83.25</ele></trkpt>
   <trkpt lat="51.424059" lon="7.342742"><ele>84.75</ele></trkpt>
   <trkpt lat="51.423981" lon="7.342682"><ele>86.75</ele></trkpt>
   <trkpt lat="51.423778" lon="7.343581"><ele>89</ele></trkpt>
   <trkpt lat="51.423697" lon="7.343833"><ele>89.5</ele></trkpt>
   <trkpt lat="51.423564" lon="7.344155"><ele>89.25</ele></trkpt>
   <trkpt lat="51.423451" lon="7.344421"><ele>90</ele></trkpt>
   <trkpt lat="51.423345" lon="7.344619"><ele>91</ele></trkpt>
   <trkpt lat="51.422653" lon="7.345299"><ele>92.25</ele></trkpt>
   <trkpt lat="51.422483" lon="7.345433"><ele>93.5</ele></trkpt>
   <trkpt lat="51.422049" lon="7.345646"><ele>95.5</ele></trkpt>
   <trkpt lat="51.421916" lon="7.345672"><ele>96</ele></trkpt>
   <trkpt lat="51.421806" lon="7.345633"><ele>96.25</ele></trkpt>
   <trkpt lat="51.421716" lon="7.345534"><ele>96.5</ele></trkpt>
   <trkpt lat="51.421646" lon="7.345592"><ele>97</ele></trkpt>
   <trkpt lat="51.421563" lon="7.34562"><ele>97</ele></trkpt>
   <trkpt lat="51.420706" lon="7.345436"><ele>98.25</ele></trkpt>
   <trkpt lat="51.418413" lon="7.344978"><ele>100</ele></trkpt>
   <trkpt lat="51.417215" lon="7.344693"><ele>100</ele></trkpt>
   <trkpt lat="51.41711" lon="7.34465"><ele>100</ele></trkpt>
   <trkpt lat="51.417055" lon="7.344592"><ele>100</ele></trkpt>
   <trkpt lat="51.416978" lon="7.344601"><ele>100</ele></trkpt>
   <trkpt lat="51.41693" lon="7.344595"><ele>100</ele></trkpt>
   <trkpt lat="51.416882" lon="7.344576"><ele>100</ele></trkpt>
   <trkpt lat="51.416848" lon="7.344836"><ele>100</ele></trkpt>
   <trkpt lat="51.416835" lon="7.344871"><ele>100</ele></trkpt>
   <trkpt lat="51.416812" lon="7.3449"><ele>100</ele></trkpt>
   <trkpt lat="51.416787" lon="7.344915"><ele>99.75</ele></trkpt>
   <trkpt lat="51.416339" lon="7.344887"><ele>100</ele></trkpt>
   <trkpt lat="51.416275" lon="7.344861"><ele>100</ele></trkpt>
   <trkpt lat="51.416071" lon="7.344814"><ele>100</ele></trkpt>
   <trkpt lat="51.415746" lon="7.34475"><ele>100.75</ele></trkpt>
   <trkpt lat="51.41538" lon="7.344786"><ele>101.25</ele></trkpt>
   <trkpt lat="51.415255" lon="7.34479"><ele>101.25</ele></trkpt>
   <trkpt lat="51.414419" lon="7.344648"><ele>104</ele></trkpt>
   <trkpt lat="51.413619" lon="7.344577"><ele>102.5</ele></trkpt>
   <trkpt lat="51.413214" lon="7.34453"><ele>102.75</ele></trkpt>
   <trkpt lat="51.412998" lon="7.344474"><ele>102.25</ele></trkpt>
   <trkpt lat="51.412491" lon="7.344316"><ele>103</ele></trkpt>
   <trkpt lat="51.412074" lon="7.344155"><ele>103</ele></trkpt>
   <trkpt lat="51.411656" lon="7.343975"><ele>102.25</ele></trkpt>
   <trkpt lat="51.409117" lon="7.342895"><ele>104.5</ele></trkpt>
   <trkpt lat="51.40904" lon="7.342895"><ele>104</ele></trkpt>
   <trkpt lat="51.408572" lon="7.342782"><ele>106.75</ele></trkpt>
   <trkpt lat="51.408153" lon="7.342716"><ele>105.5</ele></trkpt>
   <trkpt lat="51.408072" lon="7.342681"><ele>104.75</ele></trkpt>
   <trkpt lat="51.407943" lon="7.342671"><ele>105</ele></trkpt>
   <trkpt lat="51.407831" lon="7.342662"><ele>105.25</ele></trkpt>
   <trkpt lat="51.40777" lon="7.342656"><ele>105.5</ele></trkpt>
   <trkpt lat="51.407669" lon="7.342663"><ele>106</ele></trkpt>
   <trkpt lat="51.407186" lon="7.342618"><ele>108.75</ele></trkpt>
   <trkpt lat="51.406916" lon="7.342594"><ele>109</ele></trkpt>
   <trkpt lat="51.406029" lon="7.342509"><ele>109.75</ele></trkpt>
   <trkpt lat="51.405715" lon="7.342461"><ele>110</ele></trkpt>
   <trkpt lat="51.40539" lon="7.342391"><ele>111</ele></trkpt>
   <trkpt lat="51.405089" lon="7.342309"><ele>112</ele></trkpt>
   <trkpt lat="51.404764" lon="7.342191"><ele>112.5</ele></trkpt>
   <trkpt lat="51.404429" lon="7.342039"><ele>114</ele></trkpt>
   <trkpt lat="51.404204" lon="7.341914"><ele>114</ele></trkpt>
   <trkpt lat="51.404013" lon="7.341795"><ele>117</ele></trkpt>
   <trkpt lat="51.403654" lon="7.341545"><ele>117.5</ele></trkpt>
   <trkpt lat="51.40326" lon="7.341211"><ele>117.75</ele></trkpt>
   <trkpt lat="51.402834" lon="7.340797"><ele>119</ele></trkpt>
   <trkpt lat="51.402692" lon="7.340642"><ele>120</ele></trkpt>
   <trkpt lat="51.402353" lon="7.340296"><ele>117.75</ele></trkpt>
   <trkpt lat="51.402145" lon="7.340058"><ele>115.5</ele></trkpt>
   <trkpt lat="51.401627" lon="7.3395"><ele>113.75</ele></trkpt>
   <trkpt lat="51.400616" lon="7.338444"><ele>113</ele></trkpt>
   <trkpt lat="51.400534" lon="7.338353"><ele>113.25</ele></trkpt>
   <trkpt lat="51.39957" lon="7.33733"><ele>111.25</ele></trkpt>
   <trkpt lat="51.399491" lon="7.337248"><ele>115.5</ele></trkpt>
   <trkpt lat="51.399399" lon="7.337159"><ele>116</ele></trkpt>
   <trkpt lat="51.399182" lon="7.336922"><ele>117.25</ele></trkpt>
   <trkpt lat="51.398883" lon="7.336561"><ele>116.75</ele></trkpt>
   <trkpt lat="51.398589" lon="7.336183"><ele>117.75</ele></trkpt>
   <trkpt lat="51.398279" lon="7.335734"><ele>116.75</ele></trkpt>
   <trkpt lat="51.397999" lon="7.335288"><ele>118.75</ele></trkpt>
   <trkpt lat="51.397684" lon="7.334728"><ele>119.5</ele></trkpt>
   <trkpt lat="51.397484" lon="7.334336"><ele>119</ele></trkpt>
   <trkpt lat="51.397347" lon="7.334037"><ele>117.75</ele></trkpt>
   <trkpt lat="51.397184" lon="7.333657"><ele>119.25</ele></trkpt>
   <trkpt lat="51.397088" lon="7.333416"><ele>118.5</ele></trkpt>
   <trkpt lat="51.396944" lon="7.333042"><ele>121.75</ele></trkpt>
   <trkpt lat="51.39663" lon="7.332135"><ele>122.75</ele></trkpt>
   <trkpt lat="51.396501" lon="7.332255"><ele>122.75</ele></trkpt>
   <trkpt lat="51.39644" lon="7.332084"><ele>123.25</ele></trkpt>
   <trkpt lat="51.396248" lon="7.33163"><ele>125</ele></trkpt>
   <trkpt lat="51.396119" lon="7.33129"><ele>127.75</ele></trkpt>
   <trkpt lat="51.395977" lon="7.33106"><ele>129.75</ele></trkpt>
   <trkpt lat="51.395856" lon="7.331027"><ele>131.75</ele></trkpt>
   <trkpt lat="51.395802" lon="7.330989"><ele>132</ele></trkpt>
   <trkpt lat="51.395512" lon="7.330233"><ele>136.5</ele></trkpt>
   <trkpt lat="51.395352" lon="7.329692"><ele>140.5</ele></trkpt>
   <trkpt lat="51.395007" lon="7.328456"><ele>148.25</ele></trkpt>
   <trkpt lat="51.39443" lon="7.326373"><ele>149</ele></trkpt>
   <trkpt lat="51.394061" lon="7.325261"><ele>145</ele></trkpt>
   <trkpt lat="51.393971" lon="7.32505"><ele>144.5</ele></trkpt>
   <trkpt lat="51.39358" lon="7.32408"><ele>137</ele></trkpt>
   <trkpt lat="51.393353" lon="7.323652"><ele>133</ele></trkpt>
   <trkpt lat="51.39317" lon="7.323383"><ele>128.25</ele></trkpt>
   <trkpt lat="51.392509" lon="7.322538"><ele>128.5</ele></trkpt>
   <trkpt lat="51.392098" lon="7.321979"><ele>130.25</ele></trkpt>
   <trkpt lat="51.391828" lon="7.321545"><ele>133.75</ele></trkpt>
   <trkpt lat="51.391653" lon="7.321221"><ele>134.75</ele></trkpt>
   <trkpt lat="51.391587" lon="7.320814"><ele>133.5</ele></trkpt>
   <trkpt lat="51.391571" lon="7.320721"><ele>132.5</ele></trkpt>
   <trkpt lat="51.386841" lon="7.314371"><ele>140.25</ele></trkpt>
   <trkpt lat="51.386372" lon="7.313741"><ele>141.75</ele></trkpt>
   <trkpt lat="51.386091" lon="7.313396"><ele>143</ele></trkpt>
   <trkpt lat="51.385836" lon="7.313108"><ele>143.75</ele></trkpt>
   <trkpt lat="51.385528" lon="7.312801"><ele>145.25</ele></trkpt>
   <trkpt lat="51.385291" lon="7.312594"><ele>147.5</ele></trkpt>
   <trkpt lat="51.385191" lon="7.312515"><ele>146</ele></trkpt>
   <trkpt lat="51.384834" lon="7.312271"><ele>145.5</ele></trkpt>
   <trkpt lat="51.384512" lon="7.31207"><ele>143.25</ele></trkpt>
   <trkpt lat="51.384117" lon="7.311931"><ele>142</ele></trkpt>
   <trkpt lat="51.383891" lon="7.311844"><ele>140.25</ele></trkpt>
   <trkpt lat="51.383832" lon="7.311825"><ele>140</ele></trkpt>
   <trkpt lat="51.383474" lon="7.311928"><ele>137.25</ele></trkpt>
   <trkpt lat="51.383363" lon="7.311956"><ele>137.75</ele></trkpt>
   <trkpt lat="51.383292" lon="7.312"><ele>138.25</ele></trkpt>
   <trkpt lat="51.383219" lon="7.311928"><ele>138.5</ele></trkpt>
   <trkpt lat="51.383172" lon="7.311903"><ele>139</ele></trkpt>
   <trkpt lat="51.383126" lon="7.311894"><ele>139</ele></trkpt>
   <trkpt lat="51.382926" lon="7.311926"><ele>139.5</ele></trkpt>
   <trkpt lat="51.382821" lon="7.311905"><ele>139.75</ele></trkpt>
   <trkpt lat="51.382773" lon="7.311863"><ele>140</ele></trkpt>
   <trkpt lat="51.382718" lon="7.311779"><ele>140.25</ele></trkpt>
   <trkpt lat="51.382695" lon="7.311731"><ele>140.25</ele></trkpt>
   <trkpt lat="51.382671" lon="7.311604"><ele>141.25</ele></trkpt>
   <trkpt lat="51.382676" lon="7.311508"><ele>142.5</ele></trkpt>
   <trkpt lat="51.382693" lon="7.311319"><ele>142.5</ele></trkpt>
   <trkpt lat="51.382699" lon="7.311205"><ele>139.5</ele></trkpt>
   <trkpt lat="51.382684" lon="7.311125"><ele>137.5</ele></trkpt>
   <trkpt lat="51.382657" lon="7.311058"><ele>136.75</ele></trkpt>
   <trkpt lat="51.382599" lon="7.310982"><ele>136.5</ele></trkpt>
   <trkpt lat="51.382503" lon="7.310926"><ele>136.5</ele></trkpt>
   <trkpt lat="51.382342" lon="7.310858"><ele>137.25</ele></trkpt>
   <trkpt lat="51.382073" lon="7.310685"><ele>137</ele></trkpt>
   <trkpt lat="51.381791" lon="7.310488"><ele>135.75</ele></trkpt>
   <trkpt lat="51.381504" lon="7.310314"><ele>134.75</ele></trkpt>
   <trkpt lat="51.381317" lon="7.310222"><ele>134.75</ele></trkpt>
   <trkpt lat="51.38117" lon="7.310165"><ele>134.5</ele></trkpt>
   <trkpt lat="51.380907" lon="7.310081"><ele>133.75</ele></trkpt>
   <trkpt lat="51.380845" lon="7.310109"><ele>134.25</ele></trkpt>
   <trkpt lat="51.380635" lon="7.310116"><ele>135</ele></trkpt>
   <trkpt lat="51.38057" lon="7.310128"><ele>135.5</ele></trkpt>
   <trkpt lat="51.380294" lon="7.310211"><ele>138</ele></trkpt>
   <trkpt lat="51.380169" lon="7.310229"><ele>139.5</ele></trkpt>
   <trkpt lat="51.379832" lon="7.310166"><ele>139.75</ele></trkpt>
   <trkpt lat="51.379732" lon="7.310162"><ele>140</ele></trkpt>
   <trkpt lat="51.379434" lon="7.310202"><ele>142.25</ele></trkpt>
   <trkpt lat="51.379353" lon="7.310202"><ele>142.75</ele></trkpt>
   <trkpt lat="51.379263" lon="7.310197"><ele>143</ele></trkpt>
   <trkpt lat="51.379009" lon="7.310117"><ele>143.25</ele></trkpt>
   <trkpt lat="51.378903" lon="7.310075"><ele>143.5</ele></trkpt>
   <trkpt lat="51.37869" lon="7.309955"><ele>144.25</ele></trkpt>
   <trkpt lat="51.378355" lon="7.309756"><ele>146</ele></trkpt>
   <trkpt lat="51.378105" lon="7.309621"><ele>146.5</ele></trkpt>
   <trkpt lat="51.377967" lon="7.309561"><ele>146.75</ele></trkpt>
   <trkpt lat="51.37782" lon="7.309511"><ele>147.5</ele></trkpt>
   <trkpt lat="51.377699" lon="7.309481"><ele>148</ele></trkpt>
   <trkpt lat="51.37746" lon="7.309462"><ele>149.25</ele></trkpt>
   <trkpt lat="51.376968" lon="7.309413"><ele>149.75</ele></trkpt>
   <trkpt lat="51.376641" lon="7.309361"><ele>149.75</ele></trkpt>
   <trkpt lat="51.376571" lon="7.309347"><ele>149.75</ele></trkpt>
   <trkpt lat="51.375839" lon="7.3092"><ele>151</ele></trkpt>
   <trkpt lat="51.375299" lon="7.309117"><ele>151.5</ele></trkpt>
   <trkpt lat="51.375159" lon="7.309105"><ele>151.5</ele></trkpt>
   <trkpt lat="51.375086" lon="7.309109"><ele>151.5</ele></trkpt>
   <trkpt lat="51.375014" lon="7.309142"><ele>152.25</ele></trkpt>
   <trkpt lat="51.374796" lon="7.30928"><ele>152.75</ele></trkpt>
   <trkpt lat="51.374732" lon="7.30931"><ele>153</ele></trkpt>
   <trkpt lat="51.374668" lon="7.309321"><ele>152.75</ele></trkpt>
   <trkpt lat="51.374259" lon="7.309331"><ele>152.75</ele></trkpt>
   <trkpt lat="51.373498" lon="7.309332"><ele>153</ele></trkpt>
   <trkpt lat="51.373401" lon="7.309326"><ele>153</ele></trkpt>
   <trkpt lat="51.37296" lon="7.309305"><ele>153</ele></trkpt>
   <trkpt lat="51.372629" lon="7.30926"><ele>152.25</ele></trkpt>
   <trkpt lat="51.37246" lon="7.309283"><ele>151.5</ele></trkpt>
   <trkpt lat="51.37229" lon="7.309342"><ele>151.75</ele></trkpt>
   <trkpt lat="51.372056" lon="7.309445"><ele>154.5</ele></trkpt>
   <trkpt lat="51.371852" lon="7.309501"><ele>155</ele></trkpt>
   <trkpt lat="51.371662" lon="7.309518"><ele>155.25</ele></trkpt>
   <trkpt lat="51.371319" lon="7.309522"><ele>156.5</ele></trkpt>
   <trkpt lat="51.371106" lon="7.309512"><ele>158</ele></trkpt>
   <trkpt lat="51.370888" lon="7.309483"><ele>160.5</ele></trkpt>
   <trkpt lat="51.370673" lon="7.309431"><ele>162.5</ele></trkpt>
   <trkpt lat="51.370781" lon="7.309253"><ele>163.5</ele></trkpt>
   <trkpt lat="51.370995" lon="7.308649"><ele>165.5</ele></trkpt>
   <trkpt lat="51.371021" lon="7.308488"><ele>166.75</ele></trkpt>
   <trkpt lat="51.370985" lon="7.308302"><ele>168.75</ele></trkpt>
   <trkpt lat="51.370707" lon="7.307832"><ele>173.25</ele></trkpt>
   <trkpt lat="51.370616" lon="7.307708"><ele>174.25</ele></trkpt>
   <trkpt lat="51.370342" lon="7.307029"><ele>177.25</ele></trkpt>
   <trkpt lat="51.370063" lon="7.306444"><ele>179.25</ele></trkpt>
   <trkpt lat="51.369938" lon="7.306133"><ele>180</ele></trkpt>
   <trkpt lat="51.369822" lon="7.305751"><ele>181</ele></trkpt>
   <trkpt lat="51.369502" lon="7.305029"><ele>186.75</ele></trkpt>
   <trkpt lat="51.369402" lon="7.304692"><ele>188.25</ele></trkpt>
   <trkpt lat="51.369317" lon="7.304337"><ele>192.25</ele></trkpt>
   <trkpt lat="51.36909" lon="7.303505"><ele>200.25</ele></trkpt>
   <trkpt lat="51.368825" lon="7.302539"><ele>208.5</ele></trkpt>
   <trkpt lat="51.368616" lon="7.301882"><ele>212</ele></trkpt>
   <trkpt lat="51.368546" lon="7.301616"><ele>213.25</ele></trkpt>
   <trkpt lat="51.368458" lon="7.301464"><ele>214.5</ele></trkpt>
   <trkpt lat="51.368245" lon="7.301054"><ele>216.5</ele></trkpt>
   <trkpt lat="51.36798" lon="7.299618"><ele>222</ele></trkpt>
   <trkpt lat="51.367925" lon="7.299407"><ele>222</ele></trkpt>
   <trkpt lat="51.367763" lon="7.29879"><ele>221.75</ele></trkpt>
   <trkpt lat="51.367687" lon="7.298552"><ele>221.5</ele></trkpt>
   <trkpt lat="51.367643" lon="7.29841"><ele>221.5</ele></trkpt>
   <trkpt lat="51.367591" lon="7.298283"><ele>221.25</ele></trkpt>
   <trkpt lat="51.367782" lon="7.297927"><ele>220.5</ele></trkpt>
   <trkpt lat="51.367879" lon="7.297707"><ele>220</ele></trkpt>
   <trkpt lat="51.367894" lon="7.297605"><ele>219.75</ele></trkpt>
   <trkpt lat="51.367878" lon="7.297512"><ele>219.25</ele></trkpt>
   <trkpt lat="51.367866" lon="7.297454"><ele>219.25</ele></trkpt>
   <trkpt lat="51.367782" lon="7.297269"><ele>219.75</ele></trkpt>
   <trkpt lat="51.367688" lon="7.297106"><ele>218.5</ele></trkpt>
   <trkpt lat="51.367562" lon="7.296842"><ele>217</ele></trkpt>
   <trkpt lat="51.367552" lon="7.296736"><ele>217</ele></trkpt>
   <trkpt lat="51.367581" lon="7.296616"><ele>217</ele></trkpt>
   <trkpt lat="51.367586" lon="7.296592"><ele>217</ele></trkpt>
   <trkpt lat="51.367755" lon="7.296406"><ele>217.75</ele></trkpt>
   <trkpt lat="51.36794" lon="7.296259"><ele>218.75</ele></trkpt>
   <trkpt lat="51.368025" lon="7.296157"><ele>219.5</ele></trkpt>
   <trkpt lat="51.36805" lon="7.296063"><ele>220</ele></trkpt>
   <trkpt lat="51.368056" lon="7.295963"><ele>220.5</ele></trkpt>
   <trkpt lat="51.367977" lon="7.295675"><ele>220.25</ele></trkpt>
   <trkpt lat="51.367904" lon="7.295459"><ele>219.75</ele></trkpt>
   <trkpt lat="51.367864" lon="7.29527"><ele>219.75</ele></trkpt>
   <trkpt lat="51.367872" lon="7.295171"><ele>219.5</ele></trkpt>
   <trkpt lat="51.367944" lon="7.295007"><ele>218.75</ele></trkpt>
   <trkpt lat="51.367945" lon="7.294901"><ele>218</ele></trkpt>
   <trkpt lat="51.367918" lon="7.294772"><ele>217.75</ele></trkpt>
   <trkpt lat="51.367859" lon="7.294589"><ele>217.5</ele></trkpt>
   <trkpt lat="51.367821" lon="7.294467"><ele>217.5</ele></trkpt>
   <trkpt lat="51.367689" lon="7.294167"><ele>217.5</ele></trkpt>
   <trkpt lat="51.367348" lon="7.293575"><ele>218</ele></trkpt>
   <trkpt lat="51.367217" lon="7.293482"><ele>218.5</ele></trkpt>
   <trkpt lat="51.366788" lon="7.292804"><ele>218</ele></trkpt>
   <trkpt lat="51.366348" lon="7.292164"><ele>218.75</ele></trkpt>
   <trkpt lat="51.366156" lon="7.291967"><ele>218.75</ele></trkpt>
   <trkpt lat="51.366073" lon="7.291931"><ele>218.75</ele></trkpt>
   <trkpt lat="51.365989" lon="7.291935"><ele>218.5</ele></trkpt>
   <trkpt lat="51.365856" lon="7.292011"><ele>217.5</ele></trkpt>
   <trkpt lat="51.365779" lon="7.292018"><ele>217.25</ele></trkpt>
   <trkpt lat="51.365695" lon="7.291966"><ele>217.25</ele></trkpt>
   <trkpt lat="51.365294" lon="7.291372"><ele>221</ele></trkpt>
   <trkpt lat="51.365251" lon="7.291271"><ele>221.5</ele></trkpt>
   <trkpt lat="51.36523" lon="7.291173"><ele>222.25</ele></trkpt>
   <trkpt lat="51.365232" lon="7.291006"><ele>223.25</ele></trkpt>
   <trkpt lat="51.365245" lon="7.290349"><ele>225.75</ele></trkpt>
   <trkpt lat="51.365247" lon="7.290039"><ele>226.25</ele></trkpt>
   <trkpt lat="51.365234" lon="7.289542"><ele>227</ele></trkpt>
   <trkpt lat="51.365202" lon="7.289235"><ele>227.75</ele></trkpt>
   <trkpt lat="51.365193" lon="7.28917"><ele>227.75</ele></trkpt>
   <trkpt lat="51.365083" lon="7.289245"><ele>227.75</ele></trkpt>
   <trkpt lat="51.364773" lon="7.289426"><ele>228</ele></trkpt>
   <trkpt lat="51.364753" lon="7.289437"><ele>228</ele></trkpt>
   <trkpt lat="51.36437" lon="7.28963"><ele>228.5</ele></trkpt>
   <trkpt lat="51.364258" lon="7.289676"><ele>228</ele></trkpt>
   <trkpt lat="51.363973" lon="7.289795"><ele>226.25</ele></trkpt>
   <trkpt lat="51.363575" lon="7.289923"><ele>226.75</ele></trkpt>
   <trkpt lat="51.363299" lon="7.290002"><ele>229</ele></trkpt>
   <trkpt lat="51.363108" lon="7.290022"><ele>229.5</ele></trkpt>
   <trkpt lat="51.362989" lon="7.290003"><ele>229.75</ele></trkpt>
   <trkpt lat="51.36287" lon="7.289953"><ele>230</ele></trkpt>
   <trkpt lat="51.362568" lon="7.289718"><ele>231</ele></trkpt>
   <trkpt lat="51.362264" lon="7.28945"><ele>231.75</ele></trkpt>
   <trkpt lat="51.361785" lon="7.289017"><ele>233.75</ele></trkpt>
   <trkpt lat="51.361708" lon="7.288946"><ele>233.75</ele></trkpt>
   <trkpt lat="51.361255" lon="7.288536"><ele>234</ele></trkpt>
   <trkpt lat="51.360773" lon="7.288121"><ele>233.75</ele></trkpt>
   <trkpt lat="51.360019" lon="7.287444"><ele>231.25</ele></trkpt>
   <trkpt lat="51.359001" lon="7.286535"><ele>227</ele></trkpt>
   <trkpt lat="51.358938" lon="7.286491"><ele>227</ele></trkpt>
   <trkpt lat="51.358741" lon="7.286354"><ele>226.25</ele></trkpt>
   <trkpt lat="51.358607" lon="7.286281"><ele>225.75</ele></trkpt>
   <trkpt lat="51.358194" lon="7.286113"><ele>225.25</ele></trkpt>
   <trkpt lat="51.357914" lon="7.286005"><ele>224.5</ele></trkpt>
   <trkpt lat="51.357808" lon="7.285976"><ele>224.5</ele></trkpt>
   <trkpt lat="51.357752" lon="7.285977"><ele>224.25</ele></trkpt>
   <trkpt lat="51.357682" lon="7.285992"><ele>224.25</ele></trkpt>
   <trkpt lat="51.357611" lon="7.286021"><ele>224.25</ele></trkpt>
   <trkpt lat="51.357466" lon="7.286132"><ele>224</ele></trkpt>
   <trkpt lat="51.357325" lon="7.286257"><ele>224</ele></trkpt>
   <trkpt lat="51.357159" lon="7.28641"><ele>223.75</ele></trkpt>
   <trkpt lat="51.356767" lon="7.286781"><ele>223.25</ele></trkpt>
   <trkpt lat="51.356552" lon="7.286993"><ele>224.75</ele></trkpt>
   <trkpt lat="51.356266" lon="7.287274"><ele>226.25</ele></trkpt>
   <trkpt lat="51.356179" lon="7.287357"><ele>226.5</ele></trkpt>
   <trkpt lat="51.355913" lon="7.287624"><ele>228.5</ele></trkpt>
   <trkpt lat="51.355887" lon="7.287648"><ele>228.75</ele></trkpt>
   <trkpt lat="51.355854" lon="7.28768"><ele>228.75</ele></trkpt>
   <trkpt lat="51.355574" lon="7.287941"><ele>230.25</ele></trkpt>
   <trkpt lat="51.355414" lon="7.288078"><ele>230.5</ele></trkpt>
   <trkpt lat="51.355271" lon="7.28819"><ele>231</ele></trkpt>
   <trkpt lat="51.355018" lon="7.288357"><ele>231</ele></trkpt>
   <trkpt lat="51.354815" lon="7.288477"><ele>232</ele></trkpt>
   <trkpt lat="51.354568" lon="7.288617"><ele>232.5</ele></trkpt>
   <trkpt lat="51.354245" lon="7.288804"><ele>233.25</ele></trkpt>
   <trkpt lat="51.353881" lon="7.289013"><ele>234.25</ele></trkpt>
   <trkpt lat="51.353496" lon="7.289235"><ele>235.25</ele></trkpt>
   <trkpt lat="51.353471" lon="7.289249"><ele>235.25</ele></trkpt>
   <trkpt lat="51.352425" lon="7.28984"><ele>240.25</ele></trkpt>
   <trkpt lat="51.352247" lon="7.289911"><ele>241.25</ele></trkpt>
   <trkpt lat="51.352103" lon="7.289943"><ele>242.25</ele></trkpt>
   <trkpt lat="51.351954" lon="7.289948"><ele>243.25</ele></trkpt>
   <trkpt lat="51.351831" lon="7.289926"><ele>243.25</ele></trkpt>
   <trkpt lat="51.35174" lon="7.289891"><ele>243.25</ele></trkpt>
   <trkpt lat="51.351648" lon="7.289844"><ele>243.5</ele></trkpt>
   <trkpt lat="51.351592" lon="7.28981"><ele>243.5</ele></trkpt>
   <trkpt lat="51.351574" lon="7.289791"><ele>243.5</ele></trkpt>
   <trkpt lat="51.351553" lon="7.289771"><ele>243.5</ele></trkpt>
   <trkpt lat="51.351468" lon="7.289684"><ele>243.5</ele></trkpt>
   <trkpt lat="51.351422" lon="7.28962"><ele>243.25</ele></trkpt>
   <trkpt lat="51.351334" lon="7.28941"><ele>242.25</ele></trkpt>
   <trkpt lat="51.350761" lon="7.288045"><ele>240</ele></trkpt>
   <trkpt lat="51.35044" lon="7.28779"><ele>241.25</ele></trkpt>
   <trkpt lat="51.350126" lon="7.28757"><ele>243.75</ele></trkpt>
   <trkpt lat="51.349891" lon="7.287356"><ele>245.25</ele></trkpt>
   <trkpt lat="51.349822" lon="7.287265"><ele>245.75</ele></trkpt>
   <trkpt lat="51.34965" lon="7.28704"><ele>247</ele></trkpt>
   <trkpt lat="51.349476" lon="7.286776"><ele>247.75</ele></trkpt>
   <trkpt lat="51.349378" lon="7.286684"><ele>248.25</ele></trkpt>
   <trkpt lat="51.349246" lon="7.286617"><ele>248.5</ele></trkpt>
   <trkpt lat="51.349197" lon="7.286549"><ele>248.75</ele></trkpt>
   <trkpt lat="51.349125" lon="7.286381"><ele>248.5</ele></trkpt>
   <trkpt lat="51.349042" lon="7.286152"><ele>248.25</ele></trkpt>
   <trkpt lat="51.348992" lon="7.286081"><ele>248.25</ele></trkpt>
   <trkpt lat="51.348909" lon="7.286013"><ele>248.25</ele></trkpt>
   <trkpt lat="51.348748" lon="7.285882"><ele>247.25</ele></trkpt>
   <trkpt lat="51.34849" lon="7.285639"><ele>245.5</ele></trkpt>
   <trkpt lat="51.348069" lon="7.285191"><ele>244.5</ele></trkpt>
   <trkpt lat="51.347864" lon="7.284937"><ele>244.5</ele></trkpt>
   <trkpt lat="51.347674" lon="7.284685"><ele>244.5</ele></trkpt>
   <trkpt lat="51.347262" lon="7.283916"><ele>242</ele></trkpt>
   <trkpt lat="51.347213" lon="7.283752"><ele>241.75</ele></trkpt>
   <trkpt lat="51.347164" lon="7.283477"><ele>240.75</ele></trkpt>
   <trkpt lat="51.347025" lon="7.283032"><ele>239</ele></trkpt>
   <trkpt lat="51.346942" lon="7.282733"><ele>238.75</ele></trkpt>
   <trkpt lat="51.346899" lon="7.282587"><ele>238.5</ele></trkpt>
   <trkpt lat="51.346867" lon="7.282435"><ele>238</ele></trkpt>
   <trkpt lat="51.346761" lon="7.282101"><ele>237.25</ele></trkpt>
   <trkpt lat="51.34665" lon="7.281793"><ele>237</ele></trkpt>
   <trkpt lat="51.346537" lon="7.281396"><ele>234</ele></trkpt>
   <trkpt lat="51.346344" lon="7.280843"><ele>230.5</ele></trkpt>
   <trkpt lat="51.34628" lon="7.280631"><ele>228.5</ele></trkpt>
   <trkpt lat="51.346222" lon="7.280359"><ele>225.5</ele></trkpt>
   <trkpt lat="51.346165" lon="7.280217"><ele>225.25</ele></trkpt>
   <trkpt lat="51.346033" lon="7.279994"><ele>224.25</ele></trkpt>
   <trkpt lat="51.345922" lon="7.279864"><ele>222.75</ele></trkpt>
   <trkpt lat="51.3458" lon="7.279824"><ele>223</ele></trkpt>
   <trkpt lat="51.345747" lon="7.279828"><ele>222.75</ele></trkpt>
   <trkpt lat="51.345544" lon="7.279847"><ele>221.25</ele></trkpt>
   <trkpt lat="51.345377" lon="7.279843"><ele>221.25</ele></trkpt>
   <trkpt lat="51.345177" lon="7.2798"><ele>221.25</ele></trkpt>
   <trkpt lat="51.345158" lon="7.279788"><ele>221.25</ele></trkpt>
   <trkpt lat="51.345099" lon="7.279735"><ele>221.25</ele></trkpt>
   <trkpt lat="51.345039" lon="7.27962"><ele>221.25</ele></trkpt>
   <trkpt lat="51.344944" lon="7.279388"><ele>221.5</ele></trkpt>
   <trkpt lat="51.344761" lon="7.278867"><ele>222.75</ele></trkpt>
   <trkpt lat="51.344493" lon="7.278169"><ele>223</ele></trkpt>
   <trkpt lat="51.344129" lon="7.277181"><ele>223.25</ele></trkpt>
   <trkpt lat="51.344008" lon="7.276845"><ele>223</ele></trkpt>
   <trkpt lat="51.343938" lon="7.276626"><ele>222.75</ele></trkpt>
   <trkpt lat="51.343894" lon="7.276629"><ele>222.25</ele></trkpt>
   <trkpt lat="51.343597" lon="7.27667"><ele>218.5</ele></trkpt>
   <trkpt lat="51.343335" lon="7.276655"><ele>214</ele></trkpt>
   <trkpt lat="51.343262" lon="7.276637"><ele>213</ele></trkpt>
   <trkpt lat="51.343168" lon="7.2765"><ele>212.25</ele></trkpt>
   <trkpt lat="51.343012" lon="7.276345"><ele>210.25</ele></trkpt>
   <trkpt lat="51.342933" lon="7.276238"><ele>208.75</ele></trkpt>
   <trkpt lat="51.342801" lon="7.276031"><ele>205.75</ele></trkpt>
   <trkpt lat="51.342674" lon="7.275637"><ele>203.25</ele></trkpt>
   <trkpt lat="51.34262" lon="7.275413"><ele>202</ele></trkpt>
   <trkpt lat="51.342601" lon="7.275313"><ele>201.75</ele></trkpt>
   <trkpt lat="51.34251" lon="7.274832"><ele>198.25</ele></trkpt>
   <trkpt lat="51.342377" lon="7.274247"><ele>194.25</ele></trkpt>
   <trkpt lat="51.342342" lon="7.27403"><ele>193.25</ele></trkpt>
   <trkpt lat="51.342328" lon="7.273861"><ele>192.75</ele></trkpt>
   <trkpt lat="51.342316" lon="7.273533"><ele>192</ele></trkpt>
   <trkpt lat="51.342293" lon="7.273413"><ele>191.75</ele></trkpt>
   <trkpt lat="51.342268" lon="7.273326"><ele>191.25</ele></trkpt>
   <trkpt lat="51.342218" lon="7.273266"><ele>191.75</ele></trkpt>
   <trkpt lat="51.342003" lon="7.273141"><ele>192</ele></trkpt>
   <trkpt lat="51.341844" lon="7.273023"><ele>192</ele></trkpt>
   <trkpt lat="51.341727" lon="7.272962"><ele>192.25</ele></trkpt>
   <trkpt lat="51.341619" lon="7.272929"><ele>192.25</ele></trkpt>
   <trkpt lat="51.341477" lon="7.272926"><ele>193</ele></trkpt>
   <trkpt lat="51.341209" lon="7.273128"><ele>193.25</ele></trkpt>
   <trkpt lat="51.341177" lon="7.273293"><ele>193</ele></trkpt>
   <trkpt lat="51.341185" lon="7.273378"><ele>193.25</ele></trkpt>
   <trkpt lat="51.341205" lon="7.273447"><ele>193.75</ele></trkpt>
   <trkpt lat="51.341212" lon="7.27351"><ele>194.25</ele></trkpt>
   <trkpt lat="51.34121" lon="7.273561"><ele>194.75</ele></trkpt>
   <trkpt lat="51.340987" lon="7.273783"><ele>197.75</ele></trkpt>
   <trkpt lat="51.340964" lon="7.273808"><ele>198.25</ele></trkpt>
   <trkpt lat="51.34031" lon="7.27453"><ele>207.75</ele></trkpt>
   <trkpt lat="51.340095" lon="7.274748"><ele>210.75</ele></trkpt>
   <trkpt lat="51.339545" lon="7.275198"><ele>214</ele></trkpt>
   <trkpt lat="51.339145" lon="7.274628"><ele>216.25</ele></trkpt>
   <trkpt lat="51.338798" lon="7.273943"><ele>218.5</ele></trkpt>
   <trkpt lat="51.33836" lon="7.272798"><ele>222.75</ele></trkpt>
   <trkpt lat="51.33814" lon="7.272251"><ele>224.75</ele></trkpt>
   <trkpt lat="51.337852" lon="7.27164"><ele>227.5</ele></trkpt>
   <trkpt lat="51.337331" lon="7.270754"><ele>230.75</ele></trkpt>
   <trkpt lat="51.338363" lon="7.269773"><ele>223.5</ele></trkpt>
   <trkpt lat="51.33885" lon="7.269288"><ele>221.75</ele></trkpt>
   <trkpt lat="51.338958" lon="7.269197"><ele>224</ele></trkpt>
   <trkpt lat="51.338788" lon="7.269029"><ele>224.25</ele></trkpt>
   <trkpt lat="51.338556" lon="7.268839"><ele>225.5</ele></trkpt>
   <trkpt lat="51.338274" lon="7.26856"><ele>227</ele></trkpt>
   <trkpt lat="51.337626" lon="7.267957"><ele>233.25</ele></trkpt>
   <trkpt lat="51.337199" lon="7.267622"><ele>237</ele></trkpt>
   <trkpt lat="51.336684" lon="7.267259"><ele>241.75</ele></trkpt>
   <trkpt lat="51.336233" lon="7.26699"><ele>243.75</ele></trkpt>
   <trkpt lat="51.336014" lon="7.266824"><ele>245.5</ele></trkpt>
   <trkpt lat="51.335741" lon="7.266596"><ele>247.75</ele></trkpt>
   <trkpt lat="51.335485" lon="7.265931"><ele>250.25</ele></trkpt>
   <trkpt lat="51.335067" lon="7.264771"><ele>254.25</ele></trkpt>
   <trkpt lat="51.334933" lon="7.264492"><ele>254.75</ele></trkpt>
   <trkpt lat="51.334906" lon="7.264447"><ele>254.75</ele></trkpt>
   <trkpt lat="51.334669" lon="7.263948"><ele>256.5</ele></trkpt>
   <trkpt lat="51.334542" lon="7.26368"><ele>257.25</ele></trkpt>
   <trkpt lat="51.333869" lon="7.262142"><ele>261.75</ele></trkpt>
   <trkpt lat="51.333777" lon="7.261934"><ele>261.75</ele></trkpt>
   <trkpt lat="51.333499" lon="7.261356"><ele>262</ele></trkpt>
   <trkpt lat="51.333324" lon="7.260941"><ele>259.25</ele></trkpt>
   <trkpt lat="51.333118" lon="7.260519"><ele>262.5</ele></trkpt>
   <trkpt lat="51.332919" lon="7.260083"><ele>262.5</ele></trkpt>
   <trkpt lat="51.332379" lon="7.259128"><ele>262</ele></trkpt>
   <trkpt lat="51.332098" lon="7.258785"><ele>259.75</ele></trkpt>
   <trkpt lat="51.331945" lon="7.258511"><ele>258.5</ele></trkpt>
   <trkpt lat="51.331829" lon="7.258217"><ele>257.25</ele></trkpt>
   <trkpt lat="51.331637" lon="7.257732"><ele>256</ele></trkpt>
   <trkpt lat="51.33152" lon="7.257397"><ele>254</ele></trkpt>
   <trkpt lat="51.331487" lon="7.257624"><ele>252</ele></trkpt>
   <trkpt lat="51.331406" lon="7.258012"><ele>247.5</ele></trkpt>
   <trkpt lat="51.33136" lon="7.258112"><ele>247</ele></trkpt>
   <trkpt lat="51.331305" lon="7.258197"><ele>247</ele></trkpt>
   <trkpt lat="51.331251" lon="7.258313"><ele>247.25</ele></trkpt>
   <trkpt lat="51.331083" lon="7.258113"><ele>247</ele></trkpt>
   <trkpt lat="51.330752" lon="7.257786"><ele>247.5</ele></trkpt>
   <trkpt lat="51.32966" lon="7.256786"><ele>246.5</ele></trkpt>
   <trkpt lat="51.329451" lon="7.256501"><ele>246.25</ele></trkpt>
   <trkpt lat="51.329251" lon="7.256125"><ele>243</ele></trkpt>
   <trkpt lat="51.32912" lon="7.25579"><ele>244</ele></trkpt>
   <trkpt lat="51.329048" lon="7.255556"><ele>245.75</ele></trkpt>
   <trkpt lat="51.327934" lon="7.252062"><ele>250.75</ele></trkpt>
   <trkpt lat="51.327838" lon="7.251643"><ele>247.75</ele></trkpt>
   <trkpt lat="51.327782" lon="7.251323"><ele>247.5</ele></trkpt>
   <trkpt lat="51.327762" lon="7.251185"><ele>247.25</ele></trkpt>
   <trkpt lat="51.327757" lon="7.250596"><ele>246.75</ele></trkpt>
   <trkpt lat="51.327784" lon="7.250293"><ele>246.5</ele></trkpt>
   <trkpt lat="51.327934" lon="7.249573"><ele>240.25</ele></trkpt>
   <trkpt lat="51.328074" lon="7.249199"><ele>245</ele></trkpt>
   <trkpt lat="51.328274" lon="7.248795"><ele>244.5</ele></trkpt>
   <trkpt lat="51.32838" lon="7.248611"><ele>248.5</ele></trkpt>
   <trkpt lat="51.328391" lon="7.248551"><ele>248.75</ele></trkpt>
   <trkpt lat="51.328393" lon="7.248491"><ele>249</ele></trkpt>
   <trkpt lat="51.328381" lon="7.24843"><ele>249.25</ele></trkpt>
   <trkpt lat="51.328128" lon="7.24793"><ele>252.5</ele></trkpt>
   <trkpt lat="51.32782" lon="7.247375"><ele>256.75</ele></trkpt>
   <trkpt lat="51.327677" lon="7.24705"><ele>258.5</ele></trkpt>
   <trkpt lat="51.327456" lon="7.246626"><ele>260.75</ele></trkpt>
   <trkpt lat="51.327243" lon="7.246192"><ele>263.25</ele></trkpt>
   <trkpt lat="51.326989" lon="7.245522"><ele>264.75</ele></trkpt>
   <trkpt lat="51.326987" lon="7.245492"><ele>265</ele></trkpt>
   <trkpt lat="51.327014" lon="7.245369"><ele>265.25</ele></trkpt>
   <trkpt lat="51.327081" lon="7.245071"><ele>265</ele></trkpt>
   <trkpt lat="51.327079" lon="7.245017"><ele>265</ele></trkpt>
   <trkpt lat="51.327" lon="7.244706"><ele>264.5</ele></trkpt>
   <trkpt lat="51.326794" lon="7.243947"><ele>265</ele></trkpt>
   <trkpt lat="51.326574" lon="7.243172"><ele>264.25</ele></trkpt>
   <trkpt lat="51.326535" lon="7.243051"><ele>264.25</ele></trkpt>
   <trkpt lat="51.326248" lon="7.242229"><ele>263.5</ele></trkpt>
   <trkpt lat="51.325897" lon="7.241377"><ele>263.25</ele></trkpt>
   <trkpt lat="51.325768" lon="7.240916"><ele>262</ele></trkpt>
   <trkpt lat="51.325764" lon="7.240846"><ele>261.75</ele></trkpt>
   <trkpt lat="51.325775" lon="7.240734"><ele>261</ele></trkpt>
   <trkpt lat="51.325815" lon="7.240669"><ele>260.5</ele></trkpt>
   <trkpt lat="51.325867" lon="7.240631"><ele>259.75</ele></trkpt>
   <trkpt lat="51.326118" lon="7.2406"><ele>257.25</ele></trkpt>
   <trkpt lat="51.326153" lon="7.240556"><ele>256.5</ele></trkpt>
   <trkpt lat="51.326179" lon="7.240495"><ele>256.25</ele></trkpt>
   <trkpt lat="51.326224" lon="7.2403"><ele>255.75</ele></trkpt>
   <trkpt lat="51.326253" lon="7.240258"><ele>255.25</ele></trkpt>
   <trkpt lat="51.326293" lon="7.240243"><ele>254.75</ele></trkpt>
   <trkpt lat="51.326478" lon="7.240269"><ele>252.5</ele></trkpt>
   <trkpt lat="51.326509" lon="7.240245"><ele>252</ele></trkpt>
   <trkpt lat="51.32653" lon="7.2402"><ele>251.5</ele></trkpt>
   <trkpt lat="51.326535" lon="7.240136"><ele>251</ele></trkpt>
   <trkpt lat="51.326521" lon="7.240042"><ele>250.75</ele></trkpt>
   <trkpt lat="51.326338" lon="7.23944"><ele>250.25</ele></trkpt>
   <trkpt lat="51.32629" lon="7.239216"><ele>249.75</ele></trkpt>
   <trkpt lat="51.326285" lon="7.23916"><ele>249.5</ele></trkpt>
   <trkpt lat="51.3263" lon="7.23902"><ele>249.25</ele></trkpt>
   <trkpt lat="51.32633" lon="7.238922"><ele>248.5</ele></trkpt>
   <trkpt lat="51.326366" lon="7.238835"><ele>248</ele></trkpt>
   <trkpt lat="51.326377" lon="7.238813"><ele>247.75</ele></trkpt>
   <trkpt lat="51.326399" lon="7.238771"><ele>247.25</ele></trkpt>
   <trkpt lat="51.326422" lon="7.238684"><ele>246.25</ele></trkpt>
   <trkpt lat="51.325944" lon="7.237947"><ele>248</ele></trkpt>
   <trkpt lat="51.325488" lon="7.237267"><ele>246</ele></trkpt>
   <trkpt lat="51.325468" lon="7.237258"><ele>246</ele></trkpt>
   <trkpt lat="51.325432" lon="7.237288"><ele>247.25</ele></trkpt>
   <trkpt lat="51.325415" lon="7.237301"><ele>247.75</ele></trkpt>
   <trkpt lat="51.325385" lon="7.237299"><ele>248</ele></trkpt>
   <trkpt lat="51.325353" lon="7.237138"><ele>247.25</ele></trkpt>
   <trkpt lat="51.32533" lon="7.237041"><ele>247</ele></trkpt>
   <trkpt lat="51.325286" lon="7.236961"><ele>247</ele></trkpt>
   <trkpt lat="51.325079" lon="7.236653"><ele>247</ele></trkpt>
   <trkpt lat="51.324884" lon="7.236397"><ele>246.5</ele></trkpt>
   <trkpt lat="51.324574" lon="7.236088"><ele>247.5</ele></trkpt>
   <trkpt lat="51.324429" lon="7.235958"><ele>247.25</ele></trkpt>
   <trkpt lat="51.32398" lon="7.235645"><ele>246.75</ele></trkpt>
   <trkpt lat="51.323726" lon="7.235534"><ele>247.25</ele></trkpt>
   <trkpt lat="51.323372" lon="7.235413"><ele>248.25</ele></trkpt>
   <trkpt lat="51.32319" lon="7.235378"><ele>247.5</ele></trkpt>
   <trkpt lat="51.323075" lon="7.235366"><ele>247.5</ele></trkpt>
   <trkpt lat="51.322889" lon="7.235355"><ele>247</ele></trkpt>
   <trkpt lat="51.322702" lon="7.235357"><ele>247</ele></trkpt>
   <trkpt lat="51.322674" lon="7.23528"><ele>245.25</ele></trkpt>
   <trkpt lat="51.322613" lon="7.23529"><ele>245.75</ele></trkpt>
   <trkpt lat="51.322383" lon="7.23527"><ele>246.25</ele></trkpt>
   <trkpt lat="51.322312" lon="7.235254"><ele>246.75</ele></trkpt>
   <trkpt lat="51.322255" lon="7.235212"><ele>246.75</ele></trkpt>
   <trkpt lat="51.322222" lon="7.235158"><ele>246.75</ele></trkpt>
   <trkpt lat="51.322096" lon="7.235261"><ele>245.75</ele></trkpt>
   <trkpt lat="51.32163" lon="7.235456"><ele>243</ele></trkpt>
   <trkpt lat="51.321536" lon="7.235472"><ele>243.25</ele></trkpt>
   <trkpt lat="51.321399" lon="7.235454"><ele>242.75</ele></trkpt>
   <trkpt lat="51.321366" lon="7.235445"><ele>242.5</ele></trkpt>
   <trkpt lat="51.32133" lon="7.235435"><ele>242.5</ele></trkpt>
   <trkpt lat="51.321198" lon="7.235397"><ele>242.75</ele></trkpt>
   <trkpt lat="51.32107" lon="7.235379"><ele>242.75</ele></trkpt>
   <trkpt lat="51.320963" lon="7.23539"><ele>242.75</ele></trkpt>
   <trkpt lat="51.320657" lon="7.235506"><ele>243.75</ele></trkpt>
   <trkpt lat="51.320658" lon="7.235568"><ele>244.25</ele></trkpt>
   <trkpt lat="51.320459" lon="7.235678"><ele>244.5</ele></trkpt>
   <trkpt lat="51.320382" lon="7.235771"><ele>244.75</ele></trkpt>
   <trkpt lat="51.320306" lon="7.235878"><ele>245</ele></trkpt>
   <trkpt lat="51.320272" lon="7.235907"><ele>244.75</ele></trkpt>
   <trkpt lat="51.32023" lon="7.235936"><ele>244.75</ele></trkpt>
   <trkpt lat="51.320068" lon="7.236015"><ele>244.25</ele></trkpt>
   <trkpt lat="51.319938" lon="7.23606"><ele>244.25</ele></trkpt>
   <trkpt lat="51.319875" lon="7.23612"><ele>245</ele></trkpt>
   <trkpt lat="51.319849" lon="7.236184"><ele>245</ele></trkpt>
   <trkpt lat="51.319839" lon="7.236244"><ele>245</ele></trkpt>
   <trkpt lat="51.319858" lon="7.23642"><ele>245</ele></trkpt>
   <trkpt lat="51.319855" lon="7.236527"><ele>245</ele></trkpt>
   <trkpt lat="51.319845" lon="7.236576"><ele>245</ele></trkpt>
   <trkpt lat="51.319819" lon="7.236619"><ele>245</ele></trkpt>
   <trkpt lat="51.319675" lon="7.236749"><ele>245</ele></trkpt>
   <trkpt lat="51.319582" lon="7.236879"><ele>245</ele></trkpt>
   <trkpt lat="51.319499" lon="7.236984"><ele>245</ele></trkpt>
   <trkpt lat="51.31943" lon="7.237033"><ele>245.25</ele></trkpt>
   <trkpt lat="51.318952" lon="7.237169"><ele>245.75</ele></trkpt>
   <trkpt lat="51.318746" lon="7.237238"><ele>245.75</ele></trkpt>
   <trkpt lat="51.318494" lon="7.237325"><ele>246</ele></trkpt>
   <trkpt lat="51.318403" lon="7.237314"><ele>245.5</ele></trkpt>
   <trkpt lat="51.318219" lon="7.237287"><ele>245</ele></trkpt>
   <trkpt lat="51.317516" lon="7.237402"><ele>244.75</ele></trkpt>
   <trkpt lat="51.317392" lon="7.237432"><ele>244.5</ele></trkpt>
   <trkpt lat="51.317263" lon="7.237476"><ele>244</ele></trkpt>
   <trkpt lat="51.317189" lon="7.237506"><ele>244</ele></trkpt>
   <trkpt lat="51.31714" lon="7.237527"><ele>244.5</ele></trkpt>
   <trkpt lat="51.317095" lon="7.237534"><ele>244.75</ele></trkpt>
   <trkpt lat="51.317047" lon="7.237536"><ele>245.25</ele></trkpt>
   <trkpt lat="51.316904" lon="7.237472"><ele>245.75</ele></trkpt>
   <trkpt lat="51.316848" lon="7.237474"><ele>246</ele></trkpt>
   <trkpt lat="51.316811" lon="7.237486"><ele>246</ele></trkpt>
   <trkpt lat="51.316766" lon="7.237502"><ele>245.75</ele></trkpt>
   <trkpt lat="51.316456" lon="7.237594"><ele>246.5</ele></trkpt>
   <trkpt lat="51.316145" lon="7.237704"><ele>247.25</ele></trkpt>
   <trkpt lat="51.315529" lon="7.237943"><ele>247.5</ele></trkpt>
   <trkpt lat="51.315013" lon="7.238119"><ele>250</ele></trkpt>
   <trkpt lat="51.313206" lon="7.238873"><ele>250.25</ele></trkpt>
   <trkpt lat="51.312101" lon="7.239256"><ele>250.25</ele></trkpt>
   <trkpt lat="51.310304" lon="7.239965"><ele>250.5</ele></trkpt>
   <trkpt lat="51.30836" lon="7.240676"><ele>251</ele></trkpt>
   <trkpt lat="51.307693" lon="7.240882"><ele>251</ele></trkpt>
   <trkpt lat="51.306856" lon="7.241027"><ele>251.25</ele></trkpt>
   <trkpt lat="51.306611" lon="7.241076"><ele>251.25</ele></trkpt>
   <trkpt lat="51.306343" lon="7.241105"><ele>250.25</ele></trkpt>
   <trkpt lat="51.305823" lon="7.241151"><ele>250.75</ele></trkpt>
   <trkpt lat="51.305251" lon="7.241169"><ele>251</ele></trkpt>
   <trkpt lat="51.304974" lon="7.241159"><ele>249.75</ele></trkpt>
   <trkpt lat="51.303949" lon="7.241065"><ele>247</ele></trkpt>
   <trkpt lat="51.303741" lon="7.241031"><ele>247.25</ele></trkpt>
   <trkpt lat="51.303261" lon="7.240933"><ele>245.75</ele></trkpt>
   <trkpt lat="51.302991" lon="7.240863"><ele>244</ele></trkpt>
   <trkpt lat="51.302775" lon="7.240801"><ele>243</ele></trkpt>
   <trkpt lat="51.302678" lon="7.240773"><ele>243.25</ele></trkpt>
   <trkpt lat="51.302629" lon="7.240761"><ele>243.5</ele></trkpt>
   <trkpt lat="51.302268" lon="7.240648"><ele>242.75</ele></trkpt>
   <trkpt lat="51.301933" lon="7.240525"><ele>241</ele></trkpt>
   <trkpt lat="51.301703" lon="7.240432"><ele>241.25</ele></trkpt>
   <trkpt lat="51.301485" lon="7.240326"><ele>241.25</ele></trkpt>
   <trkpt lat="51.301094" lon="7.240102"><ele>239.5</ele></trkpt>
   <trkpt lat="51.300765" lon="7.239888"><ele>238.5</ele></trkpt>
   <trkpt lat="51.300394" lon="7.239593"><ele>238.75</ele></trkpt>
   <trkpt lat="51.300188" lon="7.239414"><ele>239</ele></trkpt>
   <trkpt lat="51.299472" lon="7.238798"><ele>238.75</ele></trkpt>
   <trkpt lat="51.299214" lon="7.238565"><ele>238.5</ele></trkpt>
   <trkpt lat="51.29889" lon="7.2383"><ele>237.25</ele></trkpt>
   <trkpt lat="51.29878" lon="7.238227"><ele>237.75</ele></trkpt>
   <trkpt lat="51.298551" lon="7.23814"><ele>237</ele></trkpt>
   <trkpt lat="51.298231" lon="7.238003"><ele>235.75</ele></trkpt>
   <trkpt lat="51.298128" lon="7.237954"><ele>235.5</ele></trkpt>
   <trkpt lat="51.298069" lon="7.237927"><ele>235.5</ele></trkpt>
   <trkpt lat="51.298042" lon="7.237902"><ele>235.5</ele></trkpt>
   <trkpt lat="51.298027" lon="7.237996"><ele>235</ele></trkpt>
   <trkpt lat="51.297989" lon="7.238098"><ele>234.5</ele></trkpt>
   <trkpt lat="51.297917" lon="7.238185"><ele>233.5</ele></trkpt>
   <trkpt lat="51.297814" lon="7.238293"><ele>231.75</ele></trkpt>
   <trkpt lat="51.297504" lon="7.238761"><ele>227.75</ele></trkpt>
   <trkpt lat="51.297412" lon="7.238858"><ele>226.5</ele></trkpt>
   <trkpt lat="51.297274" lon="7.238929"><ele>225</ele></trkpt>
   <trkpt lat="51.297074" lon="7.238972"><ele>223.5</ele></trkpt>
   <trkpt lat="51.296855" lon="7.238955"><ele>221.75</ele></trkpt>
   <trkpt lat="51.29666" lon="7.23891"><ele>219.75</ele></trkpt>
   <trkpt lat="51.296418" lon="7.238801"><ele>218</ele></trkpt>
   <trkpt lat="51.296271" lon="7.23875"><ele>218</ele></trkpt>
   <trkpt lat="51.296173" lon="7.238737"><ele>218.25</ele></trkpt>
   <trkpt lat="51.296092" lon="7.238745"><ele>218.75</ele></trkpt>
   <trkpt lat="51.296002" lon="7.238764"><ele>219.75</ele></trkpt>
   <trkpt lat="51.295482" lon="7.239141"><ele>221.25</ele></trkpt>
   <trkpt lat="51.295398" lon="7.239191"><ele>221.75</ele></trkpt>
   <trkpt lat="51.295352" lon="7.239198"><ele>222.25</ele></trkpt>
   <trkpt lat="51.295307" lon="7.239179"><ele>222.75</ele></trkpt>
   <trkpt lat="51.295267" lon="7.239126"><ele>223.5</ele></trkpt>
   <trkpt lat="51.295124" lon="7.238797"><ele>224</ele></trkpt>
   <trkpt lat="51.295051" lon="7.238645"><ele>222.25</ele></trkpt>
   <trkpt lat="51.294908" lon="7.238444"><ele>221.25</ele></trkpt>
   <trkpt lat="51.294807" lon="7.238383"><ele>221.75</ele></trkpt>
   <trkpt lat="51.29463" lon="7.2383"><ele>222.25</ele></trkpt>
   <trkpt lat="51.294453" lon="7.238249"><ele>223</ele></trkpt>
   <trkpt lat="51.294248" lon="7.238274"><ele>223.5</ele></trkpt>
   <trkpt lat="51.29412" lon="7.238265"><ele>223.75</ele></trkpt>
   <trkpt lat="51.294059" lon="7.238229"><ele>224</ele></trkpt>
   <trkpt lat="51.294011" lon="7.238172"><ele>224.25</ele></trkpt>
   <trkpt lat="51.293865" lon="7.23793"><ele>224</ele></trkpt>
   <trkpt lat="51.293818" lon="7.237889"><ele>224</ele></trkpt>
   <trkpt lat="51.293775" lon="7.237883"><ele>224.25</ele></trkpt>
   <trkpt lat="51.293729" lon="7.237898"><ele>224.75</ele></trkpt>
   <trkpt lat="51.293693" lon="7.237931"><ele>225</ele></trkpt>
   <trkpt lat="51.293425" lon="7.238326"><ele>226.25</ele></trkpt>
   <trkpt lat="51.293378" lon="7.238278"><ele>226</ele></trkpt>
   <trkpt lat="51.293276" lon="7.238179"><ele>225.75</ele></trkpt>
   <trkpt lat="51.293033" lon="7.237957"><ele>224.75</ele></trkpt>
   <trkpt lat="51.292863" lon="7.23779"><ele>223.5</ele></trkpt>
   <trkpt lat="51.29253" lon="7.237478"><ele>222</ele></trkpt>
   <trkpt lat="51.291662" lon="7.236646"><ele>216.75</ele></trkpt>
   <trkpt lat="51.291479" lon="7.236458"><ele>216.25</ele></trkpt>
   <trkpt lat="51.291344" lon="7.236336"><ele>215.75</ele></trkpt>
   <trkpt lat="51.291316" lon="7.236307"><ele>215.5</ele></trkpt>
   <trkpt lat="51.291292" lon="7.236285"><ele>215.5</ele></trkpt>
   <trkpt lat="51.291258" lon="7.236254"><ele>215.25</ele></trkpt>
   <trkpt lat="51.290634" lon="7.235673"><ele>212.25</ele></trkpt>
   <trkpt lat="51.290513" lon="7.235562"><ele>211.5</ele></trkpt>
   <trkpt lat="51.290358" lon="7.235409"><ele>210.75</ele></trkpt>
   <trkpt lat="51.290305" lon="7.235358"><ele>210.75</ele></trkpt>
   <trkpt lat="51.290197" lon="7.235254"><ele>210.5</ele></trkpt>
   <trkpt lat="51.289822" lon="7.234895"><ele>207.75</ele></trkpt>
   <trkpt lat="51.289516" lon="7.234615"><ele>204.5</ele></trkpt>
   <trkpt lat="51.289455" lon="7.23458"><ele>203</ele></trkpt>
   <trkpt lat="51.289434" lon="7.234517"><ele>202.75</ele></trkpt>
   <trkpt lat="51.289398" lon="7.234443"><ele>202.5</ele></trkpt>
   <trkpt lat="51.289204" lon="7.234225"><ele>201.25</ele></trkpt>
   <trkpt lat="51.289166" lon="7.234184"><ele>200.75</ele></trkpt>
   <trkpt lat="51.289143" lon="7.234159"><ele>200.75</ele></trkpt>
   <trkpt lat="51.28889" lon="7.233879"><ele>198.75</ele></trkpt>
   <trkpt lat="51.288853" lon="7.233836"><ele>198.5</ele></trkpt>
   <trkpt lat="51.288824" lon="7.233802"><ele>198</ele></trkpt>
   <trkpt lat="51.288717" lon="7.233673"><ele>196.5</ele></trkpt>
   <trkpt lat="51.288646" lon="7.233583"><ele>196.25</ele></trkpt>
   <trkpt lat="51.288612" lon="7.233543"><ele>196.25</ele></trkpt>
   <trkpt lat="51.288418" lon="7.233318"><ele>196</ele></trkpt>
   <trkpt lat="51.288397" lon="7.233296"><ele>196</ele></trkpt>
   <trkpt lat="51.288257" lon="7.23314"><ele>195.5</ele></trkpt>
   <trkpt lat="51.288244" lon="7.233125"><ele>195.5</ele></trkpt>
   <trkpt lat="51.288165" lon="7.23304"><ele>194.75</ele></trkpt>
   <trkpt lat="51.288151" lon="7.233024"><ele>194.75</ele></trkpt>
   <trkpt lat="51.288116" lon="7.232982"><ele>194.5</ele></trkpt>
   <trkpt lat="51.287463" lon="7.2322"><ele>191.75</ele></trkpt>
   <trkpt lat="51.287283" lon="7.231988"><ele>190.25</ele></trkpt>
   <trkpt lat="51.287145" lon="7.231832"><ele>189.25</ele></trkpt>
   <trkpt lat="51.286725" lon="7.231352"><ele>187</ele></trkpt>
   <trkpt lat="51.286694" lon="7.231314"><ele>186.75</ele></trkpt>
   <trkpt lat="51.286452" lon="7.231033"><ele>185.5</ele></trkpt>
   <trkpt lat="51.286341" lon="7.230885"><ele>185.5</ele></trkpt>
   <trkpt lat="51.286192" lon="7.230578"><ele>183.25</ele></trkpt>
   <trkpt lat="51.28609" lon="7.230382"><ele>182.25</ele></trkpt>
   <trkpt lat="51.286009" lon="7.230196"><ele>182</ele></trkpt>
   <trkpt lat="51.285988" lon="7.230149"><ele>182</ele></trkpt>
   <trkpt lat="51.285907" lon="7.229943"><ele>182</ele></trkpt>
   <trkpt lat="51.285849" lon="7.229804"><ele>182</ele></trkpt>
   <trkpt lat="51.285851" lon="7.229541"><ele>182</ele></trkpt>
   <trkpt lat="51.285852" lon="7.229492"><ele>182</ele></trkpt>
   <trkpt lat="51.285864" lon="7.229377"><ele>182.25</ele></trkpt>
   <trkpt lat="51.285877" lon="7.229307"><ele>182.5</ele></trkpt>
   <trkpt lat="51.285891" lon="7.22924"><ele>182.75</ele></trkpt>
   <trkpt lat="51.285908" lon="7.229186"><ele>182.75</ele></trkpt>
   <trkpt lat="51.285841" lon="7.229119"><ele>183</ele></trkpt>
   <trkpt lat="51.285803" lon="7.229071"><ele>183.25</ele></trkpt>
   <trkpt lat="51.285771" lon="7.229011"><ele>183.25</ele></trkpt>
   <trkpt lat="51.285747" lon="7.228927"><ele>183.75</ele></trkpt>
   <trkpt lat="51.285735" lon="7.228823"><ele>184</ele></trkpt>
   <trkpt lat="51.285727" lon="7.228752"><ele>184.25</ele></trkpt>
   <trkpt lat="51.285718" lon="7.228652"><ele>184.75</ele></trkpt>
   <trkpt lat="51.285704" lon="7.228525"><ele>185</ele></trkpt>
   <trkpt lat="51.28566" lon="7.228102"><ele>185.75</ele></trkpt>
   <trkpt lat="51.285647" lon="7.22797"><ele>186.5</ele></trkpt>
   <trkpt lat="51.285642" lon="7.227925"><ele>187</ele></trkpt>
   <trkpt lat="51.285639" lon="7.22787"><ele>187.5</ele></trkpt>
   <trkpt lat="51.285609" lon="7.22742"><ele>190</ele></trkpt>
   <trkpt lat="51.285598" lon="7.227278"><ele>190.5</ele></trkpt>
   <trkpt lat="51.285438" lon="7.227185"><ele>191</ele></trkpt>
   <trkpt lat="51.285388" lon="7.227144"><ele>191</ele></trkpt>
   <trkpt lat="51.285099" lon="7.22691"><ele>190.5</ele></trkpt>
   <trkpt lat="51.285008" lon="7.226836"><ele>190</ele></trkpt>
   <trkpt lat="51.284913" lon="7.226759"><ele>190</ele></trkpt>
   <trkpt lat="51.284483" lon="7.226384"><ele>189.75</ele></trkpt>
   <trkpt lat="51.283638" lon="7.225532"><ele>189</ele></trkpt>
   <trkpt lat="51.283565" lon="7.225464"><ele>189.25</ele></trkpt>
   <trkpt lat="51.283305" lon="7.225261"><ele>190</ele></trkpt>
   <trkpt lat="51.282706" lon="7.224869"><ele>189.75</ele></trkpt>
   <trkpt lat="51.282527" lon="7.22476"><ele>189.75</ele></trkpt>
   <trkpt lat="51.282315" lon="7.224631"><ele>189</ele></trkpt>
   <trkpt lat="51.282272" lon="7.224605"><ele>189</ele></trkpt>
   <trkpt lat="51.282209" lon="7.224562"><ele>189</ele></trkpt>
   <trkpt lat="51.282114" lon="7.224502"><ele>189</ele></trkpt>
   <trkpt lat="51.282032" lon="7.224451"><ele>189</ele></trkpt>
   <trkpt lat="51.282005" lon="7.224434"><ele>189</ele></trkpt>
   <trkpt lat="51.281981" lon="7.224531"><ele>189</ele></trkpt>
   <trkpt lat="51.281767" lon="7.224395"><ele>189.5</ele></trkpt>
   <trkpt lat="51.281535" lon="7.224249"><ele>189.25</ele></trkpt>
   <trkpt lat="51.281323" lon="7.224107"><ele>189</ele></trkpt>
   <trkpt lat="51.280894" lon="7.223846"><ele>188.75</ele></trkpt>
   <trkpt lat="51.280849" lon="7.223808"><ele>188.75</ele></trkpt>
   <trkpt lat="51.280531" lon="7.223611"><ele>189</ele></trkpt>
   <trkpt lat="51.280421" lon="7.223554"><ele>189</ele></trkpt>
   <trkpt lat="51.280314" lon="7.223513"><ele>189</ele></trkpt>
   <trkpt lat="51.280096" lon="7.22347"><ele>188.5</ele></trkpt>
   <trkpt lat="51.279785" lon="7.223459"><ele>188.75</ele></trkpt>
   <trkpt lat="51.279664" lon="7.223425"><ele>188.75</ele></trkpt>
   <trkpt lat="51.279576" lon="7.223378"><ele>188.75</ele></trkpt>
   <trkpt lat="51.279498" lon="7.223279"><ele>189</ele></trkpt>
   <trkpt lat="51.279174" lon="7.222692"><ele>189</ele></trkpt>
   <trkpt lat="51.27914" lon="7.222622"><ele>188.75</ele></trkpt>
   <trkpt lat="51.279103" lon="7.222583"><ele>188.75</ele></trkpt>
   <trkpt lat="51.278892" lon="7.222331"><ele>188.5</ele></trkpt>
   <trkpt lat="51.278772" lon="7.222142"><ele>189</ele></trkpt>
   <trkpt lat="51.27868" lon="7.222004"><ele>189</ele></trkpt>
   <trkpt lat="51.278569" lon="7.221807"><ele>189.25</ele></trkpt>
   <trkpt lat="51.278452" lon="7.221567"><ele>190.25</ele></trkpt>
   <trkpt lat="51.278387" lon="7.221416"><ele>189.75</ele></trkpt>
   <trkpt lat="51.278316" lon="7.221217"><ele>189.25</ele></trkpt>
   <trkpt lat="51.278274" lon="7.221053"><ele>189.25</ele></trkpt>
   <trkpt lat="51.278251" lon="7.220926"><ele>189</ele></trkpt>
   <trkpt lat="51.278247" lon="7.220809"><ele>188.75</ele></trkpt>
   <trkpt lat="51.278278" lon="7.220787"><ele>188.5</ele></trkpt>
   <trkpt lat="51.278289" lon="7.220766"><ele>188.25</ele></trkpt>
   <trkpt lat="51.278296" lon="7.220741"><ele>188.25</ele></trkpt>
   <trkpt lat="51.278295" lon="7.220687"><ele>188.25</ele></trkpt>
   <trkpt lat="51.278288" lon="7.220663"><ele>188.25</ele></trkpt>
   <trkpt lat="51.278262" lon="7.220629"><ele>188.75</ele></trkpt>
   <trkpt lat="51.278229" lon="7.220624"><ele>189</ele></trkpt>
   <trkpt lat="51.278213" lon="7.220633"><ele>189.25</ele></trkpt>
   <trkpt lat="51.278164" lon="7.220391"><ele>188.5</ele></trkpt>
   <trkpt lat="51.278037" lon="7.219801"><ele>187.25</ele></trkpt>
   <trkpt lat="51.277984" lon="7.219487"><ele>185</ele></trkpt>
   <trkpt lat="51.277978" lon="7.219441"><ele>184.75</ele></trkpt>
   <trkpt lat="51.277893" lon="7.218795"><ele>178.75</ele></trkpt>
   <trkpt lat="51.277632" lon="7.216685"><ele>182</ele></trkpt>
   <trkpt lat="51.277606" lon="7.216445"><ele>184.5</ele></trkpt>
   <trkpt lat="51.277587" lon="7.216189"><ele>187</ele></trkpt>
   <trkpt lat="51.277548" lon="7.215524"><ele>188</ele></trkpt>
   <trkpt lat="51.277526" lon="7.214757"><ele>187.5</ele></trkpt>
   <trkpt lat="51.277527" lon="7.214466"><ele>187.75</ele></trkpt>
   <trkpt lat="51.277539" lon="7.213636"><ele>188.25</ele></trkpt>
   <trkpt lat="51.277541" lon="7.213507"><ele>188.5</ele></trkpt>
   <trkpt lat="51.277546" lon="7.213138"><ele>189</ele></trkpt>
   <trkpt lat="51.277564" lon="7.212689"><ele>190.5</ele></trkpt>
   <trkpt lat="51.277585" lon="7.212467"><ele>191.25</ele></trkpt>
   <trkpt lat="51.277653" lon="7.211951"><ele>189</ele></trkpt>
   <trkpt lat="51.277699" lon="7.211693"><ele>186.75</ele></trkpt>
   <trkpt lat="51.277765" lon="7.211388"><ele>185.75</ele></trkpt>
   <trkpt lat="51.277836" lon="7.211116"><ele>185.25</ele></trkpt>
   <trkpt lat="51.277922" lon="7.210846"><ele>184.75</ele></trkpt>
   <trkpt lat="51.278213" lon="7.210002"><ele>183.5</ele></trkpt>
   <trkpt lat="51.278308" lon="7.209703"><ele>183</ele></trkpt>
   <trkpt lat="51.278375" lon="7.209464"><ele>182.75</ele></trkpt>
   <trkpt lat="51.278424" lon="7.209262"><ele>182.5</ele></trkpt>
   <trkpt lat="51.278524" lon="7.208698"><ele>181.75</ele></trkpt>
   <trkpt lat="51.278561" lon="7.2084"><ele>181.75</ele></trkpt>
   <trkpt lat="51.278581" lon="7.208062"><ele>180.25</ele></trkpt>
   <trkpt lat="51.278585" lon="7.207923"><ele>181.75</ele></trkpt>
   <trkpt lat="51.278585" lon="7.207538"><ele>183.25</ele></trkpt>
   <trkpt lat="51.27857" lon="7.207257"><ele>183</ele></trkpt>
   <trkpt lat="51.278549" lon="7.206995"><ele>183.5</ele></trkpt>
   <trkpt lat="51.278517" lon="7.20675"><ele>185.25</ele></trkpt>
   <trkpt lat="51.278477" lon="7.206495"><ele>188</ele></trkpt>
   <trkpt lat="51.278325" lon="7.205748"><ele>189.75</ele></trkpt>
   <trkpt lat="51.278081" lon="7.204612"><ele>190.5</ele></trkpt>
   <trkpt lat="51.277903" lon="7.203753"><ele>180.25</ele></trkpt>
   <trkpt lat="51.277883" lon="7.203669"><ele>180.25</ele></trkpt>
   <trkpt lat="51.277774" lon="7.203227"><ele>180.75</ele></trkpt>
   <trkpt lat="51.277679" lon="7.202894"><ele>181.25</ele></trkpt>
   <trkpt lat="51.277522" lon="7.202394"><ele>181.25</ele></trkpt>
   <trkpt lat="51.277358" lon="7.20182"><ele>180.75</ele></trkpt>
   <trkpt lat="51.2773" lon="7.201664"><ele>181.25</ele></trkpt>
   <trkpt lat="51.277198" lon="7.201421"><ele>182</ele></trkpt>
   <trkpt lat="51.277036" lon="7.201059"><ele>181.75</ele></trkpt>
   <trkpt lat="51.276766" lon="7.200561"><ele>182.25</ele></trkpt>
   <trkpt lat="51.276587" lon="7.200278"><ele>182.5</ele></trkpt>
   <trkpt lat="51.27636" lon="7.199972"><ele>182</ele></trkpt>
   <trkpt lat="51.276087" lon="7.199655"><ele>182.75</ele></trkpt>
   <trkpt lat="51.275389" lon="7.198929"><ele>182.5</ele></trkpt>
   <trkpt lat="51.27511" lon="7.198633"><ele>183</ele></trkpt>
   <trkpt lat="51.27492" lon="7.198418"><ele>183</ele></trkpt>
   <trkpt lat="51.274758" lon="7.198222"><ele>183.25</ele></trkpt>
   <trkpt lat="51.2743" lon="7.197569"><ele>183.75</ele></trkpt>
   <trkpt lat="51.274072" lon="7.197188"><ele>184</ele></trkpt>
   <trkpt lat="51.27345" lon="7.196019"><ele>182.75</ele></trkpt>
   <trkpt lat="51.273359" lon="7.19584"><ele>182.25</ele></trkpt>
   <trkpt lat="51.27324" lon="7.195608"><ele>179.75</ele></trkpt>
   <trkpt lat="51.273141" lon="7.195378"><ele>178</ele></trkpt>
   <trkpt lat="51.273077" lon="7.19522"><ele>178</ele></trkpt>
   <trkpt lat="51.272962" lon="7.194899"><ele>178</ele></trkpt>
   <trkpt lat="51.272859" lon="7.194572"><ele>178</ele></trkpt>
   <trkpt lat="51.272759" lon="7.19418"><ele>178.25</ele></trkpt>
   <trkpt lat="51.272669" lon="7.193745"><ele>178.5</ele></trkpt>
   <trkpt lat="51.272628" lon="7.193486"><ele>178.5</ele></trkpt>
   <trkpt lat="51.272586" lon="7.193163"><ele>178.75</ele></trkpt>
   <trkpt lat="51.272527" lon="7.192515"><ele>179</ele></trkpt>
   <trkpt lat="51.272471" lon="7.191815"><ele>179.25</ele></trkpt>
   <trkpt lat="51.272447" lon="7.191211"><ele>179.5</ele></trkpt>
   <trkpt lat="51.272445" lon="7.190735"><ele>179.75</ele></trkpt>
   <trkpt lat="51.272446" lon="7.190643"><ele>179.75</ele></trkpt>
   <trkpt lat="51.272441" lon="7.190265"><ele>182.25</ele></trkpt>
   <trkpt lat="51.272437" lon="7.189793"><ele>182.5</ele></trkpt>
   <trkpt lat="51.272424" lon="7.189417"><ele>182.75</ele></trkpt>
   <trkpt lat="51.27239" lon="7.18878"><ele>183.25</ele></trkpt>
   <trkpt lat="51.272351" lon="7.18843"><ele>183.5</ele></trkpt>
   <trkpt lat="51.2723" lon="7.188108"><ele>183.75</ele></trkpt>
   <trkpt lat="51.272219" lon="7.187662"><ele>184</ele></trkpt>
   <trkpt lat="51.272131" lon="7.187248"><ele>184.5</ele></trkpt>
   <trkpt lat="51.271993" lon="7.18675"><ele>184.75</ele></trkpt>
   <trkpt lat="51.271412" lon="7.184899"><ele>186.5</ele></trkpt>
   <trkpt lat="51.271269" lon="7.184373"><ele>186.5</ele></trkpt>
   <trkpt lat="51.271196" lon="7.184069"><ele>184.5</ele></trkpt>
   <trkpt lat="51.271" lon="7.183058"><ele>181</ele></trkpt>
   <trkpt lat="51.27097" lon="7.182899"><ele>180.5</ele></trkpt>
   <trkpt lat="51.270904" lon="7.182928"><ele>180.5</ele></trkpt>
   <trkpt lat="51.270835" lon="7.182966"><ele>180.5</ele></trkpt>
   <trkpt lat="51.270779" lon="7.182647"><ele>180</ele></trkpt>
   <trkpt lat="51.270709" lon="7.182445"><ele>179.25</ele></trkpt>
   <trkpt lat="51.270628" lon="7.182253"><ele>178</ele></trkpt>
   <trkpt lat="51.269985" lon="7.181046"><ele>169.75</ele></trkpt>
   <trkpt lat="51.269501" lon="7.180147"><ele>164.25</ele></trkpt>
   <trkpt lat="51.26943" lon="7.180059"><ele>163.25</ele></trkpt>
   <trkpt lat="51.269362" lon="7.180014"><ele>162.5</ele></trkpt>
   <trkpt lat="51.269255" lon="7.179962"><ele>161.75</ele></trkpt>
   <trkpt lat="51.268794" lon="7.179848"><ele>158.25</ele></trkpt>
   <trkpt lat="51.268685" lon="7.179842"><ele>157.5</ele></trkpt>
   <trkpt lat="51.268274" lon="7.18012"><ele>155</ele></trkpt>
   <trkpt lat="51.268225" lon="7.180112"><ele>154.75</ele></trkpt>
   <trkpt lat="51.26818" lon="7.180039"><ele>154.5</ele></trkpt>
   <trkpt lat="51.268143" lon="7.179981"><ele>154.25</ele></trkpt>
   <trkpt lat="51.268114" lon="7.17993"><ele>154.25</ele></trkpt>
   <trkpt lat="51.268093" lon="7.179895"><ele>154.5</ele></trkpt>
   <trkpt lat="51.267972" lon="7.179685"><ele>155.5</ele></trkpt>
   <trkpt lat="51.267008" lon="7.178051"><ele>173.75</ele></trkpt>
   <trkpt lat="51.266499" lon="7.177175"><ele>180.25</ele></trkpt>
   <trkpt lat="51.266161" lon="7.176585"><ele>177</ele></trkpt>
   <trkpt lat="51.265668" lon="7.175709"><ele>169.5</ele></trkpt>
   <trkpt lat="51.265255" lon="7.175018"><ele>164.5</ele></trkpt>
   <trkpt lat="51.264772" lon="7.174215"><ele>162.25</ele></trkpt>
   <trkpt lat="51.264686" lon="7.17407"><ele>161.5</ele></trkpt>
   <trkpt lat="51.264662" lon="7.173934"><ele>161.5</ele></trkpt>
   <trkpt lat="51.26459" lon="7.173761"><ele>161.75</ele></trkpt>
   <trkpt lat="51.264513" lon="7.173552"><ele>162.25</ele></trkpt>
   <trkpt lat="51.264298" lon="7.172941"><ele>163.25</ele></trkpt>
   <trkpt lat="51.263897" lon="7.171846"><ele>168</ele></trkpt>
   <trkpt lat="51.263354" lon="7.170756"><ele>172.75</ele></trkpt>
   <trkpt lat="51.263291" lon="7.170646"><ele>173.25</ele></trkpt>
   <trkpt lat="51.263095" lon="7.170295"><ele>173</ele></trkpt>
   <trkpt lat="51.262642" lon="7.16953"><ele>171.75</ele></trkpt>
   <trkpt lat="51.26245" lon="7.169144"><ele>173.25</ele></trkpt>
   <trkpt lat="51.262295" lon="7.168681"><ele>177.75</ele></trkpt>
   <trkpt lat="51.262221" lon="7.168366"><ele>177.5</ele></trkpt>
   <trkpt lat="51.262126" lon="7.168059"><ele>179.25</ele></trkpt>
   <trkpt lat="51.262053" lon="7.167872"><ele>179.5</ele></trkpt>
   <trkpt lat="51.261992" lon="7.167668"><ele>179.5</ele></trkpt>
   <trkpt lat="51.261938" lon="7.16746"><ele>179.25</ele></trkpt>
   <trkpt lat="51.261841" lon="7.167012"><ele>181</ele></trkpt>
   <trkpt lat="51.26178" lon="7.16678"><ele>182.25</ele></trkpt>
   <trkpt lat="51.261561" lon="7.166154"><ele>184.5</ele></trkpt>
   <trkpt lat="51.26077" lon="7.164797"><ele>181.5</ele></trkpt>
   <trkpt lat="51.260796" lon="7.164739"><ele>181.75</ele></trkpt>
   <trkpt lat="51.26082" lon="7.164648"><ele>182</ele></trkpt>
   <trkpt lat="51.260831" lon="7.164482"><ele>182.75</ele></trkpt>
   <trkpt lat="51.26082" lon="7.164378"><ele>183.25</ele></trkpt>
   <trkpt lat="51.260801" lon="7.164301"><ele>183.75</ele></trkpt>
   <trkpt lat="51.259851" lon="7.162585"><ele>192.5</ele></trkpt>
   <trkpt lat="51.259715" lon="7.162298"><ele>192.75</ele></trkpt>
   <trkpt lat="51.259635" lon="7.162006"><ele>192</ele></trkpt>
   <trkpt lat="51.25962" lon="7.161963"><ele>192</ele></trkpt>
   <trkpt lat="51.259464" lon="7.1614"><ele>189.5</ele></trkpt>
   <trkpt lat="51.259454" lon="7.161356"><ele>189.25</ele></trkpt>
   <trkpt lat="51.259299" lon="7.160532"><ele>187</ele></trkpt>
   <trkpt lat="51.259104" lon="7.15904"><ele>179</ele></trkpt>
   <trkpt lat="51.259095" lon="7.158739"><ele>177.75</ele></trkpt>
   <trkpt lat="51.259106" lon="7.158463"><ele>176.25</ele></trkpt>
   <trkpt lat="51.259191" lon="7.157676"><ele>173.25</ele></trkpt>
   <trkpt lat="51.259226" lon="7.157455"><ele>173</ele></trkpt>
   <trkpt lat="51.259297" lon="7.157227"><ele>171.75</ele></trkpt>
   <trkpt lat="51.259421" lon="7.156956"><ele>170.5</ele></trkpt>
   <trkpt lat="51.259342" lon="7.156895"><ele>168.5</ele></trkpt>
   <trkpt lat="51.259211" lon="7.156808"><ele>165.5</ele></trkpt>
   <trkpt lat="51.258955" lon="7.156629"><ele>161.25</ele></trkpt>
   <trkpt lat="51.258634" lon="7.156411"><ele>155.25</ele></trkpt>
   <trkpt lat="51.257987" lon="7.155933"><ele>146.25</ele></trkpt>
   <trkpt lat="51.257874" lon="7.155887"><ele>146</ele></trkpt>
   <trkpt lat="51.257818" lon="7.155873"><ele>146</ele></trkpt>
   <trkpt lat="51.257837" lon="7.155677"><ele>146</ele></trkpt>
   <trkpt lat="51.257897" lon="7.155074"><ele>146</ele></trkpt>
   <trkpt lat="51.257917" lon="7.154944"><ele>145.75</ele></trkpt>
   <trkpt lat="51.257943" lon="7.154811"><ele>145.5</ele></trkpt>
   <trkpt lat="51.25783" lon="7.154736"><ele>145</ele></trkpt>
   <trkpt lat="51.257808" lon="7.154721"><ele>145</ele></trkpt>
   <trkpt lat="51.257232" lon="7.15434"><ele>144.25</ele></trkpt>
   <trkpt lat="51.257067" lon="7.154231"><ele>144.25</ele></trkpt>
   <trkpt lat="51.257222" lon="7.153618"><ele>144</ele></trkpt>
   <trkpt lat="51.257441" lon="7.152717"><ele>144</ele></trkpt>
   <trkpt lat="51.257546" lon="7.15229"><ele>144</ele></trkpt>
   <trkpt lat="51.257565" lon="7.152212"><ele>144</ele></trkpt>
   <trkpt lat="51.257655" lon="7.151825"><ele>144</ele></trkpt>
   <trkpt lat="51.257664" lon="7.151729"><ele>144</ele></trkpt>
   <trkpt lat="51.257648" lon="7.151593"><ele>144</ele></trkpt>
   <trkpt lat="51.257082" lon="7.151808"><ele>144.25</ele></trkpt>
   <trkpt lat="51.257007" lon="7.151837"><ele>144.25</ele></trkpt>
   <trkpt lat="51.25694" lon="7.151863"><ele>144.5</ele></trkpt>
   <trkpt lat="51.256728" lon="7.15194"><ele>145</ele></trkpt>
   <trkpt lat="51.256672" lon="7.151956"><ele>144.75</ele></trkpt>
   <trkpt lat="51.256607" lon="7.151962"><ele>145.25</ele></trkpt>
   <trkpt lat="51.256483" lon="7.151957"><ele>146.25</ele></trkpt>
   <trkpt lat="51.256443" lon="7.151963"><ele>146.5</ele></trkpt>
   <trkpt lat="51.25641" lon="7.151985"><ele>146.75</ele></trkpt>
   <trkpt lat="51.256426" lon="7.151881"><ele>146.75</ele></trkpt>
   <trkpt lat="51.256433" lon="7.151495"><ele>147.5</ele></trkpt>
   <trkpt lat="51.256418" lon="7.151083"><ele>147</ele></trkpt>
   <trkpt lat="51.256362" lon="7.151116"><ele>147.75</ele></trkpt>
   <trkpt lat="51.256291" lon="7.151158"><ele>148</ele></trkpt>
   <trkpt lat="51.256257" lon="7.150921"><ele>147.5</ele></trkpt>
   <trkpt lat="51.256212" lon="7.150687"><ele>147.5</ele></trkpt>
   <trkpt lat="51.256058" lon="7.150764"><ele>148</ele></trkpt>
   <trkpt lat="51.255935" lon="7.150832"><ele>148</ele></trkpt>
   <trkpt lat="51.255695" lon="7.151022"><ele>150</ele></trkpt>
   <trkpt lat="51.255597" lon="7.151165"><ele>151.5</ele></trkpt>
   <trkpt lat="51.255544" lon="7.150994"><ele>151</ele></trkpt>
   <trkpt lat="51.25546" lon="7.150735"><ele>150</ele></trkpt>
   <trkpt lat="51.255454" lon="7.150717"><ele>150</ele></trkpt>
   <trkpt lat="51.255423" lon="7.150742"><ele>150</ele></trkpt>
   <trkpt lat="51.255279" lon="7.150862"><ele>151</ele></trkpt>
   <trkpt lat="51.255012" lon="7.150925"><ele>152.25</ele></trkpt>
   <trkpt lat="51.254906" lon="7.150953"><ele>153.25</ele></trkpt>
   <trkpt lat="51.254855" lon="7.151032"><ele>154.25</ele></trkpt>
   <trkpt lat="51.254869" lon="7.151215"><ele>154.25</ele></trkpt>
   <trkpt lat="51.254872" lon="7.151275"><ele>154.25</ele></trkpt>
  </trkseg>
 </trk>
</gpx>