<?xml version="1.0" encoding="UTF-8"?>
<!-- track-length = 102354 filtered ascend = 64 plain-ascend = 24 cost=246111 energy=0.6kwh time=3h 55m 3s -->
<gpx
 xmlns="http://www.topografix.com/GPX/1/1"
 xmlns:xsi="http://www.w3.org/2001/XMLSchema-instance"
 xsi:schemaLocation="http://www.topografix.com/GPX/1/1 http://www.topografix.com/GPX/1/1/gpx.xsd"
 version="1.1"
 creator="bikerouter.de 2026.22">
 <trk>
  <name>etappe#1-Gravel(BRouter)</name>
  <link href="https://bikerouter.de/#map=16/53.4439/7.9731/CyclOSM&amp;lonlats=8.023303,53.500406;7.757378,52.735665&amp;profile=gravel">
   <text>bikerouter.de</text>
  </link>
  <trkseg>
   <trkpt lat="53.500394" lon="8.023048"><ele>1</ele></trkpt>
   <trkpt lat="53.500321" lon="8.023058"><ele>1</ele></trkpt>
   <trkpt lat="53.50028" lon="8.023058"><ele>1</ele></trkpt>
   <trkpt lat="53.500243" lon="8.023044"><ele>1</ele></trkpt>
   <trkpt lat="53.500198" lon="8.023005"><ele>1</ele></trkpt>
   <trkpt lat="53.500141" lon="8.02192"><ele>1</ele></trkpt>
   <trkpt lat="53.500096" lon="8.020857"><ele>1</ele></trkpt>
   <trkpt lat="53.499958" lon="8.020797"><ele>1</ele></trkpt>
   <trkpt lat="53.499832" lon="8.020847"><ele>1</ele></trkpt>
   <trkpt lat="53.499283" lon="8.02092"><ele>1</ele></trkpt>
   <trkpt lat="53.499204" lon="8.020917"><ele>1</ele></trkpt>
   <trkpt lat="53.49913" lon="8.020893"><ele>1</ele></trkpt>
   <trkpt lat="53.499038" lon="8.020832"><ele>1</ele></trkpt>
   <trkpt lat="53.498966" lon="8.020777"><ele>1</ele></trkpt>
   <trkpt lat="53.4989" lon="8.020689"><ele>1</ele></trkpt>
   <trkpt lat="53.498218" lon="8.019708"><ele>1</ele></trkpt>
   <trkpt lat="53.498186" lon="8.019659"><ele>1</ele></trkpt>
   <trkpt lat="53.498421" lon="8.019215"><ele>1.75</ele></trkpt>
   <trkpt lat="53.498813" lon="8.018403"><ele>1.25</ele></trkpt>
   <trkpt lat="53.498934" lon="8.018153"><ele>1.5</ele></trkpt>
   <trkpt lat="53.499652" lon="8.016699"><ele>2</ele></trkpt>
   <trkpt lat="53.499734" lon="8.016513"><ele>2</ele></trkpt>
   <trkpt lat="53.499729" lon="8.016412"><ele>2</ele></trkpt>
   <trkpt lat="53.499766" lon="8.016316"><ele>2</ele></trkpt>
   <trkpt lat="53.499789" lon="8.016246"><ele>2</ele></trkpt>
   <trkpt lat="53.49764" lon="8.014043"><ele>2</ele></trkpt>
   <trkpt lat="53.497149" lon="8.013555"><ele>2</ele></trkpt>
   <trkpt lat="53.496929" lon="8.013322"><ele>2</ele></trkpt>
   <trkpt lat="53.496836" lon="8.013175"><ele>2.25</ele></trkpt>
   <trkpt lat="53.496724" lon="8.012958"><ele>2</ele></trkpt>
   <trkpt lat="53.496623" lon="8.01272"><ele>2</ele></trkpt>
   <trkpt lat="53.496348" lon="8.011814"><ele>2</ele></trkpt>
   <trkpt lat="53.496277" lon="8.011561"><ele>1.75</ele></trkpt>
   <trkpt lat="53.495736" lon="8.009823"><ele>1.5</ele></trkpt>
   <trkpt lat="53.495697" lon="8.009754"><ele>1.5</ele></trkpt>
   <trkpt lat="53.495671" lon="8.009671"><ele>1.5</ele></trkpt>
   <trkpt lat="53.495519" lon="8.009126"><ele>1</ele></trkpt>
   <trkpt lat="53.495006" lon="8.007508"><ele>1.75</ele></trkpt>
   <trkpt lat="53.49454" lon="8.005958"><ele>1.25</ele></trkpt>
   <trkpt lat="53.494423" lon="8.005598"><ele>1</ele></trkpt>
   <trkpt lat="53.494336" lon="8.005356"><ele>1</ele></trkpt>
   <trkpt lat="53.494188" lon="8.005002"><ele>1.75</ele></trkpt>
   <trkpt lat="53.494026" lon="8.004652"><ele>1</ele></trkpt>
   <trkpt lat="53.493717" lon="8.004113"><ele>1.5</ele></trkpt>
   <trkpt lat="53.493481" lon="8.003781"><ele>2</ele></trkpt>
   <trkpt lat="53.491241" lon="8.001004"><ele>4.5</ele></trkpt>
   <trkpt lat="53.490844" lon="8.000508"><ele>5.5</ele></trkpt>
   <trkpt lat="53.4878" lon="7.996745"><ele>1.75</ele></trkpt>
   <trkpt lat="53.487402" lon="7.996237"><ele>1</ele></trkpt>
   <trkpt lat="53.485618" lon="7.994016"><ele>1.25</ele></trkpt>
   <trkpt lat="53.485354" lon="7.993689"><ele>1</ele></trkpt>
   <trkpt lat="53.485175" lon="7.993527"><ele>1.25</ele></trkpt>
   <trkpt lat="53.485039" lon="7.993484"><ele>1.75</ele></trkpt>
   <trkpt lat="53.484925" lon="7.993491"><ele>2</ele></trkpt>
   <trkpt lat="53.484815" lon="7.993526"><ele>2</ele></trkpt>
   <trkpt lat="53.484588" lon="7.993649"><ele>1.75</ele></trkpt>
   <trkpt lat="53.484474" lon="7.993729"><ele>1.75</ele></trkpt>
   <trkpt lat="53.484435" lon="7.993745"><ele>1.75</ele></trkpt>
   <trkpt lat="53.484388" lon="7.993719"><ele>1.75</ele></trkpt>
   <trkpt lat="53.484345" lon="7.993663"><ele>1.75</ele></trkpt>
   <trkpt lat="53.483736" lon="7.99195"><ele>1.75</ele></trkpt>
   <trkpt lat="53.4831" lon="7.990115"><ele>1.75</ele></trkpt>
   <trkpt lat="53.483083" lon="7.990052"><ele>1.75</ele></trkpt>
   <trkpt lat="53.483073" lon="7.990048"><ele>1.75</ele></trkpt>
   <trkpt lat="53.483009" lon="7.990099"><ele>1.75</ele></trkpt>
   <trkpt lat="53.482949" lon="7.990148"><ele>1.75</ele></trkpt>
   <trkpt lat="53.482948" lon="7.990241"><ele>1.75</ele></trkpt>
   <trkpt lat="53.482933" lon="7.990312"><ele>2</ele></trkpt>
   <trkpt lat="53.482859" lon="7.990381"><ele>2</ele></trkpt>
   <trkpt lat="53.482802" lon="7.990398"><ele>1.75</ele></trkpt>
   <trkpt lat="53.482694" lon="7.990353"><ele>2</ele></trkpt>
   <trkpt lat="53.482594" lon="7.990262"><ele>1.75</ele></trkpt>
   <trkpt lat="53.482515" lon="7.990278"><ele>2</ele></trkpt>
   <trkpt lat="53.482421" lon="7.990149"><ele>1.5</ele></trkpt>
   <trkpt lat="53.481657" lon="7.989203"><ele>1</ele></trkpt>
   <trkpt lat="53.480877" lon="7.988237"><ele>1</ele></trkpt>
   <trkpt lat="53.480521" lon="7.987797"><ele>1.75</ele></trkpt>
   <trkpt lat="53.480251" lon="7.987429"><ele>1.75</ele></trkpt>
   <trkpt lat="53.480001" lon="7.98705"><ele>1.75</ele></trkpt>
   <trkpt lat="53.479941" lon="7.986959"><ele>1.75</ele></trkpt>
   <trkpt lat="53.479931" lon="7.986944"><ele>1.75</ele></trkpt>
   <trkpt lat="53.479791" lon="7.986769"><ele>1.75</ele></trkpt>
   <trkpt lat="53.47957" lon="7.986493"><ele>2</ele></trkpt>
   <trkpt lat="53.479276" lon="7.986153"><ele>2</ele></trkpt>
   <trkpt lat="53.478576" lon="7.985335"><ele>2</ele></trkpt>
   <trkpt lat="53.478264" lon="7.984971"><ele>1.75</ele></trkpt>
   <trkpt lat="53.478157" lon="7.985224"><ele>2</ele></trkpt>
   <trkpt lat="53.478021" lon="7.985497"><ele>1.75</ele></trkpt>
   <trkpt lat="53.47792" lon="7.985682"><ele>1.75</ele></trkpt>
   <trkpt lat="53.477594" lon="7.986281"><ele>2.25</ele></trkpt>
   <trkpt lat="53.476483" lon="7.985449"><ele>1</ele></trkpt>
   <trkpt lat="53.476339" lon="7.985269"><ele>1</ele></trkpt>
   <trkpt lat="53.476289" lon="7.985297"><ele>1</ele></trkpt>
   <trkpt lat="53.475925" lon="7.986314"><ele>1</ele></trkpt>
   <trkpt lat="53.475483" lon="7.987684"><ele>1</ele></trkpt>
   <trkpt lat="53.475299" lon="7.98832"><ele>1</ele></trkpt>
   <trkpt lat="53.47523" lon="7.988482"><ele>1</ele></trkpt>
   <trkpt lat="53.47501" lon="7.987912"><ele>1</ele></trkpt>
   <trkpt lat="53.474955" lon="7.987795"><ele>1</ele></trkpt>
   <trkpt lat="53.4747" lon="7.98825"><ele>1</ele></trkpt>
   <trkpt lat="53.47455" lon="7.988553"><ele>1</ele></trkpt>
   <trkpt lat="53.474504" lon="7.988669"><ele>1</ele></trkpt>
   <trkpt lat="53.474397" lon="7.988926"><ele>1</ele></trkpt>
   <trkpt lat="53.474347" lon="7.988993"><ele>1</ele></trkpt>
   <trkpt lat="53.474307" lon="7.989007"><ele>1</ele></trkpt>
   <trkpt lat="53.47418" lon="7.988945"><ele>1</ele></trkpt>
   <trkpt lat="53.47335" lon="7.988244"><ele>1</ele></trkpt>
   <trkpt lat="53.472866" lon="7.987815"><ele>1</ele></trkpt>
   <trkpt lat="53.470027" lon="7.984772"><ele>1</ele></trkpt>
   <trkpt lat="53.468689" lon="7.983328"><ele>1</ele></trkpt>
   <trkpt lat="53.468273" lon="7.982894"><ele>1.25</ele></trkpt>
   <trkpt lat="53.468167" lon="7.982821"><ele>1.25</ele></trkpt>
   <trkpt lat="53.468039" lon="7.982818"><ele>1.25</ele></trkpt>
   <trkpt lat="53.467378" lon="7.98309"><ele>1</ele></trkpt>
   <trkpt lat="53.467304" lon="7.983111"><ele>1</ele></trkpt>
   <trkpt lat="53.464214" lon="7.984273"><ele>1</ele></trkpt>
   <trkpt lat="53.464174" lon="7.984334"><ele>1</ele></trkpt>
   <trkpt lat="53.46414" lon="7.984402"><ele>1</ele></trkpt>
   <trkpt lat="53.464122" lon="7.984468"><ele>1</ele></trkpt>
   <trkpt lat="53.464109" lon="7.98457"><ele>1</ele></trkpt>
   <trkpt lat="53.46399" lon="7.985978"><ele>1</ele></trkpt>
   <trkpt lat="53.463971" lon="7.986093"><ele>1</ele></trkpt>
   <trkpt lat="53.46395" lon="7.986163"><ele>1</ele></trkpt>
   <trkpt lat="53.463883" lon="7.986266"><ele>1</ele></trkpt>
   <trkpt lat="53.463855" lon="7.986332"><ele>1</ele></trkpt>
   <trkpt lat="53.463834" lon="7.986428"><ele>1</ele></trkpt>
   <trkpt lat="53.463502" lon="7.989896"><ele>1</ele></trkpt>
   <trkpt lat="53.463321" lon="7.991888"><ele>1</ele></trkpt>
   <trkpt lat="53.461031" lon="7.98973"><ele>1</ele></trkpt>
   <trkpt lat="53.461017" lon="7.989717"><ele>1</ele></trkpt>
   <trkpt lat="53.460842" lon="7.989562"><ele>1</ele></trkpt>
   <trkpt lat="53.460519" lon="7.989259"><ele>1</ele></trkpt>
   <trkpt lat="53.460189" lon="7.988931"><ele>1</ele></trkpt>
   <trkpt lat="53.459419" lon="7.988119"><ele>1</ele></trkpt>
   <trkpt lat="53.458897" lon="7.987577"><ele>1</ele></trkpt>
   <trkpt lat="53.457935" lon="7.986556"><ele>1</ele></trkpt>
   <trkpt lat="53.455664" lon="7.98413"><ele>1</ele></trkpt>
   <trkpt lat="53.454766" lon="7.983232"><ele>1</ele></trkpt>
   <trkpt lat="53.454463" lon="7.982929"><ele>1</ele></trkpt>
   <trkpt lat="53.453803" lon="7.982172"><ele>1</ele></trkpt>
   <trkpt lat="53.451624" lon="7.97902"><ele>1</ele></trkpt>
   <trkpt lat="53.451323" lon="7.978743"><ele>1</ele></trkpt>
   <trkpt lat="53.451237" lon="7.978693"><ele>1</ele></trkpt>
   <trkpt lat="53.449858" lon="7.977954"><ele>1</ele></trkpt>
   <trkpt lat="53.44678" lon="7.976448"><ele>1</ele></trkpt>
   <trkpt lat="53.443036" lon="7.974591"><ele>1</ele></trkpt>
   <trkpt lat="53.442893" lon="7.974538"><ele>1.25</ele></trkpt>
   <trkpt lat="53.442826" lon="7.974548"><ele>1.5</ele></trkpt>
   <trkpt lat="53.437786" lon="7.975097"><ele>1</ele></trkpt>
   <trkpt lat="53.432526" lon="7.975669"><ele>2.75</ele></trkpt>
   <trkpt lat="53.429783" lon="7.975949"><ele>7.25</ele></trkpt>
   <trkpt lat="53.429641" lon="7.975973"><ele>7.75</ele></trkpt>
   <trkpt lat="53.429111" lon="7.976008"><ele>9</ele></trkpt>
   <trkpt lat="53.428701" lon="7.976047"><ele>10</ele></trkpt>
   <trkpt lat="53.428564" lon="7.976011"><ele>10</ele></trkpt>
   <trkpt lat="53.427295" lon="7.975304"><ele>10</ele></trkpt>
   <trkpt lat="53.426854" lon="7.97504"><ele>9.5</ele></trkpt>
   <trkpt lat="53.426347" lon="7.974757"><ele>8.5</ele></trkpt>
   <trkpt lat="53.425909" lon="7.974455"><ele>8</ele></trkpt>
   <trkpt lat="53.425716" lon="7.974296"><ele>8</ele></trkpt>
   <trkpt lat="53.424389" lon="7.973073"><ele>5.75</ele></trkpt>
   <trkpt lat="53.423991" lon="7.972703"><ele>5.25</ele></trkpt>
   <trkpt lat="53.423837" lon="7.972584"><ele>5</ele></trkpt>
   <trkpt lat="53.423693" lon="7.972502"><ele>5</ele></trkpt>
   <trkpt lat="53.423612" lon="7.97251"><ele>5</ele></trkpt>
   <trkpt lat="53.423328" lon="7.972606"><ele>4.75</ele></trkpt>
   <trkpt lat="53.42313" lon="7.972679"><ele>4.5</ele></trkpt>
   <trkpt lat="53.42298" lon="7.972697"><ele>4</ele></trkpt>
   <trkpt lat="53.422789" lon="7.972636"><ele>4</ele></trkpt>
   <trkpt lat="53.422537" lon="7.972756"><ele>4</ele></trkpt>
   <trkpt lat="53.422469" lon="7.972774"><ele>4</ele></trkpt>
   <trkpt lat="53.422056" lon="7.972796"><ele>4</ele></trkpt>
   <trkpt lat="53.421772" lon="7.972949"><ele>4</ele></trkpt>
   <trkpt lat="53.421698" lon="7.972985"><ele>4</ele></trkpt>
   <trkpt lat="53.421452" lon="7.973147"><ele>4</ele></trkpt>
   <trkpt lat="53.421201" lon="7.973389"><ele>4.5</ele></trkpt>
   <trkpt lat="53.421104" lon="7.973499"><ele>5</ele></trkpt>
   <trkpt lat="53.421036" lon="7.973386"><ele>5</ele></trkpt>
   <trkpt lat="53.420973" lon="7.973345"><ele>5</ele></trkpt>
   <trkpt lat="53.419765" lon="7.973406"><ele>5</ele></trkpt>
   <trkpt lat="53.419701" lon="7.973409"><ele>5</ele></trkpt>
   <trkpt lat="53.419332" lon="7.973351"><ele>6</ele></trkpt>
   <trkpt lat="53.419184" lon="7.97332"><ele>6</ele></trkpt>
   <trkpt lat="53.419" lon="7.973274"><ele>6</ele></trkpt>
   <trkpt lat="53.418841" lon="7.973234"><ele>6</ele></trkpt>
   <trkpt lat="53.418437" lon="7.973134"><ele>6</ele></trkpt>
   <trkpt lat="53.418344" lon="7.973038"><ele>6</ele></trkpt>
   <trkpt lat="53.41829" lon="7.973141"><ele>6.25</ele></trkpt>
   <trkpt lat="53.41826" lon="7.973218"><ele>6.5</ele></trkpt>
   <trkpt lat="53.418254" lon="7.973271"><ele>6.75</ele></trkpt>
   <trkpt lat="53.418259" lon="7.973469"><ele>7</ele></trkpt>
   <trkpt lat="53.418229" lon="7.973469"><ele>7</ele></trkpt>
   <trkpt lat="53.418184" lon="7.973471"><ele>7</ele></trkpt>
   <trkpt lat="53.418146" lon="7.973471"><ele>7</ele></trkpt>
   <trkpt lat="53.418144" lon="7.973554"><ele>7</ele></trkpt>
   <trkpt lat="53.418114" lon="7.973609"><ele>7</ele></trkpt>
   <trkpt lat="53.418074" lon="7.973631"><ele>6.75</ele></trkpt>
   <trkpt lat="53.41798" lon="7.973644"><ele>6.75</ele></trkpt>
   <trkpt lat="53.417126" lon="7.973401"><ele>6.75</ele></trkpt>
   <trkpt lat="53.416599" lon="7.973261"><ele>7</ele></trkpt>
   <trkpt lat="53.416405" lon="7.973221"><ele>7</ele></trkpt>
   <trkpt lat="53.415585" lon="7.973054"><ele>7.75</ele></trkpt>
   <trkpt lat="53.415519" lon="7.973051"><ele>8</ele></trkpt>
   <trkpt lat="53.415357" lon="7.973016"><ele>8</ele></trkpt>
   <trkpt lat="53.414626" lon="7.972865"><ele>8</ele></trkpt>
   <trkpt lat="53.414445" lon="7.972842"><ele>8</ele></trkpt>
   <trkpt lat="53.414025" lon="7.97282"><ele>8.5</ele></trkpt>
   <trkpt lat="53.413849" lon="7.972825"><ele>9</ele></trkpt>
   <trkpt lat="53.413679" lon="7.972826"><ele>9</ele></trkpt>
   <trkpt lat="53.413012" lon="7.972894"><ele>10</ele></trkpt>
   <trkpt lat="53.41249" lon="7.973058"><ele>10</ele></trkpt>
   <trkpt lat="53.411742" lon="7.973348"><ele>10.75</ele></trkpt>
   <trkpt lat="53.41158" lon="7.973406"><ele>10.5</ele></trkpt>
   <trkpt lat="53.411302" lon="7.973505"><ele>10.25</ele></trkpt>
   <trkpt lat="53.410023" lon="7.974089"><ele>10</ele></trkpt>
   <trkpt lat="53.409839" lon="7.97417"><ele>9.25</ele></trkpt>
   <trkpt lat="53.408742" lon="7.974648"><ele>8</ele></trkpt>
   <trkpt lat="53.408536" lon="7.974749"><ele>7.5</ele></trkpt>
   <trkpt lat="53.408544" lon="7.974779"><ele>7.75</ele></trkpt>
   <trkpt lat="53.408557" lon="7.974825"><ele>7.75</ele></trkpt>
   <trkpt lat="53.408579" lon="7.974906"><ele>7.75</ele></trkpt>
   <trkpt lat="53.408096" lon="7.975243"><ele>7</ele></trkpt>
   <trkpt lat="53.407415" lon="7.975943"><ele>5.5</ele></trkpt>
   <trkpt lat="53.406745" lon="7.976905"><ele>4</ele></trkpt>
   <trkpt lat="53.40629" lon="7.977619"><ele>2.75</ele></trkpt>
   <trkpt lat="53.405883" lon="7.978236"><ele>2.25</ele></trkpt>
   <trkpt lat="53.405791" lon="7.978341"><ele>2</ele></trkpt>
   <trkpt lat="53.40539" lon="7.978705"><ele>2.25</ele></trkpt>
   <trkpt lat="53.405161" lon="7.978839"><ele>2.5</ele></trkpt>
   <trkpt lat="53.403962" lon="7.979321"><ele>4.5</ele></trkpt>
   <trkpt lat="53.403932" lon="7.979207"><ele>4.75</ele></trkpt>
   <trkpt lat="53.403863" lon="7.978991"><ele>5</ele></trkpt>
   <trkpt lat="53.403817" lon="7.978821"><ele>5</ele></trkpt>
   <trkpt lat="53.40378" lon="7.978701"><ele>5</ele></trkpt>
   <trkpt lat="53.403663" lon="7.978193"><ele>4.75</ele></trkpt>
   <trkpt lat="53.403417" lon="7.977732"><ele>4.75</ele></trkpt>
   <trkpt lat="53.402791" lon="7.976722"><ele>4.75</ele></trkpt>
   <trkpt lat="53.402554" lon="7.976247"><ele>4.75</ele></trkpt>
   <trkpt lat="53.402351" lon="7.975881"><ele>5.5</ele></trkpt>
   <trkpt lat="53.401648" lon="7.975014"><ele>6</ele></trkpt>
   <trkpt lat="53.400852" lon="7.974066"><ele>4.75</ele></trkpt>
   <trkpt lat="53.40063" lon="7.973858"><ele>5.5</ele></trkpt>
   <trkpt lat="53.400302" lon="7.973719"><ele>5.75</ele></trkpt>
   <trkpt lat="53.400188" lon="7.97368"><ele>6</ele></trkpt>
   <trkpt lat="53.399169" lon="7.973331"><ele>7</ele></trkpt>
   <trkpt lat="53.398952" lon="7.973198"><ele>7</ele></trkpt>
   <trkpt lat="53.398724" lon="7.972902"><ele>7.5</ele></trkpt>
   <trkpt lat="53.398402" lon="7.972403"><ele>7.5</ele></trkpt>
   <trkpt lat="53.39828" lon="7.972083"><ele>7</ele></trkpt>
   <trkpt lat="53.396425" lon="7.967884"><ele>8.25</ele></trkpt>
   <trkpt lat="53.396332" lon="7.967771"><ele>8</ele></trkpt>
   <trkpt lat="53.395446" lon="7.967085"><ele>9</ele></trkpt>
   <trkpt lat="53.39473" lon="7.966538"><ele>9.75</ele></trkpt>
   <trkpt lat="53.394291" lon="7.966353"><ele>10.75</ele></trkpt>
   <trkpt lat="53.393789" lon="7.966698"><ele>11</ele></trkpt>
   <trkpt lat="53.393159" lon="7.967179"><ele>11</ele></trkpt>
   <trkpt lat="53.392896" lon="7.967377"><ele>10.75</ele></trkpt>
   <trkpt lat="53.391959" lon="7.9641"><ele>11</ele></trkpt>
   <trkpt lat="53.391916" lon="7.964129"><ele>11</ele></trkpt>
   <trkpt lat="53.391887" lon="7.964026"><ele>11</ele></trkpt>
   <trkpt lat="53.391833" lon="7.964085"><ele>11</ele></trkpt>
   <trkpt lat="53.391789" lon="7.964092"><ele>11</ele></trkpt>
   <trkpt lat="53.391381" lon="7.96398"><ele>11.5</ele></trkpt>
   <trkpt lat="53.39118" lon="7.963885"><ele>12</ele></trkpt>
   <trkpt lat="53.391046" lon="7.963772"><ele>12</ele></trkpt>
   <trkpt lat="53.390598" lon="7.96321"><ele>11.5</ele></trkpt>
   <trkpt lat="53.390496" lon="7.963054"><ele>12</ele></trkpt>
   <trkpt lat="53.389987" lon="7.96216"><ele>11</ele></trkpt>
   <trkpt lat="53.388921" lon="7.961212"><ele>11</ele></trkpt>
   <trkpt lat="53.388533" lon="7.961094"><ele>11</ele></trkpt>
   <trkpt lat="53.388119" lon="7.961049"><ele>11</ele></trkpt>
   <trkpt lat="53.387381" lon="7.960936"><ele>12</ele></trkpt>
   <trkpt lat="53.386682" lon="7.960852"><ele>12</ele></trkpt>
   <trkpt lat="53.386518" lon="7.960809"><ele>12</ele></trkpt>
   <trkpt lat="53.386352" lon="7.960772"><ele>12</ele></trkpt>
   <trkpt lat="53.386006" lon="7.960626"><ele>12</ele></trkpt>
   <trkpt lat="53.38565" lon="7.960475"><ele>12</ele></trkpt>
   <trkpt lat="53.385242" lon="7.960207"><ele>11.75</ele></trkpt>
   <trkpt lat="53.384866" lon="7.959834"><ele>11.75</ele></trkpt>
   <trkpt lat="53.384491" lon="7.95943"><ele>11.75</ele></trkpt>
   <trkpt lat="53.384179" lon="7.959057"><ele>11.25</ele></trkpt>
   <trkpt lat="53.384021" lon="7.958885"><ele>11.25</ele></trkpt>
   <trkpt lat="53.383719" lon="7.958392"><ele>11.25</ele></trkpt>
   <trkpt lat="53.383551" lon="7.958192"><ele>11.25</ele></trkpt>
   <trkpt lat="53.383393" lon="7.958035"><ele>11.25</ele></trkpt>
   <trkpt lat="53.383322" lon="7.957942"><ele>11.25</ele></trkpt>
   <trkpt lat="53.383113" lon="7.957707"><ele>11.25</ele></trkpt>
   <trkpt lat="53.383013" lon="7.95762"><ele>11.5</ele></trkpt>
   <trkpt lat="53.382677" lon="7.957461"><ele>11</ele></trkpt>
   <trkpt lat="53.382492" lon="7.957407"><ele>11</ele></trkpt>
   <trkpt lat="53.381762" lon="7.957133"><ele>11.25</ele></trkpt>
   <trkpt lat="53.381428" lon="7.956961"><ele>11</ele></trkpt>
   <trkpt lat="53.381227" lon="7.956968"><ele>11</ele></trkpt>
   <trkpt lat="53.381006" lon="7.957107"><ele>11</ele></trkpt>
   <trkpt lat="53.380777" lon="7.957171"><ele>11</ele></trkpt>
   <trkpt lat="53.380364" lon="7.957213"><ele>11</ele></trkpt>
   <trkpt lat="53.379794" lon="7.957199"><ele>10.75</ele></trkpt>
   <trkpt lat="53.379667" lon="7.95716"><ele>11</ele></trkpt>
   <trkpt lat="53.379148" lon="7.956991"><ele>11</ele></trkpt>
   <trkpt lat="53.378275" lon="7.957044"><ele>11</ele></trkpt>
   <trkpt lat="53.378216" lon="7.957092"><ele>11</ele></trkpt>
   <trkpt lat="53.376831" lon="7.957373"><ele>11</ele></trkpt>
   <trkpt lat="53.375776" lon="7.957065"><ele>11</ele></trkpt>
   <trkpt lat="53.375674" lon="7.957031"><ele>11.5</ele></trkpt>
   <trkpt lat="53.375401" lon="7.956842"><ele>12</ele></trkpt>
   <trkpt lat="53.375253" lon="7.956734"><ele>12</ele></trkpt>
   <trkpt lat="53.374638" lon="7.955703"><ele>12</ele></trkpt>
   <trkpt lat="53.374524" lon="7.955425"><ele>12</ele></trkpt>
   <trkpt lat="53.374454" lon="7.95517"><ele>12</ele></trkpt>
   <trkpt lat="53.374445" lon="7.955104"><ele>12</ele></trkpt>
   <trkpt lat="53.374438" lon="7.955056"><ele>12</ele></trkpt>
   <trkpt lat="53.374431" lon="7.954896"><ele>12</ele></trkpt>
   <trkpt lat="53.374434" lon="7.954813"><ele>12</ele></trkpt>
   <trkpt lat="53.374435" lon="7.95478"><ele>12</ele></trkpt>
   <trkpt lat="53.374333" lon="7.954781"><ele>12</ele></trkpt>
   <trkpt lat="53.374173" lon="7.954753"><ele>12</ele></trkpt>
   <trkpt lat="53.374005" lon="7.954761"><ele>12</ele></trkpt>
   <trkpt lat="53.3738" lon="7.954822"><ele>12</ele></trkpt>
   <trkpt lat="53.371574" lon="7.954857"><ele>12.25</ele></trkpt>
   <trkpt lat="53.369312" lon="7.954944"><ele>12.75</ele></trkpt>
   <trkpt lat="53.369089" lon="7.95493"><ele>12.75</ele></trkpt>
   <trkpt lat="53.368791" lon="7.954953"><ele>13</ele></trkpt>
   <trkpt lat="53.368782" lon="7.95491"><ele>13</ele></trkpt>
   <trkpt lat="53.368596" lon="7.954625"><ele>13.25</ele></trkpt>
   <trkpt lat="53.368483" lon="7.954437"><ele>13.25</ele></trkpt>
   <trkpt lat="53.368379" lon="7.95431"><ele>12.75</ele></trkpt>
   <trkpt lat="53.368271" lon="7.954206"><ele>13</ele></trkpt>
   <trkpt lat="53.367898" lon="7.953915"><ele>12.5</ele></trkpt>
   <trkpt lat="53.367842" lon="7.953848"><ele>12.5</ele></trkpt>
   <trkpt lat="53.367717" lon="7.953701"><ele>12.25</ele></trkpt>
   <trkpt lat="53.367557" lon="7.953379"><ele>12.75</ele></trkpt>
   <trkpt lat="53.367496" lon="7.953223"><ele>12.5</ele></trkpt>
   <trkpt lat="53.367461" lon="7.953257"><ele>12.75</ele></trkpt>
   <trkpt lat="53.367423" lon="7.953275"><ele>12.75</ele></trkpt>
   <trkpt lat="53.367232" lon="7.953084"><ele>12.75</ele></trkpt>
   <trkpt lat="53.366877" lon="7.952586"><ele>13</ele></trkpt>
   <trkpt lat="53.36497" lon="7.951771"><ele>12.5</ele></trkpt>
   <trkpt lat="53.364253" lon="7.951262"><ele>13</ele></trkpt>
   <trkpt lat="53.361829" lon="7.949211"><ele>13</ele></trkpt>
   <trkpt lat="53.361594" lon="7.949013"><ele>13</ele></trkpt>
   <trkpt lat="53.359348" lon="7.946969"><ele>13</ele></trkpt>
   <trkpt lat="53.359242" lon="7.946871"><ele>13</ele></trkpt>
   <trkpt lat="53.358959" lon="7.946608"><ele>13</ele></trkpt>
   <trkpt lat="53.358442" lon="7.946142"><ele>13</ele></trkpt>
   <trkpt lat="53.358162" lon="7.945883"><ele>13</ele></trkpt>
   <trkpt lat="53.355779" lon="7.94369"><ele>14</ele></trkpt>
   <trkpt lat="53.355372" lon="7.943296"><ele>13.75</ele></trkpt>
   <trkpt lat="53.35508" lon="7.942996"><ele>13.5</ele></trkpt>
   <trkpt lat="53.354646" lon="7.942518"><ele>13</ele></trkpt>
   <trkpt lat="53.352814" lon="7.940457"><ele>14</ele></trkpt>
   <trkpt lat="53.351697" lon="7.939183"><ele>13.75</ele></trkpt>
   <trkpt lat="53.350196" lon="7.937471"><ele>12.75</ele></trkpt>
   <trkpt lat="53.349192" lon="7.940783"><ele>13.5</ele></trkpt>
   <trkpt lat="53.348974" lon="7.94148"><ele>14</ele></trkpt>
   <trkpt lat="53.348532" lon="7.942916"><ele>13</ele></trkpt>
   <trkpt lat="53.348106" lon="7.942007"><ele>13.75</ele></trkpt>
   <trkpt lat="53.346432" lon="7.938264"><ele>14</ele></trkpt>
   <trkpt lat="53.345464" lon="7.936265"><ele>13.5</ele></trkpt>
   <trkpt lat="53.345372" lon="7.936106"><ele>13.5</ele></trkpt>
   <trkpt lat="53.345245" lon="7.935959"><ele>14</ele></trkpt>
   <trkpt lat="53.343772" lon="7.934566"><ele>13.75</ele></trkpt>
   <trkpt lat="53.343598" lon="7.934369"><ele>13.25</ele></trkpt>
   <trkpt lat="53.343535" lon="7.934278"><ele>13.5</ele></trkpt>
   <trkpt lat="53.343453" lon="7.934129"><ele>13.25</ele></trkpt>
   <trkpt lat="53.342143" lon="7.931492"><ele>14</ele></trkpt>
   <trkpt lat="53.341288" lon="7.929739"><ele>13.25</ele></trkpt>
   <trkpt lat="53.339135" lon="7.925419"><ele>13.75</ele></trkpt>
   <trkpt lat="53.338375" lon="7.924141"><ele>13.75</ele></trkpt>
   <trkpt lat="53.338118" lon="7.923733"><ele>14</ele></trkpt>
   <trkpt lat="53.336838" lon="7.927258"><ele>14.5</ele></trkpt>
   <trkpt lat="53.336555" lon="7.928052"><ele>14.75</ele></trkpt>
   <trkpt lat="53.335977" lon="7.929599"><ele>15</ele></trkpt>
   <trkpt lat="53.335943" lon="7.929562"><ele>15</ele></trkpt>
   <trkpt lat="53.335935" lon="7.929551"><ele>15</ele></trkpt>
   <trkpt lat="53.335879" lon="7.929247"><ele>14.75</ele></trkpt>
   <trkpt lat="53.335585" lon="7.927679"><ele>15.25</ele></trkpt>
   <trkpt lat="53.335327" lon="7.926304"><ele>15.25</ele></trkpt>
   <trkpt lat="53.335288" lon="7.926167"><ele>15.75</ele></trkpt>
   <trkpt lat="53.334007" lon="7.922531"><ele>14.25</ele></trkpt>
   <trkpt lat="53.3339" lon="7.922451"><ele>14</ele></trkpt>
   <trkpt lat="53.333601" lon="7.922354"><ele>13.5</ele></trkpt>
   <trkpt lat="53.333506" lon="7.922342"><ele>13.5</ele></trkpt>
   <trkpt lat="53.333008" lon="7.922266"><ele>13</ele></trkpt>
   <trkpt lat="53.332754" lon="7.922266"><ele>13</ele></trkpt>
   <trkpt lat="53.332414" lon="7.922364"><ele>13.25</ele></trkpt>
   <trkpt lat="53.331096" lon="7.922683"><ele>12.75</ele></trkpt>
   <trkpt lat="53.330248" lon="7.9229"><ele>12.75</ele></trkpt>
   <trkpt lat="53.330108" lon="7.92291"><ele>12.5</ele></trkpt>
   <trkpt lat="53.32994" lon="7.922923"><ele>12.5</ele></trkpt>
   <trkpt lat="53.32984" lon="7.922915"><ele>12.75</ele></trkpt>
   <trkpt lat="53.329675" lon="7.922878"><ele>12.75</ele></trkpt>
   <trkpt lat="53.329488" lon="7.922817"><ele>12.25</ele></trkpt>
   <trkpt lat="53.329325" lon="7.922739"><ele>12</ele></trkpt>
   <trkpt lat="53.329168" lon="7.922644"><ele>11.75</ele></trkpt>
   <trkpt lat="53.328406" lon="7.922237"><ele>11.75</ele></trkpt>
   <trkpt lat="53.328052" lon="7.922039"><ele>13</ele></trkpt>
   <trkpt lat="53.327539" lon="7.92175"><ele>13</ele></trkpt>
   <trkpt lat="53.327473" lon="7.921713"><ele>13</ele></trkpt>
   <trkpt lat="53.327016" lon="7.921443"><ele>13</ele></trkpt>
   <trkpt lat="53.326775" lon="7.921319"><ele>13</ele></trkpt>
   <trkpt lat="53.326509" lon="7.921099"><ele>13</ele></trkpt>
   <trkpt lat="53.326307" lon="7.920911"><ele>13</ele></trkpt>
   <trkpt lat="53.325635" lon="7.920284"><ele>12.25</ele></trkpt>
   <trkpt lat="53.325209" lon="7.91988"><ele>12</ele></trkpt>
   <trkpt lat="53.324133" lon="7.918868"><ele>12</ele></trkpt>
   <trkpt lat="53.323704" lon="7.918461"><ele>12</ele></trkpt>
   <trkpt lat="53.322953" lon="7.917748"><ele>11</ele></trkpt>
   <trkpt lat="53.321212" lon="7.916044"><ele>11</ele></trkpt>
   <trkpt lat="53.321137" lon="7.915953"><ele>11</ele></trkpt>
   <trkpt lat="53.321102" lon="7.915904"><ele>11</ele></trkpt>
   <trkpt lat="53.320414" lon="7.917334"><ele>10</ele></trkpt>
   <trkpt lat="53.32013" lon="7.917849"><ele>9.5</ele></trkpt>
   <trkpt lat="53.320041" lon="7.917985"><ele>9.75</ele></trkpt>
   <trkpt lat="53.319947" lon="7.918085"><ele>9.75</ele></trkpt>
   <trkpt lat="53.3198" lon="7.918197"><ele>9.25</ele></trkpt>
   <trkpt lat="53.319181" lon="7.918489"><ele>8.75</ele></trkpt>
   <trkpt lat="53.318146" lon="7.919045"><ele>9</ele></trkpt>
   <trkpt lat="53.317964" lon="7.919104"><ele>9</ele></trkpt>
   <trkpt lat="53.316806" lon="7.919698"><ele>9.75</ele></trkpt>
   <trkpt lat="53.316746" lon="7.919728"><ele>10</ele></trkpt>
   <trkpt lat="53.316709" lon="7.919762"><ele>10</ele></trkpt>
   <trkpt lat="53.316616" lon="7.919847"><ele>10</ele></trkpt>
   <trkpt lat="53.31651" lon="7.919893"><ele>10</ele></trkpt>
   <trkpt lat="53.316398" lon="7.919938"><ele>10</ele></trkpt>
   <trkpt lat="53.316243" lon="7.919957"><ele>10</ele></trkpt>
   <trkpt lat="53.316143" lon="7.919927"><ele>9.75</ele></trkpt>
   <trkpt lat="53.316052" lon="7.91986"><ele>10</ele></trkpt>
   <trkpt lat="53.315858" lon="7.919671"><ele>10</ele></trkpt>
   <trkpt lat="53.3157" lon="7.919571"><ele>10</ele></trkpt>
   <trkpt lat="53.315594" lon="7.919544"><ele>10</ele></trkpt>
   <trkpt lat="53.315506" lon="7.919556"><ele>10</ele></trkpt>
   <trkpt lat="53.31501" lon="7.919768"><ele>10</ele></trkpt>
   <trkpt lat="53.314896" lon="7.919851"><ele>10</ele></trkpt>
   <trkpt lat="53.314753" lon="7.919973"><ele>10</ele></trkpt>
   <trkpt lat="53.31463" lon="7.920127"><ele>10</ele></trkpt>
   <trkpt lat="53.314482" lon="7.920337"><ele>10</ele></trkpt>
   <trkpt lat="53.314443" lon="7.920382"><ele>10</ele></trkpt>
   <trkpt lat="53.31432" lon="7.920531"><ele>10</ele></trkpt>
   <trkpt lat="53.314256" lon="7.920603"><ele>10</ele></trkpt>
   <trkpt lat="53.314196" lon="7.920637"><ele>10</ele></trkpt>
   <trkpt lat="53.313783" lon="7.919885"><ele>10</ele></trkpt>
   <trkpt lat="53.313703" lon="7.919792"><ele>10</ele></trkpt>
   <trkpt lat="53.313373" lon="7.919204"><ele>9.75</ele></trkpt>
   <trkpt lat="53.313245" lon="7.918972"><ele>9.25</ele></trkpt>
   <trkpt lat="53.313151" lon="7.918806"><ele>9</ele></trkpt>
   <trkpt lat="53.312763" lon="7.91809"><ele>9</ele></trkpt>
   <trkpt lat="53.312553" lon="7.91775"><ele>8.5</ele></trkpt>
   <trkpt lat="53.312457" lon="7.917615"><ele>8.5</ele></trkpt>
   <trkpt lat="53.312169" lon="7.917289"><ele>8.25</ele></trkpt>
   <trkpt lat="53.312013" lon="7.917143"><ele>8.5</ele></trkpt>
   <trkpt lat="53.311868" lon="7.917041"><ele>8.5</ele></trkpt>
   <trkpt lat="53.311707" lon="7.91695"><ele>8.75</ele></trkpt>
   <trkpt lat="53.311637" lon="7.916913"><ele>9</ele></trkpt>
   <trkpt lat="53.311342" lon="7.916809"><ele>8.75</ele></trkpt>
   <trkpt lat="53.311212" lon="7.916797"><ele>8.5</ele></trkpt>
   <trkpt lat="53.311069" lon="7.916778"><ele>8.5</ele></trkpt>
   <trkpt lat="53.31083" lon="7.916785"><ele>8.5</ele></trkpt>
   <trkpt lat="53.310356" lon="7.916858"><ele>9</ele></trkpt>
   <trkpt lat="53.308895" lon="7.917219"><ele>9</ele></trkpt>
   <trkpt lat="53.308692" lon="7.917253"><ele>9</ele></trkpt>
   <trkpt lat="53.308568" lon="7.917294"><ele>9</ele></trkpt>
   <trkpt lat="53.30784" lon="7.917492"><ele>10</ele></trkpt>
   <trkpt lat="53.307722" lon="7.917508"><ele>10</ele></trkpt>
   <trkpt lat="53.307325" lon="7.917473"><ele>10</ele></trkpt>
   <trkpt lat="53.307176" lon="7.917425"><ele>10</ele></trkpt>
   <trkpt lat="53.306695" lon="7.917215"><ele>10</ele></trkpt>
   <trkpt lat="53.306579" lon="7.917111"><ele>10.25</ele></trkpt>
   <trkpt lat="53.306057" lon="7.916815"><ele>10</ele></trkpt>
   <trkpt lat="53.305883" lon="7.916701"><ele>10</ele></trkpt>
   <trkpt lat="53.304806" lon="7.916052"><ele>9</ele></trkpt>
   <trkpt lat="53.304603" lon="7.915943"><ele>8.75</ele></trkpt>
   <trkpt lat="53.304461" lon="7.915884"><ele>8.75</ele></trkpt>
   <trkpt lat="53.304328" lon="7.915845"><ele>8.75</ele></trkpt>
   <trkpt lat="53.304203" lon="7.915775"><ele>9</ele></trkpt>
   <trkpt lat="53.303739" lon="7.915678"><ele>9</ele></trkpt>
   <trkpt lat="53.303672" lon="7.915613"><ele>9</ele></trkpt>
   <trkpt lat="53.303462" lon="7.915597"><ele>9</ele></trkpt>
   <trkpt lat="53.303154" lon="7.915611"><ele>9</ele></trkpt>
   <trkpt lat="53.302976" lon="7.915613"><ele>9</ele></trkpt>
   <trkpt lat="53.302834" lon="7.915628"><ele>9</ele></trkpt>
   <trkpt lat="53.30215" lon="7.915645"><ele>9</ele></trkpt>
   <trkpt lat="53.301617" lon="7.915677"><ele>9</ele></trkpt>
   <trkpt lat="53.301491" lon="7.915758"><ele>9</ele></trkpt>
   <trkpt lat="53.301409" lon="7.915769"><ele>8.75</ele></trkpt>
   <trkpt lat="53.301161" lon="7.915807"><ele>9</ele></trkpt>
   <trkpt lat="53.3007" lon="7.915995"><ele>9</ele></trkpt>
   <trkpt lat="53.300541" lon="7.916075"><ele>9</ele></trkpt>
   <trkpt lat="53.300055" lon="7.916363"><ele>9</ele></trkpt>
   <trkpt lat="53.299702" lon="7.91661"><ele>9</ele></trkpt>
   <trkpt lat="53.299203" lon="7.916922"><ele>8.75</ele></trkpt>
   <trkpt lat="53.298834" lon="7.917164"><ele>8.5</ele></trkpt>
   <trkpt lat="53.298748" lon="7.917201"><ele>8.25</ele></trkpt>
   <trkpt lat="53.298632" lon="7.917226"><ele>8</ele></trkpt>
   <trkpt lat="53.298395" lon="7.917366"><ele>8.5</ele></trkpt>
   <trkpt lat="53.298028" lon="7.917627"><ele>8.25</ele></trkpt>
   <trkpt lat="53.297031" lon="7.918264"><ele>8</ele></trkpt>
   <trkpt lat="53.296759" lon="7.918454"><ele>8</ele></trkpt>
   <trkpt lat="53.29613" lon="7.918855"><ele>7.75</ele></trkpt>
   <trkpt lat="53.295805" lon="7.919098"><ele>8</ele></trkpt>
   <trkpt lat="53.295604" lon="7.919248"><ele>8</ele></trkpt>
   <trkpt lat="53.295547" lon="7.919279"><ele>7.75</ele></trkpt>
   <trkpt lat="53.295351" lon="7.919406"><ele>7.75</ele></trkpt>
   <trkpt lat="53.295204" lon="7.919543"><ele>7.5</ele></trkpt>
   <trkpt lat="53.295098" lon="7.919615"><ele>7.75</ele></trkpt>
   <trkpt lat="53.294273" lon="7.92012"><ele>8</ele></trkpt>
   <trkpt lat="53.293969" lon="7.92034"><ele>8.5</ele></trkpt>
   <trkpt lat="53.293731" lon="7.920389"><ele>8.25</ele></trkpt>
   <trkpt lat="53.293197" lon="7.920703"><ele>9</ele></trkpt>
   <trkpt lat="53.291784" lon="7.921661"><ele>9</ele></trkpt>
   <trkpt lat="53.291595" lon="7.921816"><ele>9</ele></trkpt>
   <trkpt lat="53.29147" lon="7.92192"><ele>9</ele></trkpt>
   <trkpt lat="53.291364" lon="7.921992"><ele>9</ele></trkpt>
   <trkpt lat="53.29099" lon="7.922216"><ele>9</ele></trkpt>
   <trkpt lat="53.290885" lon="7.922328"><ele>9</ele></trkpt>
   <trkpt lat="53.290762" lon="7.922399"><ele>9</ele></trkpt>
   <trkpt lat="53.290558" lon="7.922465"><ele>9</ele></trkpt>
   <trkpt lat="53.290141" lon="7.922527"><ele>9</ele></trkpt>
   <trkpt lat="53.289689" lon="7.922441"><ele>9</ele></trkpt>
   <trkpt lat="53.289552" lon="7.922358"><ele>9</ele></trkpt>
   <trkpt lat="53.289193" lon="7.922226"><ele>9</ele></trkpt>
   <trkpt lat="53.288965" lon="7.922179"><ele>9</ele></trkpt>
   <trkpt lat="53.288819" lon="7.922135"><ele>9</ele></trkpt>
   <trkpt lat="53.288515" lon="7.922038"><ele>9</ele></trkpt>
   <trkpt lat="53.288309" lon="7.921952"><ele>9</ele></trkpt>
   <trkpt lat="53.288018" lon="7.92185"><ele>9</ele></trkpt>
   <trkpt lat="53.287713" lon="7.921821"><ele>9</ele></trkpt>
   <trkpt lat="53.28747" lon="7.921875"><ele>9</ele></trkpt>
   <trkpt lat="53.287337" lon="7.921924"><ele>9</ele></trkpt>
   <trkpt lat="53.28724" lon="7.921985"><ele>8.75</ele></trkpt>
   <trkpt lat="53.28668" lon="7.922331"><ele>8.25</ele></trkpt>
   <trkpt lat="53.286289" lon="7.922554"><ele>8</ele></trkpt>
   <trkpt lat="53.285892" lon="7.922796"><ele>8.25</ele></trkpt>
   <trkpt lat="53.285476" lon="7.923064"><ele>9</ele></trkpt>
   <trkpt lat="53.285167" lon="7.923342"><ele>9</ele></trkpt>
   <trkpt lat="53.285003" lon="7.923473"><ele>9</ele></trkpt>
   <trkpt lat="53.284883" lon="7.923597"><ele>9</ele></trkpt>
   <trkpt lat="53.284556" lon="7.923895"><ele>9</ele></trkpt>
   <trkpt lat="53.284448" lon="7.923977"><ele>9</ele></trkpt>
   <trkpt lat="53.283062" lon="7.92487"><ele>9</ele></trkpt>
   <trkpt lat="53.282956" lon="7.92494"><ele>9</ele></trkpt>
   <trkpt lat="53.282306" lon="7.925319"><ele>8.75</ele></trkpt>
   <trkpt lat="53.281995" lon="7.925477"><ele>8.75</ele></trkpt>
   <trkpt lat="53.281171" lon="7.925898"><ele>7.25</ele></trkpt>
   <trkpt lat="53.280342" lon="7.926293"><ele>7.5</ele></trkpt>
   <trkpt lat="53.2793" lon="7.926807"><ele>7.25</ele></trkpt>
   <trkpt lat="53.278599" lon="7.927175"><ele>7.75</ele></trkpt>
   <trkpt lat="53.278095" lon="7.927488"><ele>8</ele></trkpt>
   <trkpt lat="53.27772" lon="7.927735"><ele>8</ele></trkpt>
   <trkpt lat="53.277305" lon="7.928005"><ele>8</ele></trkpt>
   <trkpt lat="53.276689" lon="7.928401"><ele>8</ele></trkpt>
   <trkpt lat="53.27663" lon="7.928302"><ele>8</ele></trkpt>
   <trkpt lat="53.276566" lon="7.928244"><ele>8</ele></trkpt>
   <trkpt lat="53.273849" lon="7.92702"><ele>8.25</ele></trkpt>
   <trkpt lat="53.273322" lon="7.926936"><ele>8</ele></trkpt>
   <trkpt lat="53.272971" lon="7.926878"><ele>8</ele></trkpt>
   <trkpt lat="53.272961" lon="7.926885"><ele>8</ele></trkpt>
   <trkpt lat="53.271835" lon="7.926736"><ele>9</ele></trkpt>
   <trkpt lat="53.271789" lon="7.926726"><ele>9</ele></trkpt>
   <trkpt lat="53.271742" lon="7.926784"><ele>9</ele></trkpt>
   <trkpt lat="53.271603" lon="7.926748"><ele>8.75</ele></trkpt>
   <trkpt lat="53.271565" lon="7.926729"><ele>8.75</ele></trkpt>
   <trkpt lat="53.271275" lon="7.926572"><ele>9.25</ele></trkpt>
   <trkpt lat="53.271063" lon="7.926356"><ele>10.5</ele></trkpt>
   <trkpt lat="53.270557" lon="7.925957"><ele>11.5</ele></trkpt>
   <trkpt lat="53.269898" lon="7.925412"><ele>12</ele></trkpt>
   <trkpt lat="53.26972" lon="7.925237"><ele>12.25</ele></trkpt>
   <trkpt lat="53.269592" lon="7.925082"><ele>12.5</ele></trkpt>
   <trkpt lat="53.269406" lon="7.924805"><ele>12.5</ele></trkpt>
   <trkpt lat="53.269305" lon="7.924616"><ele>10.75</ele></trkpt>
   <trkpt lat="53.269169" lon="7.924298"><ele>11.5</ele></trkpt>
   <trkpt lat="53.269015" lon="7.923798"><ele>10</ele></trkpt>
   <trkpt lat="53.268965" lon="7.923684"><ele>10.25</ele></trkpt>
   <trkpt lat="53.268949" lon="7.923611"><ele>10.5</ele></trkpt>
   <trkpt lat="53.268998" lon="7.923565"><ele>10</ele></trkpt>
   <trkpt lat="53.268755" lon="7.922681"><ele>10</ele></trkpt>
   <trkpt lat="53.268642" lon="7.922254"><ele>10</ele></trkpt>
   <trkpt lat="53.26852" lon="7.921819"><ele>10</ele></trkpt>
   <trkpt lat="53.268169" lon="7.920574"><ele>10</ele></trkpt>
   <trkpt lat="53.268051" lon="7.920155"><ele>10</ele></trkpt>
   <trkpt lat="53.267963" lon="7.919845"><ele>10</ele></trkpt>
   <trkpt lat="53.26786" lon="7.919462"><ele>9.25</ele></trkpt>
   <trkpt lat="53.267819" lon="7.919304"><ele>9.5</ele></trkpt>
   <trkpt lat="53.267757" lon="7.919059"><ele>9.5</ele></trkpt>
   <trkpt lat="53.267679" lon="7.918828"><ele>9</ele></trkpt>
   <trkpt lat="53.267563" lon="7.918638"><ele>9</ele></trkpt>
   <trkpt lat="53.267058" lon="7.917902"><ele>8.5</ele></trkpt>
   <trkpt lat="53.266562" lon="7.917162"><ele>8.25</ele></trkpt>
   <trkpt lat="53.266018" lon="7.916353"><ele>8.75</ele></trkpt>
   <trkpt lat="53.265614" lon="7.91574"><ele>8.75</ele></trkpt>
   <trkpt lat="53.264714" lon="7.914405"><ele>9</ele></trkpt>
   <trkpt lat="53.264418" lon="7.913952"><ele>9</ele></trkpt>
   <trkpt lat="53.264342" lon="7.91383"><ele>8.75</ele></trkpt>
   <trkpt lat="53.264317" lon="7.913764"><ele>8.5</ele></trkpt>
   <trkpt lat="53.264298" lon="7.913704"><ele>8.25</ele></trkpt>
   <trkpt lat="53.264057" lon="7.912982"><ele>8</ele></trkpt>
   <trkpt lat="53.263988" lon="7.912821"><ele>8</ele></trkpt>
   <trkpt lat="53.263914" lon="7.912727"><ele>8</ele></trkpt>
   <trkpt lat="53.263845" lon="7.912676"><ele>7.75</ele></trkpt>
   <trkpt lat="53.26378" lon="7.912653"><ele>7.75</ele></trkpt>
   <trkpt lat="53.263711" lon="7.912642"><ele>7.5</ele></trkpt>
   <trkpt lat="53.263656" lon="7.912645"><ele>7.5</ele></trkpt>
   <trkpt lat="53.263278" lon="7.912752"><ele>7</ele></trkpt>
   <trkpt lat="53.263109" lon="7.912808"><ele>7</ele></trkpt>
   <trkpt lat="53.262959" lon="7.91286"><ele>7</ele></trkpt>
   <trkpt lat="53.262683" lon="7.912962"><ele>7</ele></trkpt>
   <trkpt lat="53.262253" lon="7.913112"><ele>7</ele></trkpt>
   <trkpt lat="53.26208" lon="7.913172"><ele>7</ele></trkpt>
   <trkpt lat="53.262038" lon="7.913195"><ele>7</ele></trkpt>
   <trkpt lat="53.26199" lon="7.913238"><ele>7</ele></trkpt>
   <trkpt lat="53.261817" lon="7.913427"><ele>7</ele></trkpt>
   <trkpt lat="53.261734" lon="7.91354"><ele>7</ele></trkpt>
   <trkpt lat="53.261718" lon="7.913568"><ele>7</ele></trkpt>
   <trkpt lat="53.261381" lon="7.91417"><ele>7</ele></trkpt>
   <trkpt lat="53.261367" lon="7.914193"><ele>7</ele></trkpt>
   <trkpt lat="53.261316" lon="7.914283"><ele>7</ele></trkpt>
   <trkpt lat="53.261258" lon="7.914383"><ele>7</ele></trkpt>
   <trkpt lat="53.261107" lon="7.914646"><ele>6.75</ele></trkpt>
   <trkpt lat="53.261096" lon="7.914666"><ele>7</ele></trkpt>
   <trkpt lat="53.261082" lon="7.914686"><ele>7</ele></trkpt>
   <trkpt lat="53.260858" lon="7.915057"><ele>7</ele></trkpt>
   <trkpt lat="53.260784" lon="7.915226"><ele>7</ele></trkpt>
   <trkpt lat="53.260757" lon="7.915321"><ele>7</ele></trkpt>
   <trkpt lat="53.260456" lon="7.915336"><ele>7</ele></trkpt>
   <trkpt lat="53.260314" lon="7.915347"><ele>7</ele></trkpt>
   <trkpt lat="53.260065" lon="7.915415"><ele>6.5</ele></trkpt>
   <trkpt lat="53.259891" lon="7.915486"><ele>6.75</ele></trkpt>
   <trkpt lat="53.259866" lon="7.915496"><ele>6.75</ele></trkpt>
   <trkpt lat="53.259468" lon="7.915607"><ele>6</ele></trkpt>
   <trkpt lat="53.259311" lon="7.915635"><ele>5.75</ele></trkpt>
   <trkpt lat="53.258983" lon="7.91576"><ele>5.75</ele></trkpt>
   <trkpt lat="53.258836" lon="7.915834"><ele>6</ele></trkpt>
   <trkpt lat="53.258793" lon="7.915861"><ele>6</ele></trkpt>
   <trkpt lat="53.25868" lon="7.915888"><ele>6</ele></trkpt>
   <trkpt lat="53.258432" lon="7.915883"><ele>5.25</ele></trkpt>
   <trkpt lat="53.258287" lon="7.915938"><ele>5</ele></trkpt>
   <trkpt lat="53.258152" lon="7.916031"><ele>5.25</ele></trkpt>
   <trkpt lat="53.257993" lon="7.916223"><ele>5.75</ele></trkpt>
   <trkpt lat="53.257898" lon="7.916355"><ele>5.25</ele></trkpt>
   <trkpt lat="53.257726" lon="7.916573"><ele>4.75</ele></trkpt>
   <trkpt lat="53.257663" lon="7.916658"><ele>4.5</ele></trkpt>
   <trkpt lat="53.257628" lon="7.916666"><ele>4.25</ele></trkpt>
   <trkpt lat="53.2576" lon="7.91664"><ele>4.25</ele></trkpt>
   <trkpt lat="53.256917" lon="7.915318"><ele>4.75</ele></trkpt>
   <trkpt lat="53.256855" lon="7.915251"><ele>4.5</ele></trkpt>
   <trkpt lat="53.25679" lon="7.915212"><ele>4.5</ele></trkpt>
   <trkpt lat="53.256692" lon="7.915186"><ele>4.25</ele></trkpt>
   <trkpt lat="53.256662" lon="7.915187"><ele>4.25</ele></trkpt>
   <trkpt lat="53.256027" lon="7.915207"><ele>4.25</ele></trkpt>
   <trkpt lat="53.255372" lon="7.915257"><ele>5</ele></trkpt>
   <trkpt lat="53.25537" lon="7.915181"><ele>5</ele></trkpt>
   <trkpt lat="53.254379" lon="7.91529"><ele>4.75</ele></trkpt>
   <trkpt lat="53.253869" lon="7.915318"><ele>4.75</ele></trkpt>
   <trkpt lat="53.253619" lon="7.915362"><ele>4</ele></trkpt>
   <trkpt lat="53.253238" lon="7.915358"><ele>4.5</ele></trkpt>
   <trkpt lat="53.252917" lon="7.91537"><ele>4.25</ele></trkpt>
   <trkpt lat="53.252747" lon="7.915346"><ele>4</ele></trkpt>
   <trkpt lat="53.252641" lon="7.915319"><ele>4</ele></trkpt>
   <trkpt lat="53.252474" lon="7.915225"><ele>4</ele></trkpt>
   <trkpt lat="53.25232" lon="7.915069"><ele>4.25</ele></trkpt>
   <trkpt lat="53.252234" lon="7.914941"><ele>4</ele></trkpt>
   <trkpt lat="53.252208" lon="7.914982"><ele>4</ele></trkpt>
   <trkpt lat="53.252136" lon="7.915092"><ele>4.5</ele></trkpt>
   <trkpt lat="53.252126" lon="7.915171"><ele>4.5</ele></trkpt>
   <trkpt lat="53.252125" lon="7.91525"><ele>4.75</ele></trkpt>
   <trkpt lat="53.252084" lon="7.915303"><ele>5</ele></trkpt>
   <trkpt lat="53.252033" lon="7.915372"><ele>5</ele></trkpt>
   <trkpt lat="53.252027" lon="7.915357"><ele>5</ele></trkpt>
   <trkpt lat="53.252008" lon="7.915349"><ele>5</ele></trkpt>
   <trkpt lat="53.251965" lon="7.915223"><ele>4.75</ele></trkpt>
   <trkpt lat="53.251929" lon="7.915116"><ele>5</ele></trkpt>
   <trkpt lat="53.251909" lon="7.915031"><ele>5</ele></trkpt>
   <trkpt lat="53.251901" lon="7.914916"><ele>5</ele></trkpt>
   <trkpt lat="53.251795" lon="7.914468"><ele>4.5</ele></trkpt>
   <trkpt lat="53.251629" lon="7.913891"><ele>5</ele></trkpt>
   <trkpt lat="53.251593" lon="7.913919"><ele>5</ele></trkpt>
   <trkpt lat="53.25149" lon="7.914"><ele>5</ele></trkpt>
   <trkpt lat="53.251383" lon="7.9141"><ele>5</ele></trkpt>
   <trkpt lat="53.251271" lon="7.91429"><ele>5</ele></trkpt>
   <trkpt lat="53.251178" lon="7.914534"><ele>5</ele></trkpt>
   <trkpt lat="53.250979" lon="7.91435"><ele>5.5</ele></trkpt>
   <trkpt lat="53.250813" lon="7.914195"><ele>6</ele></trkpt>
   <trkpt lat="53.250657" lon="7.914053"><ele>6</ele></trkpt>
   <trkpt lat="53.250468" lon="7.913881"><ele>6</ele></trkpt>
   <trkpt lat="53.250115" lon="7.913542"><ele>6</ele></trkpt>
   <trkpt lat="53.249964" lon="7.913404"><ele>6</ele></trkpt>
   <trkpt lat="53.249627" lon="7.913096"><ele>6</ele></trkpt>
   <trkpt lat="53.24915" lon="7.912632"><ele>6</ele></trkpt>
   <trkpt lat="53.249087" lon="7.912537"><ele>6</ele></trkpt>
   <trkpt lat="53.249062" lon="7.912449"><ele>6</ele></trkpt>
   <trkpt lat="53.249016" lon="7.912498"><ele>6</ele></trkpt>
   <trkpt lat="53.248537" lon="7.912819"><ele>6</ele></trkpt>
   <trkpt lat="53.248223" lon="7.912994"><ele>6</ele></trkpt>
   <trkpt lat="53.2475" lon="7.913287"><ele>6</ele></trkpt>
   <trkpt lat="53.247296" lon="7.913474"><ele>6</ele></trkpt>
   <trkpt lat="53.247075" lon="7.913679"><ele>6</ele></trkpt>
   <trkpt lat="53.246479" lon="7.914441"><ele>5</ele></trkpt>
   <trkpt lat="53.246328" lon="7.914574"><ele>5</ele></trkpt>
   <trkpt lat="53.24615" lon="7.914633"><ele>5.75</ele></trkpt>
   <trkpt lat="53.246082" lon="7.914623"><ele>6</ele></trkpt>
   <trkpt lat="53.245544" lon="7.914342"><ele>5.5</ele></trkpt>
   <trkpt lat="53.245212" lon="7.914126"><ele>5</ele></trkpt>
   <trkpt lat="53.244875" lon="7.91384"><ele>4.5</ele></trkpt>
   <trkpt lat="53.244783" lon="7.913752"><ele>4.5</ele></trkpt>
   <trkpt lat="53.244701" lon="7.913736"><ele>4.5</ele></trkpt>
   <trkpt lat="53.244532" lon="7.913909"><ele>4.5</ele></trkpt>
   <trkpt lat="53.244375" lon="7.914192"><ele>3.25</ele></trkpt>
   <trkpt lat="53.244196" lon="7.914508"><ele>3.5</ele></trkpt>
   <trkpt lat="53.243716" lon="7.915365"><ele>4</ele></trkpt>
   <trkpt lat="53.242998" lon="7.916623"><ele>6</ele></trkpt>
   <trkpt lat="53.242008" lon="7.919823"><ele>6.25</ele></trkpt>
   <trkpt lat="53.24198" lon="7.919912"><ele>6.5</ele></trkpt>
   <trkpt lat="53.241961" lon="7.919975"><ele>6.75</ele></trkpt>
   <trkpt lat="53.241652" lon="7.919767"><ele>6.75</ele></trkpt>
   <trkpt lat="53.240639" lon="7.919004"><ele>6.25</ele></trkpt>
   <trkpt lat="53.240359" lon="7.918808"><ele>6</ele></trkpt>
   <trkpt lat="53.240161" lon="7.918629"><ele>6</ele></trkpt>
   <trkpt lat="53.239922" lon="7.918306"><ele>5.75</ele></trkpt>
   <trkpt lat="53.239717" lon="7.917892"><ele>5.5</ele></trkpt>
   <trkpt lat="53.239568" lon="7.917567"><ele>5</ele></trkpt>
   <trkpt lat="53.238948" lon="7.916281"><ele>4.25</ele></trkpt>
   <trkpt lat="53.238807" lon="7.915968"><ele>4.5</ele></trkpt>
   <trkpt lat="53.238629" lon="7.915485"><ele>5</ele></trkpt>
   <trkpt lat="53.238367" lon="7.91434"><ele>5</ele></trkpt>
   <trkpt lat="53.238339" lon="7.914107"><ele>5</ele></trkpt>
   <trkpt lat="53.238274" lon="7.914151"><ele>5</ele></trkpt>
   <trkpt lat="53.236787" lon="7.915158"><ele>6</ele></trkpt>
   <trkpt lat="53.236714" lon="7.915208"><ele>6</ele></trkpt>
   <trkpt lat="53.236213" lon="7.915551"><ele>6</ele></trkpt>
   <trkpt lat="53.235623" lon="7.915997"><ele>6</ele></trkpt>
   <trkpt lat="53.234257" lon="7.917185"><ele>6</ele></trkpt>
   <trkpt lat="53.233741" lon="7.91765"><ele>6</ele></trkpt>
   <trkpt lat="53.233054" lon="7.918217"><ele>6.5</ele></trkpt>
   <trkpt lat="53.232882" lon="7.918341"><ele>6.25</ele></trkpt>
   <trkpt lat="53.232769" lon="7.918406"><ele>6</ele></trkpt>
   <trkpt lat="53.232606" lon="7.918469"><ele>6.25</ele></trkpt>
   <trkpt lat="53.232479" lon="7.918479"><ele>6.25</ele></trkpt>
   <trkpt lat="53.23212" lon="7.918487"><ele>6</ele></trkpt>
   <trkpt lat="53.23195" lon="7.918479"><ele>6</ele></trkpt>
   <trkpt lat="53.231351" lon="7.918563"><ele>5.75</ele></trkpt>
   <trkpt lat="53.231247" lon="7.918578"><ele>5.75</ele></trkpt>
   <trkpt lat="53.231114" lon="7.918642"><ele>6</ele></trkpt>
   <trkpt lat="53.23105" lon="7.918673"><ele>5.75</ele></trkpt>
   <trkpt lat="53.228997" lon="7.919447"><ele>5.25</ele></trkpt>
   <trkpt lat="53.228596" lon="7.919568"><ele>6</ele></trkpt>
   <trkpt lat="53.228289" lon="7.919788"><ele>6</ele></trkpt>
   <trkpt lat="53.226102" lon="7.921446"><ele>6.75</ele></trkpt>
   <trkpt lat="53.225286" lon="7.922038"><ele>6</ele></trkpt>
   <trkpt lat="53.224042" lon="7.923198"><ele>6</ele></trkpt>
   <trkpt lat="53.223084" lon="7.923824"><ele>6</ele></trkpt>
   <trkpt lat="53.222653" lon="7.924152"><ele>5</ele></trkpt>
   <trkpt lat="53.222328" lon="7.924619"><ele>5.5</ele></trkpt>
   <trkpt lat="53.222103" lon="7.925051"><ele>6</ele></trkpt>
   <trkpt lat="53.221798" lon="7.925412"><ele>5.75</ele></trkpt>
   <trkpt lat="53.221442" lon="7.925658"><ele>5</ele></trkpt>
   <trkpt lat="53.221165" lon="7.926049"><ele>5</ele></trkpt>
   <trkpt lat="53.220865" lon="7.926288"><ele>5</ele></trkpt>
   <trkpt lat="53.220631" lon="7.926721"><ele>5</ele></trkpt>
   <trkpt lat="53.220202" lon="7.926745"><ele>5</ele></trkpt>
   <trkpt lat="53.219747" lon="7.926965"><ele>5</ele></trkpt>
   <trkpt lat="53.219237" lon="7.927052"><ele>5</ele></trkpt>
   <trkpt lat="53.219119" lon="7.927208"><ele>4.75</ele></trkpt>
   <trkpt lat="53.219043" lon="7.927301"><ele>4.5</ele></trkpt>
   <trkpt lat="53.218977" lon="7.927383"><ele>4.5</ele></trkpt>
   <trkpt lat="53.21883" lon="7.927563"><ele>5</ele></trkpt>
   <trkpt lat="53.218588" lon="7.928338"><ele>5</ele></trkpt>
   <trkpt lat="53.218507" lon="7.928549"><ele>5</ele></trkpt>
   <trkpt lat="53.218286" lon="7.928902"><ele>5</ele></trkpt>
   <trkpt lat="53.218195" lon="7.929131"><ele>5</ele></trkpt>
   <trkpt lat="53.218048" lon="7.929555"><ele>5</ele></trkpt>
   <trkpt lat="53.21755" lon="7.930209"><ele>5</ele></trkpt>
   <trkpt lat="53.217244" lon="7.930687"><ele>5</ele></trkpt>
   <trkpt lat="53.217058" lon="7.930977"><ele>5</ele></trkpt>
   <trkpt lat="53.215797" lon="7.932558"><ele>6</ele></trkpt>
   <trkpt lat="53.21565" lon="7.932673"><ele>5.75</ele></trkpt>
   <trkpt lat="53.215348" lon="7.93289"><ele>6</ele></trkpt>
   <trkpt lat="53.21499" lon="7.933186"><ele>6</ele></trkpt>
   <trkpt lat="53.214318" lon="7.933374"><ele>6.5</ele></trkpt>
   <trkpt lat="53.21352" lon="7.933025"><ele>7</ele></trkpt>
   <trkpt lat="53.212897" lon="7.93275"><ele>7</ele></trkpt>
   <trkpt lat="53.212851" lon="7.932898"><ele>7</ele></trkpt>
   <trkpt lat="53.212649" lon="7.932731"><ele>7.5</ele></trkpt>
   <trkpt lat="53.212587" lon="7.932679"><ele>7.75</ele></trkpt>
   <trkpt lat="53.212463" lon="7.932576"><ele>8</ele></trkpt>
   <trkpt lat="53.211996" lon="7.932192"><ele>7.75</ele></trkpt>
   <trkpt lat="53.21192" lon="7.932121"><ele>7.5</ele></trkpt>
   <trkpt lat="53.211864" lon="7.932041"><ele>7.25</ele></trkpt>
   <trkpt lat="53.211841" lon="7.931927"><ele>7</ele></trkpt>
   <trkpt lat="53.211601" lon="7.931952"><ele>7.25</ele></trkpt>
   <trkpt lat="53.211552" lon="7.931939"><ele>7.25</ele></trkpt>
   <trkpt lat="53.210438" lon="7.931662"><ele>7</ele></trkpt>
   <trkpt lat="53.210219" lon="7.931647"><ele>7</ele></trkpt>
   <trkpt lat="53.210165" lon="7.931658"><ele>7</ele></trkpt>
   <trkpt lat="53.210101" lon="7.931669"><ele>7</ele></trkpt>
   <trkpt lat="53.209812" lon="7.931889"><ele>7</ele></trkpt>
   <trkpt lat="53.209657" lon="7.932025"><ele>6.75</ele></trkpt>
   <trkpt lat="53.209406" lon="7.932217"><ele>6</ele></trkpt>
   <trkpt lat="53.209093" lon="7.932521"><ele>6</ele></trkpt>
   <trkpt lat="53.209001" lon="7.932669"><ele>6</ele></trkpt>
   <trkpt lat="53.207977" lon="7.934347"><ele>5.25</ele></trkpt>
   <trkpt lat="53.207348" lon="7.935408"><ele>6</ele></trkpt>
   <trkpt lat="53.207047" lon="7.935781"><ele>6</ele></trkpt>
   <trkpt lat="53.207004" lon="7.935809"><ele>6</ele></trkpt>
   <trkpt lat="53.206786" lon="7.935933"><ele>6</ele></trkpt>
   <trkpt lat="53.206647" lon="7.935991"><ele>6</ele></trkpt>
   <trkpt lat="53.206209" lon="7.936179"><ele>6</ele></trkpt>
   <trkpt lat="53.206192" lon="7.936119"><ele>6</ele></trkpt>
   <trkpt lat="53.206151" lon="7.936059"><ele>6</ele></trkpt>
   <trkpt lat="53.205548" lon="7.935178"><ele>6</ele></trkpt>
   <trkpt lat="53.205064" lon="7.9345"><ele>6</ele></trkpt>
   <trkpt lat="53.20494" lon="7.934349"><ele>6</ele></trkpt>
   <trkpt lat="53.204832" lon="7.934238"><ele>6</ele></trkpt>
   <trkpt lat="53.204715" lon="7.934159"><ele>6</ele></trkpt>
   <trkpt lat="53.204009" lon="7.933994"><ele>6</ele></trkpt>
   <trkpt lat="53.203569" lon="7.933912"><ele>6</ele></trkpt>
   <trkpt lat="53.203406" lon="7.9339"><ele>6</ele></trkpt>
   <trkpt lat="53.203268" lon="7.933936"><ele>6</ele></trkpt>
   <trkpt lat="53.202807" lon="7.934161"><ele>6</ele></trkpt>
   <trkpt lat="53.202663" lon="7.934174"><ele>6</ele></trkpt>
   <trkpt lat="53.20204" lon="7.934123"><ele>6</ele></trkpt>
   <trkpt lat="53.200839" lon="7.933855"><ele>6</ele></trkpt>
   <trkpt lat="53.200628" lon="7.933785"><ele>6.25</ele></trkpt>
   <trkpt lat="53.199526" lon="7.933152"><ele>6</ele></trkpt>
   <trkpt lat="53.199158" lon="7.93293"><ele>6</ele></trkpt>
   <trkpt lat="53.198449" lon="7.932697"><ele>6</ele></trkpt>
   <trkpt lat="53.19797" lon="7.932607"><ele>6</ele></trkpt>
   <trkpt lat="53.197714" lon="7.932532"><ele>5.75</ele></trkpt>
   <trkpt lat="53.197469" lon="7.932401"><ele>5.75</ele></trkpt>
   <trkpt lat="53.197086" lon="7.932043"><ele>6</ele></trkpt>
   <trkpt lat="53.196942" lon="7.931934"><ele>6</ele></trkpt>
   <trkpt lat="53.196795" lon="7.931867"><ele>6</ele></trkpt>
   <trkpt lat="53.195497" lon="7.931593"><ele>6.25</ele></trkpt>
   <trkpt lat="53.195167" lon="7.931471"><ele>6.25</ele></trkpt>
   <trkpt lat="53.194314" lon="7.931156"><ele>7</ele></trkpt>
   <trkpt lat="53.194025" lon="7.931085"><ele>7</ele></trkpt>
   <trkpt lat="53.193711" lon="7.931073"><ele>7</ele></trkpt>
   <trkpt lat="53.193508" lon="7.93109"><ele>7</ele></trkpt>
   <trkpt lat="53.193286" lon="7.931116"><ele>7</ele></trkpt>
   <trkpt lat="53.193163" lon="7.931167"><ele>7</ele></trkpt>
   <trkpt lat="53.193075" lon="7.931247"><ele>6.75</ele></trkpt>
   <trkpt lat="53.191946" lon="7.932004"><ele>7</ele></trkpt>
   <trkpt lat="53.191717" lon="7.932127"><ele>6.5</ele></trkpt>
   <trkpt lat="53.191476" lon="7.932164"><ele>6.75</ele></trkpt>
   <trkpt lat="53.191372" lon="7.932145"><ele>6.5</ele></trkpt>
   <trkpt lat="53.190223" lon="7.932039"><ele>7</ele></trkpt>
   <trkpt lat="53.189079" lon="7.931953"><ele>6</ele></trkpt>
   <trkpt lat="53.188966" lon="7.931959"><ele>6</ele></trkpt>
   <trkpt lat="53.188577" lon="7.931759"><ele>6</ele></trkpt>
   <trkpt lat="53.187585" lon="7.930466"><ele>6.25</ele></trkpt>
   <trkpt lat="53.18726" lon="7.93008"><ele>5.75</ele></trkpt>
   <trkpt lat="53.187116" lon="7.929992"><ele>6</ele></trkpt>
   <trkpt lat="53.184179" lon="7.928836"><ele>5</ele></trkpt>
   <trkpt lat="53.184019" lon="7.928736"><ele>5.25</ele></trkpt>
   <trkpt lat="53.183949" lon="7.928695"><ele>5.5</ele></trkpt>
   <trkpt lat="53.18386" lon="7.928649"><ele>5.5</ele></trkpt>
   <trkpt lat="53.183841" lon="7.928612"><ele>5.5</ele></trkpt>
   <trkpt lat="53.183818" lon="7.928553"><ele>5.25</ele></trkpt>
   <trkpt lat="53.183674" lon="7.928721"><ele>5</ele></trkpt>
   <trkpt lat="53.183608" lon="7.928807"><ele>5</ele></trkpt>
   <trkpt lat="53.183537" lon="7.928895"><ele>5</ele></trkpt>
   <trkpt lat="53.18342" lon="7.929045"><ele>5</ele></trkpt>
   <trkpt lat="53.183237" lon="7.929342"><ele>5</ele></trkpt>
   <trkpt lat="53.183003" lon="7.929828"><ele>5.5</ele></trkpt>
   <trkpt lat="53.182931" lon="7.930008"><ele>5</ele></trkpt>
   <trkpt lat="53.182791" lon="7.930424"><ele>5.75</ele></trkpt>
   <trkpt lat="53.182678" lon="7.930866"><ele>5.5</ele></trkpt>
   <trkpt lat="53.182586" lon="7.931298"><ele>5.25</ele></trkpt>
   <trkpt lat="53.182544" lon="7.931633"><ele>5.75</ele></trkpt>
   <trkpt lat="53.182516" lon="7.931963"><ele>6.75</ele></trkpt>
   <trkpt lat="53.182494" lon="7.932323"><ele>6.75</ele></trkpt>
   <trkpt lat="53.182499" lon="7.932658"><ele>7</ele></trkpt>
   <trkpt lat="53.182456" lon="7.93267"><ele>6.75</ele></trkpt>
   <trkpt lat="53.180402" lon="7.933592"><ele>7</ele></trkpt>
   <trkpt lat="53.178312" lon="7.934546"><ele>7.25</ele></trkpt>
   <trkpt lat="53.178241" lon="7.934578"><ele>7.25</ele></trkpt>
   <trkpt lat="53.177621" lon="7.934835"><ele>7.25</ele></trkpt>
   <trkpt lat="53.177367" lon="7.93498"><ele>7.25</ele></trkpt>
   <trkpt lat="53.176769" lon="7.93516"><ele>7.25</ele></trkpt>
   <trkpt lat="53.176335" lon="7.935292"><ele>7</ele></trkpt>
   <trkpt lat="53.17401" lon="7.93599"><ele>7.5</ele></trkpt>
   <trkpt lat="53.172268" lon="7.936482"><ele>7.75</ele></trkpt>
   <trkpt lat="53.170945" lon="7.936873"><ele>8</ele></trkpt>
   <trkpt lat="53.170792" lon="7.936908"><ele>8</ele></trkpt>
   <trkpt lat="53.170498" lon="7.937013"><ele>8</ele></trkpt>
   <trkpt lat="53.170222" lon="7.936961"><ele>7.75</ele></trkpt>
   <trkpt lat="53.169132" lon="7.936998"><ele>7</ele></trkpt>
   <trkpt lat="53.169052" lon="7.937"><ele>7</ele></trkpt>
   <trkpt lat="53.168921" lon="7.937007"><ele>7</ele></trkpt>
   <trkpt lat="53.16857" lon="7.937029"><ele>7</ele></trkpt>
   <trkpt lat="53.16836" lon="7.937036"><ele>7</ele></trkpt>
   <trkpt lat="53.166642" lon="7.937072"><ele>7</ele></trkpt>
   <trkpt lat="53.166517" lon="7.93708"><ele>7</ele></trkpt>
   <trkpt lat="53.165883" lon="7.937101"><ele>7</ele></trkpt>
   <trkpt lat="53.165565" lon="7.937117"><ele>7.25</ele></trkpt>
   <trkpt lat="53.165507" lon="7.937119"><ele>7.25</ele></trkpt>
   <trkpt lat="53.164322" lon="7.937154"><ele>7.25</ele></trkpt>
   <trkpt lat="53.163503" lon="7.937176"><ele>8</ele></trkpt>
   <trkpt lat="53.163092" lon="7.937188"><ele>8</ele></trkpt>
   <trkpt lat="53.162953" lon="7.937191"><ele>8.25</ele></trkpt>
   <trkpt lat="53.162244" lon="7.937204"><ele>8</ele></trkpt>
   <trkpt lat="53.162157" lon="7.937194"><ele>8</ele></trkpt>
   <trkpt lat="53.162072" lon="7.937159"><ele>8</ele></trkpt>
   <trkpt lat="53.161843" lon="7.937041"><ele>8</ele></trkpt>
   <trkpt lat="53.161171" lon="7.936597"><ele>8</ele></trkpt>
   <trkpt lat="53.160803" lon="7.936383"><ele>8</ele></trkpt>
   <trkpt lat="53.160706" lon="7.936343"><ele>8</ele></trkpt>
   <trkpt lat="53.160602" lon="7.936325"><ele>8</ele></trkpt>
   <trkpt lat="53.16049" lon="7.936348"><ele>8</ele></trkpt>
   <trkpt lat="53.160241" lon="7.936445"><ele>7.75</ele></trkpt>
   <trkpt lat="53.159766" lon="7.936621"><ele>8</ele></trkpt>
   <trkpt lat="53.159517" lon="7.936687"><ele>8</ele></trkpt>
   <trkpt lat="53.158979" lon="7.93677"><ele>8.5</ele></trkpt>
   <trkpt lat="53.158667" lon="7.936792"><ele>9</ele></trkpt>
   <trkpt lat="53.1577" lon="7.936904"><ele>9.75</ele></trkpt>
   <trkpt lat="53.156392" lon="7.937055"><ele>9.25</ele></trkpt>
   <trkpt lat="53.154856" lon="7.937222"><ele>8.75</ele></trkpt>
   <trkpt lat="53.152607" lon="7.937497"><ele>10</ele></trkpt>
   <trkpt lat="53.151713" lon="7.937659"><ele>10.25</ele></trkpt>
   <trkpt lat="53.150807" lon="7.937803"><ele>9.75</ele></trkpt>
   <trkpt lat="53.150468" lon="7.93786"><ele>9.5</ele></trkpt>
   <trkpt lat="53.150139" lon="7.937897"><ele>9.5</ele></trkpt>
   <trkpt lat="53.149772" lon="7.937938"><ele>9</ele></trkpt>
   <trkpt lat="53.148987" lon="7.938028"><ele>9</ele></trkpt>
   <trkpt lat="53.148647" lon="7.938066"><ele>8</ele></trkpt>
   <trkpt lat="53.148466" lon="7.938103"><ele>8.5</ele></trkpt>
   <trkpt lat="53.148321" lon="7.938226"><ele>9</ele></trkpt>
   <trkpt lat="53.148123" lon="7.938515"><ele>8.75</ele></trkpt>
   <trkpt lat="53.148087" lon="7.938568"><ele>8.75</ele></trkpt>
   <trkpt lat="53.147858" lon="7.939026"><ele>8</ele></trkpt>
   <trkpt lat="53.147502" lon="7.939964"><ele>8</ele></trkpt>
   <trkpt lat="53.147214" lon="7.940712"><ele>8</ele></trkpt>
   <trkpt lat="53.147188" lon="7.940809"><ele>8</ele></trkpt>
   <trkpt lat="53.147178" lon="7.940898"><ele>8</ele></trkpt>
   <trkpt lat="53.147179" lon="7.940984"><ele>8</ele></trkpt>
   <trkpt lat="53.147182" lon="7.941036"><ele>8</ele></trkpt>
   <trkpt lat="53.147181" lon="7.941142"><ele>8</ele></trkpt>
   <trkpt lat="53.147093" lon="7.941147"><ele>8</ele></trkpt>
   <trkpt lat="53.146912" lon="7.941156"><ele>8</ele></trkpt>
   <trkpt lat="53.14634" lon="7.941298"><ele>8</ele></trkpt>
   <trkpt lat="53.146207" lon="7.941331"><ele>8</ele></trkpt>
   <trkpt lat="53.145267" lon="7.941359"><ele>8</ele></trkpt>
   <trkpt lat="53.14499" lon="7.941342"><ele>8</ele></trkpt>
   <trkpt lat="53.144804" lon="7.941301"><ele>8</ele></trkpt>
   <trkpt lat="53.14467" lon="7.941254"><ele>8</ele></trkpt>
   <trkpt lat="53.144357" lon="7.941059"><ele>8</ele></trkpt>
   <trkpt lat="53.144274" lon="7.94098"><ele>8</ele></trkpt>
   <trkpt lat="53.144162" lon="7.941206"><ele>8</ele></trkpt>
   <trkpt lat="53.144093" lon="7.941303"><ele>8</ele></trkpt>
   <trkpt lat="53.14382" lon="7.94156"><ele>8</ele></trkpt>
   <trkpt lat="53.143762" lon="7.941639"><ele>8</ele></trkpt>
   <trkpt lat="53.143532" lon="7.942031"><ele>7</ele></trkpt>
   <trkpt lat="53.143287" lon="7.942492"><ele>6.75</ele></trkpt>
   <trkpt lat="53.143227" lon="7.942594"><ele>6.5</ele></trkpt>
   <trkpt lat="53.142549" lon="7.943757"><ele>5</ele></trkpt>
   <trkpt lat="53.14237" lon="7.944056"><ele>5</ele></trkpt>
   <trkpt lat="53.142017" lon="7.944671"><ele>5</ele></trkpt>
   <trkpt lat="53.141823" lon="7.945"><ele>5</ele></trkpt>
   <trkpt lat="53.141712" lon="7.945146"><ele>5</ele></trkpt>
   <trkpt lat="53.141615" lon="7.945234"><ele>5</ele></trkpt>
   <trkpt lat="53.141468" lon="7.945304"><ele>5</ele></trkpt>
   <trkpt lat="53.139923" lon="7.945684"><ele>6</ele></trkpt>
   <trkpt lat="53.139283" lon="7.945825"><ele>6</ele></trkpt>
   <trkpt lat="53.139084" lon="7.945869"><ele>6</ele></trkpt>
   <trkpt lat="53.137995" lon="7.946081"><ele>6</ele></trkpt>
   <trkpt lat="53.137911" lon="7.946098"><ele>6</ele></trkpt>
   <trkpt lat="53.135807" lon="7.946597"><ele>6</ele></trkpt>
   <trkpt lat="53.135558" lon="7.946664"><ele>6</ele></trkpt>
   <trkpt lat="53.135475" lon="7.946704"><ele>5.5</ele></trkpt>
   <trkpt lat="53.132095" lon="7.948708"><ele>6</ele></trkpt>
   <trkpt lat="53.131875" lon="7.948846"><ele>6</ele></trkpt>
   <trkpt lat="53.131727" lon="7.948902"><ele>6</ele></trkpt>
   <trkpt lat="53.131599" lon="7.948919"><ele>6</ele></trkpt>
   <trkpt lat="53.131504" lon="7.948914"><ele>6.5</ele></trkpt>
   <trkpt lat="53.131408" lon="7.948889"><ele>6.75</ele></trkpt>
   <trkpt lat="53.130769" lon="7.948611"><ele>7</ele></trkpt>
   <trkpt lat="53.129532" lon="7.948026"><ele>6.75</ele></trkpt>
   <trkpt lat="53.126692" lon="7.946757"><ele>6</ele></trkpt>
   <trkpt lat="53.124141" lon="7.945579"><ele>6</ele></trkpt>
   <trkpt lat="53.123893" lon="7.945531"><ele>6</ele></trkpt>
   <trkpt lat="53.122136" lon="7.945535"><ele>6.75</ele></trkpt>
   <trkpt lat="53.121592" lon="7.945512"><ele>6.75</ele></trkpt>
   <trkpt lat="53.121041" lon="7.945386"><ele>6.5</ele></trkpt>
   <trkpt lat="53.120864" lon="7.945294"><ele>6.75</ele></trkpt>
   <trkpt lat="53.120721" lon="7.94551"><ele>7</ele></trkpt>
   <trkpt lat="53.120202" lon="7.945757"><ele>6</ele></trkpt>
   <trkpt lat="53.118781" lon="7.945984"><ele>5.5</ele></trkpt>
   <trkpt lat="53.118497" lon="7.945949"><ele>5.75</ele></trkpt>
   <trkpt lat="53.118355" lon="7.945932"><ele>5.25</ele></trkpt>
   <trkpt lat="53.118223" lon="7.945916"><ele>5.25</ele></trkpt>
   <trkpt lat="53.118083" lon="7.945899"><ele>5</ele></trkpt>
   <trkpt lat="53.11798" lon="7.945912"><ele>5.25</ele></trkpt>
   <trkpt lat="53.117954" lon="7.945916"><ele>5.5</ele></trkpt>
   <trkpt lat="53.117686" lon="7.947874"><ele>5</ele></trkpt>
   <trkpt lat="53.117632" lon="7.947838"><ele>5</ele></trkpt>
   <trkpt lat="53.117596" lon="7.947813"><ele>5</ele></trkpt>
   <trkpt lat="53.11754" lon="7.947725"><ele>5</ele></trkpt>
   <trkpt lat="53.117414" lon="7.94753"><ele>5</ele></trkpt>
   <trkpt lat="53.116818" lon="7.946651"><ele>5</ele></trkpt>
   <trkpt lat="53.116753" lon="7.946556"><ele>5</ele></trkpt>
   <trkpt lat="53.116463" lon="7.946144"><ele>5</ele></trkpt>
   <trkpt lat="53.116131" lon="7.945672"><ele>5</ele></trkpt>
   <trkpt lat="53.115154" lon="7.944472"><ele>4.75</ele></trkpt>
   <trkpt lat="53.114787" lon="7.943806"><ele>4</ele></trkpt>
   <trkpt lat="53.11451" lon="7.943145"><ele>4</ele></trkpt>
   <trkpt lat="53.114414" lon="7.942847"><ele>4.5</ele></trkpt>
   <trkpt lat="53.114267" lon="7.942722"><ele>4.25</ele></trkpt>
   <trkpt lat="53.113777" lon="7.943184"><ele>4</ele></trkpt>
   <trkpt lat="53.113649" lon="7.94326"><ele>4</ele></trkpt>
   <trkpt lat="53.11355" lon="7.943282"><ele>4</ele></trkpt>
   <trkpt lat="53.113411" lon="7.943274"><ele>4</ele></trkpt>
   <trkpt lat="53.111201" lon="7.94242"><ele>2.5</ele></trkpt>
   <trkpt lat="53.110976" lon="7.942338"><ele>2.75</ele></trkpt>
   <trkpt lat="53.110926" lon="7.942321"><ele>3.25</ele></trkpt>
   <trkpt lat="53.110365" lon="7.942122"><ele>3</ele></trkpt>
   <trkpt lat="53.110265" lon="7.942103"><ele>2.75</ele></trkpt>
   <trkpt lat="53.110161" lon="7.942109"><ele>3.25</ele></trkpt>
   <trkpt lat="53.110014" lon="7.942148"><ele>3.75</ele></trkpt>
   <trkpt lat="53.109893" lon="7.942225"><ele>3.5</ele></trkpt>
   <trkpt lat="53.108458" lon="7.943341"><ele>4</ele></trkpt>
   <trkpt lat="53.107954" lon="7.943703"><ele>3.75</ele></trkpt>
   <trkpt lat="53.107492" lon="7.944003"><ele>3.5</ele></trkpt>
   <trkpt lat="53.107327" lon="7.944066"><ele>3.5</ele></trkpt>
   <trkpt lat="53.10684" lon="7.944223"><ele>3.75</ele></trkpt>
   <trkpt lat="53.106709" lon="7.944244"><ele>3.5</ele></trkpt>
   <trkpt lat="53.106629" lon="7.944237"><ele>3.75</ele></trkpt>
   <trkpt lat="53.10653" lon="7.944208"><ele>3.75</ele></trkpt>
   <trkpt lat="53.106097" lon="7.944011"><ele>4.5</ele></trkpt>
   <trkpt lat="53.105329" lon="7.943934"><ele>4</ele></trkpt>
   <trkpt lat="53.104538" lon="7.943914"><ele>4</ele></trkpt>
   <trkpt lat="53.104088" lon="7.944009"><ele>4</ele></trkpt>
   <trkpt lat="53.103719" lon="7.944106"><ele>4.25</ele></trkpt>
   <trkpt lat="53.103139" lon="7.944333"><ele>4.5</ele></trkpt>
   <trkpt lat="53.102919" lon="7.944397"><ele>4.75</ele></trkpt>
   <trkpt lat="53.102788" lon="7.9444"><ele>4.75</ele></trkpt>
   <trkpt lat="53.102509" lon="7.944451"><ele>4.75</ele></trkpt>
   <trkpt lat="53.1023" lon="7.944517"><ele>4.25</ele></trkpt>
   <trkpt lat="53.102171" lon="7.944597"><ele>4.5</ele></trkpt>
   <trkpt lat="53.099792" lon="7.946403"><ele>5.75</ele></trkpt>
   <trkpt lat="53.097318" lon="7.948323"><ele>6.25</ele></trkpt>
   <trkpt lat="53.097243" lon="7.948418"><ele>6.5</ele></trkpt>
   <trkpt lat="53.097194" lon="7.948473"><ele>6.25</ele></trkpt>
   <trkpt lat="53.095233" lon="7.94672"><ele>7.25</ele></trkpt>
   <trkpt lat="53.094286" lon="7.945864"><ele>7</ele></trkpt>
   <trkpt lat="53.093651" lon="7.945303"><ele>6.75</ele></trkpt>
   <trkpt lat="53.093278" lon="7.944973"><ele>7.5</ele></trkpt>
   <trkpt lat="53.093089" lon="7.94482"><ele>7.5</ele></trkpt>
   <trkpt lat="53.092983" lon="7.94475"><ele>7.5</ele></trkpt>
   <trkpt lat="53.092847" lon="7.944592"><ele>7.25</ele></trkpt>
   <trkpt lat="53.091228" lon="7.943148"><ele>7</ele></trkpt>
   <trkpt lat="53.090654" lon="7.942632"><ele>7.5</ele></trkpt>
   <trkpt lat="53.089144" lon="7.941283"><ele>7.75</ele></trkpt>
   <trkpt lat="53.088469" lon="7.94062"><ele>7.75</ele></trkpt>
   <trkpt lat="53.088356" lon="7.940547"><ele>8</ele></trkpt>
   <trkpt lat="53.088234" lon="7.940509"><ele>7.5</ele></trkpt>
   <trkpt lat="53.088176" lon="7.940474"><ele>7.5</ele></trkpt>
   <trkpt lat="53.088115" lon="7.940409"><ele>7.5</ele></trkpt>
   <trkpt lat="53.088092" lon="7.940371"><ele>7.5</ele></trkpt>
   <trkpt lat="53.088072" lon="7.940309"><ele>7.75</ele></trkpt>
   <trkpt lat="53.087998" lon="7.940036"><ele>8.75</ele></trkpt>
   <trkpt lat="53.087978" lon="7.939977"><ele>8.75</ele></trkpt>
   <trkpt lat="53.087947" lon="7.939929"><ele>8.75</ele></trkpt>
   <trkpt lat="53.087905" lon="7.939886"><ele>9</ele></trkpt>
   <trkpt lat="53.087841" lon="7.939849"><ele>9.25</ele></trkpt>
   <trkpt lat="53.087773" lon="7.939831"><ele>9.5</ele></trkpt>
   <trkpt lat="53.087694" lon="7.939831"><ele>9.5</ele></trkpt>
   <trkpt lat="53.08762" lon="7.939865"><ele>9.75</ele></trkpt>
   <trkpt lat="53.087604" lon="7.939913"><ele>9.5</ele></trkpt>
   <trkpt lat="53.087528" lon="7.939884"><ele>9.75</ele></trkpt>
   <trkpt lat="53.087452" lon="7.939855"><ele>9</ele></trkpt>
   <trkpt lat="53.087462" lon="7.939784"><ele>9.25</ele></trkpt>
   <trkpt lat="53.087455" lon="7.939671"><ele>9</ele></trkpt>
   <trkpt lat="53.087434" lon="7.939645"><ele>8.75</ele></trkpt>
   <trkpt lat="53.08738" lon="7.939617"><ele>7.75</ele></trkpt>
   <trkpt lat="53.087012" lon="7.939471"><ele>8.5</ele></trkpt>
   <trkpt lat="53.086982" lon="7.939461"><ele>9</ele></trkpt>
   <trkpt lat="53.086958" lon="7.939466"><ele>9.5</ele></trkpt>
   <trkpt lat="53.086898" lon="7.939517"><ele>9</ele></trkpt>
   <trkpt lat="53.086885" lon="7.939519"><ele>8.75</ele></trkpt>
   <trkpt lat="53.08686" lon="7.939498"><ele>8.75</ele></trkpt>
   <trkpt lat="53.086782" lon="7.939443"><ele>8.25</ele></trkpt>
   <trkpt lat="53.086728" lon="7.939404"><ele>8</ele></trkpt>
   <trkpt lat="53.086718" lon="7.939354"><ele>8.25</ele></trkpt>
   <trkpt lat="53.086687" lon="7.939292"><ele>8.5</ele></trkpt>
   <trkpt lat="53.086233" lon="7.938904"><ele>8.25</ele></trkpt>
   <trkpt lat="53.085788" lon="7.938504"><ele>8.25</ele></trkpt>
   <trkpt lat="53.085261" lon="7.93803"><ele>8</ele></trkpt>
   <trkpt lat="53.084577" lon="7.93742"><ele>8</ele></trkpt>
   <trkpt lat="53.083899" lon="7.93681"><ele>7.75</ele></trkpt>
   <trkpt lat="53.083704" lon="7.936624"><ele>8</ele></trkpt>
   <trkpt lat="53.083577" lon="7.93651"><ele>8</ele></trkpt>
   <trkpt lat="53.083535" lon="7.936473"><ele>8</ele></trkpt>
   <trkpt lat="53.082629" lon="7.935652"><ele>8</ele></trkpt>
   <trkpt lat="53.080837" lon="7.934083"><ele>7.25</ele></trkpt>
   <trkpt lat="53.078124" lon="7.931642"><ele>7.25</ele></trkpt>
   <trkpt lat="53.077664" lon="7.931233"><ele>7.5</ele></trkpt>
   <trkpt lat="53.077407" lon="7.930997"><ele>8</ele></trkpt>
   <trkpt lat="53.077191" lon="7.930805"><ele>8</ele></trkpt>
   <trkpt lat="53.076959" lon="7.930589"><ele>8</ele></trkpt>
   <trkpt lat="53.076721" lon="7.930366"><ele>8</ele></trkpt>
   <trkpt lat="53.076476" lon="7.93015"><ele>8</ele></trkpt>
   <trkpt lat="53.075762" lon="7.929511"><ele>8</ele></trkpt>
   <trkpt lat="53.074091" lon="7.928056"><ele>8</ele></trkpt>
   <trkpt lat="53.072048" lon="7.92623"><ele>8</ele></trkpt>
   <trkpt lat="53.070406" lon="7.924715"><ele>7.75</ele></trkpt>
   <trkpt lat="53.069489" lon="7.923864"><ele>8</ele></trkpt>
   <trkpt lat="53.069083" lon="7.923462"><ele>7.75</ele></trkpt>
   <trkpt lat="53.068567" lon="7.922958"><ele>7.25</ele></trkpt>
   <trkpt lat="53.067939" lon="7.922378"><ele>7.5</ele></trkpt>
   <trkpt lat="53.067079" lon="7.921592"><ele>7.25</ele></trkpt>
   <trkpt lat="53.065735" lon="7.920412"><ele>7.75</ele></trkpt>
   <trkpt lat="53.062873" lon="7.917847"><ele>6.5</ele></trkpt>
   <trkpt lat="53.062897" lon="7.917778"><ele>6.25</ele></trkpt>
   <trkpt lat="53.06293" lon="7.917671"><ele>6.25</ele></trkpt>
   <trkpt lat="53.063002" lon="7.917368"><ele>6</ele></trkpt>
   <trkpt lat="53.066418" lon="7.909472"><ele>6</ele></trkpt>
   <trkpt lat="53.067115" lon="7.907885"><ele>5.75</ele></trkpt>
   <trkpt lat="53.067195" lon="7.907629"><ele>5.75</ele></trkpt>
   <trkpt lat="53.068086" lon="7.904071"><ele>6</ele></trkpt>
   <trkpt lat="53.068054" lon="7.904051"><ele>6</ele></trkpt>
   <trkpt lat="53.067962" lon="7.904"><ele>6</ele></trkpt>
   <trkpt lat="53.066287" lon="7.903405"><ele>5.5</ele></trkpt>
   <trkpt lat="53.065936" lon="7.903311"><ele>5.25</ele></trkpt>
   <trkpt lat="53.065778" lon="7.903278"><ele>5</ele></trkpt>
   <trkpt lat="53.065168" lon="7.902991"><ele>5.25</ele></trkpt>
   <trkpt lat="53.064404" lon="7.902446"><ele>5.5</ele></trkpt>
   <trkpt lat="53.062528" lon="7.90113"><ele>5.75</ele></trkpt>
   <trkpt lat="53.062343" lon="7.900994"><ele>5.25</ele></trkpt>
   <trkpt lat="53.062195" lon="7.900886"><ele>5.5</ele></trkpt>
   <trkpt lat="53.061345" lon="7.900262"><ele>5.75</ele></trkpt>
   <trkpt lat="53.056769" lon="7.896907"><ele>6</ele></trkpt>
   <trkpt lat="53.051678" lon="7.892698"><ele>6</ele></trkpt>
   <trkpt lat="53.049636" lon="7.890983"><ele>7</ele></trkpt>
   <trkpt lat="53.048604" lon="7.890554"><ele>7</ele></trkpt>
   <trkpt lat="53.04814" lon="7.890125"><ele>7.25</ele></trkpt>
   <trkpt lat="53.045059" lon="7.885733"><ele>6.5</ele></trkpt>
   <trkpt lat="53.041707" lon="7.888044"><ele>6</ele></trkpt>
   <trkpt lat="53.039841" lon="7.889328"><ele>7</ele></trkpt>
   <trkpt lat="53.039807" lon="7.889353"><ele>7</ele></trkpt>
   <trkpt lat="53.039784" lon="7.889368"><ele>7</ele></trkpt>
   <trkpt lat="53.03975" lon="7.88939"><ele>7</ele></trkpt>
   <trkpt lat="53.038053" lon="7.885973"><ele>7.25</ele></trkpt>
   <trkpt lat="53.037948" lon="7.885874"><ele>7</ele></trkpt>
   <trkpt lat="53.037299" lon="7.884578"><ele>7</ele></trkpt>
   <trkpt lat="53.03673" lon="7.883377"><ele>7</ele></trkpt>
   <trkpt lat="53.036654" lon="7.883112"><ele>7</ele></trkpt>
   <trkpt lat="53.036344" lon="7.882478"><ele>7</ele></trkpt>
   <trkpt lat="53.036295" lon="7.882371"><ele>7</ele></trkpt>
   <trkpt lat="53.035936" lon="7.881581"><ele>8</ele></trkpt>
   <trkpt lat="53.035695" lon="7.881051"><ele>7.25</ele></trkpt>
   <trkpt lat="53.035459" lon="7.880491"><ele>7.5</ele></trkpt>
   <trkpt lat="53.035241" lon="7.880114"><ele>7.5</ele></trkpt>
   <trkpt lat="53.035101" lon="7.879884"><ele>7.25</ele></trkpt>
   <trkpt lat="53.034898" lon="7.879622"><ele>8</ele></trkpt>
   <trkpt lat="53.034759" lon="7.879455"><ele>8</ele></trkpt>
   <trkpt lat="53.034603" lon="7.879281"><ele>7.5</ele></trkpt>
   <trkpt lat="53.034536" lon="7.879244"><ele>7.5</ele></trkpt>
   <trkpt lat="53.034113" lon="7.878958"><ele>8</ele></trkpt>
   <trkpt lat="53.033876" lon="7.878827"><ele>8</ele></trkpt>
   <trkpt lat="53.033654" lon="7.878751"><ele>8</ele></trkpt>
   <trkpt lat="53.033592" lon="7.878703"><ele>8</ele></trkpt>
   <trkpt lat="53.031751" lon="7.878202"><ele>11</ele></trkpt>
   <trkpt lat="53.031702" lon="7.878198"><ele>11</ele></trkpt>
   <trkpt lat="53.031643" lon="7.878196"><ele>11</ele></trkpt>
   <trkpt lat="53.03111" lon="7.877955"><ele>11.5</ele></trkpt>
   <trkpt lat="53.030288" lon="7.877351"><ele>12</ele></trkpt>
   <trkpt lat="53.030146" lon="7.877243"><ele>12</ele></trkpt>
   <trkpt lat="53.029748" lon="7.876944"><ele>12</ele></trkpt>
   <trkpt lat="53.029701" lon="7.876895"><ele>12</ele></trkpt>
   <trkpt lat="53.029663" lon="7.876855"><ele>12</ele></trkpt>
   <trkpt lat="53.028807" lon="7.876187"><ele>11.75</ele></trkpt>
   <trkpt lat="53.028724" lon="7.876176"><ele>11.5</ele></trkpt>
   <trkpt lat="53.028546" lon="7.876064"><ele>11</ele></trkpt>
   <trkpt lat="53.028253" lon="7.875844"><ele>11</ele></trkpt>
   <trkpt lat="53.028019" lon="7.875645"><ele>11</ele></trkpt>
   <trkpt lat="53.027893" lon="7.875482"><ele>10.75</ele></trkpt>
   <trkpt lat="53.027604" lon="7.875081"><ele>10</ele></trkpt>
   <trkpt lat="53.027312" lon="7.874627"><ele>9.5</ele></trkpt>
   <trkpt lat="53.027174" lon="7.87449"><ele>9</ele></trkpt>
   <trkpt lat="53.026773" lon="7.873746"><ele>7.5</ele></trkpt>
   <trkpt lat="53.026682" lon="7.873443"><ele>8</ele></trkpt>
   <trkpt lat="53.02665" lon="7.873359"><ele>7.75</ele></trkpt>
   <trkpt lat="53.02659" lon="7.873255"><ele>7.5</ele></trkpt>
   <trkpt lat="53.02566" lon="7.871673"><ele>8</ele></trkpt>
   <trkpt lat="53.025552" lon="7.871447"><ele>8.75</ele></trkpt>
   <trkpt lat="53.025597" lon="7.871397"><ele>8.75</ele></trkpt>
   <trkpt lat="53.025647" lon="7.871328"><ele>8.5</ele></trkpt>
   <trkpt lat="53.025679" lon="7.871283"><ele>8.5</ele></trkpt>
   <trkpt lat="53.025672" lon="7.871231"><ele>8.5</ele></trkpt>
   <trkpt lat="53.02568" lon="7.871156"><ele>8.5</ele></trkpt>
   <trkpt lat="53.025717" lon="7.87104"><ele>8.25</ele></trkpt>
   <trkpt lat="53.025702" lon="7.870966"><ele>8.25</ele></trkpt>
   <trkpt lat="53.025674" lon="7.870865"><ele>8.5</ele></trkpt>
   <trkpt lat="53.025657" lon="7.870804"><ele>8.5</ele></trkpt>
   <trkpt lat="53.025621" lon="7.870802"><ele>8.75</ele></trkpt>
   <trkpt lat="53.025552" lon="7.87074"><ele>9</ele></trkpt>
   <trkpt lat="53.025451" lon="7.870709"><ele>9</ele></trkpt>
   <trkpt lat="53.025422" lon="7.87066"><ele>9</ele></trkpt>
   <trkpt lat="53.025377" lon="7.870711"><ele>9</ele></trkpt>
   <trkpt lat="53.025315" lon="7.870782"><ele>9</ele></trkpt>
   <trkpt lat="53.025288" lon="7.870809"><ele>9</ele></trkpt>
   <trkpt lat="53.025124" lon="7.870178"><ele>9</ele></trkpt>
   <trkpt lat="53.025034" lon="7.869767"><ele>8.75</ele></trkpt>
   <trkpt lat="53.024984" lon="7.869339"><ele>8.75</ele></trkpt>
   <trkpt lat="53.024975" lon="7.868929"><ele>8.75</ele></trkpt>
   <trkpt lat="53.024977" lon="7.868609"><ele>9</ele></trkpt>
   <trkpt lat="53.025043" lon="7.8677"><ele>9</ele></trkpt>
   <trkpt lat="53.025058" lon="7.867189"><ele>9</ele></trkpt>
   <trkpt lat="53.025056" lon="7.867022"><ele>9</ele></trkpt>
   <trkpt lat="53.024689" lon="7.86694"><ele>9</ele></trkpt>
   <trkpt lat="53.024546" lon="7.866902"><ele>9</ele></trkpt>
   <trkpt lat="53.024448" lon="7.866876"><ele>9</ele></trkpt>
   <trkpt lat="53.024405" lon="7.866864"><ele>9.25</ele></trkpt>
   <trkpt lat="53.024064" lon="7.866764"><ele>9.75</ele></trkpt>
   <trkpt lat="53.023617" lon="7.866585"><ele>8.75</ele></trkpt>
   <trkpt lat="53.02339" lon="7.866493"><ele>8.75</ele></trkpt>
   <trkpt lat="53.023102" lon="7.866376"><ele>8</ele></trkpt>
   <trkpt lat="53.023068" lon="7.866338"><ele>8</ele></trkpt>
   <trkpt lat="53.023011" lon="7.866277"><ele>8</ele></trkpt>
   <trkpt lat="53.022985" lon="7.866249"><ele>8</ele></trkpt>
   <trkpt lat="53.022954" lon="7.866189"><ele>8</ele></trkpt>
   <trkpt lat="53.022947" lon="7.866154"><ele>8</ele></trkpt>
   <trkpt lat="53.023093" lon="7.865646"><ele>7.25</ele></trkpt>
   <trkpt lat="53.023087" lon="7.865599"><ele>7.25</ele></trkpt>
   <trkpt lat="53.02269" lon="7.864836"><ele>8</ele></trkpt>
   <trkpt lat="53.022586" lon="7.864643"><ele>8</ele></trkpt>
   <trkpt lat="53.022553" lon="7.864604"><ele>8</ele></trkpt>
   <trkpt lat="53.022525" lon="7.864523"><ele>7.75</ele></trkpt>
   <trkpt lat="53.022418" lon="7.86439"><ele>8</ele></trkpt>
   <trkpt lat="53.022382" lon="7.864324"><ele>8</ele></trkpt>
   <trkpt lat="53.022302" lon="7.864295"><ele>8.25</ele></trkpt>
   <trkpt lat="53.021286" lon="7.863096"><ele>9</ele></trkpt>
   <trkpt lat="53.021233" lon="7.863057"><ele>9</ele></trkpt>
   <trkpt lat="53.021317" lon="7.862364"><ele>9</ele></trkpt>
   <trkpt lat="53.021479" lon="7.86106"><ele>9</ele></trkpt>
   <trkpt lat="53.021404" lon="7.861011"><ele>9</ele></trkpt>
   <trkpt lat="53.021333" lon="7.860941"><ele>8.75</ele></trkpt>
   <trkpt lat="53.021116" lon="7.860647"><ele>8.5</ele></trkpt>
   <trkpt lat="53.021011" lon="7.860497"><ele>9</ele></trkpt>
   <trkpt lat="53.02095" lon="7.860369"><ele>9</ele></trkpt>
   <trkpt lat="53.020892" lon="7.860449"><ele>9</ele></trkpt>
   <trkpt lat="53.020738" lon="7.860625"><ele>9</ele></trkpt>
   <trkpt lat="53.020563" lon="7.860799"><ele>8.75</ele></trkpt>
   <trkpt lat="53.020288" lon="7.861022"><ele>9</ele></trkpt>
   <trkpt lat="53.020184" lon="7.861073"><ele>9</ele></trkpt>
   <trkpt lat="53.019855" lon="7.861151"><ele>9</ele></trkpt>
   <trkpt lat="53.019765" lon="7.861154"><ele>9</ele></trkpt>
   <trkpt lat="53.019642" lon="7.861137"><ele>9</ele></trkpt>
   <trkpt lat="53.019568" lon="7.861073"><ele>9</ele></trkpt>
   <trkpt lat="53.019472" lon="7.860936"><ele>9</ele></trkpt>
   <trkpt lat="53.019413" lon="7.860777"><ele>9</ele></trkpt>
   <trkpt lat="53.019343" lon="7.8606"><ele>9</ele></trkpt>
   <trkpt lat="53.019226" lon="7.860219"><ele>8.75</ele></trkpt>
   <trkpt lat="53.019197" lon="7.860126"><ele>8.75</ele></trkpt>
   <trkpt lat="53.01918" lon="7.860073"><ele>8.75</ele></trkpt>
   <trkpt lat="53.019136" lon="7.860102"><ele>9</ele></trkpt>
   <trkpt lat="53.019046" lon="7.860133"><ele>9</ele></trkpt>
   <trkpt lat="53.018856" lon="7.860156"><ele>9</ele></trkpt>
   <trkpt lat="53.018716" lon="7.860193"><ele>9</ele></trkpt>
   <trkpt lat="53.018513" lon="7.859452"><ele>8</ele></trkpt>
   <trkpt lat="53.018428" lon="7.859499"><ele>8</ele></trkpt>
   <trkpt lat="53.01748" lon="7.859895"><ele>8</ele></trkpt>
   <trkpt lat="53.017062" lon="7.860049"><ele>8</ele></trkpt>
   <trkpt lat="53.016983" lon="7.859556"><ele>8</ele></trkpt>
   <trkpt lat="53.016774" lon="7.858719"><ele>8.5</ele></trkpt>
   <trkpt lat="53.016764" lon="7.858678"><ele>8.75</ele></trkpt>
   <trkpt lat="53.016118" lon="7.859061"><ele>8.5</ele></trkpt>
   <trkpt lat="53.015527" lon="7.859398"><ele>9</ele></trkpt>
   <trkpt lat="53.015262" lon="7.859551"><ele>9</ele></trkpt>
   <trkpt lat="53.015065" lon="7.859664"><ele>9</ele></trkpt>
   <trkpt lat="53.015018" lon="7.859554"><ele>9</ele></trkpt>
   <trkpt lat="53.014695" lon="7.859195"><ele>8</ele></trkpt>
   <trkpt lat="53.014382" lon="7.858867"><ele>8</ele></trkpt>
   <trkpt lat="53.013963" lon="7.85841"><ele>8</ele></trkpt>
   <trkpt lat="53.013875" lon="7.858321"><ele>8</ele></trkpt>
   <trkpt lat="53.013569" lon="7.858125"><ele>8</ele></trkpt>
   <trkpt lat="53.013277" lon="7.858072"><ele>8</ele></trkpt>
   <trkpt lat="53.013052" lon="7.858067"><ele>8</ele></trkpt>
   <trkpt lat="53.012574" lon="7.858137"><ele>10.75</ele></trkpt>
   <trkpt lat="53.012331" lon="7.858183"><ele>10.5</ele></trkpt>
   <trkpt lat="53.012122" lon="7.858222"><ele>9.5</ele></trkpt>
   <trkpt lat="53.011786" lon="7.858284"><ele>8</ele></trkpt>
   <trkpt lat="53.011523" lon="7.858344"><ele>8</ele></trkpt>
   <trkpt lat="53.01128" lon="7.858421"><ele>8</ele></trkpt>
   <trkpt lat="53.010668" lon="7.858605"><ele>8.5</ele></trkpt>
   <trkpt lat="53.010287" lon="7.858648"><ele>8.75</ele></trkpt>
   <trkpt lat="53.010138" lon="7.858674"><ele>8.75</ele></trkpt>
   <trkpt lat="53.009878" lon="7.858774"><ele>9</ele></trkpt>
   <trkpt lat="53.009362" lon="7.859017"><ele>9</ele></trkpt>
   <trkpt lat="53.0091" lon="7.859141"><ele>9</ele></trkpt>
   <trkpt lat="53.008984" lon="7.859178"><ele>9</ele></trkpt>
   <trkpt lat="53.008838" lon="7.859206"><ele>9</ele></trkpt>
   <trkpt lat="53.008408" lon="7.859289"><ele>9</ele></trkpt>
   <trkpt lat="53.008205" lon="7.859329"><ele>9</ele></trkpt>
   <trkpt lat="53.007641" lon="7.859464"><ele>9</ele></trkpt>
   <trkpt lat="53.007459" lon="7.859422"><ele>9</ele></trkpt>
   <trkpt lat="53.007407" lon="7.859421"><ele>9</ele></trkpt>
   <trkpt lat="53.007331" lon="7.859438"><ele>9</ele></trkpt>
   <trkpt lat="53.007151" lon="7.859561"><ele>9.25</ele></trkpt>
   <trkpt lat="53.006552" lon="7.859659"><ele>9.75</ele></trkpt>
   <trkpt lat="53.006058" lon="7.859754"><ele>9</ele></trkpt>
   <trkpt lat="53.005774" lon="7.859808"><ele>9</ele></trkpt>
   <trkpt lat="53.005647" lon="7.859858"><ele>9.25</ele></trkpt>
   <trkpt lat="53.005498" lon="7.859954"><ele>9.5</ele></trkpt>
   <trkpt lat="53.004812" lon="7.860503"><ele>9</ele></trkpt>
   <trkpt lat="53.003883" lon="7.861195"><ele>9</ele></trkpt>
   <trkpt lat="53.002138" lon="7.862506"><ele>10</ele></trkpt>
   <trkpt lat="53.001827" lon="7.86282"><ele>9.5</ele></trkpt>
   <trkpt lat="53.001663" lon="7.862985"><ele>9.5</ele></trkpt>
   <trkpt lat="53.001488" lon="7.863211"><ele>9.75</ele></trkpt>
   <trkpt lat="52.999597" lon="7.86564"><ele>10</ele></trkpt>
   <trkpt lat="52.996689" lon="7.869423"><ele>11</ele></trkpt>
   <trkpt lat="52.99654" lon="7.869663"><ele>11</ele></trkpt>
   <trkpt lat="52.996263" lon="7.870454"><ele>11</ele></trkpt>
   <trkpt lat="52.996204" lon="7.870639"><ele>11</ele></trkpt>
   <trkpt lat="52.995651" lon="7.870007"><ele>11</ele></trkpt>
   <trkpt lat="52.995166" lon="7.869483"><ele>10.75</ele></trkpt>
   <trkpt lat="52.993935" lon="7.868153"><ele>10.75</ele></trkpt>
   <trkpt lat="52.991518" lon="7.865544"><ele>11.25</ele></trkpt>
   <trkpt lat="52.99062" lon="7.864586"><ele>11</ele></trkpt>
   <trkpt lat="52.98623" lon="7.860021"><ele>12.5</ele></trkpt>
   <trkpt lat="52.985024" lon="7.858757"><ele>13</ele></trkpt>
   <trkpt lat="52.984924" lon="7.858763"><ele>12.75</ele></trkpt>
   <trkpt lat="52.982373" lon="7.860094"><ele>13</ele></trkpt>
   <trkpt lat="52.982067" lon="7.860196"><ele>13</ele></trkpt>
   <trkpt lat="52.98176" lon="7.860219"><ele>13.5</ele></trkpt>
   <trkpt lat="52.979162" lon="7.859464"><ele>14</ele></trkpt>
   <trkpt lat="52.975424" lon="7.858956"><ele>14</ele></trkpt>
   <trkpt lat="52.961196" lon="7.857153"><ele>16</ele></trkpt>
   <trkpt lat="52.958425" lon="7.854337"><ele>17</ele></trkpt>
   <trkpt lat="52.95836" lon="7.854284"><ele>17</ele></trkpt>
   <trkpt lat="52.958299" lon="7.854221"><ele>17</ele></trkpt>
   <trkpt lat="52.956254" lon="7.852092"><ele>17.5</ele></trkpt>
   <trkpt lat="52.954243" lon="7.849478"><ele>18</ele></trkpt>
   <trkpt lat="52.953742" lon="7.848827"><ele>18</ele></trkpt>
   <trkpt lat="52.952335" lon="7.846883"><ele>18</ele></trkpt>
   <trkpt lat="52.951908" lon="7.846336"><ele>18</ele></trkpt>
   <trkpt lat="52.951803" lon="7.846202"><ele>18</ele></trkpt>
   <trkpt lat="52.9504" lon="7.844383"><ele>18</ele></trkpt>
   <trkpt lat="52.950361" lon="7.84433"><ele>18</ele></trkpt>
   <trkpt lat="52.947045" lon="7.839843"><ele>19</ele></trkpt>
   <trkpt lat="52.946645" lon="7.839334"><ele>19</ele></trkpt>
   <trkpt lat="52.94574" lon="7.83818"><ele>18.5</ele></trkpt>
   <trkpt lat="52.945691" lon="7.838117"><ele>18.5</ele></trkpt>
   <trkpt lat="52.945157" lon="7.837427"><ele>19</ele></trkpt>
   <trkpt lat="52.9443" lon="7.836334"><ele>19</ele></trkpt>
   <trkpt lat="52.943821" lon="7.835683"><ele>19</ele></trkpt>
   <trkpt lat="52.943526" lon="7.835245"><ele>19.25</ele></trkpt>
   <trkpt lat="52.943474" lon="7.835079"><ele>19</ele></trkpt>
   <trkpt lat="52.94347" lon="7.83503"><ele>19</ele></trkpt>
   <trkpt lat="52.943311" lon="7.835048"><ele>19</ele></trkpt>
   <trkpt lat="52.943219" lon="7.835047"><ele>19</ele></trkpt>
   <trkpt lat="52.943094" lon="7.835038"><ele>19</ele></trkpt>
   <trkpt lat="52.942957" lon="7.835014"><ele>19.25</ele></trkpt>
   <trkpt lat="52.942621" lon="7.834924"><ele>20</ele></trkpt>
   <trkpt lat="52.942428" lon="7.83487"><ele>20</ele></trkpt>
   <trkpt lat="52.941871" lon="7.834719"><ele>19.75</ele></trkpt>
   <trkpt lat="52.941551" lon="7.834648"><ele>19.5</ele></trkpt>
   <trkpt lat="52.941458" lon="7.834595"><ele>19.5</ele></trkpt>
   <trkpt lat="52.941393" lon="7.834541"><ele>19.25</ele></trkpt>
   <trkpt lat="52.941347" lon="7.834495"><ele>19.25</ele></trkpt>
   <trkpt lat="52.941287" lon="7.834392"><ele>19.25</ele></trkpt>
   <trkpt lat="52.941231" lon="7.834211"><ele>19.75</ele></trkpt>
   <trkpt lat="52.941134" lon="7.833848"><ele>19.75</ele></trkpt>
   <trkpt lat="52.941029" lon="7.833617"><ele>19</ele></trkpt>
   <trkpt lat="52.940954" lon="7.83353"><ele>19</ele></trkpt>
   <trkpt lat="52.940848" lon="7.83348"><ele>19</ele></trkpt>
   <trkpt lat="52.94075" lon="7.833482"><ele>19.25</ele></trkpt>
   <trkpt lat="52.940187" lon="7.833939"><ele>20</ele></trkpt>
   <trkpt lat="52.939566" lon="7.83443"><ele>20</ele></trkpt>
   <trkpt lat="52.938741" lon="7.835184"><ele>20</ele></trkpt>
   <trkpt lat="52.937737" lon="7.836379"><ele>20</ele></trkpt>
   <trkpt lat="52.937149" lon="7.83705"><ele>20.5</ele></trkpt>
   <trkpt lat="52.936832" lon="7.837327"><ele>20.75</ele></trkpt>
   <trkpt lat="52.936584" lon="7.8375"><ele>20.75</ele></trkpt>
   <trkpt lat="52.936499" lon="7.837547"><ele>20.75</ele></trkpt>
   <trkpt lat="52.936224" lon="7.837671"><ele>21</ele></trkpt>
   <trkpt lat="52.93586" lon="7.837758"><ele>21</ele></trkpt>
   <trkpt lat="52.935602" lon="7.837785"><ele>21</ele></trkpt>
   <trkpt lat="52.9355" lon="7.837776"><ele>21</ele></trkpt>
   <trkpt lat="52.934929" lon="7.837735"><ele>21</ele></trkpt>
   <trkpt lat="52.934463" lon="7.8377"><ele>20.75</ele></trkpt>
   <trkpt lat="52.933801" lon="7.83765"><ele>21.5</ele></trkpt>
   <trkpt lat="52.933549" lon="7.837629"><ele>21.25</ele></trkpt>
   <trkpt lat="52.932126" lon="7.837468"><ele>22</ele></trkpt>
   <trkpt lat="52.932123" lon="7.837374"><ele>22</ele></trkpt>
   <trkpt lat="52.932092" lon="7.837276"><ele>22</ele></trkpt>
   <trkpt lat="52.931863" lon="7.837256"><ele>22</ele></trkpt>
   <trkpt lat="52.931716" lon="7.837243"><ele>22</ele></trkpt>
   <trkpt lat="52.931287" lon="7.837165"><ele>22</ele></trkpt>
   <trkpt lat="52.930808" lon="7.837051"><ele>22</ele></trkpt>
   <trkpt lat="52.930545" lon="7.836958"><ele>22</ele></trkpt>
   <trkpt lat="52.929834" lon="7.836744"><ele>23</ele></trkpt>
   <trkpt lat="52.92862" lon="7.836381"><ele>23.75</ele></trkpt>
   <trkpt lat="52.92746" lon="7.836034"><ele>25</ele></trkpt>
   <trkpt lat="52.927058" lon="7.835903"><ele>25</ele></trkpt>
   <trkpt lat="52.926699" lon="7.835864"><ele>25.75</ele></trkpt>
   <trkpt lat="52.926333" lon="7.835857"><ele>25.75</ele></trkpt>
   <trkpt lat="52.925096" lon="7.836094"><ele>25</ele></trkpt>
   <trkpt lat="52.92327" lon="7.836389"><ele>25</ele></trkpt>
   <trkpt lat="52.92244" lon="7.836552"><ele>25</ele></trkpt>
   <trkpt lat="52.9218" lon="7.836669"><ele>26.5</ele></trkpt>
   <trkpt lat="52.920992" lon="7.836823"><ele>25.75</ele></trkpt>
   <trkpt lat="52.920533" lon="7.83691"><ele>25.75</ele></trkpt>
   <trkpt lat="52.92052" lon="7.836868"><ele>25.5</ele></trkpt>
   <trkpt lat="52.920486" lon="7.836834"><ele>25.5</ele></trkpt>
   <trkpt lat="52.919525" lon="7.836389"><ele>26</ele></trkpt>
   <trkpt lat="52.918001" lon="7.835683"><ele>25</ele></trkpt>
   <trkpt lat="52.917011" lon="7.83523"><ele>25.75</ele></trkpt>
   <trkpt lat="52.915064" lon="7.834339"><ele>25.75</ele></trkpt>
   <trkpt lat="52.9139" lon="7.833849"><ele>26</ele></trkpt>
   <trkpt lat="52.91294" lon="7.833404"><ele>26.75</ele></trkpt>
   <trkpt lat="52.911875" lon="7.832915"><ele>27</ele></trkpt>
   <trkpt lat="52.911813" lon="7.832888"><ele>27</ele></trkpt>
   <trkpt lat="52.910263" lon="7.832179"><ele>26</ele></trkpt>
   <trkpt lat="52.907115" lon="7.830729"><ele>26</ele></trkpt>
   <trkpt lat="52.904541" lon="7.829551"><ele>29</ele></trkpt>
   <trkpt lat="52.904439" lon="7.829526"><ele>29</ele></trkpt>
   <trkpt lat="52.904448" lon="7.829348"><ele>29</ele></trkpt>
   <trkpt lat="52.904465" lon="7.829199"><ele>29</ele></trkpt>
   <trkpt lat="52.904841" lon="7.826912"><ele>28.5</ele></trkpt>
   <trkpt lat="52.904842" lon="7.826799"><ele>28.75</ele></trkpt>
   <trkpt lat="52.904823" lon="7.826706"><ele>28.75</ele></trkpt>
   <trkpt lat="52.904785" lon="7.826611"><ele>29</ele></trkpt>
   <trkpt lat="52.904734" lon="7.826531"><ele>29</ele></trkpt>
   <trkpt lat="52.900936" lon="7.822346"><ele>28.75</ele></trkpt>
   <trkpt lat="52.90082" lon="7.822236"><ele>29</ele></trkpt>
   <trkpt lat="52.900636" lon="7.822108"><ele>29.25</ele></trkpt>
   <trkpt lat="52.897241" lon="7.820168"><ele>30.75</ele></trkpt>
   <trkpt lat="52.89611" lon="7.819529"><ele>32.25</ele></trkpt>
   <trkpt lat="52.895927" lon="7.819392"><ele>32</ele></trkpt>
   <trkpt lat="52.895369" lon="7.818923"><ele>32</ele></trkpt>
   <trkpt lat="52.893889" lon="7.817734"><ele>29</ele></trkpt>
   <trkpt lat="52.893787" lon="7.817664"><ele>28.5</ele></trkpt>
   <trkpt lat="52.89369" lon="7.817612"><ele>28.25</ele></trkpt>
   <trkpt lat="52.893595" lon="7.817584"><ele>27.75</ele></trkpt>
   <trkpt lat="52.893485" lon="7.817587"><ele>27.75</ele></trkpt>
   <trkpt lat="52.892924" lon="7.817687"><ele>27.25</ele></trkpt>
   <trkpt lat="52.89025" lon="7.818254"><ele>31</ele></trkpt>
   <trkpt lat="52.890151" lon="7.81826"><ele>31</ele></trkpt>
   <trkpt lat="52.890071" lon="7.818254"><ele>31</ele></trkpt>
   <trkpt lat="52.889987" lon="7.818249"><ele>31</ele></trkpt>
   <trkpt lat="52.889891" lon="7.818223"><ele>31</ele></trkpt>
   <trkpt lat="52.889802" lon="7.818211"><ele>31.25</ele></trkpt>
   <trkpt lat="52.887789" lon="7.818311"><ele>30</ele></trkpt>
   <trkpt lat="52.886026" lon="7.818379"><ele>31</ele></trkpt>
   <trkpt lat="52.885937" lon="7.818367"><ele>30.75</ele></trkpt>
   <trkpt lat="52.885835" lon="7.818324"><ele>31</ele></trkpt>
   <trkpt lat="52.882912" lon="7.816285"><ele>33</ele></trkpt>
   <trkpt lat="52.882883" lon="7.816255"><ele>33</ele></trkpt>
   <trkpt lat="52.882818" lon="7.816204"><ele>33</ele></trkpt>
   <trkpt lat="52.882774" lon="7.816158"><ele>33</ele></trkpt>
   <trkpt lat="52.882738" lon="7.816117"><ele>33</ele></trkpt>
   <trkpt lat="52.882682" lon="7.816072"><ele>33</ele></trkpt>
   <trkpt lat="52.882605" lon="7.816049"><ele>33</ele></trkpt>
   <trkpt lat="52.87972" lon="7.815681"><ele>34</ele></trkpt>
   <trkpt lat="52.878557" lon="7.815529"><ele>33</ele></trkpt>
   <trkpt lat="52.878441" lon="7.81553"><ele>33</ele></trkpt>
   <trkpt lat="52.878318" lon="7.814256"><ele>33.75</ele></trkpt>
   <trkpt lat="52.878261" lon="7.814243"><ele>33.75</ele></trkpt>
   <trkpt lat="52.874768" lon="7.810982"><ele>32</ele></trkpt>
   <trkpt lat="52.874624" lon="7.810874"><ele>32</ele></trkpt>
   <trkpt lat="52.873519" lon="7.810315"><ele>30</ele></trkpt>
   <trkpt lat="52.872936" lon="7.810032"><ele>30.25</ele></trkpt>
   <trkpt lat="52.872266" lon="7.80969"><ele>30</ele></trkpt>
   <trkpt lat="52.872231" lon="7.809673"><ele>30</ele></trkpt>
   <trkpt lat="52.870306" lon="7.808616"><ele>30.75</ele></trkpt>
   <trkpt lat="52.869078" lon="7.807919"><ele>32</ele></trkpt>
   <trkpt lat="52.868576" lon="7.807715"><ele>33</ele></trkpt>
   <trkpt lat="52.866558" lon="7.806992"><ele>33</ele></trkpt>
   <trkpt lat="52.859351" lon="7.804319"><ele>38</ele></trkpt>
   <trkpt lat="52.859251" lon="7.804286"><ele>38</ele></trkpt>
   <trkpt lat="52.859156" lon="7.804244"><ele>38</ele></trkpt>
   <trkpt lat="52.856984" lon="7.803441"><ele>39</ele></trkpt>
   <trkpt lat="52.85595" lon="7.803059"><ele>38</ele></trkpt>
   <trkpt lat="52.851361" lon="7.801363"><ele>37</ele></trkpt>
   <trkpt lat="52.851208" lon="7.801324"><ele>37</ele></trkpt>
   <trkpt lat="52.850739" lon="7.801286"><ele>37</ele></trkpt>
   <trkpt lat="52.850639" lon="7.801282"><ele>37</ele></trkpt>
   <trkpt lat="52.85023" lon="7.801274"><ele>38</ele></trkpt>
   <trkpt lat="52.849985" lon="7.801268"><ele>38</ele></trkpt>
   <trkpt lat="52.849795" lon="7.801258"><ele>38.25</ele></trkpt>
   <trkpt lat="52.848531" lon="7.801098"><ele>38.25</ele></trkpt>
   <trkpt lat="52.848455" lon="7.801112"><ele>38.5</ele></trkpt>
   <trkpt lat="52.848383" lon="7.801156"><ele>38.75</ele></trkpt>
   <trkpt lat="52.848301" lon="7.801261"><ele>39</ele></trkpt>
   <trkpt lat="52.848221" lon="7.801411"><ele>38.75</ele></trkpt>
   <trkpt lat="52.848192" lon="7.801472"><ele>38.75</ele></trkpt>
   <trkpt lat="52.848151" lon="7.801576"><ele>38.75</ele></trkpt>
   <trkpt lat="52.848054" lon="7.801771"><ele>39</ele></trkpt>
   <trkpt lat="52.847981" lon="7.80188"><ele>39</ele></trkpt>
   <trkpt lat="52.847917" lon="7.801938"><ele>39</ele></trkpt>
   <trkpt lat="52.847829" lon="7.801953"><ele>38.75</ele></trkpt>
   <trkpt lat="52.847751" lon="7.801937"><ele>39</ele></trkpt>
   <trkpt lat="52.846835" lon="7.801636"><ele>40</ele></trkpt>
   <trkpt lat="52.846677" lon="7.801585"><ele>40</ele></trkpt>
   <trkpt lat="52.846241" lon="7.80147"><ele>40</ele></trkpt>
   <trkpt lat="52.84602" lon="7.801414"><ele>40</ele></trkpt>
   <trkpt lat="52.845909" lon="7.801348"><ele>40</ele></trkpt>
   <trkpt lat="52.845584" lon="7.801203"><ele>40</ele></trkpt>
   <trkpt lat="52.845515" lon="7.801157"><ele>40</ele></trkpt>
   <trkpt lat="52.845328" lon="7.801032"><ele>40</ele></trkpt>
   <trkpt lat="52.845186" lon="7.80089"><ele>40</ele></trkpt>
   <trkpt lat="52.845034" lon="7.800693"><ele>40</ele></trkpt>
   <trkpt lat="52.844969" lon="7.800585"><ele>40</ele></trkpt>
   <trkpt lat="52.844867" lon="7.800353"><ele>40</ele></trkpt>
   <trkpt lat="52.844834" lon="7.800217"><ele>40</ele></trkpt>
   <trkpt lat="52.844741" lon="7.800187"><ele>40</ele></trkpt>
   <trkpt lat="52.844654" lon="7.800186"><ele>40</ele></trkpt>
   <trkpt lat="52.84394" lon="7.800504"><ele>40</ele></trkpt>
   <trkpt lat="52.843819" lon="7.800561"><ele>40</ele></trkpt>
   <trkpt lat="52.843729" lon="7.800563"><ele>40</ele></trkpt>
   <trkpt lat="52.843677" lon="7.800537"><ele>40</ele></trkpt>
   <trkpt lat="52.843593" lon="7.800447"><ele>40</ele></trkpt>
   <trkpt lat="52.843371" lon="7.800189"><ele>40.5</ele></trkpt>
   <trkpt lat="52.843332" lon="7.800141"><ele>40.5</ele></trkpt>
   <trkpt lat="52.842577" lon="7.801676"><ele>41</ele></trkpt>
   <trkpt lat="52.842309" lon="7.801381"><ele>40</ele></trkpt>
   <trkpt lat="52.842258" lon="7.801359"><ele>40</ele></trkpt>
   <trkpt lat="52.842172" lon="7.80138"><ele>40</ele></trkpt>
   <trkpt lat="52.842048" lon="7.801424"><ele>40</ele></trkpt>
   <trkpt lat="52.841989" lon="7.801451"><ele>40</ele></trkpt>
   <trkpt lat="52.840388" lon="7.802207"><ele>41</ele></trkpt>
   <trkpt lat="52.839409" lon="7.802669"><ele>41</ele></trkpt>
   <trkpt lat="52.839086" lon="7.802821"><ele>41</ele></trkpt>
   <trkpt lat="52.838901" lon="7.802909"><ele>41</ele></trkpt>
   <trkpt lat="52.838688" lon="7.803009"><ele>41</ele></trkpt>
   <trkpt lat="52.838596" lon="7.803053"><ele>40.75</ele></trkpt>
   <trkpt lat="52.838517" lon="7.80309"><ele>41</ele></trkpt>
   <trkpt lat="52.838453" lon="7.803118"><ele>41</ele></trkpt>
   <trkpt lat="52.83778" lon="7.803413"><ele>40.75</ele></trkpt>
   <trkpt lat="52.837123" lon="7.803732"><ele>41</ele></trkpt>
   <trkpt lat="52.837042" lon="7.80374"><ele>41</ele></trkpt>
   <trkpt lat="52.83692" lon="7.803727"><ele>40.75</ele></trkpt>
   <trkpt lat="52.836802" lon="7.803745"><ele>40.75</ele></trkpt>
   <trkpt lat="52.836689" lon="7.803849"><ele>40</ele></trkpt>
   <trkpt lat="52.836615" lon="7.803935"><ele>40</ele></trkpt>
   <trkpt lat="52.836569" lon="7.803979"><ele>40</ele></trkpt>
   <trkpt lat="52.836492" lon="7.80405"><ele>40</ele></trkpt>
   <trkpt lat="52.836321" lon="7.804218"><ele>40</ele></trkpt>
   <trkpt lat="52.836228" lon="7.804262"><ele>40</ele></trkpt>
   <trkpt lat="52.836075" lon="7.804269"><ele>40</ele></trkpt>
   <trkpt lat="52.835979" lon="7.804289"><ele>40</ele></trkpt>
   <trkpt lat="52.835718" lon="7.804403"><ele>40</ele></trkpt>
   <trkpt lat="52.834155" lon="7.805118"><ele>39</ele></trkpt>
   <trkpt lat="52.832624" lon="7.805872"><ele>37.5</ele></trkpt>
   <trkpt lat="52.830593" lon="7.806837"><ele>36</ele></trkpt>
   <trkpt lat="52.829218" lon="7.807491"><ele>34</ele></trkpt>
   <trkpt lat="52.829007" lon="7.807497"><ele>34</ele></trkpt>
   <trkpt lat="52.828828" lon="7.80739"><ele>34</ele></trkpt>
   <trkpt lat="52.827616" lon="7.806385"><ele>32.75</ele></trkpt>
   <trkpt lat="52.82754" lon="7.806322"><ele>32.75</ele></trkpt>
   <trkpt lat="52.827652" lon="7.805943"><ele>32.25</ele></trkpt>
   <trkpt lat="52.827561" lon="7.805798"><ele>32.75</ele></trkpt>
   <trkpt lat="52.826224" lon="7.802116"><ele>34.25</ele></trkpt>
   <trkpt lat="52.82346" lon="7.794662"><ele>34</ele></trkpt>
   <trkpt lat="52.822924" lon="7.793235"><ele>34</ele></trkpt>
   <trkpt lat="52.822286" lon="7.791501"><ele>35</ele></trkpt>
   <trkpt lat="52.822183" lon="7.79118"><ele>35</ele></trkpt>
   <trkpt lat="52.821983" lon="7.790344"><ele>35.75</ele></trkpt>
   <trkpt lat="52.821596" lon="7.788514"><ele>37</ele></trkpt>
   <trkpt lat="52.821525" lon="7.788082"><ele>37</ele></trkpt>
   <trkpt lat="52.821315" lon="7.786279"><ele>37</ele></trkpt>
   <trkpt lat="52.821244" lon="7.786306"><ele>37</ele></trkpt>
   <trkpt lat="52.82011" lon="7.786645"><ele>36.25</ele></trkpt>
   <trkpt lat="52.820018" lon="7.786719"><ele>36</ele></trkpt>
   <trkpt lat="52.819962" lon="7.786788"><ele>35.75</ele></trkpt>
   <trkpt lat="52.81959" lon="7.787432"><ele>35</ele></trkpt>
   <trkpt lat="52.819515" lon="7.787366"><ele>35</ele></trkpt>
   <trkpt lat="52.81805" lon="7.786589"><ele>36</ele></trkpt>
   <trkpt lat="52.816184" lon="7.785986"><ele>35</ele></trkpt>
   <trkpt lat="52.815718" lon="7.785847"><ele>35</ele></trkpt>
   <trkpt lat="52.815274" lon="7.785691"><ele>35</ele></trkpt>
   <trkpt lat="52.814334" lon="7.785367"><ele>34.75</ele></trkpt>
   <trkpt lat="52.813979" lon="7.785175"><ele>34.75</ele></trkpt>
   <trkpt lat="52.813867" lon="7.78509"><ele>34.25</ele></trkpt>
   <trkpt lat="52.813642" lon="7.784891"><ele>34.25</ele></trkpt>
   <trkpt lat="52.813507" lon="7.784785"><ele>34.75</ele></trkpt>
   <trkpt lat="52.81347" lon="7.784746"><ele>34.75</ele></trkpt>
   <trkpt lat="52.813451" lon="7.784672"><ele>35</ele></trkpt>
   <trkpt lat="52.813145" lon="7.784681"><ele>34.25</ele></trkpt>
   <trkpt lat="52.812968" lon="7.784679"><ele>34</ele></trkpt>
   <trkpt lat="52.812746" lon="7.784645"><ele>34</ele></trkpt>
   <trkpt lat="52.811869" lon="7.784427"><ele>33.5</ele></trkpt>
   <trkpt lat="52.811436" lon="7.784313"><ele>33</ele></trkpt>
   <trkpt lat="52.811384" lon="7.784437"><ele>32.75</ele></trkpt>
   <trkpt lat="52.810757" lon="7.785442"><ele>32</ele></trkpt>
   <trkpt lat="52.81069" lon="7.78536"><ele>32</ele></trkpt>
   <trkpt lat="52.810492" lon="7.785207"><ele>32</ele></trkpt>
   <trkpt lat="52.810349" lon="7.785114"><ele>32</ele></trkpt>
   <trkpt lat="52.810271" lon="7.785083"><ele>32</ele></trkpt>
   <trkpt lat="52.810145" lon="7.785084"><ele>32</ele></trkpt>
   <trkpt lat="52.807477" lon="7.785857"><ele>31.75</ele></trkpt>
   <trkpt lat="52.807084" lon="7.785971"><ele>31.25</ele></trkpt>
   <trkpt lat="52.80701" lon="7.785992"><ele>31</ele></trkpt>
   <trkpt lat="52.806611" lon="7.786101"><ele>31</ele></trkpt>
   <trkpt lat="52.806553" lon="7.78611"><ele>31</ele></trkpt>
   <trkpt lat="52.806478" lon="7.786122"><ele>31</ele></trkpt>
   <trkpt lat="52.806013" lon="7.786141"><ele>30.75</ele></trkpt>
   <trkpt lat="52.805833" lon="7.786149"><ele>30.75</ele></trkpt>
   <trkpt lat="52.804277" lon="7.78612"><ele>29.75</ele></trkpt>
   <trkpt lat="52.802017" lon="7.786108"><ele>28.75</ele></trkpt>
   <trkpt lat="52.801232" lon="7.786127"><ele>28.75</ele></trkpt>
   <trkpt lat="52.801119" lon="7.78614"><ele>28.75</ele></trkpt>
   <trkpt lat="52.801027" lon="7.786182"><ele>29</ele></trkpt>
   <trkpt lat="52.800905" lon="7.786261"><ele>29</ele></trkpt>
   <trkpt lat="52.800806" lon="7.786356"><ele>28.75</ele></trkpt>
   <trkpt lat="52.799896" lon="7.787384"><ele>28</ele></trkpt>
   <trkpt lat="52.79824" lon="7.790233"><ele>26</ele></trkpt>
   <trkpt lat="52.798121" lon="7.790461"><ele>26.5</ele></trkpt>
   <trkpt lat="52.797391" lon="7.792192"><ele>26</ele></trkpt>
   <trkpt lat="52.7973" lon="7.792354"><ele>26.25</ele></trkpt>
   <trkpt lat="52.796395" lon="7.793779"><ele>25</ele></trkpt>
   <trkpt lat="52.796353" lon="7.793846"><ele>25</ele></trkpt>
   <trkpt lat="52.795648" lon="7.794994"><ele>26</ele></trkpt>
   <trkpt lat="52.795571" lon="7.795099"><ele>26</ele></trkpt>
   <trkpt lat="52.795498" lon="7.795183"><ele>26</ele></trkpt>
   <trkpt lat="52.79537" lon="7.795313"><ele>26.5</ele></trkpt>
   <trkpt lat="52.795244" lon="7.795413"><ele>26.25</ele></trkpt>
   <trkpt lat="52.794872" lon="7.795627"><ele>26.25</ele></trkpt>
   <trkpt lat="52.793734" lon="7.796187"><ele>26.25</ele></trkpt>
   <trkpt lat="52.79361" lon="7.796272"><ele>26.5</ele></trkpt>
   <trkpt lat="52.793484" lon="7.796376"><ele>26.75</ele></trkpt>
   <trkpt lat="52.793389" lon="7.796473"><ele>26.75</ele></trkpt>
   <trkpt lat="52.793286" lon="7.796605"><ele>27</ele></trkpt>
   <trkpt lat="52.792803" lon="7.797299"><ele>27.75</ele></trkpt>
   <trkpt lat="52.792704" lon="7.797462"><ele>27.75</ele></trkpt>
   <trkpt lat="52.792639" lon="7.7976"><ele>28</ele></trkpt>
   <trkpt lat="52.792385" lon="7.798371"><ele>28.25</ele></trkpt>
   <trkpt lat="52.791679" lon="7.796926"><ele>28.75</ele></trkpt>
   <trkpt lat="52.791643" lon="7.796883"><ele>28.75</ele></trkpt>
   <trkpt lat="52.791614" lon="7.796861"><ele>28.75</ele></trkpt>
   <trkpt lat="52.789867" lon="7.796336"><ele>29</ele></trkpt>
   <trkpt lat="52.788424" lon="7.795928"><ele>28</ele></trkpt>
   <trkpt lat="52.786877" lon="7.79547"><ele>29</ele></trkpt>
   <trkpt lat="52.786818" lon="7.795469"><ele>29</ele></trkpt>
   <trkpt lat="52.786745" lon="7.795505"><ele>29</ele></trkpt>
   <trkpt lat="52.786671" lon="7.795227"><ele>29</ele></trkpt>
   <trkpt lat="52.786623" lon="7.794951"><ele>29</ele></trkpt>
   <trkpt lat="52.786375" lon="7.793069"><ele>29</ele></trkpt>
   <trkpt lat="52.784258" lon="7.793662"><ele>31</ele></trkpt>
   <trkpt lat="52.781771" lon="7.794445"><ele>31.25</ele></trkpt>
   <trkpt lat="52.781569" lon="7.794513"><ele>31</ele></trkpt>
   <trkpt lat="52.781464" lon="7.794548"><ele>31</ele></trkpt>
   <trkpt lat="52.781193" lon="7.794639"><ele>31</ele></trkpt>
   <trkpt lat="52.780687" lon="7.794809"><ele>30.25</ele></trkpt>
   <trkpt lat="52.780471" lon="7.794881"><ele>30</ele></trkpt>
   <trkpt lat="52.780314" lon="7.794934"><ele>30.5</ele></trkpt>
   <trkpt lat="52.779694" lon="7.795142"><ele>31</ele></trkpt>
   <trkpt lat="52.779633" lon="7.79519"><ele>31</ele></trkpt>
   <trkpt lat="52.779524" lon="7.794908"><ele>30.75</ele></trkpt>
   <trkpt lat="52.779456" lon="7.79473"><ele>31</ele></trkpt>
   <trkpt lat="52.779387" lon="7.794575"><ele>31</ele></trkpt>
   <trkpt lat="52.779282" lon="7.794406"><ele>31</ele></trkpt>
   <trkpt lat="52.77919" lon="7.79429"><ele>31</ele></trkpt>
   <trkpt lat="52.779085" lon="7.794201"><ele>31</ele></trkpt>
   <trkpt lat="52.778906" lon="7.794095"><ele>31</ele></trkpt>
   <trkpt lat="52.778366" lon="7.793809"><ele>31.75</ele></trkpt>
   <trkpt lat="52.778309" lon="7.793778"><ele>32</ele></trkpt>
   <trkpt lat="52.778244" lon="7.793743"><ele>32</ele></trkpt>
   <trkpt lat="52.778011" lon="7.793621"><ele>32</ele></trkpt>
   <trkpt lat="52.777861" lon="7.793525"><ele>32</ele></trkpt>
   <trkpt lat="52.777875" lon="7.793472"><ele>32</ele></trkpt>
   <trkpt lat="52.777616" lon="7.793299"><ele>32</ele></trkpt>
   <trkpt lat="52.777471" lon="7.793159"><ele>32.5</ele></trkpt>
   <trkpt lat="52.776509" lon="7.792246"><ele>33</ele></trkpt>
   <trkpt lat="52.77631" lon="7.792069"><ele>32.5</ele></trkpt>
   <trkpt lat="52.776135" lon="7.791865"><ele>32</ele></trkpt>
   <trkpt lat="52.775428" lon="7.790951"><ele>32.25</ele></trkpt>
   <trkpt lat="52.775378" lon="7.790918"><ele>32.5</ele></trkpt>
   <trkpt lat="52.774632" lon="7.790027"><ele>33</ele></trkpt>
   <trkpt lat="52.774472" lon="7.789805"><ele>33</ele></trkpt>
   <trkpt lat="52.774225" lon="7.789504"><ele>33</ele></trkpt>
   <trkpt lat="52.772676" lon="7.787737"><ele>33.25</ele></trkpt>
   <trkpt lat="52.772313" lon="7.787354"><ele>33.5</ele></trkpt>
   <trkpt lat="52.770835" lon="7.785849"><ele>33</ele></trkpt>
   <trkpt lat="52.769933" lon="7.785002"><ele>33.75</ele></trkpt>
   <trkpt lat="52.76926" lon="7.784394"><ele>32.75</ele></trkpt>
   <trkpt lat="52.767709" lon="7.782945"><ele>30.75</ele></trkpt>
   <trkpt lat="52.767653" lon="7.782869"><ele>30.75</ele></trkpt>
   <trkpt lat="52.767488" lon="7.782713"><ele>30.75</ele></trkpt>
   <trkpt lat="52.767406" lon="7.782659"><ele>30.5</ele></trkpt>
   <trkpt lat="52.766993" lon="7.782287"><ele>30</ele></trkpt>
   <trkpt lat="52.766388" lon="7.781712"><ele>31</ele></trkpt>
   <trkpt lat="52.766278" lon="7.781516"><ele>30.5</ele></trkpt>
   <trkpt lat="52.766093" lon="7.781349"><ele>30.75</ele></trkpt>
   <trkpt lat="52.764854" lon="7.780154"><ele>30.75</ele></trkpt>
   <trkpt lat="52.764287" lon="7.779702"><ele>31.5</ele></trkpt>
   <trkpt lat="52.764179" lon="7.779705"><ele>31.75</ele></trkpt>
   <trkpt lat="52.763962" lon="7.779555"><ele>32</ele></trkpt>
   <trkpt lat="52.762372" lon="7.778667"><ele>34</ele></trkpt>
   <trkpt lat="52.761554" lon="7.778165"><ele>34</ele></trkpt>
   <trkpt lat="52.760532" lon="7.777557"><ele>35</ele></trkpt>
   <trkpt lat="52.760067" lon="7.777307"><ele>34.75</ele></trkpt>
   <trkpt lat="52.758751" lon="7.776571"><ele>35.25</ele></trkpt>
   <trkpt lat="52.758651" lon="7.776551"><ele>35.25</ele></trkpt>
   <trkpt lat="52.758558" lon="7.776509"><ele>35.5</ele></trkpt>
   <trkpt lat="52.757314" lon="7.775788"><ele>37</ele></trkpt>
   <trkpt lat="52.756879" lon="7.775536"><ele>37</ele></trkpt>
   <trkpt lat="52.755943" lon="7.775032"><ele>36.75</ele></trkpt>
   <trkpt lat="52.755811" lon="7.774952"><ele>36.75</ele></trkpt>
   <trkpt lat="52.75539" lon="7.774646"><ele>36.5</ele></trkpt>
   <trkpt lat="52.753639" lon="7.773283"><ele>36</ele></trkpt>
   <trkpt lat="52.752845" lon="7.77262"><ele>34</ele></trkpt>
   <trkpt lat="52.752674" lon="7.772453"><ele>33.5</ele></trkpt>
   <trkpt lat="52.752556" lon="7.77228"><ele>33</ele></trkpt>
   <trkpt lat="52.752468" lon="7.772082"><ele>32.75</ele></trkpt>
   <trkpt lat="52.75241" lon="7.7719"><ele>32.5</ele></trkpt>
   <trkpt lat="52.752378" lon="7.771758"><ele>32.5</ele></trkpt>
   <trkpt lat="52.752352" lon="7.771529"><ele>32.25</ele></trkpt>
   <trkpt lat="52.752318" lon="7.771312"><ele>32.25</ele></trkpt>
   <trkpt lat="52.752255" lon="7.77112"><ele>32</ele></trkpt>
   <trkpt lat="52.752182" lon="7.770945"><ele>32.25</ele></trkpt>
   <trkpt lat="52.752111" lon="7.770845"><ele>32</ele></trkpt>
   <trkpt lat="52.75215" lon="7.770762"><ele>32.25</ele></trkpt>
   <trkpt lat="52.752172" lon="7.770589"><ele>31.75</ele></trkpt>
   <trkpt lat="52.752185" lon="7.770381"><ele>31.75</ele></trkpt>
   <trkpt lat="52.752225" lon="7.769068"><ele>32</ele></trkpt>
   <trkpt lat="52.752302" lon="7.76751"><ele>34</ele></trkpt>
   <trkpt lat="52.752291" lon="7.766912"><ele>32.75</ele></trkpt>
   <trkpt lat="52.752261" lon="7.766662"><ele>32.75</ele></trkpt>
   <trkpt lat="52.752173" lon="7.766214"><ele>33</ele></trkpt>
   <trkpt lat="52.752153" lon="7.766164"><ele>33</ele></trkpt>
   <trkpt lat="52.752126" lon="7.766141"><ele>33.25</ele></trkpt>
   <trkpt lat="52.750636" lon="7.765349"><ele>36.5</ele></trkpt>
   <trkpt lat="52.750159" lon="7.765086"><ele>38.25</ele></trkpt>
   <trkpt lat="52.749532" lon="7.764762"><ele>38.75</ele></trkpt>
   <trkpt lat="52.749288" lon="7.764657"><ele>38.25</ele></trkpt>
   <trkpt lat="52.748891" lon="7.764543"><ele>38.25</ele></trkpt>
   <trkpt lat="52.748614" lon="7.764506"><ele>39</ele></trkpt>
   <trkpt lat="52.74824" lon="7.764491"><ele>38.25</ele></trkpt>
   <trkpt lat="52.747833" lon="7.76455"><ele>36.75</ele></trkpt>
   <trkpt lat="52.7476" lon="7.764604"><ele>35.75</ele></trkpt>
   <trkpt lat="52.747281" lon="7.764705"><ele>35.75</ele></trkpt>
   <trkpt lat="52.746929" lon="7.764848"><ele>32.5</ele></trkpt>
   <trkpt lat="52.746089" lon="7.765268"><ele>29.75</ele></trkpt>
   <trkpt lat="52.746" lon="7.765308"><ele>29.5</ele></trkpt>
   <trkpt lat="52.745949" lon="7.765319"><ele>29.25</ele></trkpt>
   <trkpt lat="52.745833" lon="7.765279"><ele>28.75</ele></trkpt>
   <trkpt lat="52.745297" lon="7.765052"><ele>27.75</ele></trkpt>
   <trkpt lat="52.744967" lon="7.764925"><ele>27</ele></trkpt>
   <trkpt lat="52.74464" lon="7.764791"><ele>27</ele></trkpt>
   <trkpt lat="52.744574" lon="7.764735"><ele>27</ele></trkpt>
   <trkpt lat="52.744524" lon="7.764648"><ele>27</ele></trkpt>
   <trkpt lat="52.743023" lon="7.761664"><ele>30</ele></trkpt>
   <trkpt lat="52.742952" lon="7.761558"><ele>30</ele></trkpt>
   <trkpt lat="52.742861" lon="7.761495"><ele>30</ele></trkpt>
   <trkpt lat="52.742787" lon="7.76147"><ele>30</ele></trkpt>
   <trkpt lat="52.742574" lon="7.761447"><ele>30</ele></trkpt>
   <trkpt lat="52.742411" lon="7.76144"><ele>30</ele></trkpt>
   <trkpt lat="52.742351" lon="7.761441"><ele>30</ele></trkpt>
   <trkpt lat="52.742333" lon="7.760401"><ele>30.25</ele></trkpt>
   <trkpt lat="52.741918" lon="7.760434"><ele>29.75</ele></trkpt>
   <trkpt lat="52.741501" lon="7.760476"><ele>29</ele></trkpt>
   <trkpt lat="52.741222" lon="7.760495"><ele>28.25</ele></trkpt>
   <trkpt lat="52.741096" lon="7.7605"><ele>28</ele></trkpt>
   <trkpt lat="52.740938" lon="7.760508"><ele>28</ele></trkpt>
   <trkpt lat="52.740682" lon="7.760517"><ele>28</ele></trkpt>
   <trkpt lat="52.740646" lon="7.760515"><ele>28</ele></trkpt>
   <trkpt lat="52.740345" lon="7.760498"><ele>27.25</ele></trkpt>
   <trkpt lat="52.739597" lon="7.760455"><ele>27</ele></trkpt>
   <trkpt lat="52.73943" lon="7.760437"><ele>27</ele></trkpt>
   <trkpt lat="52.739267" lon="7.760404"><ele>27</ele></trkpt>
   <trkpt lat="52.738877" lon="7.760298"><ele>26.75</ele></trkpt>
   <trkpt lat="52.738884" lon="7.760225"><ele>26.75</ele></trkpt>
   <trkpt lat="52.738887" lon="7.759348"><ele>27.25</ele></trkpt>
   <trkpt lat="52.738863" lon="7.758136"><ele>29</ele></trkpt>
   <trkpt lat="52.738846" lon="7.757845"><ele>29</ele></trkpt>
   <trkpt lat="52.738774" lon="7.756918"><ele>28</ele></trkpt>
   <trkpt lat="52.738771" lon="7.756862"><ele>28</ele></trkpt>
   <trkpt lat="52.738105" lon="7.756938"><ele>27</ele></trkpt>
   <trkpt lat="52.737906" lon="7.756958"><ele>26.5</ele></trkpt>
   <trkpt lat="52.737823" lon="7.756966"><ele>26.25</ele></trkpt>
   <trkpt lat="52.737756" lon="7.756949"><ele>26</ele></trkpt>
   <trkpt lat="52.737585" lon="7.756961"><ele>26</ele></trkpt>
   <trkpt lat="52.736943" lon="7.757034"><ele>25</ele></trkpt>
   <trkpt lat="52.736682" lon="7.757051"><ele>25</ele></trkpt>
   <trkpt lat="52.736647" lon="7.757067"><ele>25</ele></trkpt>
   <trkpt lat="52.736602" lon="7.757115"><ele>25</ele></trkpt>
   <trkpt lat="52.736587" lon="7.75697"><ele>25</ele></trkpt>
   <trkpt lat="52.736576" lon="7.756833"><ele>25</ele></trkpt>
   <trkpt lat="52.736556" lon="7.756698"><ele>25</ele></trkpt>
   <trkpt lat="52.73651" lon="7.756614"><ele>25</ele></trkpt>
   <trkpt lat="52.736435" lon="7.756559"><ele>25</ele></trkpt>
   <trkpt lat="52.736364" lon="7.756512"><ele>25</ele></trkpt>
   <trkpt lat="52.736279" lon="7.756529"><ele>25</ele></trkpt>
   <trkpt lat="52.73619" lon="7.756579"><ele>25</ele></trkpt>
   <trkpt lat="52.736138" lon="7.756625"><ele>25</ele></trkpt>
   <trkpt lat="52.736089" lon="7.756672"><ele>25</ele></trkpt>
   <trkpt lat="52.736067" lon="7.757058"><ele>25</ele></trkpt>
   <trkpt lat="52.736035" lon="7.757106"><ele>25</ele></trkpt>
   <trkpt lat="52.735874" lon="7.757237"><ele>25</ele></trkpt>
   <trkpt lat="52.735789" lon="7.757275"><ele>24.75</ele></trkpt>
   <trkpt lat="52.735753" lon="7.757259"><ele>24.5</ele></trkpt>
   <trkpt lat="52.735731" lon="7.757202"><ele>24.5</ele></trkpt>
   <trkpt lat="52.73569" lon="7.757227"><ele>24.25</ele></trkpt>
   <trkpt lat="52.735707" lon="7.757392"><ele>24.75</ele></trkpt>
   <trkpt lat="52.73567" lon="7.757409"><ele>24.75</ele></trkpt>
  </trkseg>
 </trk>
</gpx>