<?xml version="1.0" encoding="UTF-8"?>
<!-- track-length = 106455 filtered ascend = 113 plain-ascend = 36 cost=227627 energy=0.6kwh time=4h 6m 28s -->
<gpx
 xmlns="http://www.topografix.com/GPX/1/1"
 xmlns:xsi="http://www.w3.org/2001/XMLSchema-instance"
 xsi:schemaLocation="http://www.topografix.com/GPX/1/1 http://www.topografix.com/GPX/1/1/gpx.xsd"
 version="1.1"
 creator="bikerouter.de 2026.22">
 <wpt lat="52.73566540965856" lon="7.75737840720639"><name>from</name><type>from</type></wpt>
 <wpt lat="51.962479125729594" lon="7.626840089282619"><name>to</name><type>to</type></wpt>
 <trk>
  <name>etappe#2-Gravel(BRouter)</name>
  <link href="https://bikerouter.de/#map=15/51.9689/7.6252/Sigma%20Cycle&amp;lonlats=7.757378,52.735665;7.62684,51.962479&amp;profile=gravel">
   <text>bikerouter.de</text>
  </link>
  <trkseg>
   <trkpt lat="52.73567" lon="7.757409"><ele>24.75</ele></trkpt>
   <trkpt lat="52.735596" lon="7.757444"><ele>24.75</ele></trkpt>
   <trkpt lat="52.735385" lon="7.757536"><ele>24.25</ele></trkpt>
   <trkpt lat="52.735302" lon="7.757606"><ele>24</ele></trkpt>
   <trkpt lat="52.735266" lon="7.757555"><ele>24</ele></trkpt>
   <trkpt lat="52.735259" lon="7.757544"><ele>24</ele></trkpt>
   <trkpt lat="52.735245" lon="7.757527"><ele>24</ele></trkpt>
   <trkpt lat="52.735217" lon="7.757498"><ele>24</ele></trkpt>
   <trkpt lat="52.735123" lon="7.757471"><ele>24</ele></trkpt>
   <trkpt lat="52.734474" lon="7.75741"><ele>24</ele></trkpt>
   <trkpt lat="52.734332" lon="7.757397"><ele>24</ele></trkpt>
   <trkpt lat="52.734008" lon="7.757366"><ele>24</ele></trkpt>
   <trkpt lat="52.733749" lon="7.757333"><ele>24</ele></trkpt>
   <trkpt lat="52.733435" lon="7.757296"><ele>23.5</ele></trkpt>
   <trkpt lat="52.733307" lon="7.75725"><ele>23</ele></trkpt>
   <trkpt lat="52.733234" lon="7.757255"><ele>23</ele></trkpt>
   <trkpt lat="52.732985" lon="7.757249"><ele>23</ele></trkpt>
   <trkpt lat="52.732875" lon="7.757216"><ele>22.75</ele></trkpt>
   <trkpt lat="52.73273" lon="7.75714"><ele>22.5</ele></trkpt>
   <trkpt lat="52.732642" lon="7.757092"><ele>22.25</ele></trkpt>
   <trkpt lat="52.732517" lon="7.757026"><ele>22</ele></trkpt>
   <trkpt lat="52.732163" lon="7.756827"><ele>22</ele></trkpt>
   <trkpt lat="52.732104" lon="7.75677"><ele>22</ele></trkpt>
   <trkpt lat="52.732066" lon="7.756705"><ele>22</ele></trkpt>
   <trkpt lat="52.732005" lon="7.756773"><ele>22</ele></trkpt>
   <trkpt lat="52.731938" lon="7.756889"><ele>22</ele></trkpt>
   <trkpt lat="52.731896" lon="7.756851"><ele>22</ele></trkpt>
   <trkpt lat="52.731875" lon="7.756776"><ele>22</ele></trkpt>
   <trkpt lat="52.731841" lon="7.756701"><ele>22</ele></trkpt>
   <trkpt lat="52.73168" lon="7.756564"><ele>22</ele></trkpt>
   <trkpt lat="52.731639" lon="7.756547"><ele>22</ele></trkpt>
   <trkpt lat="52.731595" lon="7.756547"><ele>22</ele></trkpt>
   <trkpt lat="52.731428" lon="7.756403"><ele>22</ele></trkpt>
   <trkpt lat="52.731417" lon="7.756352"><ele>22</ele></trkpt>
   <trkpt lat="52.731391" lon="7.756325"><ele>22</ele></trkpt>
   <trkpt lat="52.731303" lon="7.756229"><ele>21</ele></trkpt>
   <trkpt lat="52.731248" lon="7.756182"><ele>20.25</ele></trkpt>
   <trkpt lat="52.730911" lon="7.755903"><ele>21.25</ele></trkpt>
   <trkpt lat="52.730848" lon="7.755851"><ele>21.75</ele></trkpt>
   <trkpt lat="52.730842" lon="7.755784"><ele>21.75</ele></trkpt>
   <trkpt lat="52.730832" lon="7.755695"><ele>22</ele></trkpt>
   <trkpt lat="52.730826" lon="7.75565"><ele>22</ele></trkpt>
   <trkpt lat="52.730141" lon="7.755038"><ele>21.25</ele></trkpt>
   <trkpt lat="52.728806" lon="7.753684"><ele>21.25</ele></trkpt>
   <trkpt lat="52.728356" lon="7.753242"><ele>21.5</ele></trkpt>
   <trkpt lat="52.728161" lon="7.753059"><ele>21.5</ele></trkpt>
   <trkpt lat="52.728105" lon="7.753017"><ele>21.5</ele></trkpt>
   <trkpt lat="52.727781" lon="7.752914"><ele>21.5</ele></trkpt>
   <trkpt lat="52.72763" lon="7.752854"><ele>21.25</ele></trkpt>
   <trkpt lat="52.726906" lon="7.752583"><ele>21.25</ele></trkpt>
   <trkpt lat="52.726584" lon="7.752451"><ele>21.75</ele></trkpt>
   <trkpt lat="52.725979" lon="7.752215"><ele>21.25</ele></trkpt>
   <trkpt lat="52.725438" lon="7.752021"><ele>21</ele></trkpt>
   <trkpt lat="52.724649" lon="7.751723"><ele>21</ele></trkpt>
   <trkpt lat="52.724378" lon="7.751634"><ele>21</ele></trkpt>
   <trkpt lat="52.723935" lon="7.751464"><ele>21.25</ele></trkpt>
   <trkpt lat="52.72379" lon="7.751401"><ele>21.25</ele></trkpt>
   <trkpt lat="52.722435" lon="7.750897"><ele>20.25</ele></trkpt>
   <trkpt lat="52.722244" lon="7.750838"><ele>21.75</ele></trkpt>
   <trkpt lat="52.722175" lon="7.750833"><ele>21.75</ele></trkpt>
   <trkpt lat="52.72073" lon="7.750812"><ele>22.75</ele></trkpt>
   <trkpt lat="52.720354" lon="7.750789"><ele>22.75</ele></trkpt>
   <trkpt lat="52.720146" lon="7.750748"><ele>22.75</ele></trkpt>
   <trkpt lat="52.719708" lon="7.750588"><ele>23</ele></trkpt>
   <trkpt lat="52.718886" lon="7.750247"><ele>22</ele></trkpt>
   <trkpt lat="52.718181" lon="7.749954"><ele>22</ele></trkpt>
   <trkpt lat="52.717709" lon="7.749782"><ele>22</ele></trkpt>
   <trkpt lat="52.717482" lon="7.74971"><ele>21.75</ele></trkpt>
   <trkpt lat="52.717191" lon="7.74959"><ele>21.25</ele></trkpt>
   <trkpt lat="52.71698" lon="7.749493"><ele>21</ele></trkpt>
   <trkpt lat="52.716688" lon="7.749311"><ele>21</ele></trkpt>
   <trkpt lat="52.716207" lon="7.749007"><ele>21.75</ele></trkpt>
   <trkpt lat="52.716132" lon="7.748955"><ele>21.75</ele></trkpt>
   <trkpt lat="52.715994" lon="7.748877"><ele>21.75</ele></trkpt>
   <trkpt lat="52.715257" lon="7.74842"><ele>21.75</ele></trkpt>
   <trkpt lat="52.71512" lon="7.748343"><ele>21.75</ele></trkpt>
   <trkpt lat="52.714958" lon="7.748266"><ele>21.75</ele></trkpt>
   <trkpt lat="52.714872" lon="7.748237"><ele>21.75</ele></trkpt>
   <trkpt lat="52.714696" lon="7.748207"><ele>22</ele></trkpt>
   <trkpt lat="52.714648" lon="7.74819"><ele>22</ele></trkpt>
   <trkpt lat="52.714579" lon="7.748194"><ele>22</ele></trkpt>
   <trkpt lat="52.713899" lon="7.748268"><ele>22</ele></trkpt>
   <trkpt lat="52.713601" lon="7.748277"><ele>22</ele></trkpt>
   <trkpt lat="52.713545" lon="7.748266"><ele>22</ele></trkpt>
   <trkpt lat="52.712468" lon="7.74834"><ele>21.75</ele></trkpt>
   <trkpt lat="52.712119" lon="7.748373"><ele>22</ele></trkpt>
   <trkpt lat="52.712021" lon="7.748394"><ele>22</ele></trkpt>
   <trkpt lat="52.710961" lon="7.748464"><ele>22</ele></trkpt>
   <trkpt lat="52.710692" lon="7.74852"><ele>21.75</ele></trkpt>
   <trkpt lat="52.710463" lon="7.748612"><ele>22</ele></trkpt>
   <trkpt lat="52.710377" lon="7.748666"><ele>22</ele></trkpt>
   <trkpt lat="52.710332" lon="7.748631"><ele>22</ele></trkpt>
   <trkpt lat="52.710287" lon="7.748616"><ele>22</ele></trkpt>
   <trkpt lat="52.71022" lon="7.748613"><ele>22</ele></trkpt>
   <trkpt lat="52.709622" lon="7.748666"><ele>21.75</ele></trkpt>
   <trkpt lat="52.709526" lon="7.748674"><ele>21.75</ele></trkpt>
   <trkpt lat="52.708285" lon="7.748777"><ele>21.75</ele></trkpt>
   <trkpt lat="52.706736" lon="7.748905"><ele>22</ele></trkpt>
   <trkpt lat="52.705499" lon="7.748999"><ele>22</ele></trkpt>
   <trkpt lat="52.704928" lon="7.749043"><ele>22</ele></trkpt>
   <trkpt lat="52.704745" lon="7.749057"><ele>21.75</ele></trkpt>
   <trkpt lat="52.704597" lon="7.749073"><ele>22</ele></trkpt>
   <trkpt lat="52.70444" lon="7.749089"><ele>22</ele></trkpt>
   <trkpt lat="52.702556" lon="7.749212"><ele>22</ele></trkpt>
   <trkpt lat="52.702506" lon="7.749217"><ele>22</ele></trkpt>
   <trkpt lat="52.702188" lon="7.749274"><ele>22</ele></trkpt>
   <trkpt lat="52.702044" lon="7.749297"><ele>22.25</ele></trkpt>
   <trkpt lat="52.701909" lon="7.749328"><ele>22.5</ele></trkpt>
   <trkpt lat="52.701818" lon="7.749363"><ele>22.25</ele></trkpt>
   <trkpt lat="52.701718" lon="7.749415"><ele>22</ele></trkpt>
   <trkpt lat="52.701424" lon="7.749617"><ele>22</ele></trkpt>
   <trkpt lat="52.700491" lon="7.750267"><ele>22</ele></trkpt>
   <trkpt lat="52.700369" lon="7.750354"><ele>22.25</ele></trkpt>
   <trkpt lat="52.699992" lon="7.750626"><ele>22.75</ele></trkpt>
   <trkpt lat="52.699672" lon="7.750862"><ele>22.5</ele></trkpt>
   <trkpt lat="52.694893" lon="7.754261"><ele>22.5</ele></trkpt>
   <trkpt lat="52.692999" lon="7.75561"><ele>22</ele></trkpt>
   <trkpt lat="52.691924" lon="7.756379"><ele>22</ele></trkpt>
   <trkpt lat="52.691675" lon="7.756568"><ele>22</ele></trkpt>
   <trkpt lat="52.691145" lon="7.756503"><ele>22.75</ele></trkpt>
   <trkpt lat="52.690939" lon="7.756478"><ele>22.75</ele></trkpt>
   <trkpt lat="52.690795" lon="7.75646"><ele>22.5</ele></trkpt>
   <trkpt lat="52.690318" lon="7.756401"><ele>22.75</ele></trkpt>
   <trkpt lat="52.689637" lon="7.756315"><ele>22.5</ele></trkpt>
   <trkpt lat="52.689113" lon="7.756263"><ele>22.75</ele></trkpt>
   <trkpt lat="52.689043" lon="7.75627"><ele>22.5</ele></trkpt>
   <trkpt lat="52.68892" lon="7.756309"><ele>22.25</ele></trkpt>
   <trkpt lat="52.688808" lon="7.756383"><ele>22.25</ele></trkpt>
   <trkpt lat="52.688414" lon="7.756845"><ele>22</ele></trkpt>
   <trkpt lat="52.686889" lon="7.75869"><ele>22</ele></trkpt>
   <trkpt lat="52.6868" lon="7.758822"><ele>22</ele></trkpt>
   <trkpt lat="52.686758" lon="7.758916"><ele>22</ele></trkpt>
   <trkpt lat="52.6867" lon="7.759091"><ele>22</ele></trkpt>
   <trkpt lat="52.686582" lon="7.759511"><ele>22</ele></trkpt>
   <trkpt lat="52.686517" lon="7.759699"><ele>22</ele></trkpt>
   <trkpt lat="52.686471" lon="7.759804"><ele>21.75</ele></trkpt>
   <trkpt lat="52.686404" lon="7.759926"><ele>21.25</ele></trkpt>
   <trkpt lat="52.686345" lon="7.759998"><ele>21</ele></trkpt>
   <trkpt lat="52.686255" lon="7.760098"><ele>21.25</ele></trkpt>
   <trkpt lat="52.685999" lon="7.760349"><ele>21.5</ele></trkpt>
   <trkpt lat="52.685764" lon="7.760581"><ele>21.75</ele></trkpt>
   <trkpt lat="52.684736" lon="7.761591"><ele>22</ele></trkpt>
   <trkpt lat="52.684533" lon="7.761781"><ele>21.75</ele></trkpt>
   <trkpt lat="52.684315" lon="7.762004"><ele>22</ele></trkpt>
   <trkpt lat="52.68419" lon="7.762122"><ele>22</ele></trkpt>
   <trkpt lat="52.684027" lon="7.762221"><ele>22</ele></trkpt>
   <trkpt lat="52.683907" lon="7.762275"><ele>21.75</ele></trkpt>
   <trkpt lat="52.683784" lon="7.762303"><ele>21.75</ele></trkpt>
   <trkpt lat="52.683137" lon="7.762465"><ele>21.5</ele></trkpt>
   <trkpt lat="52.682883" lon="7.76253"><ele>22</ele></trkpt>
   <trkpt lat="52.682632" lon="7.762612"><ele>21.25</ele></trkpt>
   <trkpt lat="52.682429" lon="7.762729"><ele>21</ele></trkpt>
   <trkpt lat="52.681253" lon="7.7635"><ele>21.25</ele></trkpt>
   <trkpt lat="52.680699" lon="7.763864"><ele>21.75</ele></trkpt>
   <trkpt lat="52.680231" lon="7.764166"><ele>21.75</ele></trkpt>
   <trkpt lat="52.679712" lon="7.764501"><ele>22</ele></trkpt>
   <trkpt lat="52.677899" lon="7.765673"><ele>22</ele></trkpt>
   <trkpt lat="52.677883" lon="7.765684"><ele>22</ele></trkpt>
   <trkpt lat="52.677613" lon="7.765693"><ele>22</ele></trkpt>
   <trkpt lat="52.677052" lon="7.765712"><ele>20.75</ele></trkpt>
   <trkpt lat="52.676998" lon="7.765709"><ele>20.25</ele></trkpt>
   <trkpt lat="52.676743" lon="7.765687"><ele>21.25</ele></trkpt>
   <trkpt lat="52.676719" lon="7.765686"><ele>21.5</ele></trkpt>
   <trkpt lat="52.675472" lon="7.765706"><ele>23</ele></trkpt>
   <trkpt lat="52.675383" lon="7.765725"><ele>23</ele></trkpt>
   <trkpt lat="52.672376" lon="7.76691"><ele>23</ele></trkpt>
   <trkpt lat="52.672237" lon="7.766995"><ele>22.75</ele></trkpt>
   <trkpt lat="52.672071" lon="7.767057"><ele>23</ele></trkpt>
   <trkpt lat="52.671604" lon="7.76746"><ele>23</ele></trkpt>
   <trkpt lat="52.669801" lon="7.769016"><ele>23</ele></trkpt>
   <trkpt lat="52.663431" lon="7.774509"><ele>21.5</ele></trkpt>
   <trkpt lat="52.663356" lon="7.774599"><ele>21.5</ele></trkpt>
   <trkpt lat="52.661724" lon="7.771576"><ele>22</ele></trkpt>
   <trkpt lat="52.661165" lon="7.770565"><ele>22</ele></trkpt>
   <trkpt lat="52.661054" lon="7.770372"><ele>22</ele></trkpt>
   <trkpt lat="52.660984" lon="7.770291"><ele>22</ele></trkpt>
   <trkpt lat="52.660692" lon="7.770065"><ele>22</ele></trkpt>
   <trkpt lat="52.658351" lon="7.768243"><ele>22.5</ele></trkpt>
   <trkpt lat="52.658247" lon="7.768182"><ele>22.5</ele></trkpt>
   <trkpt lat="52.658154" lon="7.768131"><ele>22.5</ele></trkpt>
   <trkpt lat="52.657233" lon="7.767849"><ele>22.25</ele></trkpt>
   <trkpt lat="52.655041" lon="7.767182"><ele>23</ele></trkpt>
   <trkpt lat="52.64488" lon="7.764099"><ele>25</ele></trkpt>
   <trkpt lat="52.643349" lon="7.763612"><ele>25</ele></trkpt>
   <trkpt lat="52.643352" lon="7.763439"><ele>25</ele></trkpt>
   <trkpt lat="52.641969" lon="7.757367"><ele>26.25</ele></trkpt>
   <trkpt lat="52.641833" lon="7.757"><ele>26.25</ele></trkpt>
   <trkpt lat="52.64165" lon="7.756735"><ele>27</ele></trkpt>
   <trkpt lat="52.64074" lon="7.755723"><ele>28.25</ele></trkpt>
   <trkpt lat="52.640673" lon="7.755672"><ele>28.5</ele></trkpt>
   <trkpt lat="52.64028" lon="7.755536"><ele>29</ele></trkpt>
   <trkpt lat="52.639935" lon="7.755386"><ele>28.25</ele></trkpt>
   <trkpt lat="52.639868" lon="7.755326"><ele>28.25</ele></trkpt>
   <trkpt lat="52.639786" lon="7.755196"><ele>28.25</ele></trkpt>
   <trkpt lat="52.639554" lon="7.754778"><ele>28.5</ele></trkpt>
   <trkpt lat="52.639521" lon="7.754649"><ele>28.5</ele></trkpt>
   <trkpt lat="52.639496" lon="7.754358"><ele>28.75</ele></trkpt>
   <trkpt lat="52.639442" lon="7.753897"><ele>29</ele></trkpt>
   <trkpt lat="52.639321" lon="7.752748"><ele>28</ele></trkpt>
   <trkpt lat="52.639302" lon="7.752673"><ele>28.25</ele></trkpt>
   <trkpt lat="52.639281" lon="7.752488"><ele>29</ele></trkpt>
   <trkpt lat="52.63884" lon="7.750206"><ele>29.75</ele></trkpt>
   <trkpt lat="52.638805" lon="7.750057"><ele>29.75</ele></trkpt>
   <trkpt lat="52.638704" lon="7.750143"><ele>29.5</ele></trkpt>
   <trkpt lat="52.638032" lon="7.750908"><ele>29</ele></trkpt>
   <trkpt lat="52.637768" lon="7.751187"><ele>29</ele></trkpt>
   <trkpt lat="52.637153" lon="7.751681"><ele>29</ele></trkpt>
   <trkpt lat="52.637098" lon="7.751734"><ele>29</ele></trkpt>
   <trkpt lat="52.637036" lon="7.751801"><ele>29</ele></trkpt>
   <trkpt lat="52.636647" lon="7.752096"><ele>29</ele></trkpt>
   <trkpt lat="52.636546" lon="7.75215"><ele>29</ele></trkpt>
   <trkpt lat="52.636426" lon="7.752144"><ele>29</ele></trkpt>
   <trkpt lat="52.636203" lon="7.752085"><ele>29</ele></trkpt>
   <trkpt lat="52.636063" lon="7.752078"><ele>29</ele></trkpt>
   <trkpt lat="52.63591" lon="7.752101"><ele>29</ele></trkpt>
   <trkpt lat="52.635623" lon="7.75221"><ele>29</ele></trkpt>
   <trkpt lat="52.635463" lon="7.752252"><ele>29</ele></trkpt>
   <trkpt lat="52.635353" lon="7.752246"><ele>29</ele></trkpt>
   <trkpt lat="52.635233" lon="7.752222"><ele>29</ele></trkpt>
   <trkpt lat="52.634997" lon="7.75207"><ele>30</ele></trkpt>
   <trkpt lat="52.634839" lon="7.751997"><ele>30</ele></trkpt>
   <trkpt lat="52.634443" lon="7.751865"><ele>30</ele></trkpt>
   <trkpt lat="52.634177" lon="7.751811"><ele>30.25</ele></trkpt>
   <trkpt lat="52.634007" lon="7.751811"><ele>30.75</ele></trkpt>
   <trkpt lat="52.633904" lon="7.751831"><ele>30.75</ele></trkpt>
   <trkpt lat="52.6338" lon="7.751791"><ele>31</ele></trkpt>
   <trkpt lat="52.633473" lon="7.751632"><ele>31</ele></trkpt>
   <trkpt lat="52.633178" lon="7.75151"><ele>31.75</ele></trkpt>
   <trkpt lat="52.63299" lon="7.751475"><ele>31.5</ele></trkpt>
   <trkpt lat="52.632474" lon="7.751459"><ele>31.5</ele></trkpt>
   <trkpt lat="52.63176" lon="7.751461"><ele>32.75</ele></trkpt>
   <trkpt lat="52.631665" lon="7.751441"><ele>33</ele></trkpt>
   <trkpt lat="52.631576" lon="7.751386"><ele>32.75</ele></trkpt>
   <trkpt lat="52.631404" lon="7.751111"><ele>32.75</ele></trkpt>
   <trkpt lat="52.631183" lon="7.750787"><ele>33.5</ele></trkpt>
   <trkpt lat="52.631122" lon="7.750725"><ele>33.5</ele></trkpt>
   <trkpt lat="52.630619" lon="7.750308"><ele>34</ele></trkpt>
   <trkpt lat="52.630585" lon="7.750426"><ele>34</ele></trkpt>
   <trkpt lat="52.629842" lon="7.752035"><ele>35</ele></trkpt>
   <trkpt lat="52.629736" lon="7.752221"><ele>35</ele></trkpt>
   <trkpt lat="52.628701" lon="7.753247"><ele>32</ele></trkpt>
   <trkpt lat="52.628659" lon="7.753168"><ele>32</ele></trkpt>
   <trkpt lat="52.627719" lon="7.751944"><ele>34</ele></trkpt>
   <trkpt lat="52.627235" lon="7.751299"><ele>34</ele></trkpt>
   <trkpt lat="52.626838" lon="7.75078"><ele>34</ele></trkpt>
   <trkpt lat="52.626708" lon="7.750607"><ele>34</ele></trkpt>
   <trkpt lat="52.626161" lon="7.749907"><ele>35</ele></trkpt>
   <trkpt lat="52.626073" lon="7.749784"><ele>35</ele></trkpt>
   <trkpt lat="52.625956" lon="7.749589"><ele>35.25</ele></trkpt>
   <trkpt lat="52.625827" lon="7.749329"><ele>35</ele></trkpt>
   <trkpt lat="52.625685" lon="7.748987"><ele>35.25</ele></trkpt>
   <trkpt lat="52.6256" lon="7.748727"><ele>35.25</ele></trkpt>
   <trkpt lat="52.625374" lon="7.747884"><ele>36</ele></trkpt>
   <trkpt lat="52.625335" lon="7.747892"><ele>36.25</ele></trkpt>
   <trkpt lat="52.625061" lon="7.747945"><ele>36.75</ele></trkpt>
   <trkpt lat="52.624718" lon="7.747974"><ele>38</ele></trkpt>
   <trkpt lat="52.624623" lon="7.747973"><ele>38</ele></trkpt>
   <trkpt lat="52.624198" lon="7.747942"><ele>38.75</ele></trkpt>
   <trkpt lat="52.624147" lon="7.747937"><ele>39</ele></trkpt>
   <trkpt lat="52.623417" lon="7.74786"><ele>41.5</ele></trkpt>
   <trkpt lat="52.622625" lon="7.747749"><ele>42.5</ele></trkpt>
   <trkpt lat="52.622557" lon="7.747749"><ele>42.75</ele></trkpt>
   <trkpt lat="52.622484" lon="7.747775"><ele>43</ele></trkpt>
   <trkpt lat="52.621785" lon="7.748124"><ele>43.75</ele></trkpt>
   <trkpt lat="52.621695" lon="7.748157"><ele>43.75</ele></trkpt>
   <trkpt lat="52.621127" lon="7.748342"><ele>43.75</ele></trkpt>
   <trkpt lat="52.62108" lon="7.748348"><ele>43.75</ele></trkpt>
   <trkpt lat="52.621034" lon="7.748345"><ele>43.75</ele></trkpt>
   <trkpt lat="52.620964" lon="7.748341"><ele>43.75</ele></trkpt>
   <trkpt lat="52.620967" lon="7.748274"><ele>44</ele></trkpt>
   <trkpt lat="52.620992" lon="7.748227"><ele>44</ele></trkpt>
   <trkpt lat="52.620995" lon="7.748012"><ele>44</ele></trkpt>
   <trkpt lat="52.62098" lon="7.747962"><ele>44</ele></trkpt>
   <trkpt lat="52.620956" lon="7.747929"><ele>44</ele></trkpt>
   <trkpt lat="52.620891" lon="7.747913"><ele>44</ele></trkpt>
   <trkpt lat="52.620834" lon="7.747911"><ele>44</ele></trkpt>
   <trkpt lat="52.62031" lon="7.747958"><ele>43</ele></trkpt>
   <trkpt lat="52.619821" lon="7.747988"><ele>42.25</ele></trkpt>
   <trkpt lat="52.619817" lon="7.747928"><ele>42.25</ele></trkpt>
   <trkpt lat="52.619808" lon="7.747857"><ele>42.25</ele></trkpt>
   <trkpt lat="52.619797" lon="7.747767"><ele>42.25</ele></trkpt>
   <trkpt lat="52.619704" lon="7.747512"><ele>42.75</ele></trkpt>
   <trkpt lat="52.619566" lon="7.747259"><ele>42.75</ele></trkpt>
   <trkpt lat="52.619383" lon="7.746977"><ele>42.75</ele></trkpt>
   <trkpt lat="52.619186" lon="7.746752"><ele>43</ele></trkpt>
   <trkpt lat="52.619045" lon="7.74667"><ele>42.75</ele></trkpt>
   <trkpt lat="52.618918" lon="7.746604"><ele>43</ele></trkpt>
   <trkpt lat="52.618815" lon="7.746553"><ele>42.75</ele></trkpt>
   <trkpt lat="52.618476" lon="7.746318"><ele>42.5</ele></trkpt>
   <trkpt lat="52.618146" lon="7.746066"><ele>43</ele></trkpt>
   <trkpt lat="52.618035" lon="7.745986"><ele>43.25</ele></trkpt>
   <trkpt lat="52.617873" lon="7.745888"><ele>43.25</ele></trkpt>
   <trkpt lat="52.617677" lon="7.745819"><ele>43</ele></trkpt>
   <trkpt lat="52.617181" lon="7.745812"><ele>43</ele></trkpt>
   <trkpt lat="52.616999" lon="7.745784"><ele>43.75</ele></trkpt>
   <trkpt lat="52.616847" lon="7.745751"><ele>44.25</ele></trkpt>
   <trkpt lat="52.616691" lon="7.745684"><ele>44.5</ele></trkpt>
   <trkpt lat="52.616556" lon="7.745546"><ele>45</ele></trkpt>
   <trkpt lat="52.616429" lon="7.745367"><ele>45</ele></trkpt>
   <trkpt lat="52.616335" lon="7.745214"><ele>45</ele></trkpt>
   <trkpt lat="52.616264" lon="7.745045"><ele>45.25</ele></trkpt>
   <trkpt lat="52.61611" lon="7.744596"><ele>45.75</ele></trkpt>
   <trkpt lat="52.61566" lon="7.742857"><ele>48.5</ele></trkpt>
   <trkpt lat="52.615552" lon="7.742363"><ele>48.25</ele></trkpt>
   <trkpt lat="52.615476" lon="7.741929"><ele>49.75</ele></trkpt>
   <trkpt lat="52.615353" lon="7.74105"><ele>50.75</ele></trkpt>
   <trkpt lat="52.61528" lon="7.740963"><ele>50</ele></trkpt>
   <trkpt lat="52.615139" lon="7.740917"><ele>50</ele></trkpt>
   <trkpt lat="52.614962" lon="7.740983"><ele>50</ele></trkpt>
   <trkpt lat="52.61475" lon="7.741082"><ele>50</ele></trkpt>
   <trkpt lat="52.61448" lon="7.741164"><ele>51.5</ele></trkpt>
   <trkpt lat="52.61418" lon="7.741154"><ele>50.75</ele></trkpt>
   <trkpt lat="52.613349" lon="7.740987"><ele>50.75</ele></trkpt>
   <trkpt lat="52.612737" lon="7.740862"><ele>52</ele></trkpt>
   <trkpt lat="52.612561" lon="7.740807"><ele>52.75</ele></trkpt>
   <trkpt lat="52.612468" lon="7.740765"><ele>53</ele></trkpt>
   <trkpt lat="52.612469" lon="7.740625"><ele>53</ele></trkpt>
   <trkpt lat="52.612496" lon="7.740018"><ele>53</ele></trkpt>
   <trkpt lat="52.612482" lon="7.739926"><ele>53</ele></trkpt>
   <trkpt lat="52.612441" lon="7.739852"><ele>53</ele></trkpt>
   <trkpt lat="52.611993" lon="7.739451"><ele>54</ele></trkpt>
   <trkpt lat="52.61162" lon="7.73912"><ele>54</ele></trkpt>
   <trkpt lat="52.611475" lon="7.738909"><ele>54.25</ele></trkpt>
   <trkpt lat="52.611416" lon="7.738859"><ele>54</ele></trkpt>
   <trkpt lat="52.611328" lon="7.738847"><ele>54</ele></trkpt>
   <trkpt lat="52.611282" lon="7.738825"><ele>54</ele></trkpt>
   <trkpt lat="52.610391" lon="7.738091"><ele>52.25</ele></trkpt>
   <trkpt lat="52.610358" lon="7.738217"><ele>52.25</ele></trkpt>
   <trkpt lat="52.610104" lon="7.739814"><ele>50</ele></trkpt>
   <trkpt lat="52.608571" lon="7.739109"><ele>47</ele></trkpt>
   <trkpt lat="52.608391" lon="7.739051"><ele>47</ele></trkpt>
   <trkpt lat="52.608238" lon="7.739018"><ele>46.75</ele></trkpt>
   <trkpt lat="52.608116" lon="7.739006"><ele>46.5</ele></trkpt>
   <trkpt lat="52.607737" lon="7.739012"><ele>46.25</ele></trkpt>
   <trkpt lat="52.607414" lon="7.739011"><ele>46.25</ele></trkpt>
   <trkpt lat="52.60723" lon="7.738981"><ele>46.75</ele></trkpt>
   <trkpt lat="52.606082" lon="7.738746"><ele>51</ele></trkpt>
   <trkpt lat="52.605321" lon="7.738576"><ele>52.75</ele></trkpt>
   <trkpt lat="52.605176" lon="7.738536"><ele>53</ele></trkpt>
   <trkpt lat="52.605068" lon="7.738447"><ele>53.25</ele></trkpt>
   <trkpt lat="52.604985" lon="7.738307"><ele>53.75</ele></trkpt>
   <trkpt lat="52.604272" lon="7.736547"><ele>55.75</ele></trkpt>
   <trkpt lat="52.604161" lon="7.736331"><ele>56</ele></trkpt>
   <trkpt lat="52.604018" lon="7.736158"><ele>56.5</ele></trkpt>
   <trkpt lat="52.602808" lon="7.735148"><ele>61.25</ele></trkpt>
   <trkpt lat="52.602493" lon="7.734896"><ele>62.25</ele></trkpt>
   <trkpt lat="52.601721" lon="7.73444"><ele>63.75</ele></trkpt>
   <trkpt lat="52.598643" lon="7.732622"><ele>69.25</ele></trkpt>
   <trkpt lat="52.596336" lon="7.731262"><ele>77</ele></trkpt>
   <trkpt lat="52.595853" lon="7.730988"><ele>76.25</ele></trkpt>
   <trkpt lat="52.595335" lon="7.730648"><ele>76</ele></trkpt>
   <trkpt lat="52.594126" lon="7.729733"><ele>72.75</ele></trkpt>
   <trkpt lat="52.594016" lon="7.729652"><ele>72.25</ele></trkpt>
   <trkpt lat="52.593744" lon="7.729431"><ele>71.5</ele></trkpt>
   <trkpt lat="52.593154" lon="7.728998"><ele>70.5</ele></trkpt>
   <trkpt lat="52.592468" lon="7.728466"><ele>71</ele></trkpt>
   <trkpt lat="52.590989" lon="7.727314"><ele>71</ele></trkpt>
   <trkpt lat="52.590874" lon="7.727224"><ele>71</ele></trkpt>
   <trkpt lat="52.590415" lon="7.726858"><ele>71</ele></trkpt>
   <trkpt lat="52.590347" lon="7.726813"><ele>71.25</ele></trkpt>
   <trkpt lat="52.590291" lon="7.726806"><ele>71.25</ele></trkpt>
   <trkpt lat="52.59025" lon="7.726825"><ele>71.25</ele></trkpt>
   <trkpt lat="52.590205" lon="7.726855"><ele>71.25</ele></trkpt>
   <trkpt lat="52.590155" lon="7.72687"><ele>71.25</ele></trkpt>
   <trkpt lat="52.590071" lon="7.726845"><ele>71.25</ele></trkpt>
   <trkpt lat="52.589685" lon="7.726539"><ele>72</ele></trkpt>
   <trkpt lat="52.589629" lon="7.726478"><ele>72</ele></trkpt>
   <trkpt lat="52.589532" lon="7.7262"><ele>72</ele></trkpt>
   <trkpt lat="52.589436" lon="7.726117"><ele>72</ele></trkpt>
   <trkpt lat="52.586665" lon="7.723996"><ele>72</ele></trkpt>
   <trkpt lat="52.585742" lon="7.72329"><ele>71.5</ele></trkpt>
   <trkpt lat="52.58568" lon="7.72349"><ele>70.75</ele></trkpt>
   <trkpt lat="52.585541" lon="7.723829"><ele>70</ele></trkpt>
   <trkpt lat="52.585292" lon="7.724766"><ele>69</ele></trkpt>
   <trkpt lat="52.585227" lon="7.724808"><ele>69</ele></trkpt>
   <trkpt lat="52.582693" lon="7.725191"><ele>67.75</ele></trkpt>
   <trkpt lat="52.582587" lon="7.725198"><ele>67.5</ele></trkpt>
   <trkpt lat="52.582594" lon="7.725113"><ele>67.5</ele></trkpt>
   <trkpt lat="52.582523" lon="7.723636"><ele>70</ele></trkpt>
   <trkpt lat="52.582491" lon="7.722334"><ele>72</ele></trkpt>
   <trkpt lat="52.58251" lon="7.72225"><ele>72</ele></trkpt>
   <trkpt lat="52.582615" lon="7.722085"><ele>72.5</ele></trkpt>
   <trkpt lat="52.582632" lon="7.722031"><ele>72.75</ele></trkpt>
   <trkpt lat="52.58264" lon="7.721942"><ele>73</ele></trkpt>
   <trkpt lat="52.582659" lon="7.721022"><ele>74.25</ele></trkpt>
   <trkpt lat="52.582638" lon="7.720913"><ele>74.5</ele></trkpt>
   <trkpt lat="52.582642" lon="7.720763"><ele>75</ele></trkpt>
   <trkpt lat="52.58273" lon="7.720052"><ele>75.5</ele></trkpt>
   <trkpt lat="52.582909" lon="7.718429"><ele>82</ele></trkpt>
   <trkpt lat="52.583038" lon="7.71674"><ele>85.5</ele></trkpt>
   <trkpt lat="52.583221" lon="7.713951"><ele>87</ele></trkpt>
   <trkpt lat="52.583275" lon="7.713212"><ele>87</ele></trkpt>
   <trkpt lat="52.583342" lon="7.712165"><ele>86.75</ele></trkpt>
   <trkpt lat="52.583551" lon="7.709005"><ele>81.25</ele></trkpt>
   <trkpt lat="52.583614" lon="7.708004"><ele>77.75</ele></trkpt>
   <trkpt lat="52.583687" lon="7.706769"><ele>73.75</ele></trkpt>
   <trkpt lat="52.583691" lon="7.706558"><ele>73.5</ele></trkpt>
   <trkpt lat="52.583687" lon="7.706302"><ele>73</ele></trkpt>
   <trkpt lat="52.58335" lon="7.697905"><ele>52.25</ele></trkpt>
   <trkpt lat="52.583303" lon="7.696664"><ele>50</ele></trkpt>
   <trkpt lat="52.583261" lon="7.6967"><ele>50.5</ele></trkpt>
   <trkpt lat="52.583201" lon="7.69675"><ele>50.75</ele></trkpt>
   <trkpt lat="52.582808" lon="7.697183"><ele>50.75</ele></trkpt>
   <trkpt lat="52.582182" lon="7.697871"><ele>51.25</ele></trkpt>
   <trkpt lat="52.580869" lon="7.699314"><ele>53.5</ele></trkpt>
   <trkpt lat="52.580746" lon="7.699421"><ele>53.5</ele></trkpt>
   <trkpt lat="52.580641" lon="7.699485"><ele>53.25</ele></trkpt>
   <trkpt lat="52.58016" lon="7.69958"><ele>53.25</ele></trkpt>
   <trkpt lat="52.579932" lon="7.699624"><ele>53.25</ele></trkpt>
   <trkpt lat="52.579768" lon="7.699671"><ele>53</ele></trkpt>
   <trkpt lat="52.579619" lon="7.699726"><ele>53</ele></trkpt>
   <trkpt lat="52.579393" lon="7.699847"><ele>53</ele></trkpt>
   <trkpt lat="52.578672" lon="7.700296"><ele>51.25</ele></trkpt>
   <trkpt lat="52.577399" lon="7.701072"><ele>50.5</ele></trkpt>
   <trkpt lat="52.577324" lon="7.701118"><ele>51</ele></trkpt>
   <trkpt lat="52.577228" lon="7.701162"><ele>51</ele></trkpt>
   <trkpt lat="52.577208" lon="7.70107"><ele>50.5</ele></trkpt>
   <trkpt lat="52.577166" lon="7.700893"><ele>49.5</ele></trkpt>
   <trkpt lat="52.57713" lon="7.700761"><ele>49.5</ele></trkpt>
   <trkpt lat="52.575911" lon="7.701397"><ele>52</ele></trkpt>
   <trkpt lat="52.575824" lon="7.701431"><ele>52</ele></trkpt>
   <trkpt lat="52.574253" lon="7.701591"><ele>54</ele></trkpt>
   <trkpt lat="52.573279" lon="7.701711"><ele>55</ele></trkpt>
   <trkpt lat="52.573095" lon="7.70169"><ele>55</ele></trkpt>
   <trkpt lat="52.573019" lon="7.70166"><ele>55</ele></trkpt>
   <trkpt lat="52.572604" lon="7.701347"><ele>55</ele></trkpt>
   <trkpt lat="52.570188" lon="7.699514"><ele>54.5</ele></trkpt>
   <trkpt lat="52.569659" lon="7.699064"><ele>55</ele></trkpt>
   <trkpt lat="52.56906" lon="7.698642"><ele>55.25</ele></trkpt>
   <trkpt lat="52.568406" lon="7.698122"><ele>56.75</ele></trkpt>
   <trkpt lat="52.566666" lon="7.696882"><ele>60.75</ele></trkpt>
   <trkpt lat="52.565699" lon="7.696097"><ele>62.25</ele></trkpt>
   <trkpt lat="52.565608" lon="7.696029"><ele>62.5</ele></trkpt>
   <trkpt lat="52.565052" lon="7.695631"><ele>64.5</ele></trkpt>
   <trkpt lat="52.563581" lon="7.694414"><ele>69</ele></trkpt>
   <trkpt lat="52.563251" lon="7.694169"><ele>69.25</ele></trkpt>
   <trkpt lat="52.561979" lon="7.693179"><ele>68.75</ele></trkpt>
   <trkpt lat="52.561293" lon="7.692643"><ele>66.75</ele></trkpt>
   <trkpt lat="52.560663" lon="7.692142"><ele>64.25</ele></trkpt>
   <trkpt lat="52.560143" lon="7.691716"><ele>63</ele></trkpt>
   <trkpt lat="52.559701" lon="7.691351"><ele>63</ele></trkpt>
   <trkpt lat="52.559317" lon="7.691023"><ele>63</ele></trkpt>
   <trkpt lat="52.558443" lon="7.690313"><ele>62.75</ele></trkpt>
   <trkpt lat="52.55808" lon="7.690029"><ele>63.75</ele></trkpt>
   <trkpt lat="52.556195" lon="7.688552"><ele>57.25</ele></trkpt>
   <trkpt lat="52.554762" lon="7.687266"><ele>53.75</ele></trkpt>
   <trkpt lat="52.553604" lon="7.686336"><ele>52.75</ele></trkpt>
   <trkpt lat="52.551702" lon="7.684746"><ele>52</ele></trkpt>
   <trkpt lat="52.550752" lon="7.683965"><ele>51</ele></trkpt>
   <trkpt lat="52.550524" lon="7.683771"><ele>51</ele></trkpt>
   <trkpt lat="52.550386" lon="7.683709"><ele>51</ele></trkpt>
   <trkpt lat="52.548307" lon="7.683411"><ele>50.75</ele></trkpt>
   <trkpt lat="52.548186" lon="7.683431"><ele>50.75</ele></trkpt>
   <trkpt lat="52.548115" lon="7.68338"><ele>50.75</ele></trkpt>
   <trkpt lat="52.548062" lon="7.683357"><ele>50.75</ele></trkpt>
   <trkpt lat="52.54794" lon="7.683333"><ele>51</ele></trkpt>
   <trkpt lat="52.547757" lon="7.683341"><ele>50.75</ele></trkpt>
   <trkpt lat="52.546928" lon="7.683174"><ele>50.25</ele></trkpt>
   <trkpt lat="52.546808" lon="7.683092"><ele>50.5</ele></trkpt>
   <trkpt lat="52.546701" lon="7.682934"><ele>50.75</ele></trkpt>
   <trkpt lat="52.546618" lon="7.682745"><ele>50.75</ele></trkpt>
   <trkpt lat="52.546212" lon="7.681651"><ele>50.5</ele></trkpt>
   <trkpt lat="52.545702" lon="7.679949"><ele>49.75</ele></trkpt>
   <trkpt lat="52.54564" lon="7.679753"><ele>49.5</ele></trkpt>
   <trkpt lat="52.545545" lon="7.67948"><ele>49</ele></trkpt>
   <trkpt lat="52.545256" lon="7.678798"><ele>48.5</ele></trkpt>
   <trkpt lat="52.545105" lon="7.678493"><ele>48.25</ele></trkpt>
   <trkpt lat="52.544853" lon="7.677987"><ele>48</ele></trkpt>
   <trkpt lat="52.544702" lon="7.677682"><ele>48</ele></trkpt>
   <trkpt lat="52.544252" lon="7.676761"><ele>48</ele></trkpt>
   <trkpt lat="52.544205" lon="7.676814"><ele>48</ele></trkpt>
   <trkpt lat="52.544107" lon="7.676815"><ele>47.75</ele></trkpt>
   <trkpt lat="52.543259" lon="7.676699"><ele>48.25</ele></trkpt>
   <trkpt lat="52.54286" lon="7.676591"><ele>49</ele></trkpt>
   <trkpt lat="52.54212" lon="7.676269"><ele>48</ele></trkpt>
   <trkpt lat="52.539945" lon="7.675275"><ele>48</ele></trkpt>
   <trkpt lat="52.537564" lon="7.674219"><ele>50</ele></trkpt>
   <trkpt lat="52.536714" lon="7.673844"><ele>52</ele></trkpt>
   <trkpt lat="52.535177" lon="7.673165"><ele>53</ele></trkpt>
   <trkpt lat="52.533867" lon="7.672554"><ele>53</ele></trkpt>
   <trkpt lat="52.53354" lon="7.672399"><ele>53</ele></trkpt>
   <trkpt lat="52.533434" lon="7.672342"><ele>53</ele></trkpt>
   <trkpt lat="52.533381" lon="7.672301"><ele>53</ele></trkpt>
   <trkpt lat="52.533358" lon="7.672385"><ele>53</ele></trkpt>
   <trkpt lat="52.533334" lon="7.672505"><ele>53</ele></trkpt>
   <trkpt lat="52.533319" lon="7.672818"><ele>53</ele></trkpt>
   <trkpt lat="52.533292" lon="7.675218"><ele>52</ele></trkpt>
   <trkpt lat="52.532893" lon="7.675232"><ele>52.25</ele></trkpt>
   <trkpt lat="52.531716" lon="7.675308"><ele>52.75</ele></trkpt>
   <trkpt lat="52.531376" lon="7.675328"><ele>53</ele></trkpt>
   <trkpt lat="52.530545" lon="7.67536"><ele>52.5</ele></trkpt>
   <trkpt lat="52.529687" lon="7.675455"><ele>52.75</ele></trkpt>
   <trkpt lat="52.529006" lon="7.675544"><ele>53.5</ele></trkpt>
   <trkpt lat="52.52834" lon="7.675633"><ele>54</ele></trkpt>
   <trkpt lat="52.528273" lon="7.675609"><ele>54</ele></trkpt>
   <trkpt lat="52.5282" lon="7.67555"><ele>54</ele></trkpt>
   <trkpt lat="52.528069" lon="7.675375"><ele>54</ele></trkpt>
   <trkpt lat="52.527726" lon="7.674899"><ele>54</ele></trkpt>
   <trkpt lat="52.527593" lon="7.674779"><ele>53.75</ele></trkpt>
   <trkpt lat="52.527438" lon="7.674756"><ele>53.75</ele></trkpt>
   <trkpt lat="52.526755" lon="7.674886"><ele>53</ele></trkpt>
   <trkpt lat="52.526639" lon="7.674945"><ele>53</ele></trkpt>
   <trkpt lat="52.526191" lon="7.675204"><ele>53</ele></trkpt>
   <trkpt lat="52.525936" lon="7.675294"><ele>53</ele></trkpt>
   <trkpt lat="52.525679" lon="7.675341"><ele>53.5</ele></trkpt>
   <trkpt lat="52.525489" lon="7.675317"><ele>53.5</ele></trkpt>
   <trkpt lat="52.525163" lon="7.675121"><ele>53.25</ele></trkpt>
   <trkpt lat="52.524767" lon="7.674903"><ele>53.75</ele></trkpt>
   <trkpt lat="52.524485" lon="7.674748"><ele>53.75</ele></trkpt>
   <trkpt lat="52.523817" lon="7.674368"><ele>53.25</ele></trkpt>
   <trkpt lat="52.523472" lon="7.674171"><ele>53</ele></trkpt>
   <trkpt lat="52.523364" lon="7.674121"><ele>53</ele></trkpt>
   <trkpt lat="52.523288" lon="7.674117"><ele>52.75</ele></trkpt>
   <trkpt lat="52.5232" lon="7.674152"><ele>52.5</ele></trkpt>
   <trkpt lat="52.523005" lon="7.674297"><ele>51.75</ele></trkpt>
   <trkpt lat="52.52281" lon="7.674476"><ele>51</ele></trkpt>
   <trkpt lat="52.522525" lon="7.674729"><ele>51</ele></trkpt>
   <trkpt lat="52.522408" lon="7.674813"><ele>50.75</ele></trkpt>
   <trkpt lat="52.522305" lon="7.674857"><ele>50.5</ele></trkpt>
   <trkpt lat="52.52224" lon="7.674854"><ele>50.5</ele></trkpt>
   <trkpt lat="52.522164" lon="7.674831"><ele>50.25</ele></trkpt>
   <trkpt lat="52.522089" lon="7.674771"><ele>50.25</ele></trkpt>
   <trkpt lat="52.522025" lon="7.674673"><ele>50.25</ele></trkpt>
   <trkpt lat="52.521659" lon="7.67404"><ele>50.25</ele></trkpt>
   <trkpt lat="52.521381" lon="7.67353"><ele>50</ele></trkpt>
   <trkpt lat="52.521301" lon="7.673368"><ele>49.75</ele></trkpt>
   <trkpt lat="52.521065" lon="7.672824"><ele>49.5</ele></trkpt>
   <trkpt lat="52.520296" lon="7.67114"><ele>47.75</ele></trkpt>
   <trkpt lat="52.520267" lon="7.671068"><ele>47.75</ele></trkpt>
   <trkpt lat="52.52025" lon="7.671006"><ele>47.75</ele></trkpt>
   <trkpt lat="52.519607" lon="7.67148"><ele>47</ele></trkpt>
   <trkpt lat="52.519394" lon="7.671658"><ele>46.75</ele></trkpt>
   <trkpt lat="52.519149" lon="7.671866"><ele>47</ele></trkpt>
   <trkpt lat="52.518201" lon="7.672699"><ele>46</ele></trkpt>
   <trkpt lat="52.518041" lon="7.672842"><ele>46</ele></trkpt>
   <trkpt lat="52.51793" lon="7.672977"><ele>46</ele></trkpt>
   <trkpt lat="52.517892" lon="7.673055"><ele>46</ele></trkpt>
   <trkpt lat="52.517855" lon="7.673181"><ele>46.25</ele></trkpt>
   <trkpt lat="52.517824" lon="7.673355"><ele>47</ele></trkpt>
   <trkpt lat="52.517805" lon="7.673617"><ele>47</ele></trkpt>
   <trkpt lat="52.517791" lon="7.673806"><ele>47</ele></trkpt>
   <trkpt lat="52.517772" lon="7.674079"><ele>47</ele></trkpt>
   <trkpt lat="52.517751" lon="7.674226"><ele>47</ele></trkpt>
   <trkpt lat="52.517716" lon="7.674343"><ele>47</ele></trkpt>
   <trkpt lat="52.51765" lon="7.67446"><ele>47</ele></trkpt>
   <trkpt lat="52.517596" lon="7.674533"><ele>47</ele></trkpt>
   <trkpt lat="52.517439" lon="7.674637"><ele>47</ele></trkpt>
   <trkpt lat="52.516751" lon="7.674925"><ele>47.25</ele></trkpt>
   <trkpt lat="52.516416" lon="7.675094"><ele>47.25</ele></trkpt>
   <trkpt lat="52.5161" lon="7.675289"><ele>47</ele></trkpt>
   <trkpt lat="52.515973" lon="7.67534"><ele>47.25</ele></trkpt>
   <trkpt lat="52.515833" lon="7.675364"><ele>47.5</ele></trkpt>
   <trkpt lat="52.515659" lon="7.675349"><ele>47.25</ele></trkpt>
   <trkpt lat="52.515505" lon="7.675345"><ele>47</ele></trkpt>
   <trkpt lat="52.515255" lon="7.675328"><ele>46.75</ele></trkpt>
   <trkpt lat="52.51507" lon="7.675317"><ele>46.75</ele></trkpt>
   <trkpt lat="52.514995" lon="7.675312"><ele>46.75</ele></trkpt>
   <trkpt lat="52.514807" lon="7.67533"><ele>46.75</ele></trkpt>
   <trkpt lat="52.514565" lon="7.675391"><ele>47</ele></trkpt>
   <trkpt lat="52.51392" lon="7.675648"><ele>46.75</ele></trkpt>
   <trkpt lat="52.513607" lon="7.675734"><ele>47</ele></trkpt>
   <trkpt lat="52.513621" lon="7.675844"><ele>47</ele></trkpt>
   <trkpt lat="52.513564" lon="7.675883"><ele>47</ele></trkpt>
   <trkpt lat="52.513528" lon="7.675921"><ele>47</ele></trkpt>
   <trkpt lat="52.513497" lon="7.675989"><ele>47</ele></trkpt>
   <trkpt lat="52.513489" lon="7.67605"><ele>47</ele></trkpt>
   <trkpt lat="52.513424" lon="7.676057"><ele>47</ele></trkpt>
   <trkpt lat="52.513352" lon="7.676062"><ele>47</ele></trkpt>
   <trkpt lat="52.513347" lon="7.675998"><ele>47</ele></trkpt>
   <trkpt lat="52.513325" lon="7.675936"><ele>47</ele></trkpt>
   <trkpt lat="52.513297" lon="7.675905"><ele>47</ele></trkpt>
   <trkpt lat="52.513261" lon="7.675888"><ele>47</ele></trkpt>
   <trkpt lat="52.513167" lon="7.675868"><ele>47</ele></trkpt>
   <trkpt lat="52.513084" lon="7.67587"><ele>47</ele></trkpt>
   <trkpt lat="52.512435" lon="7.67596"><ele>47</ele></trkpt>
   <trkpt lat="52.512381" lon="7.675967"><ele>47</ele></trkpt>
   <trkpt lat="52.511588" lon="7.676057"><ele>46</ele></trkpt>
   <trkpt lat="52.511454" lon="7.676075"><ele>46</ele></trkpt>
   <trkpt lat="52.511365" lon="7.676137"><ele>46</ele></trkpt>
   <trkpt lat="52.511318" lon="7.676145"><ele>46</ele></trkpt>
   <trkpt lat="52.510077" lon="7.676314"><ele>45.25</ele></trkpt>
   <trkpt lat="52.509585" lon="7.676381"><ele>45</ele></trkpt>
   <trkpt lat="52.509484" lon="7.676339"><ele>45</ele></trkpt>
   <trkpt lat="52.507986" lon="7.676532"><ele>45.25</ele></trkpt>
   <trkpt lat="52.507567" lon="7.676587"><ele>45.25</ele></trkpt>
   <trkpt lat="52.506657" lon="7.676704"><ele>47</ele></trkpt>
   <trkpt lat="52.506464" lon="7.67671"><ele>47</ele></trkpt>
   <trkpt lat="52.506308" lon="7.676691"><ele>47</ele></trkpt>
   <trkpt lat="52.506138" lon="7.676657"><ele>47</ele></trkpt>
   <trkpt lat="52.505812" lon="7.676555"><ele>47</ele></trkpt>
   <trkpt lat="52.505531" lon="7.676484"><ele>47.75</ele></trkpt>
   <trkpt lat="52.50533" lon="7.676463"><ele>48</ele></trkpt>
   <trkpt lat="52.505251" lon="7.676464"><ele>48</ele></trkpt>
   <trkpt lat="52.505155" lon="7.676473"><ele>48</ele></trkpt>
   <trkpt lat="52.503069" lon="7.676846"><ele>49</ele></trkpt>
   <trkpt lat="52.50255" lon="7.676969"><ele>48</ele></trkpt>
   <trkpt lat="52.501475" lon="7.677224"><ele>47.75</ele></trkpt>
   <trkpt lat="52.501259" lon="7.677331"><ele>47.5</ele></trkpt>
   <trkpt lat="52.501043" lon="7.677496"><ele>47.25</ele></trkpt>
   <trkpt lat="52.500854" lon="7.677746"><ele>47.75</ele></trkpt>
   <trkpt lat="52.500649" lon="7.678083"><ele>47.75</ele></trkpt>
   <trkpt lat="52.500311" lon="7.678744"><ele>48</ele></trkpt>
   <trkpt lat="52.50012" lon="7.679073"><ele>48</ele></trkpt>
   <trkpt lat="52.499926" lon="7.679344"><ele>48</ele></trkpt>
   <trkpt lat="52.49957" lon="7.679623"><ele>48</ele></trkpt>
   <trkpt lat="52.49915" lon="7.679805"><ele>48</ele></trkpt>
   <trkpt lat="52.498746" lon="7.680004"><ele>48</ele></trkpt>
   <trkpt lat="52.498565" lon="7.680161"><ele>48</ele></trkpt>
   <trkpt lat="52.498382" lon="7.680373"><ele>48</ele></trkpt>
   <trkpt lat="52.498214" lon="7.680657"><ele>47.5</ele></trkpt>
   <trkpt lat="52.498064" lon="7.680999"><ele>46.75</ele></trkpt>
   <trkpt lat="52.497735" lon="7.681805"><ele>47</ele></trkpt>
   <trkpt lat="52.497527" lon="7.682179"><ele>46</ele></trkpt>
   <trkpt lat="52.49738" lon="7.682378"><ele>46</ele></trkpt>
   <trkpt lat="52.497272" lon="7.682487"><ele>46</ele></trkpt>
   <trkpt lat="52.497109" lon="7.682622"><ele>46</ele></trkpt>
   <trkpt lat="52.496907" lon="7.682737"><ele>46</ele></trkpt>
   <trkpt lat="52.496662" lon="7.682838"><ele>45.75</ele></trkpt>
   <trkpt lat="52.496417" lon="7.682896"><ele>45</ele></trkpt>
   <trkpt lat="52.496228" lon="7.682911"><ele>45</ele></trkpt>
   <trkpt lat="52.496047" lon="7.68288"><ele>45</ele></trkpt>
   <trkpt lat="52.495897" lon="7.682815"><ele>45</ele></trkpt>
   <trkpt lat="52.495277" lon="7.682409"><ele>44.5</ele></trkpt>
   <trkpt lat="52.495243" lon="7.682377"><ele>44.25</ele></trkpt>
   <trkpt lat="52.495191" lon="7.682326"><ele>44.25</ele></trkpt>
   <trkpt lat="52.495128" lon="7.682288"><ele>44</ele></trkpt>
   <trkpt lat="52.49433" lon="7.681779"><ele>44</ele></trkpt>
   <trkpt lat="52.494019" lon="7.681579"><ele>44</ele></trkpt>
   <trkpt lat="52.493931" lon="7.681556"><ele>44</ele></trkpt>
   <trkpt lat="52.493811" lon="7.681561"><ele>44</ele></trkpt>
   <trkpt lat="52.49331" lon="7.681669"><ele>43</ele></trkpt>
   <trkpt lat="52.492792" lon="7.68179"><ele>43</ele></trkpt>
   <trkpt lat="52.492691" lon="7.681812"><ele>43</ele></trkpt>
   <trkpt lat="52.491728" lon="7.682023"><ele>43</ele></trkpt>
   <trkpt lat="52.491534" lon="7.682039"><ele>43</ele></trkpt>
   <trkpt lat="52.491378" lon="7.682028"><ele>43</ele></trkpt>
   <trkpt lat="52.491167" lon="7.681972"><ele>43</ele></trkpt>
   <trkpt lat="52.491116" lon="7.681944"><ele>43</ele></trkpt>
   <trkpt lat="52.49107" lon="7.681917"><ele>43</ele></trkpt>
   <trkpt lat="52.49103" lon="7.681986"><ele>43</ele></trkpt>
   <trkpt lat="52.490917" lon="7.682076"><ele>43</ele></trkpt>
   <trkpt lat="52.490231" lon="7.682433"><ele>43</ele></trkpt>
   <trkpt lat="52.489081" lon="7.683084"><ele>43</ele></trkpt>
   <trkpt lat="52.48834" lon="7.6835"><ele>42.25</ele></trkpt>
   <trkpt lat="52.485" lon="7.685313"><ele>43</ele></trkpt>
   <trkpt lat="52.484903" lon="7.685375"><ele>43</ele></trkpt>
   <trkpt lat="52.481074" lon="7.678978"><ele>41</ele></trkpt>
   <trkpt lat="52.479004" lon="7.675501"><ele>41</ele></trkpt>
   <trkpt lat="52.477881" lon="7.673604"><ele>40</ele></trkpt>
   <trkpt lat="52.47787" lon="7.673551"><ele>40</ele></trkpt>
   <trkpt lat="52.477868" lon="7.673484"><ele>40</ele></trkpt>
   <trkpt lat="52.476961" lon="7.673234"><ele>39.75</ele></trkpt>
   <trkpt lat="52.476771" lon="7.673143"><ele>40</ele></trkpt>
   <trkpt lat="52.475522" lon="7.671999"><ele>40</ele></trkpt>
   <trkpt lat="52.473428" lon="7.670072"><ele>39.5</ele></trkpt>
   <trkpt lat="52.473275" lon="7.669911"><ele>40</ele></trkpt>
   <trkpt lat="52.472179" lon="7.668664"><ele>40</ele></trkpt>
   <trkpt lat="52.471211" lon="7.667587"><ele>41</ele></trkpt>
   <trkpt lat="52.470964" lon="7.667418"><ele>40.5</ele></trkpt>
   <trkpt lat="52.469709" lon="7.666986"><ele>40</ele></trkpt>
   <trkpt lat="52.469553" lon="7.666905"><ele>40.5</ele></trkpt>
   <trkpt lat="52.469393" lon="7.666763"><ele>41</ele></trkpt>
   <trkpt lat="52.468857" lon="7.666253"><ele>41</ele></trkpt>
   <trkpt lat="52.468703" lon="7.66612"><ele>41</ele></trkpt>
   <trkpt lat="52.468455" lon="7.666007"><ele>41</ele></trkpt>
   <trkpt lat="52.467979" lon="7.665818"><ele>41</ele></trkpt>
   <trkpt lat="52.46777" lon="7.665674"><ele>41</ele></trkpt>
   <trkpt lat="52.467053" lon="7.665092"><ele>40.75</ele></trkpt>
   <trkpt lat="52.466775" lon="7.664814"><ele>40</ele></trkpt>
   <trkpt lat="52.465565" lon="7.663429"><ele>39.75</ele></trkpt>
   <trkpt lat="52.465144" lon="7.662935"><ele>39</ele></trkpt>
   <trkpt lat="52.465011" lon="7.662784"><ele>39</ele></trkpt>
   <trkpt lat="52.462807" lon="7.660171"><ele>38</ele></trkpt>
   <trkpt lat="52.462573" lon="7.659913"><ele>38</ele></trkpt>
   <trkpt lat="52.462413" lon="7.659807"><ele>38</ele></trkpt>
   <trkpt lat="52.462215" lon="7.659758"><ele>38</ele></trkpt>
   <trkpt lat="52.46168" lon="7.659741"><ele>38</ele></trkpt>
   <trkpt lat="52.461448" lon="7.659739"><ele>38</ele></trkpt>
   <trkpt lat="52.45996" lon="7.659727"><ele>39</ele></trkpt>
   <trkpt lat="52.459693" lon="7.659667"><ele>38.75</ele></trkpt>
   <trkpt lat="52.459449" lon="7.659527"><ele>38.75</ele></trkpt>
   <trkpt lat="52.458875" lon="7.65899"><ele>39</ele></trkpt>
   <trkpt lat="52.458717" lon="7.658868"><ele>39</ele></trkpt>
   <trkpt lat="52.458466" lon="7.658659"><ele>39</ele></trkpt>
   <trkpt lat="52.458281" lon="7.658534"><ele>39</ele></trkpt>
   <trkpt lat="52.458126" lon="7.658481"><ele>39</ele></trkpt>
   <trkpt lat="52.457994" lon="7.658476"><ele>39</ele></trkpt>
   <trkpt lat="52.456076" lon="7.658946"><ele>39</ele></trkpt>
   <trkpt lat="52.45591" lon="7.658948"><ele>39.5</ele></trkpt>
   <trkpt lat="52.455842" lon="7.659135"><ele>39.75</ele></trkpt>
   <trkpt lat="52.455777" lon="7.659089"><ele>39.75</ele></trkpt>
   <trkpt lat="52.455689" lon="7.659047"><ele>39.5</ele></trkpt>
   <trkpt lat="52.451114" lon="7.660189"><ele>39.75</ele></trkpt>
   <trkpt lat="52.447993" lon="7.661763"><ele>41</ele></trkpt>
   <trkpt lat="52.443104" lon="7.664795"><ele>40</ele></trkpt>
   <trkpt lat="52.442563" lon="7.67083"><ele>40.75</ele></trkpt>
   <trkpt lat="52.441389" lon="7.671514"><ele>40.25</ele></trkpt>
   <trkpt lat="52.441087" lon="7.671715"><ele>40</ele></trkpt>
   <trkpt lat="52.440817" lon="7.671869"><ele>40</ele></trkpt>
   <trkpt lat="52.440392" lon="7.672042"><ele>40</ele></trkpt>
   <trkpt lat="52.44025" lon="7.672144"><ele>40</ele></trkpt>
   <trkpt lat="52.440064" lon="7.672447"><ele>40</ele></trkpt>
   <trkpt lat="52.439893" lon="7.67277"><ele>40</ele></trkpt>
   <trkpt lat="52.439843" lon="7.672932"><ele>39</ele></trkpt>
   <trkpt lat="52.439792" lon="7.673272"><ele>38.75</ele></trkpt>
   <trkpt lat="52.439657" lon="7.674925"><ele>40</ele></trkpt>
   <trkpt lat="52.438947" lon="7.673596"><ele>40.5</ele></trkpt>
   <trkpt lat="52.438421" lon="7.672004"><ele>39.5</ele></trkpt>
   <trkpt lat="52.43832" lon="7.671125"><ele>40.75</ele></trkpt>
   <trkpt lat="52.438825" lon="7.668804"><ele>41</ele></trkpt>
   <trkpt lat="52.438868" lon="7.668416"><ele>41</ele></trkpt>
   <trkpt lat="52.438862" lon="7.667474"><ele>40</ele></trkpt>
   <trkpt lat="52.437986" lon="7.66736"><ele>41</ele></trkpt>
   <trkpt lat="52.435956" lon="7.667336"><ele>40.75</ele></trkpt>
   <trkpt lat="52.435128" lon="7.667247"><ele>40.75</ele></trkpt>
   <trkpt lat="52.433077" lon="7.668865"><ele>40.75</ele></trkpt>
   <trkpt lat="52.431496" lon="7.670183"><ele>40</ele></trkpt>
   <trkpt lat="52.431393" lon="7.670245"><ele>40</ele></trkpt>
   <trkpt lat="52.431277" lon="7.670337"><ele>40.25</ele></trkpt>
   <trkpt lat="52.431129" lon="7.670455"><ele>40.25</ele></trkpt>
   <trkpt lat="52.430576" lon="7.670778"><ele>41</ele></trkpt>
   <trkpt lat="52.430079" lon="7.670918"><ele>41</ele></trkpt>
   <trkpt lat="52.429647" lon="7.670778"><ele>40.75</ele></trkpt>
   <trkpt lat="52.429151" lon="7.670366"><ele>40.75</ele></trkpt>
   <trkpt lat="52.42796" lon="7.66904"><ele>40</ele></trkpt>
   <trkpt lat="52.426848" lon="7.667447"><ele>41</ele></trkpt>
   <trkpt lat="52.42675" lon="7.667624"><ele>41</ele></trkpt>
   <trkpt lat="52.425465" lon="7.668499"><ele>41</ele></trkpt>
   <trkpt lat="52.425153" lon="7.668609"><ele>41</ele></trkpt>
   <trkpt lat="52.423587" lon="7.66879"><ele>41</ele></trkpt>
   <trkpt lat="52.423463" lon="7.668844"><ele>41</ele></trkpt>
   <trkpt lat="52.423402" lon="7.668884"><ele>41</ele></trkpt>
   <trkpt lat="52.422735" lon="7.669478"><ele>40.75</ele></trkpt>
   <trkpt lat="52.422" lon="7.67022"><ele>40.75</ele></trkpt>
   <trkpt lat="52.42186" lon="7.670368"><ele>40.5</ele></trkpt>
   <trkpt lat="52.42174" lon="7.670399"><ele>40.25</ele></trkpt>
   <trkpt lat="52.421345" lon="7.669933"><ele>40</ele></trkpt>
   <trkpt lat="52.421217" lon="7.669712"><ele>40.25</ele></trkpt>
   <trkpt lat="52.421048" lon="7.668039"><ele>39.75</ele></trkpt>
   <trkpt lat="52.420985" lon="7.667766"><ele>39.5</ele></trkpt>
   <trkpt lat="52.42097" lon="7.66759"><ele>39.75</ele></trkpt>
   <trkpt lat="52.42102" lon="7.667404"><ele>40.25</ele></trkpt>
   <trkpt lat="52.421154" lon="7.667156"><ele>40.75</ele></trkpt>
   <trkpt lat="52.420949" lon="7.666788"><ele>40</ele></trkpt>
   <trkpt lat="52.420906" lon="7.666712"><ele>40</ele></trkpt>
   <trkpt lat="52.420539" lon="7.667024"><ele>39.75</ele></trkpt>
   <trkpt lat="52.419986" lon="7.6672"><ele>39.75</ele></trkpt>
   <trkpt lat="52.419815" lon="7.667297"><ele>40</ele></trkpt>
   <trkpt lat="52.419554" lon="7.667419"><ele>40</ele></trkpt>
   <trkpt lat="52.419315" lon="7.667552"><ele>40</ele></trkpt>
   <trkpt lat="52.418947" lon="7.667774"><ele>40.75</ele></trkpt>
   <trkpt lat="52.418533" lon="7.667896"><ele>41</ele></trkpt>
   <trkpt lat="52.418488" lon="7.667914"><ele>41</ele></trkpt>
   <trkpt lat="52.418131" lon="7.667927"><ele>40.75</ele></trkpt>
   <trkpt lat="52.417484" lon="7.667945"><ele>41</ele></trkpt>
   <trkpt lat="52.417487" lon="7.667867"><ele>41</ele></trkpt>
   <trkpt lat="52.417051" lon="7.667876"><ele>41</ele></trkpt>
   <trkpt lat="52.416861" lon="7.66788"><ele>41</ele></trkpt>
   <trkpt lat="52.416792" lon="7.667846"><ele>41</ele></trkpt>
   <trkpt lat="52.416741" lon="7.667838"><ele>41</ele></trkpt>
   <trkpt lat="52.416616" lon="7.66784"><ele>41</ele></trkpt>
   <trkpt lat="52.416172" lon="7.667892"><ele>41</ele></trkpt>
   <trkpt lat="52.416076" lon="7.667958"><ele>40.75</ele></trkpt>
   <trkpt lat="52.416004" lon="7.667972"><ele>40.5</ele></trkpt>
   <trkpt lat="52.414858" lon="7.668154"><ele>40.5</ele></trkpt>
   <trkpt lat="52.414814" lon="7.668153"><ele>40.5</ele></trkpt>
   <trkpt lat="52.414758" lon="7.668125"><ele>40.25</ele></trkpt>
   <trkpt lat="52.414704" lon="7.668078"><ele>40</ele></trkpt>
   <trkpt lat="52.414568" lon="7.667878"><ele>40.25</ele></trkpt>
   <trkpt lat="52.414414" lon="7.667692"><ele>40</ele></trkpt>
   <trkpt lat="52.414372" lon="7.66754"><ele>40</ele></trkpt>
   <trkpt lat="52.414276" lon="7.667534"><ele>40</ele></trkpt>
   <trkpt lat="52.414205" lon="7.667492"><ele>40</ele></trkpt>
   <trkpt lat="52.41382" lon="7.667118"><ele>40</ele></trkpt>
   <trkpt lat="52.413637" lon="7.666883"><ele>40</ele></trkpt>
   <trkpt lat="52.413581" lon="7.666753"><ele>40</ele></trkpt>
   <trkpt lat="52.413527" lon="7.666792"><ele>40</ele></trkpt>
   <trkpt lat="52.413027" lon="7.667328"><ele>40</ele></trkpt>
   <trkpt lat="52.412778" lon="7.667624"><ele>40</ele></trkpt>
   <trkpt lat="52.412314" lon="7.668084"><ele>41</ele></trkpt>
   <trkpt lat="52.412117" lon="7.668232"><ele>41</ele></trkpt>
   <trkpt lat="52.411723" lon="7.668436"><ele>40.25</ele></trkpt>
   <trkpt lat="52.410869" lon="7.668964"><ele>41</ele></trkpt>
   <trkpt lat="52.41045" lon="7.669028"><ele>41</ele></trkpt>
   <trkpt lat="52.410033" lon="7.66907"><ele>41</ele></trkpt>
   <trkpt lat="52.409451" lon="7.669186"><ele>41</ele></trkpt>
   <trkpt lat="52.409241" lon="7.669196"><ele>41</ele></trkpt>
   <trkpt lat="52.408746" lon="7.668972"><ele>41</ele></trkpt>
   <trkpt lat="52.408202" lon="7.668764"><ele>41</ele></trkpt>
   <trkpt lat="52.408069" lon="7.66865"><ele>41</ele></trkpt>
   <trkpt lat="52.407816" lon="7.66815"><ele>40.75</ele></trkpt>
   <trkpt lat="52.407206" lon="7.666901"><ele>40.75</ele></trkpt>
   <trkpt lat="52.406494" lon="7.666189"><ele>40.75</ele></trkpt>
   <trkpt lat="52.405107" lon="7.66513"><ele>41.75</ele></trkpt>
   <trkpt lat="52.404532" lon="7.666138"><ele>41.5</ele></trkpt>
   <trkpt lat="52.402458" lon="7.669778"><ele>41</ele></trkpt>
   <trkpt lat="52.4022" lon="7.670249"><ele>41.75</ele></trkpt>
   <trkpt lat="52.397434" lon="7.678643"><ele>43</ele></trkpt>
   <trkpt lat="52.39614" lon="7.681148"><ele>43</ele></trkpt>
   <trkpt lat="52.395986" lon="7.681446"><ele>43</ele></trkpt>
   <trkpt lat="52.395337" lon="7.682804"><ele>43</ele></trkpt>
   <trkpt lat="52.394326" lon="7.682161"><ele>43</ele></trkpt>
   <trkpt lat="52.391732" lon="7.68044"><ele>42.25</ele></trkpt>
   <trkpt lat="52.391526" lon="7.680317"><ele>42</ele></trkpt>
   <trkpt lat="52.391446" lon="7.680286"><ele>42</ele></trkpt>
   <trkpt lat="52.390775" lon="7.680224"><ele>42</ele></trkpt>
   <trkpt lat="52.390673" lon="7.680198"><ele>42</ele></trkpt>
   <trkpt lat="52.390552" lon="7.680141"><ele>42</ele></trkpt>
   <trkpt lat="52.388746" lon="7.678915"><ele>43</ele></trkpt>
   <trkpt lat="52.388623" lon="7.678809"><ele>43</ele></trkpt>
   <trkpt lat="52.388317" lon="7.679425"><ele>43</ele></trkpt>
   <trkpt lat="52.388238" lon="7.679617"><ele>43</ele></trkpt>
   <trkpt lat="52.388109" lon="7.679926"><ele>43</ele></trkpt>
   <trkpt lat="52.386914" lon="7.682578"><ele>44</ele></trkpt>
   <trkpt lat="52.386641" lon="7.684249"><ele>44</ele></trkpt>
   <trkpt lat="52.383618" lon="7.684282"><ele>44</ele></trkpt>
   <trkpt lat="52.38315" lon="7.684262"><ele>44.5</ele></trkpt>
   <trkpt lat="52.382653" lon="7.684245"><ele>45</ele></trkpt>
   <trkpt lat="52.379339" lon="7.683655"><ele>44.75</ele></trkpt>
   <trkpt lat="52.378171" lon="7.683645"><ele>44.75</ele></trkpt>
   <trkpt lat="52.37727" lon="7.68366"><ele>44</ele></trkpt>
   <trkpt lat="52.376667" lon="7.683873"><ele>44.75</ele></trkpt>
   <trkpt lat="52.376543" lon="7.683876"><ele>44.5</ele></trkpt>
   <trkpt lat="52.376574" lon="7.683633"><ele>44.5</ele></trkpt>
   <trkpt lat="52.376577" lon="7.683392"><ele>44.5</ele></trkpt>
   <trkpt lat="52.376558" lon="7.683155"><ele>44.5</ele></trkpt>
   <trkpt lat="52.376362" lon="7.682723"><ele>44.75</ele></trkpt>
   <trkpt lat="52.376137" lon="7.682354"><ele>45</ele></trkpt>
   <trkpt lat="52.375654" lon="7.681774"><ele>44.75</ele></trkpt>
   <trkpt lat="52.375057" lon="7.681288"><ele>45</ele></trkpt>
   <trkpt lat="52.374738" lon="7.681112"><ele>45</ele></trkpt>
   <trkpt lat="52.374622" lon="7.681048"><ele>44.5</ele></trkpt>
   <trkpt lat="52.373497" lon="7.680705"><ele>45</ele></trkpt>
   <trkpt lat="52.373456" lon="7.680397"><ele>45</ele></trkpt>
   <trkpt lat="52.373324" lon="7.679893"><ele>44.75</ele></trkpt>
   <trkpt lat="52.372974" lon="7.678803"><ele>44</ele></trkpt>
   <trkpt lat="52.372872" lon="7.678462"><ele>44.5</ele></trkpt>
   <trkpt lat="52.372627" lon="7.678497"><ele>44.5</ele></trkpt>
   <trkpt lat="52.37257" lon="7.677727"><ele>44.5</ele></trkpt>
   <trkpt lat="52.372523" lon="7.677193"><ele>44.75</ele></trkpt>
   <trkpt lat="52.372486" lon="7.676854"><ele>44</ele></trkpt>
   <trkpt lat="52.372449" lon="7.676646"><ele>44</ele></trkpt>
   <trkpt lat="52.372279" lon="7.675921"><ele>44.75</ele></trkpt>
   <trkpt lat="52.3722" lon="7.675562"><ele>44</ele></trkpt>
   <trkpt lat="52.37183" lon="7.674306"><ele>44.25</ele></trkpt>
   <trkpt lat="52.371756" lon="7.674184"><ele>44</ele></trkpt>
   <trkpt lat="52.371731" lon="7.674095"><ele>44</ele></trkpt>
   <trkpt lat="52.371506" lon="7.673625"><ele>44</ele></trkpt>
   <trkpt lat="52.371108" lon="7.672967"><ele>44.75</ele></trkpt>
   <trkpt lat="52.371048" lon="7.672734"><ele>44.75</ele></trkpt>
   <trkpt lat="52.370732" lon="7.672163"><ele>45.5</ele></trkpt>
   <trkpt lat="52.370591" lon="7.671895"><ele>45</ele></trkpt>
   <trkpt lat="52.370396" lon="7.67145"><ele>44.5</ele></trkpt>
   <trkpt lat="52.370242" lon="7.670985"><ele>44.25</ele></trkpt>
   <trkpt lat="52.370176" lon="7.670696"><ele>45</ele></trkpt>
   <trkpt lat="52.370074" lon="7.670183"><ele>44.75</ele></trkpt>
   <trkpt lat="52.369975" lon="7.66958"><ele>43.75</ele></trkpt>
   <trkpt lat="52.369841" lon="7.668684"><ele>44</ele></trkpt>
   <trkpt lat="52.369713" lon="7.668109"><ele>43.75</ele></trkpt>
   <trkpt lat="52.36959" lon="7.667651"><ele>44</ele></trkpt>
   <trkpt lat="52.369358" lon="7.666872"><ele>44</ele></trkpt>
   <trkpt lat="52.369326" lon="7.666791"><ele>44</ele></trkpt>
   <trkpt lat="52.369261" lon="7.66673"><ele>44.5</ele></trkpt>
   <trkpt lat="52.369219" lon="7.666626"><ele>44.5</ele></trkpt>
   <trkpt lat="52.369174" lon="7.666655"><ele>44.75</ele></trkpt>
   <trkpt lat="52.368896" lon="7.666886"><ele>44</ele></trkpt>
   <trkpt lat="52.368814" lon="7.667029"><ele>43.25</ele></trkpt>
   <trkpt lat="52.368709" lon="7.667271"><ele>43.5</ele></trkpt>
   <trkpt lat="52.368399" lon="7.667913"><ele>44</ele></trkpt>
   <trkpt lat="52.368169" lon="7.668569"><ele>44</ele></trkpt>
   <trkpt lat="52.368051" lon="7.669041"><ele>44</ele></trkpt>
   <trkpt lat="52.368042" lon="7.66921"><ele>44</ele></trkpt>
   <trkpt lat="52.368055" lon="7.669403"><ele>43.75</ele></trkpt>
   <trkpt lat="52.368147" lon="7.669821"><ele>44</ele></trkpt>
   <trkpt lat="52.367977" lon="7.671607"><ele>45</ele></trkpt>
   <trkpt lat="52.367985" lon="7.671892"><ele>45</ele></trkpt>
   <trkpt lat="52.368026" lon="7.672396"><ele>44.25</ele></trkpt>
   <trkpt lat="52.36799" lon="7.672805"><ele>44</ele></trkpt>
   <trkpt lat="52.367955" lon="7.672948"><ele>44.25</ele></trkpt>
   <trkpt lat="52.367811" lon="7.673251"><ele>44.25</ele></trkpt>
   <trkpt lat="52.367662" lon="7.673388"><ele>44</ele></trkpt>
   <trkpt lat="52.366786" lon="7.673473"><ele>44</ele></trkpt>
   <trkpt lat="52.366548" lon="7.673605"><ele>44</ele></trkpt>
   <trkpt lat="52.36627" lon="7.674239"><ele>44</ele></trkpt>
   <trkpt lat="52.366068" lon="7.674454"><ele>44</ele></trkpt>
   <trkpt lat="52.364952" lon="7.675731"><ele>44</ele></trkpt>
   <trkpt lat="52.36368" lon="7.676211"><ele>44</ele></trkpt>
   <trkpt lat="52.361995" lon="7.677071"><ele>45</ele></trkpt>
   <trkpt lat="52.36157" lon="7.677519"><ele>45</ele></trkpt>
   <trkpt lat="52.360863" lon="7.678704"><ele>45.25</ele></trkpt>
   <trkpt lat="52.360416" lon="7.679134"><ele>45.25</ele></trkpt>
   <trkpt lat="52.360208" lon="7.679312"><ele>45</ele></trkpt>
   <trkpt lat="52.360015" lon="7.67938"><ele>45</ele></trkpt>
   <trkpt lat="52.359805" lon="7.679437"><ele>45.5</ele></trkpt>
   <trkpt lat="52.359719" lon="7.679495"><ele>45.75</ele></trkpt>
   <trkpt lat="52.358027" lon="7.680737"><ele>45.75</ele></trkpt>
   <trkpt lat="52.356314" lon="7.681936"><ele>45.75</ele></trkpt>
   <trkpt lat="52.356009" lon="7.682219"><ele>46</ele></trkpt>
   <trkpt lat="52.355412" lon="7.677441"><ele>46</ele></trkpt>
   <trkpt lat="52.353537" lon="7.677421"><ele>47</ele></trkpt>
   <trkpt lat="52.352693" lon="7.67742"><ele>46.75</ele></trkpt>
   <trkpt lat="52.352549" lon="7.677391"><ele>46.75</ele></trkpt>
   <trkpt lat="52.352087" lon="7.677206"><ele>47</ele></trkpt>
   <trkpt lat="52.351894" lon="7.677153"><ele>47</ele></trkpt>
   <trkpt lat="52.351749" lon="7.677133"><ele>47.25</ele></trkpt>
   <trkpt lat="52.351608" lon="7.67714"><ele>47.75</ele></trkpt>
   <trkpt lat="52.351498" lon="7.677196"><ele>47.75</ele></trkpt>
   <trkpt lat="52.35136" lon="7.677292"><ele>48</ele></trkpt>
   <trkpt lat="52.351241" lon="7.677394"><ele>48</ele></trkpt>
   <trkpt lat="52.351132" lon="7.677525"><ele>48</ele></trkpt>
   <trkpt lat="52.350968" lon="7.677722"><ele>48.25</ele></trkpt>
   <trkpt lat="52.350822" lon="7.677879"><ele>49</ele></trkpt>
   <trkpt lat="52.350567" lon="7.678085"><ele>51.75</ele></trkpt>
   <trkpt lat="52.350416" lon="7.678189"><ele>51.75</ele></trkpt>
   <trkpt lat="52.350427" lon="7.678232"><ele>52</ele></trkpt>
   <trkpt lat="52.350352" lon="7.678307"><ele>51.5</ele></trkpt>
   <trkpt lat="52.350304" lon="7.67838"><ele>51</ele></trkpt>
   <trkpt lat="52.350239" lon="7.678587"><ele>50.75</ele></trkpt>
   <trkpt lat="52.349915" lon="7.677303"><ele>54.25</ele></trkpt>
   <trkpt lat="52.349877" lon="7.677115"><ele>53.25</ele></trkpt>
   <trkpt lat="52.349805" lon="7.676841"><ele>51</ele></trkpt>
   <trkpt lat="52.349641" lon="7.676185"><ele>50.5</ele></trkpt>
   <trkpt lat="52.349597" lon="7.67588"><ele>50</ele></trkpt>
   <trkpt lat="52.349458" lon="7.675289"><ele>50.75</ele></trkpt>
   <trkpt lat="52.347061" lon="7.665484"><ele>50</ele></trkpt>
   <trkpt lat="52.346539" lon="7.663409"><ele>50</ele></trkpt>
   <trkpt lat="52.34642" lon="7.663139"><ele>51.25</ele></trkpt>
   <trkpt lat="52.346379" lon="7.662993"><ele>51.75</ele></trkpt>
   <trkpt lat="52.346348" lon="7.662811"><ele>51.5</ele></trkpt>
   <trkpt lat="52.346342" lon="7.66277"><ele>51.5</ele></trkpt>
   <trkpt lat="52.345965" lon="7.661382"><ele>50.25</ele></trkpt>
   <trkpt lat="52.345912" lon="7.661207"><ele>50.25</ele></trkpt>
   <trkpt lat="52.345663" lon="7.660356"><ele>50</ele></trkpt>
   <trkpt lat="52.345568" lon="7.660076"><ele>50.75</ele></trkpt>
   <trkpt lat="52.345433" lon="7.659609"><ele>49.25</ele></trkpt>
   <trkpt lat="52.344717" lon="7.657373"><ele>50.75</ele></trkpt>
   <trkpt lat="52.344456" lon="7.656596"><ele>51</ele></trkpt>
   <trkpt lat="52.344403" lon="7.656426"><ele>50.75</ele></trkpt>
   <trkpt lat="52.344261" lon="7.655646"><ele>50.75</ele></trkpt>
   <trkpt lat="52.344206" lon="7.655501"><ele>51</ele></trkpt>
   <trkpt lat="52.344124" lon="7.655284"><ele>51.5</ele></trkpt>
   <trkpt lat="52.343276" lon="7.653054"><ele>51.5</ele></trkpt>
   <trkpt lat="52.343242" lon="7.652943"><ele>51.5</ele></trkpt>
   <trkpt lat="52.34323" lon="7.652857"><ele>51.5</ele></trkpt>
   <trkpt lat="52.343255" lon="7.652646"><ele>51.75</ele></trkpt>
   <trkpt lat="52.343308" lon="7.65221"><ele>51.75</ele></trkpt>
   <trkpt lat="52.343166" lon="7.651812"><ele>51</ele></trkpt>
   <trkpt lat="52.343133" lon="7.651791"><ele>50.75</ele></trkpt>
   <trkpt lat="52.342576" lon="7.651623"><ele>50.75</ele></trkpt>
   <trkpt lat="52.342506" lon="7.651523"><ele>50.75</ele></trkpt>
   <trkpt lat="52.34225" lon="7.650915"><ele>50.5</ele></trkpt>
   <trkpt lat="52.341588" lon="7.649418"><ele>49.75</ele></trkpt>
   <trkpt lat="52.341183" lon="7.648561"><ele>50.5</ele></trkpt>
   <trkpt lat="52.341134" lon="7.648542"><ele>50.5</ele></trkpt>
   <trkpt lat="52.340911" lon="7.648072"><ele>50.5</ele></trkpt>
   <trkpt lat="52.340692" lon="7.64763"><ele>50.25</ele></trkpt>
   <trkpt lat="52.340252" lon="7.646751"><ele>50.5</ele></trkpt>
   <trkpt lat="52.339907" lon="7.64608"><ele>50.75</ele></trkpt>
   <trkpt lat="52.33988" lon="7.646011"><ele>50.75</ele></trkpt>
   <trkpt lat="52.339355" lon="7.645022"><ele>50.5</ele></trkpt>
   <trkpt lat="52.339339" lon="7.644916"><ele>50.5</ele></trkpt>
   <trkpt lat="52.339334" lon="7.644883"><ele>50.5</ele></trkpt>
   <trkpt lat="52.339168" lon="7.644579"><ele>50.75</ele></trkpt>
   <trkpt lat="52.338705" lon="7.643758"><ele>50.25</ele></trkpt>
   <trkpt lat="52.337801" lon="7.642262"><ele>50.75</ele></trkpt>
   <trkpt lat="52.336046" lon="7.639389"><ele>50.75</ele></trkpt>
   <trkpt lat="52.335969" lon="7.639198"><ele>50.25</ele></trkpt>
   <trkpt lat="52.335878" lon="7.638797"><ele>50.75</ele></trkpt>
   <trkpt lat="52.335823" lon="7.638646"><ele>50.75</ele></trkpt>
   <trkpt lat="52.335544" lon="7.6382"><ele>50.5</ele></trkpt>
   <trkpt lat="52.335466" lon="7.638119"><ele>50.25</ele></trkpt>
   <trkpt lat="52.335326" lon="7.638037"><ele>50.75</ele></trkpt>
   <trkpt lat="52.334942" lon="7.637402"><ele>50.25</ele></trkpt>
   <trkpt lat="52.3346" lon="7.637011"><ele>50.5</ele></trkpt>
   <trkpt lat="52.333886" lon="7.635845"><ele>50.75</ele></trkpt>
   <trkpt lat="52.33376" lon="7.635602"><ele>50.25</ele></trkpt>
   <trkpt lat="52.333718" lon="7.63552"><ele>50.5</ele></trkpt>
   <trkpt lat="52.333588" lon="7.635187"><ele>50.25</ele></trkpt>
   <trkpt lat="52.333473" lon="7.634959"><ele>49.75</ele></trkpt>
   <trkpt lat="52.333347" lon="7.634788"><ele>50.75</ele></trkpt>
   <trkpt lat="52.333199" lon="7.634606"><ele>50.5</ele></trkpt>
   <trkpt lat="52.332999" lon="7.634406"><ele>51.75</ele></trkpt>
   <trkpt lat="52.33296" lon="7.634342"><ele>52</ele></trkpt>
   <trkpt lat="52.332789" lon="7.634063"><ele>51</ele></trkpt>
   <trkpt lat="52.332605" lon="7.633739"><ele>50.25</ele></trkpt>
   <trkpt lat="52.331691" lon="7.632245"><ele>50.75</ele></trkpt>
   <trkpt lat="52.330943" lon="7.630989"><ele>49.75</ele></trkpt>
   <trkpt lat="52.330452" lon="7.630297"><ele>50</ele></trkpt>
   <trkpt lat="52.329484" lon="7.629016"><ele>49.75</ele></trkpt>
   <trkpt lat="52.329183" lon="7.628654"><ele>50.5</ele></trkpt>
   <trkpt lat="52.328933" lon="7.628346"><ele>50.5</ele></trkpt>
   <trkpt lat="52.328715" lon="7.628094"><ele>50.25</ele></trkpt>
   <trkpt lat="52.327608" lon="7.627081"><ele>50</ele></trkpt>
   <trkpt lat="52.326783" lon="7.626472"><ele>50</ele></trkpt>
   <trkpt lat="52.326348" lon="7.626238"><ele>49.5</ele></trkpt>
   <trkpt lat="52.325694" lon="7.625862"><ele>50.25</ele></trkpt>
   <trkpt lat="52.324503" lon="7.625317"><ele>51.5</ele></trkpt>
   <trkpt lat="52.32408" lon="7.625168"><ele>50.25</ele></trkpt>
   <trkpt lat="52.323463" lon="7.624884"><ele>50</ele></trkpt>
   <trkpt lat="52.322747" lon="7.624741"><ele>50.75</ele></trkpt>
   <trkpt lat="52.322162" lon="7.624672"><ele>50.5</ele></trkpt>
   <trkpt lat="52.321539" lon="7.624622"><ele>50.5</ele></trkpt>
   <trkpt lat="52.321128" lon="7.624628"><ele>50.5</ele></trkpt>
   <trkpt lat="52.320052" lon="7.624733"><ele>50.75</ele></trkpt>
   <trkpt lat="52.317905" lon="7.625132"><ele>51.25</ele></trkpt>
   <trkpt lat="52.31568" lon="7.625477"><ele>50.5</ele></trkpt>
   <trkpt lat="52.315586" lon="7.62547"><ele>50.75</ele></trkpt>
   <trkpt lat="52.315532" lon="7.625412"><ele>50.75</ele></trkpt>
   <trkpt lat="52.315522" lon="7.625324"><ele>50.75</ele></trkpt>
   <trkpt lat="52.315531" lon="7.625187"><ele>50.75</ele></trkpt>
   <trkpt lat="52.315562" lon="7.625043"><ele>51</ele></trkpt>
   <trkpt lat="52.315677" lon="7.624963"><ele>51</ele></trkpt>
   <trkpt lat="52.31578" lon="7.624452"><ele>50.75</ele></trkpt>
   <trkpt lat="52.315736" lon="7.624422"><ele>50.5</ele></trkpt>
   <trkpt lat="52.315703" lon="7.624323"><ele>50.5</ele></trkpt>
   <trkpt lat="52.315652" lon="7.624175"><ele>50.75</ele></trkpt>
   <trkpt lat="52.31558" lon="7.624071"><ele>50.5</ele></trkpt>
   <trkpt lat="52.315422" lon="7.623979"><ele>50</ele></trkpt>
   <trkpt lat="52.315336" lon="7.62396"><ele>50</ele></trkpt>
   <trkpt lat="52.315227" lon="7.624032"><ele>50</ele></trkpt>
   <trkpt lat="52.315051" lon="7.624803"><ele>50</ele></trkpt>
   <trkpt lat="52.314932" lon="7.625195"><ele>50.25</ele></trkpt>
   <trkpt lat="52.314818" lon="7.62541"><ele>50.5</ele></trkpt>
   <trkpt lat="52.314728" lon="7.625494"><ele>50.75</ele></trkpt>
   <trkpt lat="52.314619" lon="7.625526"><ele>50.75</ele></trkpt>
   <trkpt lat="52.312945" lon="7.625493"><ele>50.75</ele></trkpt>
   <trkpt lat="52.312552" lon="7.625455"><ele>51</ele></trkpt>
   <trkpt lat="52.311089" lon="7.625245"><ele>50.75</ele></trkpt>
   <trkpt lat="52.309798" lon="7.62495"><ele>51</ele></trkpt>
   <trkpt lat="52.309142" lon="7.624742"><ele>50.75</ele></trkpt>
   <trkpt lat="52.308626" lon="7.624583"><ele>50.5</ele></trkpt>
   <trkpt lat="52.308507" lon="7.624546"><ele>51</ele></trkpt>
   <trkpt lat="52.308113" lon="7.624395"><ele>51.5</ele></trkpt>
   <trkpt lat="52.307212" lon="7.62403"><ele>50.25</ele></trkpt>
   <trkpt lat="52.306339" lon="7.623615"><ele>50.75</ele></trkpt>
   <trkpt lat="52.305471" lon="7.623149"><ele>50.5</ele></trkpt>
   <trkpt lat="52.304262" lon="7.622413"><ele>50.25</ele></trkpt>
   <trkpt lat="52.303012" lon="7.621498"><ele>50.75</ele></trkpt>
   <trkpt lat="52.302364" lon="7.621009"><ele>50.25</ele></trkpt>
   <trkpt lat="52.30146" lon="7.620248"><ele>50.5</ele></trkpt>
   <trkpt lat="52.301198" lon="7.620014"><ele>50.5</ele></trkpt>
   <trkpt lat="52.30022" lon="7.619084"><ele>50.25</ele></trkpt>
   <trkpt lat="52.299633" lon="7.618473"><ele>50</ele></trkpt>
   <trkpt lat="52.298975" lon="7.617731"><ele>51</ele></trkpt>
   <trkpt lat="52.298753" lon="7.617486"><ele>53</ele></trkpt>
   <trkpt lat="52.298783" lon="7.617307"><ele>53.75</ele></trkpt>
   <trkpt lat="52.298801" lon="7.617236"><ele>54</ele></trkpt>
   <trkpt lat="52.29885" lon="7.617136"><ele>54.5</ele></trkpt>
   <trkpt lat="52.29889" lon="7.617116"><ele>54.75</ele></trkpt>
   <trkpt lat="52.298885" lon="7.617469"><ele>55.75</ele></trkpt>
   <trkpt lat="52.29885" lon="7.618843"><ele>53.75</ele></trkpt>
   <trkpt lat="52.298844" lon="7.619262"><ele>54.25</ele></trkpt>
   <trkpt lat="52.298876" lon="7.619653"><ele>54</ele></trkpt>
   <trkpt lat="52.29883" lon="7.619666"><ele>54</ele></trkpt>
   <trkpt lat="52.298811" lon="7.619651"><ele>54</ele></trkpt>
   <trkpt lat="52.298797" lon="7.619616"><ele>54</ele></trkpt>
   <trkpt lat="52.298746" lon="7.619157"><ele>55</ele></trkpt>
   <trkpt lat="52.298731" lon="7.618856"><ele>55.25</ele></trkpt>
   <trkpt lat="52.298733" lon="7.618804"><ele>54.75</ele></trkpt>
   <trkpt lat="52.298771" lon="7.618683"><ele>52.75</ele></trkpt>
   <trkpt lat="52.29807" lon="7.617879"><ele>50.25</ele></trkpt>
   <trkpt lat="52.297603" lon="7.617307"><ele>50</ele></trkpt>
   <trkpt lat="52.294409" lon="7.613308"><ele>50.5</ele></trkpt>
   <trkpt lat="52.294" lon="7.61281"><ele>49.75</ele></trkpt>
   <trkpt lat="52.293526" lon="7.612294"><ele>50.25</ele></trkpt>
   <trkpt lat="52.293324" lon="7.612074"><ele>50.25</ele></trkpt>
   <trkpt lat="52.292439" lon="7.611178"><ele>51</ele></trkpt>
   <trkpt lat="52.292316" lon="7.611067"><ele>50.75</ele></trkpt>
   <trkpt lat="52.29201" lon="7.610789"><ele>50.75</ele></trkpt>
   <trkpt lat="52.290939" lon="7.609851"><ele>50.5</ele></trkpt>
   <trkpt lat="52.290791" lon="7.609721"><ele>50.75</ele></trkpt>
   <trkpt lat="52.290356" lon="7.60937"><ele>50.5</ele></trkpt>
   <trkpt lat="52.289503" lon="7.608794"><ele>50.75</ele></trkpt>
   <trkpt lat="52.288801" lon="7.608282"><ele>50.75</ele></trkpt>
   <trkpt lat="52.287418" lon="7.607473"><ele>50.5</ele></trkpt>
   <trkpt lat="52.285972" lon="7.606809"><ele>50.75</ele></trkpt>
   <trkpt lat="52.284863" lon="7.606398"><ele>51.5</ele></trkpt>
   <trkpt lat="52.284434" lon="7.606264"><ele>52.5</ele></trkpt>
   <trkpt lat="52.283926" lon="7.606115"><ele>51.75</ele></trkpt>
   <trkpt lat="52.283408" lon="7.605982"><ele>52.25</ele></trkpt>
   <trkpt lat="52.28309" lon="7.605923"><ele>52.25</ele></trkpt>
   <trkpt lat="52.28124" lon="7.605583"><ele>51.5</ele></trkpt>
   <trkpt lat="52.28122" lon="7.60558"><ele>51.5</ele></trkpt>
   <trkpt lat="52.280386" lon="7.605478"><ele>52</ele></trkpt>
   <trkpt lat="52.279902" lon="7.605547"><ele>51.75</ele></trkpt>
   <trkpt lat="52.279777" lon="7.605551"><ele>51.75</ele></trkpt>
   <trkpt lat="52.279207" lon="7.60555"><ele>54.75</ele></trkpt>
   <trkpt lat="52.279071" lon="7.605586"><ele>55.5</ele></trkpt>
   <trkpt lat="52.278836" lon="7.605488"><ele>54</ele></trkpt>
   <trkpt lat="52.278571" lon="7.60542"><ele>54</ele></trkpt>
   <trkpt lat="52.278305" lon="7.605406"><ele>54.5</ele></trkpt>
   <trkpt lat="52.278024" lon="7.60542"><ele>53.25</ele></trkpt>
   <trkpt lat="52.277792" lon="7.6055"><ele>53.25</ele></trkpt>
   <trkpt lat="52.277495" lon="7.605665"><ele>53.25</ele></trkpt>
   <trkpt lat="52.277281" lon="7.605832"><ele>53</ele></trkpt>
   <trkpt lat="52.277095" lon="7.606026"><ele>53.5</ele></trkpt>
   <trkpt lat="52.276303" lon="7.607095"><ele>52.75</ele></trkpt>
   <trkpt lat="52.276141" lon="7.607253"><ele>52.25</ele></trkpt>
   <trkpt lat="52.276066" lon="7.607358"><ele>52</ele></trkpt>
   <trkpt lat="52.275946" lon="7.607547"><ele>51.75</ele></trkpt>
   <trkpt lat="52.275829" lon="7.607813"><ele>52.25</ele></trkpt>
   <trkpt lat="52.275308" lon="7.609408"><ele>51.25</ele></trkpt>
   <trkpt lat="52.273728" lon="7.614221"><ele>52.75</ele></trkpt>
   <trkpt lat="52.273282" lon="7.615397"><ele>53</ele></trkpt>
   <trkpt lat="52.273182" lon="7.615626"><ele>52.75</ele></trkpt>
   <trkpt lat="52.27281" lon="7.616365"><ele>51.5</ele></trkpt>
   <trkpt lat="52.272724" lon="7.616454"><ele>51.75</ele></trkpt>
   <trkpt lat="52.272644" lon="7.616581"><ele>52.5</ele></trkpt>
   <trkpt lat="52.272146" lon="7.617313"><ele>52</ele></trkpt>
   <trkpt lat="52.270797" lon="7.618927"><ele>51.75</ele></trkpt>
   <trkpt lat="52.270562" lon="7.619222"><ele>51.25</ele></trkpt>
   <trkpt lat="52.269258" lon="7.620751"><ele>51.75</ele></trkpt>
   <trkpt lat="52.268985" lon="7.621073"><ele>51.5</ele></trkpt>
   <trkpt lat="52.267026" lon="7.623365"><ele>52.5</ele></trkpt>
   <trkpt lat="52.266553" lon="7.623959"><ele>52.5</ele></trkpt>
   <trkpt lat="52.266401" lon="7.624153"><ele>52</ele></trkpt>
   <trkpt lat="52.265778" lon="7.625014"><ele>51.75</ele></trkpt>
   <trkpt lat="52.265323" lon="7.625703"><ele>52.5</ele></trkpt>
   <trkpt lat="52.265092" lon="7.626067"><ele>52.75</ele></trkpt>
   <trkpt lat="52.263962" lon="7.628031"><ele>52.75</ele></trkpt>
   <trkpt lat="52.263659" lon="7.628532"><ele>52.5</ele></trkpt>
   <trkpt lat="52.263581" lon="7.628614"><ele>51.75</ele></trkpt>
   <trkpt lat="52.263226" lon="7.629147"><ele>52.75</ele></trkpt>
   <trkpt lat="52.262802" lon="7.629685"><ele>51.25</ele></trkpt>
   <trkpt lat="52.262589" lon="7.629933"><ele>51.25</ele></trkpt>
   <trkpt lat="52.26239" lon="7.630164"><ele>51</ele></trkpt>
   <trkpt lat="52.261746" lon="7.630868"><ele>52.25</ele></trkpt>
   <trkpt lat="52.261685" lon="7.630918"><ele>52.5</ele></trkpt>
   <trkpt lat="52.261454" lon="7.631107"><ele>52</ele></trkpt>
   <trkpt lat="52.26126" lon="7.631279"><ele>52.25</ele></trkpt>
   <trkpt lat="52.260733" lon="7.631668"><ele>51.75</ele></trkpt>
   <trkpt lat="52.260389" lon="7.631887"><ele>52</ele></trkpt>
   <trkpt lat="52.259966" lon="7.632126"><ele>52.25</ele></trkpt>
   <trkpt lat="52.258796" lon="7.632718"><ele>51.75</ele></trkpt>
   <trkpt lat="52.2585" lon="7.632885"><ele>51.5</ele></trkpt>
   <trkpt lat="52.25822" lon="7.633062"><ele>51.5</ele></trkpt>
   <trkpt lat="52.257675" lon="7.633456"><ele>51</ele></trkpt>
   <trkpt lat="52.257521" lon="7.633585"><ele>51.75</ele></trkpt>
   <trkpt lat="52.257264" lon="7.633806"><ele>51.75</ele></trkpt>
   <trkpt lat="52.256982" lon="7.634074"><ele>51.5</ele></trkpt>
   <trkpt lat="52.256912" lon="7.634156"><ele>51.5</ele></trkpt>
   <trkpt lat="52.256596" lon="7.634715"><ele>50.5</ele></trkpt>
   <trkpt lat="52.256565" lon="7.634784"><ele>50.5</ele></trkpt>
   <trkpt lat="52.255971" lon="7.635654"><ele>51</ele></trkpt>
   <trkpt lat="52.255851" lon="7.635839"><ele>51</ele></trkpt>
   <trkpt lat="52.255406" lon="7.636474"><ele>51</ele></trkpt>
   <trkpt lat="52.255218" lon="7.636757"><ele>51.5</ele></trkpt>
   <trkpt lat="52.255079" lon="7.636986"><ele>51.25</ele></trkpt>
   <trkpt lat="52.254977" lon="7.637149"><ele>51.5</ele></trkpt>
   <trkpt lat="52.25445" lon="7.638199"><ele>51</ele></trkpt>
   <trkpt lat="52.254277" lon="7.638435"><ele>50.5</ele></trkpt>
   <trkpt lat="52.25418" lon="7.638537"><ele>50.5</ele></trkpt>
   <trkpt lat="52.254102" lon="7.638636"><ele>50.75</ele></trkpt>
   <trkpt lat="52.254051" lon="7.63873"><ele>50.75</ele></trkpt>
   <trkpt lat="52.253666" lon="7.639634"><ele>50.5</ele></trkpt>
   <trkpt lat="52.253237" lon="7.640746"><ele>50</ele></trkpt>
   <trkpt lat="52.253177" lon="7.640921"><ele>50</ele></trkpt>
   <trkpt lat="52.253126" lon="7.64109"><ele>50.5</ele></trkpt>
   <trkpt lat="52.252823" lon="7.642265"><ele>50.75</ele></trkpt>
   <trkpt lat="52.252717" lon="7.642672"><ele>50.5</ele></trkpt>
   <trkpt lat="52.252428" lon="7.643578"><ele>51.25</ele></trkpt>
   <trkpt lat="52.252228" lon="7.644284"><ele>51.75</ele></trkpt>
   <trkpt lat="52.25209" lon="7.644811"><ele>53.25</ele></trkpt>
   <trkpt lat="52.251957" lon="7.645351"><ele>51.75</ele></trkpt>
   <trkpt lat="52.251716" lon="7.646426"><ele>51.5</ele></trkpt>
   <trkpt lat="52.250822" lon="7.651209"><ele>52.25</ele></trkpt>
   <trkpt lat="52.250765" lon="7.651506"><ele>52.75</ele></trkpt>
   <trkpt lat="52.250215" lon="7.654445"><ele>51.5</ele></trkpt>
   <trkpt lat="52.249897" lon="7.65619"><ele>51</ele></trkpt>
   <trkpt lat="52.249731" lon="7.657063"><ele>51.25</ele></trkpt>
   <trkpt lat="52.249646" lon="7.657499"><ele>50.5</ele></trkpt>
   <trkpt lat="52.249549" lon="7.657935"><ele>50.5</ele></trkpt>
   <trkpt lat="52.249324" lon="7.658824"><ele>50.5</ele></trkpt>
   <trkpt lat="52.24907" lon="7.659665"><ele>50.75</ele></trkpt>
   <trkpt lat="52.24879" lon="7.660437"><ele>50.75</ele></trkpt>
   <trkpt lat="52.248553" lon="7.661052"><ele>50.75</ele></trkpt>
   <trkpt lat="52.24825" lon="7.66175"><ele>50.75</ele></trkpt>
   <trkpt lat="52.247205" lon="7.66387"><ele>51.75</ele></trkpt>
   <trkpt lat="52.246365" lon="7.665648"><ele>51</ele></trkpt>
   <trkpt lat="52.245443" lon="7.667542"><ele>51.75</ele></trkpt>
   <trkpt lat="52.245138" lon="7.66817"><ele>52.25</ele></trkpt>
   <trkpt lat="52.244811" lon="7.668741"><ele>51.25</ele></trkpt>
   <trkpt lat="52.244683" lon="7.668947"><ele>51.5</ele></trkpt>
   <trkpt lat="52.244533" lon="7.669174"><ele>51.25</ele></trkpt>
   <trkpt lat="52.244441" lon="7.669316"><ele>51.5</ele></trkpt>
   <trkpt lat="52.243934" lon="7.670005"><ele>51</ele></trkpt>
   <trkpt lat="52.243828" lon="7.670142"><ele>51</ele></trkpt>
   <trkpt lat="52.243609" lon="7.670416"><ele>50.25</ele></trkpt>
   <trkpt lat="52.243434" lon="7.67062"><ele>50.5</ele></trkpt>
   <trkpt lat="52.243179" lon="7.670894"><ele>50.25</ele></trkpt>
   <trkpt lat="52.242694" lon="7.671371"><ele>50.75</ele></trkpt>
   <trkpt lat="52.242369" lon="7.671659"><ele>50.75</ele></trkpt>
   <trkpt lat="52.242026" lon="7.671926"><ele>50.75</ele></trkpt>
   <trkpt lat="52.241626" lon="7.672192"><ele>50.75</ele></trkpt>
   <trkpt lat="52.241184" lon="7.672461"><ele>50.75</ele></trkpt>
   <trkpt lat="52.240766" lon="7.67269"><ele>50.25</ele></trkpt>
   <trkpt lat="52.240317" lon="7.672875"><ele>50.75</ele></trkpt>
   <trkpt lat="52.240028" lon="7.672978"><ele>51.25</ele></trkpt>
   <trkpt lat="52.239745" lon="7.673069"><ele>51</ele></trkpt>
   <trkpt lat="52.239099" lon="7.673244"><ele>50.5</ele></trkpt>
   <trkpt lat="52.237472" lon="7.673614"><ele>50.75</ele></trkpt>
   <trkpt lat="52.236855" lon="7.673783"><ele>50.75</ele></trkpt>
   <trkpt lat="52.236527" lon="7.673875"><ele>51.25</ele></trkpt>
   <trkpt lat="52.236256" lon="7.673945"><ele>51.75</ele></trkpt>
   <trkpt lat="52.23576" lon="7.674058"><ele>50.5</ele></trkpt>
   <trkpt lat="52.233681" lon="7.674664"><ele>50.75</ele></trkpt>
   <trkpt lat="52.232964" lon="7.674852"><ele>50.5</ele></trkpt>
   <trkpt lat="52.232379" lon="7.675021"><ele>51.25</ele></trkpt>
   <trkpt lat="52.230093" lon="7.675654"><ele>50.5</ele></trkpt>
   <trkpt lat="52.22891" lon="7.675989"><ele>49.75</ele></trkpt>
   <trkpt lat="52.226111" lon="7.67676"><ele>50.5</ele></trkpt>
   <trkpt lat="52.224866" lon="7.677101"><ele>50.75</ele></trkpt>
   <trkpt lat="52.224764" lon="7.677143"><ele>50.75</ele></trkpt>
   <trkpt lat="52.224698" lon="7.677182"><ele>50.75</ele></trkpt>
   <trkpt lat="52.224604" lon="7.677269"><ele>51</ele></trkpt>
   <trkpt lat="52.224579" lon="7.677317"><ele>51</ele></trkpt>
   <trkpt lat="52.223487" lon="7.677586"><ele>51</ele></trkpt>
   <trkpt lat="52.223493" lon="7.677689"><ele>51</ele></trkpt>
   <trkpt lat="52.223497" lon="7.677755"><ele>51</ele></trkpt>
   <trkpt lat="52.223501" lon="7.677821"><ele>51</ele></trkpt>
   <trkpt lat="52.223179" lon="7.677956"><ele>51</ele></trkpt>
   <trkpt lat="52.22313" lon="7.678173"><ele>51</ele></trkpt>
   <trkpt lat="52.223022" lon="7.678239"><ele>51</ele></trkpt>
   <trkpt lat="52.22284" lon="7.678311"><ele>51</ele></trkpt>
   <trkpt lat="52.222435" lon="7.678495"><ele>51</ele></trkpt>
   <trkpt lat="52.221832" lon="7.67877"><ele>51</ele></trkpt>
   <trkpt lat="52.2216" lon="7.679062"><ele>51</ele></trkpt>
   <trkpt lat="52.221477" lon="7.67913"><ele>51</ele></trkpt>
   <trkpt lat="52.220895" lon="7.679314"><ele>51</ele></trkpt>
   <trkpt lat="52.220779" lon="7.679407"><ele>51.25</ele></trkpt>
   <trkpt lat="52.220694" lon="7.67956"><ele>52</ele></trkpt>
   <trkpt lat="52.220103" lon="7.678702"><ele>52.5</ele></trkpt>
   <trkpt lat="52.219849" lon="7.678357"><ele>51.75</ele></trkpt>
   <trkpt lat="52.219802" lon="7.67834"><ele>51.75</ele></trkpt>
   <trkpt lat="52.219761" lon="7.678342"><ele>51.75</ele></trkpt>
   <trkpt lat="52.219384" lon="7.67845"><ele>52.75</ele></trkpt>
   <trkpt lat="52.219197" lon="7.678511"><ele>51.5</ele></trkpt>
   <trkpt lat="52.219033" lon="7.678579"><ele>51.75</ele></trkpt>
   <trkpt lat="52.218337" lon="7.67878"><ele>50.5</ele></trkpt>
   <trkpt lat="52.217133" lon="7.679292"><ele>50.5</ele></trkpt>
   <trkpt lat="52.21608" lon="7.679821"><ele>50.5</ele></trkpt>
   <trkpt lat="52.21427" lon="7.68077"><ele>50.5</ele></trkpt>
   <trkpt lat="52.214207" lon="7.68083"><ele>50.75</ele></trkpt>
   <trkpt lat="52.214169" lon="7.680901"><ele>50.75</ele></trkpt>
   <trkpt lat="52.214138" lon="7.681019"><ele>50.75</ele></trkpt>
   <trkpt lat="52.214108" lon="7.681208"><ele>51</ele></trkpt>
   <trkpt lat="52.214078" lon="7.681275"><ele>51</ele></trkpt>
   <trkpt lat="52.214039" lon="7.681318"><ele>51</ele></trkpt>
   <trkpt lat="52.213991" lon="7.681344"><ele>51</ele></trkpt>
   <trkpt lat="52.213931" lon="7.681367"><ele>51</ele></trkpt>
   <trkpt lat="52.213897" lon="7.681367"><ele>51</ele></trkpt>
   <trkpt lat="52.213858" lon="7.681347"><ele>50.75</ele></trkpt>
   <trkpt lat="52.213707" lon="7.681144"><ele>50.75</ele></trkpt>
   <trkpt lat="52.21364" lon="7.681125"><ele>50.75</ele></trkpt>
   <trkpt lat="52.21103" lon="7.682486"><ele>50.75</ele></trkpt>
   <trkpt lat="52.210886" lon="7.682538"><ele>51.25</ele></trkpt>
   <trkpt lat="52.210738" lon="7.682631"><ele>51.5</ele></trkpt>
   <trkpt lat="52.210642" lon="7.682707"><ele>51.5</ele></trkpt>
   <trkpt lat="52.208881" lon="7.683623"><ele>50.75</ele></trkpt>
   <trkpt lat="52.202162" lon="7.687211"><ele>50.75</ele></trkpt>
   <trkpt lat="52.197217" lon="7.689832"><ele>50.75</ele></trkpt>
   <trkpt lat="52.195185" lon="7.690921"><ele>50.75</ele></trkpt>
   <trkpt lat="52.191743" lon="7.692733"><ele>51.25</ele></trkpt>
   <trkpt lat="52.191556" lon="7.692823"><ele>51.75</ele></trkpt>
   <trkpt lat="52.191398" lon="7.692905"><ele>51</ele></trkpt>
   <trkpt lat="52.177661" lon="7.700203"><ele>50.5</ele></trkpt>
   <trkpt lat="52.177588" lon="7.70024"><ele>50.75</ele></trkpt>
   <trkpt lat="52.177607" lon="7.700367"><ele>51.25</ele></trkpt>
   <trkpt lat="52.177604" lon="7.700438"><ele>51.5</ele></trkpt>
   <trkpt lat="52.177598" lon="7.700479"><ele>51.5</ele></trkpt>
   <trkpt lat="52.177632" lon="7.700588"><ele>51.75</ele></trkpt>
   <trkpt lat="52.177594" lon="7.700711"><ele>51.75</ele></trkpt>
   <trkpt lat="52.177583" lon="7.700817"><ele>51.5</ele></trkpt>
   <trkpt lat="52.177703" lon="7.702101"><ele>51.75</ele></trkpt>
   <trkpt lat="52.177696" lon="7.702202"><ele>52</ele></trkpt>
   <trkpt lat="52.177663" lon="7.702307"><ele>52</ele></trkpt>
   <trkpt lat="52.177413" lon="7.702343"><ele>52</ele></trkpt>
   <trkpt lat="52.1773" lon="7.701562"><ele>51.5</ele></trkpt>
   <trkpt lat="52.177219" lon="7.7011"><ele>53</ele></trkpt>
   <trkpt lat="52.177144" lon="7.70074"><ele>53.5</ele></trkpt>
   <trkpt lat="52.177132" lon="7.700683"><ele>53.25</ele></trkpt>
   <trkpt lat="52.177106" lon="7.700555"><ele>52.5</ele></trkpt>
   <trkpt lat="52.176946" lon="7.699751"><ele>52.5</ele></trkpt>
   <trkpt lat="52.176919" lon="7.699618"><ele>53.25</ele></trkpt>
   <trkpt lat="52.176908" lon="7.699563"><ele>53.5</ele></trkpt>
   <trkpt lat="52.17689" lon="7.699475"><ele>54</ele></trkpt>
   <trkpt lat="52.176886" lon="7.699411"><ele>54</ele></trkpt>
   <trkpt lat="52.176896" lon="7.699209"><ele>54</ele></trkpt>
   <trkpt lat="52.176891" lon="7.699141"><ele>53.75</ele></trkpt>
   <trkpt lat="52.176783" lon="7.699192"><ele>53.75</ele></trkpt>
   <trkpt lat="52.176702" lon="7.699222"><ele>53.5</ele></trkpt>
   <trkpt lat="52.176281" lon="7.699315"><ele>51.25</ele></trkpt>
   <trkpt lat="52.17603" lon="7.69939"><ele>51.5</ele></trkpt>
   <trkpt lat="52.175076" lon="7.699748"><ele>50.75</ele></trkpt>
   <trkpt lat="52.174526" lon="7.699953"><ele>50.5</ele></trkpt>
   <trkpt lat="52.17456" lon="7.700096"><ele>50.25</ele></trkpt>
   <trkpt lat="52.17483" lon="7.700785"><ele>51.25</ele></trkpt>
   <trkpt lat="52.174879" lon="7.700931"><ele>51</ele></trkpt>
   <trkpt lat="52.172413" lon="7.702238"><ele>50.75</ele></trkpt>
   <trkpt lat="52.170011" lon="7.703493"><ele>50.75</ele></trkpt>
   <trkpt lat="52.16262" lon="7.707413"><ele>50</ele></trkpt>
   <trkpt lat="52.159982" lon="7.708802"><ele>50.5</ele></trkpt>
   <trkpt lat="52.157826" lon="7.70997"><ele>50.75</ele></trkpt>
   <trkpt lat="52.157506" lon="7.710096"><ele>50.5</ele></trkpt>
   <trkpt lat="52.157381" lon="7.710088"><ele>50.5</ele></trkpt>
   <trkpt lat="52.157259" lon="7.710153"><ele>50.5</ele></trkpt>
   <trkpt lat="52.157194" lon="7.710264"><ele>50.75</ele></trkpt>
   <trkpt lat="52.157037" lon="7.710374"><ele>50</ele></trkpt>
   <trkpt lat="52.156325" lon="7.710785"><ele>50.75</ele></trkpt>
   <trkpt lat="52.155424" lon="7.711262"><ele>50.25</ele></trkpt>
   <trkpt lat="52.154831" lon="7.711573"><ele>50</ele></trkpt>
   <trkpt lat="52.154325" lon="7.711827"><ele>50.25</ele></trkpt>
   <trkpt lat="52.153997" lon="7.711965"><ele>50.75</ele></trkpt>
   <trkpt lat="52.153193" lon="7.712153"><ele>50.5</ele></trkpt>
   <trkpt lat="52.152181" lon="7.7125"><ele>50.75</ele></trkpt>
   <trkpt lat="52.151463" lon="7.712672"><ele>50</ele></trkpt>
   <trkpt lat="52.150687" lon="7.712799"><ele>51.75</ele></trkpt>
   <trkpt lat="52.150535" lon="7.7128"><ele>51.75</ele></trkpt>
   <trkpt lat="52.149827" lon="7.712569"><ele>51</ele></trkpt>
   <trkpt lat="52.149692" lon="7.712621"><ele>51</ele></trkpt>
   <trkpt lat="52.149579" lon="7.712721"><ele>51</ele></trkpt>
   <trkpt lat="52.149515" lon="7.712753"><ele>51</ele></trkpt>
   <trkpt lat="52.148771" lon="7.712728"><ele>51</ele></trkpt>
   <trkpt lat="52.148328" lon="7.712687"><ele>51</ele></trkpt>
   <trkpt lat="52.148246" lon="7.712698"><ele>51</ele></trkpt>
   <trkpt lat="52.148062" lon="7.712698"><ele>51</ele></trkpt>
   <trkpt lat="52.147876" lon="7.712677"><ele>51</ele></trkpt>
   <trkpt lat="52.147816" lon="7.712663"><ele>51</ele></trkpt>
   <trkpt lat="52.147755" lon="7.712633"><ele>51</ele></trkpt>
   <trkpt lat="52.147644" lon="7.712502"><ele>51</ele></trkpt>
   <trkpt lat="52.147388" lon="7.711954"><ele>50.75</ele></trkpt>
   <trkpt lat="52.147328" lon="7.71185"><ele>51</ele></trkpt>
   <trkpt lat="52.147281" lon="7.71181"><ele>51.25</ele></trkpt>
   <trkpt lat="52.147227" lon="7.711789"><ele>51.5</ele></trkpt>
   <trkpt lat="52.146969" lon="7.711726"><ele>51.75</ele></trkpt>
   <trkpt lat="52.146866" lon="7.711736"><ele>51.75</ele></trkpt>
   <trkpt lat="52.146841" lon="7.711744"><ele>51.75</ele></trkpt>
   <trkpt lat="52.146797" lon="7.711778"><ele>51.75</ele></trkpt>
   <trkpt lat="52.146742" lon="7.711839"><ele>51.5</ele></trkpt>
   <trkpt lat="52.146337" lon="7.712369"><ele>51</ele></trkpt>
   <trkpt lat="52.146268" lon="7.712441"><ele>50.75</ele></trkpt>
   <trkpt lat="52.146187" lon="7.712475"><ele>50.75</ele></trkpt>
   <trkpt lat="52.146047" lon="7.712487"><ele>51</ele></trkpt>
   <trkpt lat="52.146003" lon="7.712484"><ele>51</ele></trkpt>
   <trkpt lat="52.145843" lon="7.712434"><ele>51.5</ele></trkpt>
   <trkpt lat="52.145682" lon="7.712339"><ele>51.5</ele></trkpt>
   <trkpt lat="52.14549" lon="7.712253"><ele>50.75</ele></trkpt>
   <trkpt lat="52.145177" lon="7.712171"><ele>51</ele></trkpt>
   <trkpt lat="52.142688" lon="7.71143"><ele>50.75</ele></trkpt>
   <trkpt lat="52.141765" lon="7.711174"><ele>50.5</ele></trkpt>
   <trkpt lat="52.137083" lon="7.709802"><ele>50.25</ele></trkpt>
   <trkpt lat="52.136233" lon="7.709544"><ele>50.5</ele></trkpt>
   <trkpt lat="52.135022" lon="7.709047"><ele>51</ele></trkpt>
   <trkpt lat="52.133383" lon="7.708351"><ele>51.75</ele></trkpt>
   <trkpt lat="52.13307" lon="7.708229"><ele>51.25</ele></trkpt>
   <trkpt lat="52.132572" lon="7.708098"><ele>51.5</ele></trkpt>
   <trkpt lat="52.131931" lon="7.707949"><ele>51.25</ele></trkpt>
   <trkpt lat="52.131297" lon="7.707832"><ele>51.5</ele></trkpt>
   <trkpt lat="52.131199" lon="7.707814"><ele>51.5</ele></trkpt>
   <trkpt lat="52.130259" lon="7.707715"><ele>50.75</ele></trkpt>
   <trkpt lat="52.130013" lon="7.707705"><ele>50.25</ele></trkpt>
   <trkpt lat="52.129695" lon="7.70767"><ele>50.5</ele></trkpt>
   <trkpt lat="52.129248" lon="7.707691"><ele>50.25</ele></trkpt>
   <trkpt lat="52.128455" lon="7.707761"><ele>50.75</ele></trkpt>
   <trkpt lat="52.127929" lon="7.7078"><ele>50.75</ele></trkpt>
   <trkpt lat="52.127929" lon="7.707751"><ele>50.75</ele></trkpt>
   <trkpt lat="52.127927" lon="7.707623"><ele>50</ele></trkpt>
   <trkpt lat="52.127814" lon="7.707623"><ele>50.25</ele></trkpt>
   <trkpt lat="52.127468" lon="7.707609"><ele>51.75</ele></trkpt>
   <trkpt lat="52.127144" lon="7.707637"><ele>53</ele></trkpt>
   <trkpt lat="52.127005" lon="7.707692"><ele>54</ele></trkpt>
   <trkpt lat="52.12697" lon="7.707722"><ele>54.75</ele></trkpt>
   <trkpt lat="52.12694" lon="7.707768"><ele>55.75</ele></trkpt>
   <trkpt lat="52.126941" lon="7.707954"><ele>54</ele></trkpt>
   <trkpt lat="52.126945" lon="7.70809"><ele>52.5</ele></trkpt>
   <trkpt lat="52.126991" lon="7.709097"><ele>52</ele></trkpt>
   <trkpt lat="52.126997" lon="7.709229"><ele>52.5</ele></trkpt>
   <trkpt lat="52.127055" lon="7.710506"><ele>49.5</ele></trkpt>
   <trkpt lat="52.127085" lon="7.710686"><ele>50</ele></trkpt>
   <trkpt lat="52.127141" lon="7.710662"><ele>50.5</ele></trkpt>
   <trkpt lat="52.127132" lon="7.710422"><ele>49.5</ele></trkpt>
   <trkpt lat="52.127127" lon="7.71018"><ele>49</ele></trkpt>
   <trkpt lat="52.127128" lon="7.709701"><ele>49.75</ele></trkpt>
   <trkpt lat="52.127137" lon="7.709217"><ele>51.25</ele></trkpt>
   <trkpt lat="52.127138" lon="7.709029"><ele>51.25</ele></trkpt>
   <trkpt lat="52.126997" lon="7.709034"><ele>51.75</ele></trkpt>
   <trkpt lat="52.126584" lon="7.709091"><ele>50.75</ele></trkpt>
   <trkpt lat="52.124866" lon="7.709263"><ele>50.25</ele></trkpt>
   <trkpt lat="52.122534" lon="7.709497"><ele>50.5</ele></trkpt>
   <trkpt lat="52.122125" lon="7.709536"><ele>51</ele></trkpt>
   <trkpt lat="52.121858" lon="7.709548"><ele>52</ele></trkpt>
   <trkpt lat="52.121116" lon="7.709621"><ele>53.25</ele></trkpt>
   <trkpt lat="52.120967" lon="7.709659"><ele>52.5</ele></trkpt>
   <trkpt lat="52.120108" lon="7.709753"><ele>52</ele></trkpt>
   <trkpt lat="52.117922" lon="7.709967"><ele>51.75</ele></trkpt>
   <trkpt lat="52.114214" lon="7.710325"><ele>51.75</ele></trkpt>
   <trkpt lat="52.113882" lon="7.710363"><ele>52</ele></trkpt>
   <trkpt lat="52.112013" lon="7.710601"><ele>51</ele></trkpt>
   <trkpt lat="52.111369" lon="7.710652"><ele>50.5</ele></trkpt>
   <trkpt lat="52.110814" lon="7.710632"><ele>50.5</ele></trkpt>
   <trkpt lat="52.11045" lon="7.710607"><ele>50.5</ele></trkpt>
   <trkpt lat="52.109748" lon="7.710528"><ele>50.75</ele></trkpt>
   <trkpt lat="52.109201" lon="7.7104"><ele>50.5</ele></trkpt>
   <trkpt lat="52.108786" lon="7.710287"><ele>50.75</ele></trkpt>
   <trkpt lat="52.108184" lon="7.71008"><ele>50.5</ele></trkpt>
   <trkpt lat="52.107624" lon="7.70984"><ele>50.25</ele></trkpt>
   <trkpt lat="52.107061" lon="7.709557"><ele>50.25</ele></trkpt>
   <trkpt lat="52.106502" lon="7.709233"><ele>50.5</ele></trkpt>
   <trkpt lat="52.105842" lon="7.708789"><ele>50.75</ele></trkpt>
   <trkpt lat="52.104908" lon="7.70812"><ele>50.75</ele></trkpt>
   <trkpt lat="52.104483" lon="7.707812"><ele>50.75</ele></trkpt>
   <trkpt lat="52.103587" lon="7.707188"><ele>50.75</ele></trkpt>
   <trkpt lat="52.10014" lon="7.704818"><ele>51.25</ele></trkpt>
   <trkpt lat="52.099681" lon="7.704492"><ele>52</ele></trkpt>
   <trkpt lat="52.098396" lon="7.703615"><ele>50.75</ele></trkpt>
   <trkpt lat="52.095955" lon="7.70193"><ele>50.75</ele></trkpt>
   <trkpt lat="52.09502" lon="7.701284"><ele>50.75</ele></trkpt>
   <trkpt lat="52.09126" lon="7.698693"><ele>50.75</ele></trkpt>
   <trkpt lat="52.090507" lon="7.698185"><ele>50.5</ele></trkpt>
   <trkpt lat="52.090037" lon="7.697892"><ele>50.5</ele></trkpt>
   <trkpt lat="52.089285" lon="7.697454"><ele>50.75</ele></trkpt>
   <trkpt lat="52.088786" lon="7.697206"><ele>50.75</ele></trkpt>
   <trkpt lat="52.088388" lon="7.697027"><ele>50.75</ele></trkpt>
   <trkpt lat="52.088031" lon="7.696879"><ele>51.75</ele></trkpt>
   <trkpt lat="52.087702" lon="7.696771"><ele>52.25</ele></trkpt>
   <trkpt lat="52.087617" lon="7.696741"><ele>52</ele></trkpt>
   <trkpt lat="52.085787" lon="7.696224"><ele>51</ele></trkpt>
   <trkpt lat="52.082774" lon="7.695558"><ele>52</ele></trkpt>
   <trkpt lat="52.079446" lon="7.694858"><ele>50.75</ele></trkpt>
   <trkpt lat="52.07795" lon="7.694496"><ele>51</ele></trkpt>
   <trkpt lat="52.074912" lon="7.693845"><ele>51</ele></trkpt>
   <trkpt lat="52.07368" lon="7.693571"><ele>51.5</ele></trkpt>
   <trkpt lat="52.072474" lon="7.693294"><ele>50.75</ele></trkpt>
   <trkpt lat="52.070261" lon="7.692808"><ele>50.75</ele></trkpt>
   <trkpt lat="52.068397" lon="7.692404"><ele>51</ele></trkpt>
   <trkpt lat="52.068244" lon="7.692387"><ele>51</ele></trkpt>
   <trkpt lat="52.068096" lon="7.692422"><ele>51</ele></trkpt>
   <trkpt lat="52.067923" lon="7.692444"><ele>50.75</ele></trkpt>
   <trkpt lat="52.067781" lon="7.692441"><ele>50.75</ele></trkpt>
   <trkpt lat="52.067575" lon="7.692387"><ele>50.75</ele></trkpt>
   <trkpt lat="52.067387" lon="7.692314"><ele>51.25</ele></trkpt>
   <trkpt lat="52.067232" lon="7.692172"><ele>51.5</ele></trkpt>
   <trkpt lat="52.067166" lon="7.692135"><ele>51.25</ele></trkpt>
   <trkpt lat="52.066656" lon="7.692032"><ele>50.5</ele></trkpt>
   <trkpt lat="52.064844" lon="7.69162"><ele>51.25</ele></trkpt>
   <trkpt lat="52.064217" lon="7.691486"><ele>51.75</ele></trkpt>
   <trkpt lat="52.062949" lon="7.691207"><ele>50.5</ele></trkpt>
   <trkpt lat="52.06104" lon="7.690782"><ele>50.75</ele></trkpt>
   <trkpt lat="52.059737" lon="7.690523"><ele>50.75</ele></trkpt>
   <trkpt lat="52.057901" lon="7.690108"><ele>51</ele></trkpt>
   <trkpt lat="52.057242" lon="7.68996"><ele>50.75</ele></trkpt>
   <trkpt lat="52.056649" lon="7.689811"><ele>50.5</ele></trkpt>
   <trkpt lat="52.055479" lon="7.689562"><ele>51.75</ele></trkpt>
   <trkpt lat="52.055075" lon="7.68946"><ele>51.5</ele></trkpt>
   <trkpt lat="52.054569" lon="7.689359"><ele>50.5</ele></trkpt>
   <trkpt lat="52.054501" lon="7.689352"><ele>50.5</ele></trkpt>
   <trkpt lat="52.054436" lon="7.689361"><ele>50.5</ele></trkpt>
   <trkpt lat="52.054324" lon="7.689396"><ele>50.75</ele></trkpt>
   <trkpt lat="52.054259" lon="7.689399"><ele>50.75</ele></trkpt>
   <trkpt lat="52.054024" lon="7.689369"><ele>50.5</ele></trkpt>
   <trkpt lat="52.053801" lon="7.689302"><ele>50.5</ele></trkpt>
   <trkpt lat="52.053703" lon="7.689256"><ele>50.75</ele></trkpt>
   <trkpt lat="52.053546" lon="7.689147"><ele>50.75</ele></trkpt>
   <trkpt lat="52.053476" lon="7.689122"><ele>50.75</ele></trkpt>
   <trkpt lat="52.052142" lon="7.688825"><ele>50.75</ele></trkpt>
   <trkpt lat="52.050395" lon="7.688454"><ele>50.5</ele></trkpt>
   <trkpt lat="52.049599" lon="7.688258"><ele>50.75</ele></trkpt>
   <trkpt lat="52.04869" lon="7.688057"><ele>51</ele></trkpt>
   <trkpt lat="52.048284" lon="7.68799"><ele>51.25</ele></trkpt>
   <trkpt lat="52.048259" lon="7.688044"><ele>51.5</ele></trkpt>
   <trkpt lat="52.048205" lon="7.688157"><ele>51.25</ele></trkpt>
   <trkpt lat="52.047026" lon="7.690679"><ele>51</ele></trkpt>
   <trkpt lat="52.04616" lon="7.692508"><ele>51</ele></trkpt>
   <trkpt lat="52.044215" lon="7.690308"><ele>52</ele></trkpt>
   <trkpt lat="52.043264" lon="7.68893"><ele>51</ele></trkpt>
   <trkpt lat="52.041488" lon="7.686357"><ele>51</ele></trkpt>
   <trkpt lat="52.041424" lon="7.686297"><ele>51.25</ele></trkpt>
   <trkpt lat="52.041366" lon="7.686277"><ele>51.25</ele></trkpt>
   <trkpt lat="52.041304" lon="7.686286"><ele>51.25</ele></trkpt>
   <trkpt lat="52.040186" lon="7.688199"><ele>51</ele></trkpt>
   <trkpt lat="52.040078" lon="7.688417"><ele>51</ele></trkpt>
   <trkpt lat="52.039995" lon="7.68862"><ele>51</ele></trkpt>
   <trkpt lat="52.039949" lon="7.688731"><ele>51</ele></trkpt>
   <trkpt lat="52.039896" lon="7.688618"><ele>51</ele></trkpt>
   <trkpt lat="52.039874" lon="7.688546"><ele>51</ele></trkpt>
   <trkpt lat="52.039767" lon="7.688035"><ele>50.75</ele></trkpt>
   <trkpt lat="52.039726" lon="7.687868"><ele>50.25</ele></trkpt>
   <trkpt lat="52.039661" lon="7.687635"><ele>50</ele></trkpt>
   <trkpt lat="52.039586" lon="7.68741"><ele>50</ele></trkpt>
   <trkpt lat="52.0394" lon="7.686935"><ele>48.75</ele></trkpt>
   <trkpt lat="52.039143" lon="7.686344"><ele>47.75</ele></trkpt>
   <trkpt lat="52.039125" lon="7.686286"><ele>47.75</ele></trkpt>
   <trkpt lat="52.039125" lon="7.68625"><ele>47.75</ele></trkpt>
   <trkpt lat="52.039112" lon="7.686206"><ele>47.75</ele></trkpt>
   <trkpt lat="52.039052" lon="7.686091"><ele>47.5</ele></trkpt>
   <trkpt lat="52.038985" lon="7.685958"><ele>47</ele></trkpt>
   <trkpt lat="52.038913" lon="7.685911"><ele>47</ele></trkpt>
   <trkpt lat="52.038672" lon="7.685534"><ele>46.25</ele></trkpt>
   <trkpt lat="52.038612" lon="7.685458"><ele>46.25</ele></trkpt>
   <trkpt lat="52.038035" lon="7.684848"><ele>45.75</ele></trkpt>
   <trkpt lat="52.037715" lon="7.684533"><ele>45.5</ele></trkpt>
   <trkpt lat="52.037511" lon="7.684325"><ele>44.75</ele></trkpt>
   <trkpt lat="52.037315" lon="7.684106"><ele>44.75</ele></trkpt>
   <trkpt lat="52.037078" lon="7.683823"><ele>44.5</ele></trkpt>
   <trkpt lat="52.036307" lon="7.682772"><ele>45.75</ele></trkpt>
   <trkpt lat="52.036255" lon="7.682727"><ele>45.25</ele></trkpt>
   <trkpt lat="52.036195" lon="7.682655"><ele>44</ele></trkpt>
   <trkpt lat="52.035522" lon="7.681839"><ele>43.25</ele></trkpt>
   <trkpt lat="52.035426" lon="7.681722"><ele>44.75</ele></trkpt>
   <trkpt lat="52.035178" lon="7.681471"><ele>45.5</ele></trkpt>
   <trkpt lat="52.034956" lon="7.681304"><ele>45.5</ele></trkpt>
   <trkpt lat="52.034739" lon="7.681191"><ele>44.75</ele></trkpt>
   <trkpt lat="52.034452" lon="7.681076"><ele>44.75</ele></trkpt>
   <trkpt lat="52.034317" lon="7.68101"><ele>44</ele></trkpt>
   <trkpt lat="52.034145" lon="7.680903"><ele>43.5</ele></trkpt>
   <trkpt lat="52.034017" lon="7.680796"><ele>43.5</ele></trkpt>
   <trkpt lat="52.033882" lon="7.680654"><ele>43.5</ele></trkpt>
   <trkpt lat="52.033707" lon="7.680433"><ele>44</ele></trkpt>
   <trkpt lat="52.033663" lon="7.680358"><ele>44</ele></trkpt>
   <trkpt lat="52.033654" lon="7.680308"><ele>44.5</ele></trkpt>
   <trkpt lat="52.033676" lon="7.68002"><ele>44.25</ele></trkpt>
   <trkpt lat="52.033717" lon="7.679661"><ele>44.5</ele></trkpt>
   <trkpt lat="52.033621" lon="7.679595"><ele>44.75</ele></trkpt>
   <trkpt lat="52.033352" lon="7.679305"><ele>45.25</ele></trkpt>
   <trkpt lat="52.033163" lon="7.679185"><ele>45.75</ele></trkpt>
   <trkpt lat="52.033" lon="7.679094"><ele>46.25</ele></trkpt>
   <trkpt lat="52.033018" lon="7.679007"><ele>46.5</ele></trkpt>
   <trkpt lat="52.033022" lon="7.678923"><ele>46.75</ele></trkpt>
   <trkpt lat="52.032517" lon="7.676891"><ele>48.75</ele></trkpt>
   <trkpt lat="52.032509" lon="7.6768"><ele>48.75</ele></trkpt>
   <trkpt lat="52.032521" lon="7.676727"><ele>48.75</ele></trkpt>
   <trkpt lat="52.032552" lon="7.676641"><ele>48.5</ele></trkpt>
   <trkpt lat="52.033448" lon="7.675146"><ele>49</ele></trkpt>
   <trkpt lat="52.033207" lon="7.674231"><ele>48</ele></trkpt>
   <trkpt lat="52.033113" lon="7.673815"><ele>48</ele></trkpt>
   <trkpt lat="52.033086" lon="7.673713"><ele>48</ele></trkpt>
   <trkpt lat="52.033053" lon="7.673625"><ele>48</ele></trkpt>
   <trkpt lat="52.033266" lon="7.673385"><ele>48.5</ele></trkpt>
   <trkpt lat="52.033392" lon="7.673243"><ele>48.5</ele></trkpt>
   <trkpt lat="52.033486" lon="7.673142"><ele>48.5</ele></trkpt>
   <trkpt lat="52.033671" lon="7.672987"><ele>49</ele></trkpt>
   <trkpt lat="52.034355" lon="7.672544"><ele>51.5</ele></trkpt>
   <trkpt lat="52.034553" lon="7.672389"><ele>51.5</ele></trkpt>
   <trkpt lat="52.034691" lon="7.672247"><ele>53.25</ele></trkpt>
   <trkpt lat="52.034806" lon="7.6721"><ele>52.75</ele></trkpt>
   <trkpt lat="52.034948" lon="7.671882"><ele>53.5</ele></trkpt>
   <trkpt lat="52.035096" lon="7.671574"><ele>53.5</ele></trkpt>
   <trkpt lat="52.035177" lon="7.671419"><ele>53.25</ele></trkpt>
   <trkpt lat="52.035426" lon="7.670919"><ele>53.25</ele></trkpt>
   <trkpt lat="52.035611" lon="7.670564"><ele>53.25</ele></trkpt>
   <trkpt lat="52.035671" lon="7.670441"><ele>53.25</ele></trkpt>
   <trkpt lat="52.035669" lon="7.670339"><ele>53.5</ele></trkpt>
   <trkpt lat="52.035603" lon="7.670265"><ele>53.5</ele></trkpt>
   <trkpt lat="52.034679" lon="7.669499"><ele>51</ele></trkpt>
   <trkpt lat="52.034603" lon="7.669744"><ele>51.25</ele></trkpt>
   <trkpt lat="52.03426" lon="7.669447"><ele>50.75</ele></trkpt>
   <trkpt lat="52.034152" lon="7.669379"><ele>50.5</ele></trkpt>
   <trkpt lat="52.03363" lon="7.669078"><ele>50.5</ele></trkpt>
   <trkpt lat="52.032631" lon="7.668539"><ele>50.5</ele></trkpt>
   <trkpt lat="52.032238" lon="7.66835"><ele>50.75</ele></trkpt>
   <trkpt lat="52.031568" lon="7.668054"><ele>50.75</ele></trkpt>
   <trkpt lat="52.030718" lon="7.667733"><ele>50.5</ele></trkpt>
   <trkpt lat="52.027089" lon="7.666403"><ele>51.25</ele></trkpt>
   <trkpt lat="52.026562" lon="7.666076"><ele>51.75</ele></trkpt>
   <trkpt lat="52.026387" lon="7.665986"><ele>51.5</ele></trkpt>
   <trkpt lat="52.02626" lon="7.665939"><ele>51.25</ele></trkpt>
   <trkpt lat="52.02611" lon="7.665901"><ele>51.75</ele></trkpt>
   <trkpt lat="52.025923" lon="7.665868"><ele>51.75</ele></trkpt>
   <trkpt lat="52.025551" lon="7.665844"><ele>51.75</ele></trkpt>
   <trkpt lat="52.025371" lon="7.665811"><ele>51</ele></trkpt>
   <trkpt lat="52.024143" lon="7.665429"><ele>50.5</ele></trkpt>
   <trkpt lat="52.023602" lon="7.665277"><ele>50.75</ele></trkpt>
   <trkpt lat="52.023266" lon="7.665197"><ele>51</ele></trkpt>
   <trkpt lat="52.02263" lon="7.665103"><ele>50.75</ele></trkpt>
   <trkpt lat="52.022314" lon="7.665022"><ele>51.5</ele></trkpt>
   <trkpt lat="52.021721" lon="7.664832"><ele>52.25</ele></trkpt>
   <trkpt lat="52.019793" lon="7.664116"><ele>51</ele></trkpt>
   <trkpt lat="52.01951" lon="7.664012"><ele>50.5</ele></trkpt>
   <trkpt lat="52.015413" lon="7.662511"><ele>50.75</ele></trkpt>
   <trkpt lat="52.010661" lon="7.660769"><ele>51</ele></trkpt>
   <trkpt lat="52.008836" lon="7.660107"><ele>51.25</ele></trkpt>
   <trkpt lat="52.008484" lon="7.659988"><ele>50.75</ele></trkpt>
   <trkpt lat="52.006632" lon="7.65929"><ele>52</ele></trkpt>
   <trkpt lat="52.00658" lon="7.65926"><ele>52</ele></trkpt>
   <trkpt lat="52.006482" lon="7.659136"><ele>53</ele></trkpt>
   <trkpt lat="52.005742" lon="7.658921"><ele>52.5</ele></trkpt>
   <trkpt lat="52.005056" lon="7.658771"><ele>53</ele></trkpt>
   <trkpt lat="52.004443" lon="7.658702"><ele>52.25</ele></trkpt>
   <trkpt lat="52.004307" lon="7.658676"><ele>52.25</ele></trkpt>
   <trkpt lat="52.004226" lon="7.658628"><ele>52.75</ele></trkpt>
   <trkpt lat="52.004133" lon="7.658561"><ele>52.75</ele></trkpt>
   <trkpt lat="52.004037" lon="7.658519"><ele>52.5</ele></trkpt>
   <trkpt lat="52.003649" lon="7.658483"><ele>51.75</ele></trkpt>
   <trkpt lat="52.003449" lon="7.658471"><ele>52.5</ele></trkpt>
   <trkpt lat="52.003292" lon="7.658476"><ele>53</ele></trkpt>
   <trkpt lat="52.003257" lon="7.658488"><ele>53</ele></trkpt>
   <trkpt lat="52.003171" lon="7.658564"><ele>53</ele></trkpt>
   <trkpt lat="52.003115" lon="7.65858"><ele>53</ele></trkpt>
   <trkpt lat="52.003012" lon="7.658584"><ele>53</ele></trkpt>
   <trkpt lat="52.002628" lon="7.65857"><ele>53</ele></trkpt>
   <trkpt lat="52.001782" lon="7.658589"><ele>54</ele></trkpt>
   <trkpt lat="52.001508" lon="7.658595"><ele>54</ele></trkpt>
   <trkpt lat="52.000251" lon="7.6587"><ele>53</ele></trkpt>
   <trkpt lat="51.998521" lon="7.658842"><ele>51.5</ele></trkpt>
   <trkpt lat="51.997408" lon="7.65888"><ele>52</ele></trkpt>
   <trkpt lat="51.996987" lon="7.658892"><ele>52.75</ele></trkpt>
   <trkpt lat="51.996848" lon="7.658882"><ele>53.25</ele></trkpt>
   <trkpt lat="51.996737" lon="7.658863"><ele>53.5</ele></trkpt>
   <trkpt lat="51.996658" lon="7.6589"><ele>53.75</ele></trkpt>
   <trkpt lat="51.996549" lon="7.65893"><ele>53.5</ele></trkpt>
   <trkpt lat="51.995951" lon="7.65901"><ele>53</ele></trkpt>
   <trkpt lat="51.995776" lon="7.659025"><ele>53</ele></trkpt>
   <trkpt lat="51.995631" lon="7.659036"><ele>52.75</ele></trkpt>
   <trkpt lat="51.995455" lon="7.659049"><ele>52.5</ele></trkpt>
   <trkpt lat="51.99522" lon="7.659041"><ele>52.25</ele></trkpt>
   <trkpt lat="51.994943" lon="7.659014"><ele>52.5</ele></trkpt>
   <trkpt lat="51.994575" lon="7.659022"><ele>52</ele></trkpt>
   <trkpt lat="51.994262" lon="7.659062"><ele>52</ele></trkpt>
   <trkpt lat="51.993718" lon="7.659105"><ele>52</ele></trkpt>
   <trkpt lat="51.992555" lon="7.659123"><ele>53.25</ele></trkpt>
   <trkpt lat="51.991187" lon="7.659223"><ele>53</ele></trkpt>
   <trkpt lat="51.991034" lon="7.659221"><ele>53.25</ele></trkpt>
   <trkpt lat="51.990882" lon="7.659238"><ele>53</ele></trkpt>
   <trkpt lat="51.990845" lon="7.659285"><ele>52.5</ele></trkpt>
   <trkpt lat="51.990647" lon="7.659356"><ele>51.5</ele></trkpt>
   <trkpt lat="51.987775" lon="7.659679"><ele>51.25</ele></trkpt>
   <trkpt lat="51.986383" lon="7.659823"><ele>52.5</ele></trkpt>
   <trkpt lat="51.986198" lon="7.659868"><ele>52</ele></trkpt>
   <trkpt lat="51.986135" lon="7.659868"><ele>52.25</ele></trkpt>
   <trkpt lat="51.985896" lon="7.659874"><ele>53</ele></trkpt>
   <trkpt lat="51.985039" lon="7.659948"><ele>51.75</ele></trkpt>
   <trkpt lat="51.982785" lon="7.660155"><ele>52.75</ele></trkpt>
   <trkpt lat="51.981938" lon="7.660236"><ele>51.75</ele></trkpt>
   <trkpt lat="51.981778" lon="7.66027"><ele>51.5</ele></trkpt>
   <trkpt lat="51.981111" lon="7.660447"><ele>52</ele></trkpt>
   <trkpt lat="51.980986" lon="7.660395"><ele>53</ele></trkpt>
   <trkpt lat="51.980826" lon="7.660357"><ele>54</ele></trkpt>
   <trkpt lat="51.980587" lon="7.660321"><ele>54.5</ele></trkpt>
   <trkpt lat="51.980326" lon="7.660341"><ele>54.25</ele></trkpt>
   <trkpt lat="51.980278" lon="7.660333"><ele>54.25</ele></trkpt>
   <trkpt lat="51.980242" lon="7.660305"><ele>54.5</ele></trkpt>
   <trkpt lat="51.98012" lon="7.660066"><ele>58.5</ele></trkpt>
   <trkpt lat="51.980064" lon="7.660061"><ele>58.25</ele></trkpt>
   <trkpt lat="51.979578" lon="7.660188"><ele>57</ele></trkpt>
   <trkpt lat="51.97941" lon="7.660166"><ele>57</ele></trkpt>
   <trkpt lat="51.979311" lon="7.660144"><ele>57</ele></trkpt>
   <trkpt lat="51.979257" lon="7.660116"><ele>57</ele></trkpt>
   <trkpt lat="51.979204" lon="7.660065"><ele>57</ele></trkpt>
   <trkpt lat="51.979117" lon="7.659928"><ele>57.75</ele></trkpt>
   <trkpt lat="51.978895" lon="7.659582"><ele>57</ele></trkpt>
   <trkpt lat="51.978883" lon="7.65952"><ele>57</ele></trkpt>
   <trkpt lat="51.978881" lon="7.659383"><ele>56.75</ele></trkpt>
   <trkpt lat="51.978893" lon="7.659245"><ele>56.25</ele></trkpt>
   <trkpt lat="51.978675" lon="7.65919"><ele>56.75</ele></trkpt>
   <trkpt lat="51.978577" lon="7.659101"><ele>56.75</ele></trkpt>
   <trkpt lat="51.978457" lon="7.65891"><ele>56.5</ele></trkpt>
   <trkpt lat="51.977996" lon="7.658177"><ele>56.25</ele></trkpt>
   <trkpt lat="51.976236" lon="7.655282"><ele>56</ele></trkpt>
   <trkpt lat="51.975662" lon="7.654394"><ele>57</ele></trkpt>
   <trkpt lat="51.975534" lon="7.654191"><ele>56.25</ele></trkpt>
   <trkpt lat="51.975" lon="7.653398"><ele>56.25</ele></trkpt>
   <trkpt lat="51.974474" lon="7.652651"><ele>56.75</ele></trkpt>
   <trkpt lat="51.97358" lon="7.651422"><ele>56.5</ele></trkpt>
   <trkpt lat="51.972992" lon="7.650712"><ele>57.75</ele></trkpt>
   <trkpt lat="51.972277" lon="7.649831"><ele>58.5</ele></trkpt>
   <trkpt lat="51.971467" lon="7.648864"><ele>59.25</ele></trkpt>
   <trkpt lat="51.971423" lon="7.648835"><ele>59.25</ele></trkpt>
   <trkpt lat="51.970732" lon="7.648062"><ele>59</ele></trkpt>
   <trkpt lat="51.970713" lon="7.647998"><ele>59</ele></trkpt>
   <trkpt lat="51.97042" lon="7.647656"><ele>58.75</ele></trkpt>
   <trkpt lat="51.969765" lon="7.646938"><ele>58</ele></trkpt>
   <trkpt lat="51.969647" lon="7.646826"><ele>58.25</ele></trkpt>
   <trkpt lat="51.969592" lon="7.646766"><ele>58.5</ele></trkpt>
   <trkpt lat="51.969331" lon="7.64648"><ele>58.5</ele></trkpt>
   <trkpt lat="51.969084" lon="7.64621"><ele>58.25</ele></trkpt>
   <trkpt lat="51.969006" lon="7.646124"><ele>58</ele></trkpt>
   <trkpt lat="51.96869" lon="7.64582"><ele>58.25</ele></trkpt>
   <trkpt lat="51.968459" lon="7.645546"><ele>58.5</ele></trkpt>
   <trkpt lat="51.968339" lon="7.645391"><ele>57</ele></trkpt>
   <trkpt lat="51.968301" lon="7.64532"><ele>55.5</ele></trkpt>
   <trkpt lat="51.968263" lon="7.64535"><ele>56</ele></trkpt>
   <trkpt lat="51.968239" lon="7.645279"><ele>55</ele></trkpt>
   <trkpt lat="51.968186" lon="7.645123"><ele>55</ele></trkpt>
   <trkpt lat="51.968143" lon="7.64501"><ele>55</ele></trkpt>
   <trkpt lat="51.967974" lon="7.645139"><ele>55</ele></trkpt>
   <trkpt lat="51.967771" lon="7.645237"><ele>55</ele></trkpt>
   <trkpt lat="51.967736" lon="7.645254"><ele>55</ele></trkpt>
   <trkpt lat="51.967712" lon="7.645236"><ele>55.25</ele></trkpt>
   <trkpt lat="51.967704" lon="7.64518"><ele>55.5</ele></trkpt>
   <trkpt lat="51.967677" lon="7.645003"><ele>55.75</ele></trkpt>
   <trkpt lat="51.967586" lon="7.643776"><ele>56.5</ele></trkpt>
   <trkpt lat="51.96757" lon="7.643511"><ele>57.25</ele></trkpt>
   <trkpt lat="51.967545" lon="7.643261"><ele>57.25</ele></trkpt>
   <trkpt lat="51.967507" lon="7.643039"><ele>58</ele></trkpt>
   <trkpt lat="51.967397" lon="7.642589"><ele>58</ele></trkpt>
   <trkpt lat="51.967375" lon="7.642505"><ele>58</ele></trkpt>
   <trkpt lat="51.967311" lon="7.642381"><ele>58</ele></trkpt>
   <trkpt lat="51.967272" lon="7.642211"><ele>58</ele></trkpt>
   <trkpt lat="51.967262" lon="7.642167"><ele>57.75</ele></trkpt>
   <trkpt lat="51.967246" lon="7.642099"><ele>58</ele></trkpt>
   <trkpt lat="51.967142" lon="7.641643"><ele>58</ele></trkpt>
   <trkpt lat="51.967062" lon="7.641254"><ele>58</ele></trkpt>
   <trkpt lat="51.967041" lon="7.641151"><ele>58</ele></trkpt>
   <trkpt lat="51.967023" lon="7.641059"><ele>58</ele></trkpt>
   <trkpt lat="51.96701" lon="7.640992"><ele>58</ele></trkpt>
   <trkpt lat="51.966735" lon="7.639554"><ele>58.75</ele></trkpt>
   <trkpt lat="51.966684" lon="7.639316"><ele>58.75</ele></trkpt>
   <trkpt lat="51.966644" lon="7.639122"><ele>59</ele></trkpt>
   <trkpt lat="51.966631" lon="7.638942"><ele>59</ele></trkpt>
   <trkpt lat="51.966487" lon="7.638347"><ele>59</ele></trkpt>
   <trkpt lat="51.966373" lon="7.637812"><ele>59</ele></trkpt>
   <trkpt lat="51.966338" lon="7.637643"><ele>59.5</ele></trkpt>
   <trkpt lat="51.966283" lon="7.637523"><ele>59.75</ele></trkpt>
   <trkpt lat="51.966246" lon="7.637374"><ele>59.75</ele></trkpt>
   <trkpt lat="51.966149" lon="7.63691"><ele>60</ele></trkpt>
   <trkpt lat="51.966131" lon="7.636811"><ele>60</ele></trkpt>
   <trkpt lat="51.966057" lon="7.636436"><ele>60</ele></trkpt>
   <trkpt lat="51.966038" lon="7.636336"><ele>59.75</ele></trkpt>
   <trkpt lat="51.965977" lon="7.636014"><ele>60</ele></trkpt>
   <trkpt lat="51.965897" lon="7.635565"><ele>60</ele></trkpt>
   <trkpt lat="51.965814" lon="7.635167"><ele>60</ele></trkpt>
   <trkpt lat="51.965789" lon="7.635038"><ele>60</ele></trkpt>
   <trkpt lat="51.965692" lon="7.634571"><ele>59</ele></trkpt>
   <trkpt lat="51.965666" lon="7.634446"><ele>59</ele></trkpt>
   <trkpt lat="51.965628" lon="7.634239"><ele>59</ele></trkpt>
   <trkpt lat="51.965562" lon="7.633958"><ele>59</ele></trkpt>
   <trkpt lat="51.965513" lon="7.633737"><ele>59</ele></trkpt>
   <trkpt lat="51.965501" lon="7.633685"><ele>59</ele></trkpt>
   <trkpt lat="51.96548" lon="7.633605"><ele>59.25</ele></trkpt>
   <trkpt lat="51.965459" lon="7.633535"><ele>59.25</ele></trkpt>
   <trkpt lat="51.965339" lon="7.633155"><ele>59</ele></trkpt>
   <trkpt lat="51.965275" lon="7.632983"><ele>59</ele></trkpt>
   <trkpt lat="51.964941" lon="7.632099"><ele>58.5</ele></trkpt>
   <trkpt lat="51.964866" lon="7.631768"><ele>58</ele></trkpt>
   <trkpt lat="51.964762" lon="7.631079"><ele>58</ele></trkpt>
   <trkpt lat="51.964726" lon="7.63087"><ele>58</ele></trkpt>
   <trkpt lat="51.964704" lon="7.630803"><ele>58</ele></trkpt>
   <trkpt lat="51.964671" lon="7.630736"><ele>58</ele></trkpt>
   <trkpt lat="51.964582" lon="7.630593"><ele>58</ele></trkpt>
   <trkpt lat="51.964488" lon="7.63045"><ele>58</ele></trkpt>
   <trkpt lat="51.964303" lon="7.630217"><ele>58</ele></trkpt>
   <trkpt lat="51.964258" lon="7.630162"><ele>58</ele></trkpt>
   <trkpt lat="51.964215" lon="7.63011"><ele>58</ele></trkpt>
   <trkpt lat="51.964142" lon="7.630022"><ele>58</ele></trkpt>
   <trkpt lat="51.96407" lon="7.629934"><ele>58</ele></trkpt>
   <trkpt lat="51.964048" lon="7.629907"><ele>58</ele></trkpt>
   <trkpt lat="51.963917" lon="7.629787"><ele>58</ele></trkpt>
   <trkpt lat="51.963781" lon="7.629656"><ele>58.25</ele></trkpt>
   <trkpt lat="51.963641" lon="7.629458"><ele>58.75</ele></trkpt>
   <trkpt lat="51.963366" lon="7.628939"><ele>60</ele></trkpt>
   <trkpt lat="51.963226" lon="7.628701"><ele>60.25</ele></trkpt>
   <trkpt lat="51.963112" lon="7.628458"><ele>60.25</ele></trkpt>
   <trkpt lat="51.9631" lon="7.62842"><ele>60.25</ele></trkpt>
   <trkpt lat="51.963091" lon="7.628378"><ele>60</ele></trkpt>
   <trkpt lat="51.963083" lon="7.628317"><ele>59.75</ele></trkpt>
   <trkpt lat="51.963137" lon="7.628287"><ele>59.75</ele></trkpt>
   <trkpt lat="51.963123" lon="7.628211"><ele>59.75</ele></trkpt>
   <trkpt lat="51.963113" lon="7.628168"><ele>59.75</ele></trkpt>
   <trkpt lat="51.963106" lon="7.628137"><ele>59.75</ele></trkpt>
   <trkpt lat="51.963075" lon="7.627885"><ele>60.5</ele></trkpt>
   <trkpt lat="51.963056" lon="7.62774"><ele>60.75</ele></trkpt>
   <trkpt lat="51.96307" lon="7.62768"><ele>60.75</ele></trkpt>
   <trkpt lat="51.963047" lon="7.627547"><ele>61</ele></trkpt>
   <trkpt lat="51.963024" lon="7.627487"><ele>61</ele></trkpt>
   <trkpt lat="51.962999" lon="7.627046"><ele>61</ele></trkpt>
   <trkpt lat="51.963" lon="7.627001"><ele>61</ele></trkpt>
   <trkpt lat="51.962927" lon="7.62695"><ele>61</ele></trkpt>
   <trkpt lat="51.962909" lon="7.626937"><ele>61</ele></trkpt>
   <trkpt lat="51.962439" lon="7.626922"><ele>61</ele></trkpt>
   <trkpt lat="51.96244" lon="7.626842"><ele>61</ele></trkpt>
  </trkseg>
 </trk>
</gpx>