<?xml version="1.0" encoding="UTF-8"?>
<!-- track-length = 107955 filtered ascend = 550 plain-ascend = 121 cost=220964 energy=0.6kwh time=5h 42m 26s -->
<gpx
 xmlns="http://www.topografix.com/GPX/1/1"
 xmlns:xsi="http://www.w3.org/2001/XMLSchema-instance"
 xsi:schemaLocation="http://www.topografix.com/GPX/1/1 http://www.topografix.com/GPX/1/1/gpx.xsd"
 version="1.1"
 creator="bikerouter.de 2026.22">
 <wpt lat="51.957200170601844" lon="7.633353678570796"><name>from</name><type>from</type></wpt>
 <wpt lat="51.253694100459924" lon="7.149010863514681"><name>to</name><type>to</type></wpt>
 <trk>
  <name>Etappe#3v1</name>
  <link href="https://bikerouter.de/#map=7/51.524/6.119/standard&amp;lonlats=7.633354,51.9572;7.149011,51.253694&amp;profile=Trekking-tracks">
   <text>bikerouter.de</text>
  </link>
  <trkseg>
   <trkpt lat="51.957266" lon="7.633089"><ele>59.25</ele></trkpt>
   <trkpt lat="51.957121" lon="7.632992"><ele>59</ele></trkpt>
   <trkpt lat="51.957096" lon="7.632976"><ele>59</ele></trkpt>
   <trkpt lat="51.957389" lon="7.631744"><ele>60</ele></trkpt>
   <trkpt lat="51.95738" lon="7.631599"><ele>60</ele></trkpt>
   <trkpt lat="51.957416" lon="7.631481"><ele>60</ele></trkpt>
   <trkpt lat="51.957571" lon="7.631142"><ele>60.75</ele></trkpt>
   <trkpt lat="51.957785" lon="7.630724"><ele>61</ele></trkpt>
   <trkpt lat="51.95783" lon="7.630638"><ele>61</ele></trkpt>
   <trkpt lat="51.957868" lon="7.630564"><ele>61</ele></trkpt>
   <trkpt lat="51.957806" lon="7.630487"><ele>61</ele></trkpt>
   <trkpt lat="51.957641" lon="7.630283"><ele>60.25</ele></trkpt>
   <trkpt lat="51.95736" lon="7.629936"><ele>61</ele></trkpt>
   <trkpt lat="51.957187" lon="7.629628"><ele>61.5</ele></trkpt>
   <trkpt lat="51.956991" lon="7.629134"><ele>61</ele></trkpt>
   <trkpt lat="51.956615" lon="7.628203"><ele>61</ele></trkpt>
   <trkpt lat="51.95658" lon="7.628088"><ele>61.25</ele></trkpt>
   <trkpt lat="51.95651" lon="7.627667"><ele>61.25</ele></trkpt>
   <trkpt lat="51.956497" lon="7.627537"><ele>61.25</ele></trkpt>
   <trkpt lat="51.956491" lon="7.627354"><ele>61.25</ele></trkpt>
   <trkpt lat="51.956473" lon="7.626639"><ele>61</ele></trkpt>
   <trkpt lat="51.956476" lon="7.626552"><ele>61</ele></trkpt>
   <trkpt lat="51.956485" lon="7.62647"><ele>61</ele></trkpt>
   <trkpt lat="51.956509" lon="7.626249"><ele>60.75</ele></trkpt>
   <trkpt lat="51.956577" lon="7.625848"><ele>61</ele></trkpt>
   <trkpt lat="51.956738" lon="7.625029"><ele>61</ele></trkpt>
   <trkpt lat="51.956834" lon="7.62458"><ele>60.5</ele></trkpt>
   <trkpt lat="51.95689" lon="7.624309"><ele>60.75</ele></trkpt>
   <trkpt lat="51.95701" lon="7.623729"><ele>60.75</ele></trkpt>
   <trkpt lat="51.956964" lon="7.623682"><ele>60.75</ele></trkpt>
   <trkpt lat="51.956758" lon="7.623471"><ele>59</ele></trkpt>
   <trkpt lat="51.956686" lon="7.623449"><ele>59</ele></trkpt>
   <trkpt lat="51.956669" lon="7.623299"><ele>58.75</ele></trkpt>
   <trkpt lat="51.956606" lon="7.622765"><ele>57</ele></trkpt>
   <trkpt lat="51.95659" lon="7.622586"><ele>57.25</ele></trkpt>
   <trkpt lat="51.956559" lon="7.622403"><ele>57</ele></trkpt>
   <trkpt lat="51.956517" lon="7.622211"><ele>57</ele></trkpt>
   <trkpt lat="51.956274" lon="7.621334"><ele>57.25</ele></trkpt>
   <trkpt lat="51.95626" lon="7.621285"><ele>57.25</ele></trkpt>
   <trkpt lat="51.956047" lon="7.620555"><ele>58</ele></trkpt>
   <trkpt lat="51.955868" lon="7.619944"><ele>59</ele></trkpt>
   <trkpt lat="51.955608" lon="7.620084"><ele>58.5</ele></trkpt>
   <trkpt lat="51.955174" lon="7.620369"><ele>58.75</ele></trkpt>
   <trkpt lat="51.955142" lon="7.620381"><ele>58.75</ele></trkpt>
   <trkpt lat="51.955119" lon="7.620148"><ele>59</ele></trkpt>
   <trkpt lat="51.955118" lon="7.620063"><ele>59</ele></trkpt>
   <trkpt lat="51.955105" lon="7.619979"><ele>59</ele></trkpt>
   <trkpt lat="51.955076" lon="7.619836"><ele>59</ele></trkpt>
   <trkpt lat="51.955044" lon="7.619691"><ele>58.75</ele></trkpt>
   <trkpt lat="51.954826" lon="7.619728"><ele>59</ele></trkpt>
   <trkpt lat="51.954422" lon="7.619747"><ele>60</ele></trkpt>
   <trkpt lat="51.95419" lon="7.61973"><ele>60.75</ele></trkpt>
   <trkpt lat="51.953946" lon="7.619683"><ele>60.75</ele></trkpt>
   <trkpt lat="51.95378" lon="7.619641"><ele>61.25</ele></trkpt>
   <trkpt lat="51.953605" lon="7.619559"><ele>62</ele></trkpt>
   <trkpt lat="51.953537" lon="7.619536"><ele>62</ele></trkpt>
   <trkpt lat="51.953131" lon="7.619325"><ele>62.75</ele></trkpt>
   <trkpt lat="51.953095" lon="7.619299"><ele>62.75</ele></trkpt>
   <trkpt lat="51.952829" lon="7.619106"><ele>63.5</ele></trkpt>
   <trkpt lat="51.952602" lon="7.618937"><ele>63.5</ele></trkpt>
   <trkpt lat="51.952512" lon="7.618868"><ele>63.75</ele></trkpt>
   <trkpt lat="51.95237" lon="7.61876"><ele>63.5</ele></trkpt>
   <trkpt lat="51.952216" lon="7.618593"><ele>63.75</ele></trkpt>
   <trkpt lat="51.952129" lon="7.618522"><ele>63.75</ele></trkpt>
   <trkpt lat="51.951914" lon="7.618342"><ele>64</ele></trkpt>
   <trkpt lat="51.951785" lon="7.618256"><ele>64</ele></trkpt>
   <trkpt lat="51.951761" lon="7.61824"><ele>64</ele></trkpt>
   <trkpt lat="51.951685" lon="7.618189"><ele>64</ele></trkpt>
   <trkpt lat="51.951381" lon="7.617942"><ele>63.5</ele></trkpt>
   <trkpt lat="51.951043" lon="7.617655"><ele>64</ele></trkpt>
   <trkpt lat="51.950367" lon="7.617072"><ele>64</ele></trkpt>
   <trkpt lat="51.950069" lon="7.616815"><ele>64</ele></trkpt>
   <trkpt lat="51.950035" lon="7.616799"><ele>64</ele></trkpt>
   <trkpt lat="51.950006" lon="7.616745"><ele>64</ele></trkpt>
   <trkpt lat="51.949995" lon="7.616734"><ele>64</ele></trkpt>
   <trkpt lat="51.94994" lon="7.616685"><ele>64</ele></trkpt>
   <trkpt lat="51.949869" lon="7.616627"><ele>64</ele></trkpt>
   <trkpt lat="51.949802" lon="7.616557"><ele>64</ele></trkpt>
   <trkpt lat="51.949769" lon="7.616526"><ele>64</ele></trkpt>
   <trkpt lat="51.94969" lon="7.61646"><ele>64</ele></trkpt>
   <trkpt lat="51.949573" lon="7.616365"><ele>63.75</ele></trkpt>
   <trkpt lat="51.948277" lon="7.615321"><ele>64</ele></trkpt>
   <trkpt lat="51.946844" lon="7.614112"><ele>63.75</ele></trkpt>
   <trkpt lat="51.946802" lon="7.614093"><ele>63.75</ele></trkpt>
   <trkpt lat="51.946731" lon="7.614054"><ele>63.75</ele></trkpt>
   <trkpt lat="51.946149" lon="7.613567"><ele>63.75</ele></trkpt>
   <trkpt lat="51.945545" lon="7.613079"><ele>63.75</ele></trkpt>
   <trkpt lat="51.944829" lon="7.612463"><ele>63.75</ele></trkpt>
   <trkpt lat="51.944274" lon="7.612034"><ele>63.5</ele></trkpt>
   <trkpt lat="51.944111" lon="7.6119"><ele>64</ele></trkpt>
   <trkpt lat="51.943871" lon="7.611728"><ele>64</ele></trkpt>
   <trkpt lat="51.943505" lon="7.611396"><ele>64</ele></trkpt>
   <trkpt lat="51.943417" lon="7.611325"><ele>64</ele></trkpt>
   <trkpt lat="51.942752" lon="7.610763"><ele>64</ele></trkpt>
   <trkpt lat="51.942613" lon="7.610655"><ele>64</ele></trkpt>
   <trkpt lat="51.941951" lon="7.610108"><ele>64</ele></trkpt>
   <trkpt lat="51.941332" lon="7.609587"><ele>64.5</ele></trkpt>
   <trkpt lat="51.941012" lon="7.609307"><ele>65</ele></trkpt>
   <trkpt lat="51.940872" lon="7.609185"><ele>65</ele></trkpt>
   <trkpt lat="51.940712" lon="7.609045"><ele>65</ele></trkpt>
   <trkpt lat="51.940693" lon="7.6091"><ele>65</ele></trkpt>
   <trkpt lat="51.940674" lon="7.609157"><ele>65</ele></trkpt>
   <trkpt lat="51.940659" lon="7.609203"><ele>65</ele></trkpt>
   <trkpt lat="51.940644" lon="7.609248"><ele>65</ele></trkpt>
   <trkpt lat="51.940626" lon="7.609304"><ele>65</ele></trkpt>
   <trkpt lat="51.940609" lon="7.609357"><ele>65</ele></trkpt>
   <trkpt lat="51.940589" lon="7.609417"><ele>65</ele></trkpt>
   <trkpt lat="51.940592" lon="7.60942"><ele>65</ele></trkpt>
   <trkpt lat="51.9406" lon="7.609483"><ele>65</ele></trkpt>
   <trkpt lat="51.9406" lon="7.609536"><ele>65</ele></trkpt>
   <trkpt lat="51.940588" lon="7.609591"><ele>65</ele></trkpt>
   <trkpt lat="51.940551" lon="7.609627"><ele>65</ele></trkpt>
   <trkpt lat="51.940522" lon="7.609635"><ele>65</ele></trkpt>
   <trkpt lat="51.94044" lon="7.609601"><ele>65</ele></trkpt>
   <trkpt lat="51.94035" lon="7.609546"><ele>65</ele></trkpt>
   <trkpt lat="51.940268" lon="7.609513"><ele>64.75</ele></trkpt>
   <trkpt lat="51.940202" lon="7.609512"><ele>64.75</ele></trkpt>
   <trkpt lat="51.9397" lon="7.609753"><ele>64.75</ele></trkpt>
   <trkpt lat="51.93954" lon="7.609819"><ele>64.5</ele></trkpt>
   <trkpt lat="51.939289" lon="7.609919"><ele>64</ele></trkpt>
   <trkpt lat="51.939128" lon="7.609962"><ele>64</ele></trkpt>
   <trkpt lat="51.938913" lon="7.609911"><ele>64</ele></trkpt>
   <trkpt lat="51.93877" lon="7.609865"><ele>64</ele></trkpt>
   <trkpt lat="51.938418" lon="7.609712"><ele>64</ele></trkpt>
   <trkpt lat="51.938302" lon="7.609662"><ele>64</ele></trkpt>
   <trkpt lat="51.938028" lon="7.609538"><ele>64</ele></trkpt>
   <trkpt lat="51.937872" lon="7.609468"><ele>64</ele></trkpt>
   <trkpt lat="51.937397" lon="7.609298"><ele>64</ele></trkpt>
   <trkpt lat="51.935879" lon="7.608681"><ele>63</ele></trkpt>
   <trkpt lat="51.935699" lon="7.608607"><ele>63</ele></trkpt>
   <trkpt lat="51.935462" lon="7.60851"><ele>63</ele></trkpt>
   <trkpt lat="51.935132" lon="7.608379"><ele>64.5</ele></trkpt>
   <trkpt lat="51.934858" lon="7.608269"><ele>64.75</ele></trkpt>
   <trkpt lat="51.934481" lon="7.60812"><ele>62.25</ele></trkpt>
   <trkpt lat="51.934381" lon="7.60808"><ele>62</ele></trkpt>
   <trkpt lat="51.934237" lon="7.608024"><ele>62</ele></trkpt>
   <trkpt lat="51.93413" lon="7.60796"><ele>62.25</ele></trkpt>
   <trkpt lat="51.933875" lon="7.607851"><ele>62</ele></trkpt>
   <trkpt lat="51.933565" lon="7.607746"><ele>62</ele></trkpt>
   <trkpt lat="51.933096" lon="7.607535"><ele>62</ele></trkpt>
   <trkpt lat="51.932731" lon="7.607395"><ele>62</ele></trkpt>
   <trkpt lat="51.932602" lon="7.607346"><ele>62</ele></trkpt>
   <trkpt lat="51.931466" lon="7.60687"><ele>62</ele></trkpt>
   <trkpt lat="51.930907" lon="7.606618"><ele>62</ele></trkpt>
   <trkpt lat="51.930876" lon="7.606604"><ele>62</ele></trkpt>
   <trkpt lat="51.930724" lon="7.606537"><ele>62</ele></trkpt>
   <trkpt lat="51.930672" lon="7.606485"><ele>62</ele></trkpt>
   <trkpt lat="51.93066" lon="7.606453"><ele>62</ele></trkpt>
   <trkpt lat="51.930543" lon="7.606398"><ele>61.75</ele></trkpt>
   <trkpt lat="51.93045" lon="7.606353"><ele>61.5</ele></trkpt>
   <trkpt lat="51.930425" lon="7.606354"><ele>61.5</ele></trkpt>
   <trkpt lat="51.9304" lon="7.60635"><ele>61.5</ele></trkpt>
   <trkpt lat="51.929996" lon="7.606189"><ele>61</ele></trkpt>
   <trkpt lat="51.929941" lon="7.606214"><ele>61</ele></trkpt>
   <trkpt lat="51.929751" lon="7.606141"><ele>61</ele></trkpt>
   <trkpt lat="51.928713" lon="7.605742"><ele>59</ele></trkpt>
   <trkpt lat="51.927956" lon="7.605421"><ele>59</ele></trkpt>
   <trkpt lat="51.927648" lon="7.605287"><ele>59.75</ele></trkpt>
   <trkpt lat="51.927388" lon="7.605179"><ele>60.25</ele></trkpt>
   <trkpt lat="51.927208" lon="7.605105"><ele>60.5</ele></trkpt>
   <trkpt lat="51.927128" lon="7.605046"><ele>60.75</ele></trkpt>
   <trkpt lat="51.927025" lon="7.604971"><ele>61</ele></trkpt>
   <trkpt lat="51.926981" lon="7.60495"><ele>61</ele></trkpt>
   <trkpt lat="51.926807" lon="7.604869"><ele>61</ele></trkpt>
   <trkpt lat="51.926747" lon="7.604855"><ele>61</ele></trkpt>
   <trkpt lat="51.926668" lon="7.60487"><ele>61</ele></trkpt>
   <trkpt lat="51.92638" lon="7.604801"><ele>61</ele></trkpt>
   <trkpt lat="51.925944" lon="7.604634"><ele>60.5</ele></trkpt>
   <trkpt lat="51.925773" lon="7.604557"><ele>60</ele></trkpt>
   <trkpt lat="51.925597" lon="7.604478"><ele>60</ele></trkpt>
   <trkpt lat="51.9254" lon="7.604344"><ele>60.5</ele></trkpt>
   <trkpt lat="51.92527" lon="7.604299"><ele>61</ele></trkpt>
   <trkpt lat="51.92521" lon="7.604299"><ele>60.75</ele></trkpt>
   <trkpt lat="51.925165" lon="7.604298"><ele>60.75</ele></trkpt>
   <trkpt lat="51.924863" lon="7.604184"><ele>60.75</ele></trkpt>
   <trkpt lat="51.924418" lon="7.603986"><ele>61</ele></trkpt>
   <trkpt lat="51.924344" lon="7.603924"><ele>61.25</ele></trkpt>
   <trkpt lat="51.924323" lon="7.603906"><ele>61.25</ele></trkpt>
   <trkpt lat="51.924237" lon="7.603888"><ele>61.5</ele></trkpt>
   <trkpt lat="51.924101" lon="7.603859"><ele>61.75</ele></trkpt>
   <trkpt lat="51.923921" lon="7.603784"><ele>61</ele></trkpt>
   <trkpt lat="51.923773" lon="7.603722"><ele>61.25</ele></trkpt>
   <trkpt lat="51.923692" lon="7.603688"><ele>61.5</ele></trkpt>
   <trkpt lat="51.923578" lon="7.603603"><ele>61.75</ele></trkpt>
   <trkpt lat="51.92334" lon="7.603523"><ele>61.5</ele></trkpt>
   <trkpt lat="51.92321" lon="7.603493"><ele>61.5</ele></trkpt>
   <trkpt lat="51.922681" lon="7.603271"><ele>61.5</ele></trkpt>
   <trkpt lat="51.92243" lon="7.603179"><ele>61.25</ele></trkpt>
   <trkpt lat="51.922339" lon="7.60314"><ele>61.25</ele></trkpt>
   <trkpt lat="51.922296" lon="7.603122"><ele>61</ele></trkpt>
   <trkpt lat="51.922203" lon="7.603073"><ele>61</ele></trkpt>
   <trkpt lat="51.922045" lon="7.603022"><ele>61</ele></trkpt>
   <trkpt lat="51.921997" lon="7.603018"><ele>61</ele></trkpt>
   <trkpt lat="51.92191" lon="7.603001"><ele>61</ele></trkpt>
   <trkpt lat="51.920682" lon="7.602492"><ele>61</ele></trkpt>
   <trkpt lat="51.92034" lon="7.602352"><ele>60.75</ele></trkpt>
   <trkpt lat="51.919824" lon="7.602137"><ele>61</ele></trkpt>
   <trkpt lat="51.919542" lon="7.60197"><ele>61</ele></trkpt>
   <trkpt lat="51.919481" lon="7.601921"><ele>60.75</ele></trkpt>
   <trkpt lat="51.919246" lon="7.601642"><ele>60.5</ele></trkpt>
   <trkpt lat="51.919135" lon="7.601461"><ele>60.25</ele></trkpt>
   <trkpt lat="51.918732" lon="7.600725"><ele>60</ele></trkpt>
   <trkpt lat="51.918031" lon="7.599435"><ele>59.75</ele></trkpt>
   <trkpt lat="51.917718" lon="7.59879"><ele>59</ele></trkpt>
   <trkpt lat="51.917489" lon="7.598308"><ele>59</ele></trkpt>
   <trkpt lat="51.916845" lon="7.596874"><ele>58</ele></trkpt>
   <trkpt lat="51.916597" lon="7.596285"><ele>57.5</ele></trkpt>
   <trkpt lat="51.916426" lon="7.595907"><ele>57.75</ele></trkpt>
   <trkpt lat="51.916166" lon="7.595339"><ele>57.5</ele></trkpt>
   <trkpt lat="51.915985" lon="7.594908"><ele>57</ele></trkpt>
   <trkpt lat="51.915717" lon="7.594377"><ele>57</ele></trkpt>
   <trkpt lat="51.915572" lon="7.594154"><ele>57.75</ele></trkpt>
   <trkpt lat="51.915457" lon="7.593999"><ele>57.75</ele></trkpt>
   <trkpt lat="51.915309" lon="7.593832"><ele>57.75</ele></trkpt>
   <trkpt lat="51.91511" lon="7.593648"><ele>57.5</ele></trkpt>
   <trkpt lat="51.914771" lon="7.593386"><ele>57.5</ele></trkpt>
   <trkpt lat="51.91438" lon="7.593138"><ele>57</ele></trkpt>
   <trkpt lat="51.914152" lon="7.593007"><ele>57.75</ele></trkpt>
   <trkpt lat="51.913809" lon="7.59283"><ele>57.75</ele></trkpt>
   <trkpt lat="51.913339" lon="7.592638"><ele>57</ele></trkpt>
   <trkpt lat="51.913" lon="7.592542"><ele>57.75</ele></trkpt>
   <trkpt lat="51.912558" lon="7.592455"><ele>57.75</ele></trkpt>
   <trkpt lat="51.911348" lon="7.592248"><ele>57.75</ele></trkpt>
   <trkpt lat="51.911147" lon="7.592196"><ele>58</ele></trkpt>
   <trkpt lat="51.910922" lon="7.592123"><ele>58</ele></trkpt>
   <trkpt lat="51.910739" lon="7.592047"><ele>58</ele></trkpt>
   <trkpt lat="51.910282" lon="7.591814"><ele>58</ele></trkpt>
   <trkpt lat="51.910049" lon="7.591656"><ele>58</ele></trkpt>
   <trkpt lat="51.90993" lon="7.591576"><ele>58</ele></trkpt>
   <trkpt lat="51.909731" lon="7.591395"><ele>58</ele></trkpt>
   <trkpt lat="51.909555" lon="7.591208"><ele>58</ele></trkpt>
   <trkpt lat="51.908106" lon="7.589621"><ele>58.75</ele></trkpt>
   <trkpt lat="51.907575" lon="7.589052"><ele>58.75</ele></trkpt>
   <trkpt lat="51.907433" lon="7.588914"><ele>59</ele></trkpt>
   <trkpt lat="51.907287" lon="7.588786"><ele>59</ele></trkpt>
   <trkpt lat="51.907119" lon="7.588652"><ele>59.25</ele></trkpt>
   <trkpt lat="51.906943" lon="7.588528"><ele>60</ele></trkpt>
   <trkpt lat="51.906695" lon="7.588387"><ele>59.75</ele></trkpt>
   <trkpt lat="51.906583" lon="7.58834"><ele>60</ele></trkpt>
   <trkpt lat="51.906024" lon="7.588142"><ele>60</ele></trkpt>
   <trkpt lat="51.905613" lon="7.588005"><ele>60.75</ele></trkpt>
   <trkpt lat="51.905384" lon="7.587909"><ele>61</ele></trkpt>
   <trkpt lat="51.905265" lon="7.587844"><ele>61</ele></trkpt>
   <trkpt lat="51.90507" lon="7.587721"><ele>61</ele></trkpt>
   <trkpt lat="51.904771" lon="7.587497"><ele>61</ele></trkpt>
   <trkpt lat="51.904603" lon="7.587352"><ele>61.5</ele></trkpt>
   <trkpt lat="51.904028" lon="7.586824"><ele>62</ele></trkpt>
   <trkpt lat="51.903512" lon="7.586329"><ele>62</ele></trkpt>
   <trkpt lat="51.902604" lon="7.585457"><ele>63.25</ele></trkpt>
   <trkpt lat="51.902168" lon="7.585024"><ele>64</ele></trkpt>
   <trkpt lat="51.901773" lon="7.584591"><ele>64</ele></trkpt>
   <trkpt lat="51.901595" lon="7.58437"><ele>64.25</ele></trkpt>
   <trkpt lat="51.901408" lon="7.584122"><ele>64.75</ele></trkpt>
   <trkpt lat="51.900467" lon="7.582856"><ele>66</ele></trkpt>
   <trkpt lat="51.900332" lon="7.582689"><ele>66</ele></trkpt>
   <trkpt lat="51.900201" lon="7.582549"><ele>66</ele></trkpt>
   <trkpt lat="51.900094" lon="7.582452"><ele>66</ele></trkpt>
   <trkpt lat="51.900002" lon="7.582391"><ele>66</ele></trkpt>
   <trkpt lat="51.899902" lon="7.582323"><ele>66</ele></trkpt>
   <trkpt lat="51.897729" lon="7.581074"><ele>66</ele></trkpt>
   <trkpt lat="51.896661" lon="7.580465"><ele>65.5</ele></trkpt>
   <trkpt lat="51.896291" lon="7.580245"><ele>65.25</ele></trkpt>
   <trkpt lat="51.895981" lon="7.580075"><ele>65.5</ele></trkpt>
   <trkpt lat="51.895525" lon="7.579807"><ele>65.5</ele></trkpt>
   <trkpt lat="51.895292" lon="7.579678"><ele>65.75</ele></trkpt>
   <trkpt lat="51.895059" lon="7.579525"><ele>65.5</ele></trkpt>
   <trkpt lat="51.894905" lon="7.579407"><ele>65.75</ele></trkpt>
   <trkpt lat="51.894551" lon="7.579105"><ele>65.5</ele></trkpt>
   <trkpt lat="51.894523" lon="7.579071"><ele>65.5</ele></trkpt>
   <trkpt lat="51.894482" lon="7.578994"><ele>65.75</ele></trkpt>
   <trkpt lat="51.894397" lon="7.57891"><ele>66</ele></trkpt>
   <trkpt lat="51.894119" lon="7.578677"><ele>66</ele></trkpt>
   <trkpt lat="51.894041" lon="7.578667"><ele>66</ele></trkpt>
   <trkpt lat="51.893998" lon="7.578578"><ele>66</ele></trkpt>
   <trkpt lat="51.893894" lon="7.578493"><ele>66</ele></trkpt>
   <trkpt lat="51.893779" lon="7.578403"><ele>65.5</ele></trkpt>
   <trkpt lat="51.893734" lon="7.578408"><ele>65.25</ele></trkpt>
   <trkpt lat="51.893561" lon="7.578286"><ele>65</ele></trkpt>
   <trkpt lat="51.893292" lon="7.578143"><ele>65</ele></trkpt>
   <trkpt lat="51.89298" lon="7.577957"><ele>65.25</ele></trkpt>
   <trkpt lat="51.892857" lon="7.577901"><ele>65</ele></trkpt>
   <trkpt lat="51.892667" lon="7.577803"><ele>64.75</ele></trkpt>
   <trkpt lat="51.892378" lon="7.577688"><ele>64.75</ele></trkpt>
   <trkpt lat="51.892058" lon="7.577581"><ele>64.5</ele></trkpt>
   <trkpt lat="51.89156" lon="7.577443"><ele>64.5</ele></trkpt>
   <trkpt lat="51.891343" lon="7.577385"><ele>64</ele></trkpt>
   <trkpt lat="51.891107" lon="7.577265"><ele>64</ele></trkpt>
   <trkpt lat="51.890991" lon="7.577244"><ele>64.25</ele></trkpt>
   <trkpt lat="51.890856" lon="7.577237"><ele>64.75</ele></trkpt>
   <trkpt lat="51.890682" lon="7.577289"><ele>65</ele></trkpt>
   <trkpt lat="51.890562" lon="7.577311"><ele>65</ele></trkpt>
   <trkpt lat="51.890475" lon="7.577328"><ele>65</ele></trkpt>
   <trkpt lat="51.89027" lon="7.577402"><ele>65</ele></trkpt>
   <trkpt lat="51.89019" lon="7.577332"><ele>65</ele></trkpt>
   <trkpt lat="51.890115" lon="7.577233"><ele>65</ele></trkpt>
   <trkpt lat="51.890064" lon="7.577193"><ele>64.75</ele></trkpt>
   <trkpt lat="51.889978" lon="7.577169"><ele>64.75</ele></trkpt>
   <trkpt lat="51.889923" lon="7.577173"><ele>64.75</ele></trkpt>
   <trkpt lat="51.889867" lon="7.577196"><ele>64.75</ele></trkpt>
   <trkpt lat="51.889757" lon="7.577278"><ele>64.75</ele></trkpt>
   <trkpt lat="51.889702" lon="7.577297"><ele>64.5</ele></trkpt>
   <trkpt lat="51.889646" lon="7.577275"><ele>64.75</ele></trkpt>
   <trkpt lat="51.889126" lon="7.576934"><ele>64.75</ele></trkpt>
   <trkpt lat="51.888939" lon="7.576798"><ele>64.75</ele></trkpt>
   <trkpt lat="51.888452" lon="7.576475"><ele>65.5</ele></trkpt>
   <trkpt lat="51.888168" lon="7.576273"><ele>66.25</ele></trkpt>
   <trkpt lat="51.887906" lon="7.57604"><ele>67.25</ele></trkpt>
   <trkpt lat="51.887756" lon="7.575871"><ele>68</ele></trkpt>
   <trkpt lat="51.887607" lon="7.575683"><ele>67.75</ele></trkpt>
   <trkpt lat="51.887276" lon="7.57515"><ele>66.5</ele></trkpt>
   <trkpt lat="51.886808" lon="7.574281"><ele>66</ele></trkpt>
   <trkpt lat="51.886136" lon="7.573012"><ele>65</ele></trkpt>
   <trkpt lat="51.885722" lon="7.572262"><ele>62</ele></trkpt>
   <trkpt lat="51.885441" lon="7.571793"><ele>61</ele></trkpt>
   <trkpt lat="51.885266" lon="7.571543"><ele>61</ele></trkpt>
   <trkpt lat="51.884904" lon="7.571056"><ele>59.75</ele></trkpt>
   <trkpt lat="51.884857" lon="7.570959"><ele>59.5</ele></trkpt>
   <trkpt lat="51.884831" lon="7.570904"><ele>59.5</ele></trkpt>
   <trkpt lat="51.884746" lon="7.570805"><ele>59.75</ele></trkpt>
   <trkpt lat="51.884506" lon="7.57057"><ele>59.75</ele></trkpt>
   <trkpt lat="51.88422" lon="7.570422"><ele>59</ele></trkpt>
   <trkpt lat="51.884005" lon="7.570264"><ele>59</ele></trkpt>
   <trkpt lat="51.882695" lon="7.569438"><ele>59</ele></trkpt>
   <trkpt lat="51.880688" lon="7.568172"><ele>58.5</ele></trkpt>
   <trkpt lat="51.879916" lon="7.56769"><ele>58.75</ele></trkpt>
   <trkpt lat="51.878657" lon="7.566901"><ele>59.5</ele></trkpt>
   <trkpt lat="51.878253" lon="7.566682"><ele>59.25</ele></trkpt>
   <trkpt lat="51.877913" lon="7.566531"><ele>59</ele></trkpt>
   <trkpt lat="51.877777" lon="7.566479"><ele>59</ele></trkpt>
   <trkpt lat="51.877589" lon="7.566436"><ele>59</ele></trkpt>
   <trkpt lat="51.877511" lon="7.566412"><ele>59</ele></trkpt>
   <trkpt lat="51.8774" lon="7.566348"><ele>58.75</ele></trkpt>
   <trkpt lat="51.877224" lon="7.566324"><ele>58.75</ele></trkpt>
   <trkpt lat="51.877074" lon="7.566334"><ele>58.75</ele></trkpt>
   <trkpt lat="51.876925" lon="7.566333"><ele>59</ele></trkpt>
   <trkpt lat="51.876604" lon="7.566309"><ele>58.75</ele></trkpt>
   <trkpt lat="51.876254" lon="7.566255"><ele>58.5</ele></trkpt>
   <trkpt lat="51.876093" lon="7.566209"><ele>58.25</ele></trkpt>
   <trkpt lat="51.875605" lon="7.566003"><ele>58.5</ele></trkpt>
   <trkpt lat="51.875352" lon="7.565838"><ele>58.5</ele></trkpt>
   <trkpt lat="51.875161" lon="7.565689"><ele>58.5</ele></trkpt>
   <trkpt lat="51.87483" lon="7.565382"><ele>59</ele></trkpt>
   <trkpt lat="51.87459" lon="7.565104"><ele>58.75</ele></trkpt>
   <trkpt lat="51.874425" lon="7.564882"><ele>58.5</ele></trkpt>
   <trkpt lat="51.874194" lon="7.564523"><ele>58.75</ele></trkpt>
   <trkpt lat="51.873937" lon="7.564057"><ele>59</ele></trkpt>
   <trkpt lat="51.873701" lon="7.563553"><ele>59</ele></trkpt>
   <trkpt lat="51.873562" lon="7.563232"><ele>58.5</ele></trkpt>
   <trkpt lat="51.873276" lon="7.562483"><ele>58.75</ele></trkpt>
   <trkpt lat="51.873202" lon="7.562285"><ele>58.75</ele></trkpt>
   <trkpt lat="51.872505" lon="7.560197"><ele>59.5</ele></trkpt>
   <trkpt lat="51.872223" lon="7.559356"><ele>59.5</ele></trkpt>
   <trkpt lat="51.872032" lon="7.558759"><ele>59.5</ele></trkpt>
   <trkpt lat="51.871813" lon="7.558118"><ele>59.25</ele></trkpt>
   <trkpt lat="51.871694" lon="7.557759"><ele>59.75</ele></trkpt>
   <trkpt lat="51.870861" lon="7.555258"><ele>59</ele></trkpt>
   <trkpt lat="51.870615" lon="7.554518"><ele>59.5</ele></trkpt>
   <trkpt lat="51.870025" lon="7.552752"><ele>59.75</ele></trkpt>
   <trkpt lat="51.869814" lon="7.551935"><ele>59.5</ele></trkpt>
   <trkpt lat="51.869706" lon="7.55161"><ele>59.5</ele></trkpt>
   <trkpt lat="51.86956" lon="7.55087"><ele>59.5</ele></trkpt>
   <trkpt lat="51.869492" lon="7.550538"><ele>59.75</ele></trkpt>
   <trkpt lat="51.869444" lon="7.55036"><ele>59.25</ele></trkpt>
   <trkpt lat="51.869386" lon="7.550194"><ele>59</ele></trkpt>
   <trkpt lat="51.869327" lon="7.550048"><ele>59.25</ele></trkpt>
   <trkpt lat="51.869231" lon="7.549872"><ele>59.5</ele></trkpt>
   <trkpt lat="51.869084" lon="7.549665"><ele>59.25</ele></trkpt>
   <trkpt lat="51.869061" lon="7.549602"><ele>59.5</ele></trkpt>
   <trkpt lat="51.869053" lon="7.549532"><ele>59.5</ele></trkpt>
   <trkpt lat="51.868983" lon="7.549467"><ele>60.25</ele></trkpt>
   <trkpt lat="51.868908" lon="7.549398"><ele>60.5</ele></trkpt>
   <trkpt lat="51.868873" lon="7.549419"><ele>60.75</ele></trkpt>
   <trkpt lat="51.868799" lon="7.54941"><ele>60.75</ele></trkpt>
   <trkpt lat="51.868647" lon="7.549332"><ele>60.5</ele></trkpt>
   <trkpt lat="51.86848" lon="7.5493"><ele>59</ele></trkpt>
   <trkpt lat="51.868444" lon="7.549293"><ele>58.5</ele></trkpt>
   <trkpt lat="51.867619" lon="7.549104"><ele>59</ele></trkpt>
   <trkpt lat="51.867537" lon="7.549085"><ele>60</ele></trkpt>
   <trkpt lat="51.867458" lon="7.549071"><ele>60.5</ele></trkpt>
   <trkpt lat="51.867413" lon="7.548761"><ele>59.25</ele></trkpt>
   <trkpt lat="51.867365" lon="7.548595"><ele>58.75</ele></trkpt>
   <trkpt lat="51.867201" lon="7.548092"><ele>59</ele></trkpt>
   <trkpt lat="51.867201" lon="7.547961"><ele>59</ele></trkpt>
   <trkpt lat="51.867238" lon="7.547847"><ele>58.75</ele></trkpt>
   <trkpt lat="51.867294" lon="7.547761"><ele>58.25</ele></trkpt>
   <trkpt lat="51.866922" lon="7.546215"><ele>58.25</ele></trkpt>
   <trkpt lat="51.866297" lon="7.543599"><ele>57.5</ele></trkpt>
   <trkpt lat="51.86489" lon="7.537798"><ele>57.75</ele></trkpt>
   <trkpt lat="51.864021" lon="7.534213"><ele>58</ele></trkpt>
   <trkpt lat="51.862061" lon="7.526058"><ele>58</ele></trkpt>
   <trkpt lat="51.861589" lon="7.523997"><ele>57.75</ele></trkpt>
   <trkpt lat="51.861395" lon="7.523092"><ele>57.75</ele></trkpt>
   <trkpt lat="51.861176" lon="7.522259"><ele>57.75</ele></trkpt>
   <trkpt lat="51.860984" lon="7.521562"><ele>57.25</ele></trkpt>
   <trkpt lat="51.860739" lon="7.520761"><ele>57.25</ele></trkpt>
   <trkpt lat="51.860471" lon="7.519957"><ele>57.25</ele></trkpt>
   <trkpt lat="51.860118" lon="7.519021"><ele>57.5</ele></trkpt>
   <trkpt lat="51.859605" lon="7.517808"><ele>57.25</ele></trkpt>
   <trkpt lat="51.859381" lon="7.517349"><ele>57.5</ele></trkpt>
   <trkpt lat="51.859141" lon="7.516971"><ele>58</ele></trkpt>
   <trkpt lat="51.858916" lon="7.516678"><ele>57.75</ele></trkpt>
   <trkpt lat="51.858303" lon="7.516003"><ele>57.5</ele></trkpt>
   <trkpt lat="51.85734" lon="7.51501"><ele>57.5</ele></trkpt>
   <trkpt lat="51.85731" lon="7.514957"><ele>57.5</ele></trkpt>
   <trkpt lat="51.857296" lon="7.514874"><ele>57.5</ele></trkpt>
   <trkpt lat="51.857581" lon="7.514249"><ele>58.5</ele></trkpt>
   <trkpt lat="51.857579" lon="7.514158"><ele>58.25</ele></trkpt>
   <trkpt lat="51.857527" lon="7.514038"><ele>58.75</ele></trkpt>
   <trkpt lat="51.85715" lon="7.513441"><ele>59.5</ele></trkpt>
   <trkpt lat="51.857132" lon="7.513413"><ele>59.5</ele></trkpt>
   <trkpt lat="51.856536" lon="7.512493"><ele>60.75</ele></trkpt>
   <trkpt lat="51.856601" lon="7.512376"><ele>59.75</ele></trkpt>
   <trkpt lat="51.856645" lon="7.512311"><ele>58.75</ele></trkpt>
   <trkpt lat="51.857101" lon="7.511652"><ele>58.5</ele></trkpt>
   <trkpt lat="51.857139" lon="7.511597"><ele>59.25</ele></trkpt>
   <trkpt lat="51.857192" lon="7.511518"><ele>60</ele></trkpt>
   <trkpt lat="51.857223" lon="7.511443"><ele>60.75</ele></trkpt>
   <trkpt lat="51.85722" lon="7.511351"><ele>60.75</ele></trkpt>
   <trkpt lat="51.857183" lon="7.511182"><ele>59.75</ele></trkpt>
   <trkpt lat="51.85699" lon="7.510774"><ele>59.25</ele></trkpt>
   <trkpt lat="51.856966" lon="7.510801"><ele>59</ele></trkpt>
   <trkpt lat="51.856775" lon="7.511014"><ele>57.25</ele></trkpt>
   <trkpt lat="51.85629" lon="7.510013"><ele>57.5</ele></trkpt>
   <trkpt lat="51.855875" lon="7.50905"><ele>57.25</ele></trkpt>
   <trkpt lat="51.855627" lon="7.508412"><ele>57.5</ele></trkpt>
   <trkpt lat="51.855414" lon="7.507891"><ele>56.75</ele></trkpt>
   <trkpt lat="51.855216" lon="7.50732"><ele>57.25</ele></trkpt>
   <trkpt lat="51.854977" lon="7.506592"><ele>57.5</ele></trkpt>
   <trkpt lat="51.854527" lon="7.504907"><ele>56.5</ele></trkpt>
   <trkpt lat="51.854228" lon="7.503346"><ele>57</ele></trkpt>
   <trkpt lat="51.853841" lon="7.501439"><ele>57.75</ele></trkpt>
   <trkpt lat="51.853794" lon="7.501105"><ele>57.5</ele></trkpt>
   <trkpt lat="51.853335" lon="7.497823"><ele>57.75</ele></trkpt>
   <trkpt lat="51.85304" lon="7.495694"><ele>57.75</ele></trkpt>
   <trkpt lat="51.852507" lon="7.491873"><ele>58.25</ele></trkpt>
   <trkpt lat="51.852434" lon="7.491507"><ele>59.75</ele></trkpt>
   <trkpt lat="51.852386" lon="7.49119"><ele>58.5</ele></trkpt>
   <trkpt lat="51.852418" lon="7.491094"><ele>58.25</ele></trkpt>
   <trkpt lat="51.852474" lon="7.490956"><ele>58.75</ele></trkpt>
   <trkpt lat="51.852301" lon="7.489733"><ele>57.5</ele></trkpt>
   <trkpt lat="51.852253" lon="7.489377"><ele>58</ele></trkpt>
   <trkpt lat="51.852119" lon="7.488419"><ele>57.75</ele></trkpt>
   <trkpt lat="51.852114" lon="7.488384"><ele>57.5</ele></trkpt>
   <trkpt lat="51.852102" lon="7.488299"><ele>57.5</ele></trkpt>
   <trkpt lat="51.851992" lon="7.488013"><ele>58</ele></trkpt>
   <trkpt lat="51.85197" lon="7.487864"><ele>58</ele></trkpt>
   <trkpt lat="51.851966" lon="7.487842"><ele>58</ele></trkpt>
   <trkpt lat="51.851922" lon="7.487744"><ele>57.75</ele></trkpt>
   <trkpt lat="51.851774" lon="7.487009"><ele>57.25</ele></trkpt>
   <trkpt lat="51.851689" lon="7.486564"><ele>57.25</ele></trkpt>
   <trkpt lat="51.851464" lon="7.485201"><ele>57.25</ele></trkpt>
   <trkpt lat="51.851252" lon="7.483956"><ele>57.5</ele></trkpt>
   <trkpt lat="51.851218" lon="7.48376"><ele>57.25</ele></trkpt>
   <trkpt lat="51.850981" lon="7.482375"><ele>57.25</ele></trkpt>
   <trkpt lat="51.850744" lon="7.480967"><ele>57.5</ele></trkpt>
   <trkpt lat="51.850504" lon="7.479583"><ele>57.75</ele></trkpt>
   <trkpt lat="51.850268" lon="7.478187"><ele>57.75</ele></trkpt>
   <trkpt lat="51.850018" lon="7.476737"><ele>56.75</ele></trkpt>
   <trkpt lat="51.849865" lon="7.475812"><ele>56.75</ele></trkpt>
   <trkpt lat="51.849524" lon="7.473885"><ele>57.25</ele></trkpt>
   <trkpt lat="51.849017" lon="7.470911"><ele>56.75</ele></trkpt>
   <trkpt lat="51.848856" lon="7.470186"><ele>57</ele></trkpt>
   <trkpt lat="51.848786" lon="7.469864"><ele>57</ele></trkpt>
   <trkpt lat="51.848319" lon="7.46788"><ele>57</ele></trkpt>
   <trkpt lat="51.848168" lon="7.467277"><ele>56.75</ele></trkpt>
   <trkpt lat="51.847983" lon="7.466569"><ele>57.25</ele></trkpt>
   <trkpt lat="51.847512" lon="7.46488"><ele>57.25</ele></trkpt>
   <trkpt lat="51.847151" lon="7.463654"><ele>59</ele></trkpt>
   <trkpt lat="51.847085" lon="7.46347"><ele>58.5</ele></trkpt>
   <trkpt lat="51.846369" lon="7.461214"><ele>57.5</ele></trkpt>
   <trkpt lat="51.845929" lon="7.459844"><ele>57.5</ele></trkpt>
   <trkpt lat="51.844222" lon="7.454521"><ele>57</ele></trkpt>
   <trkpt lat="51.842839" lon="7.450226"><ele>56.75</ele></trkpt>
   <trkpt lat="51.84244" lon="7.449046"><ele>56.25</ele></trkpt>
   <trkpt lat="51.841845" lon="7.447399"><ele>56.5</ele></trkpt>
   <trkpt lat="51.840928" lon="7.445096"><ele>56.5</ele></trkpt>
   <trkpt lat="51.84032" lon="7.443679"><ele>56.5</ele></trkpt>
   <trkpt lat="51.839985" lon="7.442936"><ele>57</ele></trkpt>
   <trkpt lat="51.839026" lon="7.440944"><ele>57</ele></trkpt>
   <trkpt lat="51.838503" lon="7.439926"><ele>56.5</ele></trkpt>
   <trkpt lat="51.837698" lon="7.438445"><ele>56.5</ele></trkpt>
   <trkpt lat="51.83702" lon="7.437278"><ele>56.75</ele></trkpt>
   <trkpt lat="51.835621" lon="7.435049"><ele>56.75</ele></trkpt>
   <trkpt lat="51.835423" lon="7.434749"><ele>56.5</ele></trkpt>
   <trkpt lat="51.834517" lon="7.433432"><ele>56.75</ele></trkpt>
   <trkpt lat="51.833876" lon="7.432548"><ele>56.75</ele></trkpt>
   <trkpt lat="51.833591" lon="7.432166"><ele>57</ele></trkpt>
   <trkpt lat="51.833108" lon="7.431532"><ele>56.75</ele></trkpt>
   <trkpt lat="51.832797" lon="7.431113"><ele>56.75</ele></trkpt>
   <trkpt lat="51.831429" lon="7.429433"><ele>56.75</ele></trkpt>
   <trkpt lat="51.83116" lon="7.429147"><ele>56.75</ele></trkpt>
   <trkpt lat="51.830727" lon="7.428654"><ele>57</ele></trkpt>
   <trkpt lat="51.829744" lon="7.427636"><ele>56.75</ele></trkpt>
   <trkpt lat="51.829332" lon="7.427233"><ele>57.25</ele></trkpt>
   <trkpt lat="51.829111" lon="7.427016"><ele>59</ele></trkpt>
   <trkpt lat="51.826032" lon="7.424339"><ele>56.75</ele></trkpt>
   <trkpt lat="51.82447" lon="7.42294"><ele>57</ele></trkpt>
   <trkpt lat="51.82393" lon="7.42248"><ele>57.25</ele></trkpt>
   <trkpt lat="51.823142" lon="7.421782"><ele>56.75</ele></trkpt>
   <trkpt lat="51.821801" lon="7.420598"><ele>56.5</ele></trkpt>
   <trkpt lat="51.820158" lon="7.419119"><ele>57</ele></trkpt>
   <trkpt lat="51.818484" lon="7.417667"><ele>56.75</ele></trkpt>
   <trkpt lat="51.814016" lon="7.413719"><ele>56.25</ele></trkpt>
   <trkpt lat="51.810473" lon="7.410587"><ele>56.5</ele></trkpt>
   <trkpt lat="51.808034" lon="7.40844"><ele>56.75</ele></trkpt>
   <trkpt lat="51.807359" lon="7.407842"><ele>56.5</ele></trkpt>
   <trkpt lat="51.806366" lon="7.406938"><ele>56.75</ele></trkpt>
   <trkpt lat="51.803177" lon="7.404319"><ele>58.75</ele></trkpt>
   <trkpt lat="51.802783" lon="7.404011"><ele>58</ele></trkpt>
   <trkpt lat="51.801915" lon="7.403411"><ele>57</ele></trkpt>
   <trkpt lat="51.800976" lon="7.402858"><ele>56.5</ele></trkpt>
   <trkpt lat="51.800031" lon="7.402373"><ele>56.25</ele></trkpt>
   <trkpt lat="51.799662" lon="7.402199"><ele>57</ele></trkpt>
   <trkpt lat="51.798579" lon="7.402008"><ele>57.75</ele></trkpt>
   <trkpt lat="51.798371" lon="7.401939"><ele>57.75</ele></trkpt>
   <trkpt lat="51.798151" lon="7.401825"><ele>56.75</ele></trkpt>
   <trkpt lat="51.798086" lon="7.401811"><ele>56.5</ele></trkpt>
   <trkpt lat="51.797992" lon="7.401776"><ele>56.5</ele></trkpt>
   <trkpt lat="51.797852" lon="7.401742"><ele>56.75</ele></trkpt>
   <trkpt lat="51.797539" lon="7.401628"><ele>56.5</ele></trkpt>
   <trkpt lat="51.796789" lon="7.401502"><ele>56.5</ele></trkpt>
   <trkpt lat="51.796105" lon="7.401425"><ele>56.75</ele></trkpt>
   <trkpt lat="51.794851" lon="7.401393"><ele>57</ele></trkpt>
   <trkpt lat="51.794508" lon="7.401411"><ele>57</ele></trkpt>
   <trkpt lat="51.79394" lon="7.401464"><ele>56.25</ele></trkpt>
   <trkpt lat="51.793218" lon="7.401563"><ele>56.25</ele></trkpt>
   <trkpt lat="51.792465" lon="7.401725"><ele>56.75</ele></trkpt>
   <trkpt lat="51.792066" lon="7.40183"><ele>56.25</ele></trkpt>
   <trkpt lat="51.791345" lon="7.402055"><ele>56.25</ele></trkpt>
   <trkpt lat="51.790602" lon="7.402342"><ele>56.25</ele></trkpt>
   <trkpt lat="51.789733" lon="7.402746"><ele>56.75</ele></trkpt>
   <trkpt lat="51.789262" lon="7.403001"><ele>56.5</ele></trkpt>
   <trkpt lat="51.788854" lon="7.403235"><ele>56.5</ele></trkpt>
   <trkpt lat="51.788338" lon="7.403555"><ele>56.5</ele></trkpt>
   <trkpt lat="51.787849" lon="7.403889"><ele>56.75</ele></trkpt>
   <trkpt lat="51.786934" lon="7.404555"><ele>56.75</ele></trkpt>
   <trkpt lat="51.784885" lon="7.406099"><ele>56.75</ele></trkpt>
   <trkpt lat="51.783625" lon="7.407164"><ele>57</ele></trkpt>
   <trkpt lat="51.783588" lon="7.407058"><ele>57.5</ele></trkpt>
   <trkpt lat="51.783561" lon="7.40698"><ele>57.5</ele></trkpt>
   <trkpt lat="51.782949" lon="7.407521"><ele>58.75</ele></trkpt>
   <trkpt lat="51.782882" lon="7.407561"><ele>58.5</ele></trkpt>
   <trkpt lat="51.782806" lon="7.407579"><ele>58.5</ele></trkpt>
   <trkpt lat="51.782736" lon="7.407583"><ele>58.75</ele></trkpt>
   <trkpt lat="51.782594" lon="7.407553"><ele>59.25</ele></trkpt>
   <trkpt lat="51.78249" lon="7.40756"><ele>59.75</ele></trkpt>
   <trkpt lat="51.782387" lon="7.407618"><ele>60.25</ele></trkpt>
   <trkpt lat="51.782304" lon="7.407678"><ele>60.75</ele></trkpt>
   <trkpt lat="51.78224" lon="7.407725"><ele>61.5</ele></trkpt>
   <trkpt lat="51.78213" lon="7.407352"><ele>59.5</ele></trkpt>
   <trkpt lat="51.782059" lon="7.407175"><ele>59.75</ele></trkpt>
   <trkpt lat="51.781903" lon="7.406879"><ele>59.75</ele></trkpt>
   <trkpt lat="51.781691" lon="7.406515"><ele>60</ele></trkpt>
   <trkpt lat="51.781649" lon="7.406419"><ele>60.5</ele></trkpt>
   <trkpt lat="51.781346" lon="7.405543"><ele>61.75</ele></trkpt>
   <trkpt lat="51.781247" lon="7.405263"><ele>61.5</ele></trkpt>
   <trkpt lat="51.781146" lon="7.404971"><ele>61.75</ele></trkpt>
   <trkpt lat="51.780896" lon="7.404241"><ele>60.25</ele></trkpt>
   <trkpt lat="51.780805" lon="7.404017"><ele>59.75</ele></trkpt>
   <trkpt lat="51.78073" lon="7.403884"><ele>59.25</ele></trkpt>
   <trkpt lat="51.780651" lon="7.403787"><ele>59.5</ele></trkpt>
   <trkpt lat="51.780239" lon="7.403313"><ele>58.75</ele></trkpt>
   <trkpt lat="51.780187" lon="7.403311"><ele>58.75</ele></trkpt>
   <trkpt lat="51.780122" lon="7.403305"><ele>58.75</ele></trkpt>
   <trkpt lat="51.780053" lon="7.403331"><ele>58.75</ele></trkpt>
   <trkpt lat="51.780002" lon="7.403377"><ele>58.75</ele></trkpt>
   <trkpt lat="51.779913" lon="7.40363"><ele>58.5</ele></trkpt>
   <trkpt lat="51.77975" lon="7.404446"><ele>57.75</ele></trkpt>
   <trkpt lat="51.779574" lon="7.404976"><ele>58</ele></trkpt>
   <trkpt lat="51.779072" lon="7.406373"><ele>57</ele></trkpt>
   <trkpt lat="51.778499" lon="7.407965"><ele>57.5</ele></trkpt>
   <trkpt lat="51.77814" lon="7.408873"><ele>57.5</ele></trkpt>
   <trkpt lat="51.777928" lon="7.40934"><ele>57.5</ele></trkpt>
   <trkpt lat="51.777874" lon="7.409455"><ele>57.5</ele></trkpt>
   <trkpt lat="51.777646" lon="7.409909"><ele>57.5</ele></trkpt>
   <trkpt lat="51.777418" lon="7.410337"><ele>57</ele></trkpt>
   <trkpt lat="51.777183" lon="7.410699"><ele>57</ele></trkpt>
   <trkpt lat="51.777188" lon="7.410908"><ele>57</ele></trkpt>
   <trkpt lat="51.777163" lon="7.41096"><ele>57</ele></trkpt>
   <trkpt lat="51.776976" lon="7.411259"><ele>57</ele></trkpt>
   <trkpt lat="51.776704" lon="7.411666"><ele>57</ele></trkpt>
   <trkpt lat="51.776013" lon="7.412611"><ele>57.25</ele></trkpt>
   <trkpt lat="51.775541" lon="7.413043"><ele>57.75</ele></trkpt>
   <trkpt lat="51.774821" lon="7.413675"><ele>56.75</ele></trkpt>
   <trkpt lat="51.774747" lon="7.41373"><ele>56.5</ele></trkpt>
   <trkpt lat="51.774006" lon="7.414253"><ele>56.75</ele></trkpt>
   <trkpt lat="51.773153" lon="7.41487"><ele>57</ele></trkpt>
   <trkpt lat="51.77189" lon="7.415808"><ele>57.75</ele></trkpt>
   <trkpt lat="51.771054" lon="7.416397"><ele>57.75</ele></trkpt>
   <trkpt lat="51.769873" lon="7.417274"><ele>57.5</ele></trkpt>
   <trkpt lat="51.768018" lon="7.418616"><ele>56.75</ele></trkpt>
   <trkpt lat="51.766503" lon="7.419711"><ele>57.5</ele></trkpt>
   <trkpt lat="51.765732" lon="7.420303"><ele>58.75</ele></trkpt>
   <trkpt lat="51.7652" lon="7.420664"><ele>58</ele></trkpt>
   <trkpt lat="51.764498" lon="7.421086"><ele>58</ele></trkpt>
   <trkpt lat="51.764078" lon="7.421306"><ele>57</ele></trkpt>
   <trkpt lat="51.763984" lon="7.421431"><ele>57</ele></trkpt>
   <trkpt lat="51.762976" lon="7.422178"><ele>56.75</ele></trkpt>
   <trkpt lat="51.760272" lon="7.424118"><ele>57</ele></trkpt>
   <trkpt lat="51.759155" lon="7.424781"><ele>56.75</ele></trkpt>
   <trkpt lat="51.758147" lon="7.425249"><ele>56.75</ele></trkpt>
   <trkpt lat="51.756706" lon="7.425779"><ele>56.5</ele></trkpt>
   <trkpt lat="51.75558" lon="7.426069"><ele>56.5</ele></trkpt>
   <trkpt lat="51.753716" lon="7.426473"><ele>56.75</ele></trkpt>
   <trkpt lat="51.752938" lon="7.42665"><ele>56.75</ele></trkpt>
   <trkpt lat="51.751754" lon="7.42694"><ele>56.75</ele></trkpt>
   <trkpt lat="51.750804" lon="7.427159"><ele>57</ele></trkpt>
   <trkpt lat="51.750422" lon="7.427245"><ele>57.75</ele></trkpt>
   <trkpt lat="51.74966" lon="7.427432"><ele>57</ele></trkpt>
   <trkpt lat="51.749239" lon="7.427395"><ele>57</ele></trkpt>
   <trkpt lat="51.748973" lon="7.427554"><ele>57</ele></trkpt>
   <trkpt lat="51.748755" lon="7.42762"><ele>57.25</ele></trkpt>
   <trkpt lat="51.748566" lon="7.427661"><ele>57.25</ele></trkpt>
   <trkpt lat="51.745592" lon="7.428346"><ele>57.75</ele></trkpt>
   <trkpt lat="51.744094" lon="7.428705"><ele>57.25</ele></trkpt>
   <trkpt lat="51.743772" lon="7.428679"><ele>57.5</ele></trkpt>
   <trkpt lat="51.743586" lon="7.428763"><ele>57.5</ele></trkpt>
   <trkpt lat="51.743402" lon="7.428891"><ele>57.5</ele></trkpt>
   <trkpt lat="51.743245" lon="7.428958"><ele>57.5</ele></trkpt>
   <trkpt lat="51.743061" lon="7.428978"><ele>57.5</ele></trkpt>
   <trkpt lat="51.742958" lon="7.429008"><ele>57.25</ele></trkpt>
   <trkpt lat="51.73958" lon="7.429797"><ele>56.75</ele></trkpt>
   <trkpt lat="51.736161" lon="7.430586"><ele>57</ele></trkpt>
   <trkpt lat="51.734993" lon="7.430792"><ele>57.5</ele></trkpt>
   <trkpt lat="51.733788" lon="7.430863"><ele>57.75</ele></trkpt>
   <trkpt lat="51.732804" lon="7.430768"><ele>57.5</ele></trkpt>
   <trkpt lat="51.732027" lon="7.430563"><ele>58.25</ele></trkpt>
   <trkpt lat="51.731289" lon="7.430306"><ele>58</ele></trkpt>
   <trkpt lat="51.730538" lon="7.42991"><ele>57.75</ele></trkpt>
   <trkpt lat="51.729751" lon="7.429383"><ele>59</ele></trkpt>
   <trkpt lat="51.728683" lon="7.428555"><ele>58.5</ele></trkpt>
   <trkpt lat="51.728281" lon="7.428122"><ele>59.25</ele></trkpt>
   <trkpt lat="51.72795" lon="7.427644"><ele>58.75</ele></trkpt>
   <trkpt lat="51.727314" lon="7.426629"><ele>58.5</ele></trkpt>
   <trkpt lat="51.727068" lon="7.426167"><ele>58.75</ele></trkpt>
   <trkpt lat="51.726419" lon="7.424804"><ele>58.75</ele></trkpt>
   <trkpt lat="51.726198" lon="7.424335"><ele>58.75</ele></trkpt>
   <trkpt lat="51.72453" lon="7.420629"><ele>59.25</ele></trkpt>
   <trkpt lat="51.723702" lon="7.418711"><ele>59</ele></trkpt>
   <trkpt lat="51.723546" lon="7.418444"><ele>59</ele></trkpt>
   <trkpt lat="51.723521" lon="7.418388"><ele>59.25</ele></trkpt>
   <trkpt lat="51.723281" lon="7.417759"><ele>59.25</ele></trkpt>
   <trkpt lat="51.723168" lon="7.417426"><ele>58.75</ele></trkpt>
   <trkpt lat="51.723167" lon="7.417322"><ele>59.25</ele></trkpt>
   <trkpt lat="51.723047" lon="7.417059"><ele>59.75</ele></trkpt>
   <trkpt lat="51.72296" lon="7.416869"><ele>59</ele></trkpt>
   <trkpt lat="51.722822" lon="7.416396"><ele>59.75</ele></trkpt>
   <trkpt lat="51.722592" lon="7.416558"><ele>59.5</ele></trkpt>
   <trkpt lat="51.722583" lon="7.416514"><ele>59.25</ele></trkpt>
   <trkpt lat="51.722542" lon="7.416287"><ele>58.5</ele></trkpt>
   <trkpt lat="51.722485" lon="7.416074"><ele>57.75</ele></trkpt>
   <trkpt lat="51.720621" lon="7.411891"><ele>54.5</ele></trkpt>
   <trkpt lat="51.71918" lon="7.408658"><ele>55.25</ele></trkpt>
   <trkpt lat="51.719123" lon="7.408387"><ele>53.25</ele></trkpt>
   <trkpt lat="51.719121" lon="7.408192"><ele>51.75</ele></trkpt>
   <trkpt lat="51.719138" lon="7.408121"><ele>51.25</ele></trkpt>
   <trkpt lat="51.719052" lon="7.40798"><ele>51</ele></trkpt>
   <trkpt lat="51.719035" lon="7.407896"><ele>51.25</ele></trkpt>
   <trkpt lat="51.71901" lon="7.407793"><ele>51.25</ele></trkpt>
   <trkpt lat="51.718674" lon="7.407026"><ele>51.25</ele></trkpt>
   <trkpt lat="51.71864" lon="7.406947"><ele>50.75</ele></trkpt>
   <trkpt lat="51.717565" lon="7.404507"><ele>51</ele></trkpt>
   <trkpt lat="51.717119" lon="7.403476"><ele>50</ele></trkpt>
   <trkpt lat="51.717029" lon="7.403294"><ele>50</ele></trkpt>
   <trkpt lat="51.716975" lon="7.403247"><ele>50</ele></trkpt>
   <trkpt lat="51.716934" lon="7.403211"><ele>50</ele></trkpt>
   <trkpt lat="51.716833" lon="7.403157"><ele>50</ele></trkpt>
   <trkpt lat="51.71676" lon="7.403059"><ele>50</ele></trkpt>
   <trkpt lat="51.716788" lon="7.40291"><ele>49.75</ele></trkpt>
   <trkpt lat="51.716805" lon="7.402845"><ele>49.5</ele></trkpt>
   <trkpt lat="51.716831" lon="7.402748"><ele>49.25</ele></trkpt>
   <trkpt lat="51.716834" lon="7.402719"><ele>49.25</ele></trkpt>
   <trkpt lat="51.716849" lon="7.402463"><ele>49</ele></trkpt>
   <trkpt lat="51.716624" lon="7.402216"><ele>49.25</ele></trkpt>
   <trkpt lat="51.716516" lon="7.402082"><ele>50</ele></trkpt>
   <trkpt lat="51.71644" lon="7.401935"><ele>50.5</ele></trkpt>
   <trkpt lat="51.715979" lon="7.400808"><ele>51.25</ele></trkpt>
   <trkpt lat="51.715729" lon="7.40029"><ele>51</ele></trkpt>
   <trkpt lat="51.714129" lon="7.396731"><ele>49</ele></trkpt>
   <trkpt lat="51.713994" lon="7.396599"><ele>49.75</ele></trkpt>
   <trkpt lat="51.713701" lon="7.396236"><ele>52.25</ele></trkpt>
   <trkpt lat="51.713566" lon="7.396037"><ele>52.5</ele></trkpt>
   <trkpt lat="51.713432" lon="7.395807"><ele>52.75</ele></trkpt>
   <trkpt lat="51.712773" lon="7.394361"><ele>55.25</ele></trkpt>
   <trkpt lat="51.712247" lon="7.393188"><ele>54.75</ele></trkpt>
   <trkpt lat="51.71202" lon="7.392705"><ele>54.5</ele></trkpt>
   <trkpt lat="51.711886" lon="7.392452"><ele>56.25</ele></trkpt>
   <trkpt lat="51.711625" lon="7.39207"><ele>57</ele></trkpt>
   <trkpt lat="51.711502" lon="7.391642"><ele>54.75</ele></trkpt>
   <trkpt lat="51.711458" lon="7.391553"><ele>54.25</ele></trkpt>
   <trkpt lat="51.711375" lon="7.391437"><ele>54</ele></trkpt>
   <trkpt lat="51.711341" lon="7.391402"><ele>54</ele></trkpt>
   <trkpt lat="51.711057" lon="7.39078"><ele>54</ele></trkpt>
   <trkpt lat="51.711024" lon="7.390688"><ele>54</ele></trkpt>
   <trkpt lat="51.710981" lon="7.390508"><ele>54</ele></trkpt>
   <trkpt lat="51.710836" lon="7.390107"><ele>56.25</ele></trkpt>
   <trkpt lat="51.710529" lon="7.389376"><ele>55.75</ele></trkpt>
   <trkpt lat="51.709586" lon="7.387294"><ele>53.25</ele></trkpt>
   <trkpt lat="51.709501" lon="7.387105"><ele>53.75</ele></trkpt>
   <trkpt lat="51.709136" lon="7.386408"><ele>55.5</ele></trkpt>
   <trkpt lat="51.708933" lon="7.38607"><ele>55.5</ele></trkpt>
   <trkpt lat="51.70874" lon="7.385813"><ele>55.25</ele></trkpt>
   <trkpt lat="51.708625" lon="7.385646"><ele>56</ele></trkpt>
   <trkpt lat="51.708498" lon="7.385506"><ele>55.75</ele></trkpt>
   <trkpt lat="51.708327" lon="7.385348"><ele>56.75</ele></trkpt>
   <trkpt lat="51.708024" lon="7.385188"><ele>55.25</ele></trkpt>
   <trkpt lat="51.707735" lon="7.385065"><ele>52.5</ele></trkpt>
   <trkpt lat="51.70748" lon="7.38496"><ele>56.5</ele></trkpt>
   <trkpt lat="51.707282" lon="7.384912"><ele>55.75</ele></trkpt>
   <trkpt lat="51.70695" lon="7.384643"><ele>55</ele></trkpt>
   <trkpt lat="51.706076" lon="7.383874"><ele>56.25</ele></trkpt>
   <trkpt lat="51.70527" lon="7.383198"><ele>55.25</ele></trkpt>
   <trkpt lat="51.704356" lon="7.382415"><ele>56.25</ele></trkpt>
   <trkpt lat="51.704068" lon="7.382182"><ele>55.5</ele></trkpt>
   <trkpt lat="51.703931" lon="7.382048"><ele>55.5</ele></trkpt>
   <trkpt lat="51.702409" lon="7.380768"><ele>55.75</ele></trkpt>
   <trkpt lat="51.702393" lon="7.380758"><ele>55.75</ele></trkpt>
   <trkpt lat="51.701576" lon="7.380153"><ele>56.25</ele></trkpt>
   <trkpt lat="51.701014" lon="7.379814"><ele>57.25</ele></trkpt>
   <trkpt lat="51.700256" lon="7.379482"><ele>59.75</ele></trkpt>
   <trkpt lat="51.700207" lon="7.37946"><ele>59.75</ele></trkpt>
   <trkpt lat="51.69857" lon="7.379168"><ele>58</ele></trkpt>
   <trkpt lat="51.6985" lon="7.379113"><ele>57.75</ele></trkpt>
   <trkpt lat="51.698476" lon="7.379074"><ele>57.75</ele></trkpt>
   <trkpt lat="51.698462" lon="7.379014"><ele>57.5</ele></trkpt>
   <trkpt lat="51.698472" lon="7.378842"><ele>57.5</ele></trkpt>
   <trkpt lat="51.698495" lon="7.378689"><ele>57.75</ele></trkpt>
   <trkpt lat="51.698534" lon="7.378601"><ele>58</ele></trkpt>
   <trkpt lat="51.698581" lon="7.378547"><ele>58.5</ele></trkpt>
   <trkpt lat="51.6987" lon="7.378487"><ele>59.5</ele></trkpt>
   <trkpt lat="51.698814" lon="7.37837"><ele>61.75</ele></trkpt>
   <trkpt lat="51.698815" lon="7.378312"><ele>62.25</ele></trkpt>
   <trkpt lat="51.698801" lon="7.378252"><ele>61.75</ele></trkpt>
   <trkpt lat="51.698733" lon="7.37828"><ele>61.5</ele></trkpt>
   <trkpt lat="51.698674" lon="7.378275"><ele>61</ele></trkpt>
   <trkpt lat="51.698658" lon="7.378274"><ele>60.75</ele></trkpt>
   <trkpt lat="51.698316" lon="7.378219"><ele>60.75</ele></trkpt>
   <trkpt lat="51.698248" lon="7.378218"><ele>61</ele></trkpt>
   <trkpt lat="51.697956" lon="7.378265"><ele>61.5</ele></trkpt>
   <trkpt lat="51.697957" lon="7.378323"><ele>61.5</ele></trkpt>
   <trkpt lat="51.697957" lon="7.378377"><ele>60.75</ele></trkpt>
   <trkpt lat="51.697881" lon="7.378395"><ele>60.25</ele></trkpt>
   <trkpt lat="51.697193" lon="7.378336"><ele>58.75</ele></trkpt>
   <trkpt lat="51.696551" lon="7.378245"><ele>58.75</ele></trkpt>
   <trkpt lat="51.696511" lon="7.378235"><ele>58.75</ele></trkpt>
   <trkpt lat="51.696461" lon="7.378231"><ele>58.75</ele></trkpt>
   <trkpt lat="51.69513" lon="7.378105"><ele>58.5</ele></trkpt>
   <trkpt lat="51.694087" lon="7.377949"><ele>58.5</ele></trkpt>
   <trkpt lat="51.690628" lon="7.377472"><ele>58.75</ele></trkpt>
   <trkpt lat="51.687302" lon="7.377033"><ele>59.75</ele></trkpt>
   <trkpt lat="51.686891" lon="7.377004"><ele>58.25</ele></trkpt>
   <trkpt lat="51.686349" lon="7.376902"><ele>58</ele></trkpt>
   <trkpt lat="51.686136" lon="7.37697"><ele>57.5</ele></trkpt>
   <trkpt lat="51.686104" lon="7.376979"><ele>57.5</ele></trkpt>
   <trkpt lat="51.686027" lon="7.37696"><ele>57.25</ele></trkpt>
   <trkpt lat="51.685959" lon="7.376913"><ele>57.25</ele></trkpt>
   <trkpt lat="51.68586" lon="7.376847"><ele>57.75</ele></trkpt>
   <trkpt lat="51.684269" lon="7.376641"><ele>57</ele></trkpt>
   <trkpt lat="51.683179" lon="7.376511"><ele>56</ele></trkpt>
   <trkpt lat="51.683027" lon="7.376491"><ele>56</ele></trkpt>
   <trkpt lat="51.682838" lon="7.376464"><ele>55.75</ele></trkpt>
   <trkpt lat="51.681155" lon="7.376232"><ele>55.25</ele></trkpt>
   <trkpt lat="51.680633" lon="7.376098"><ele>56</ele></trkpt>
   <trkpt lat="51.680255" lon="7.376033"><ele>54.75</ele></trkpt>
   <trkpt lat="51.679959" lon="7.375948"><ele>54</ele></trkpt>
   <trkpt lat="51.679853" lon="7.375978"><ele>54</ele></trkpt>
   <trkpt lat="51.679654" lon="7.37607"><ele>52.5</ele></trkpt>
   <trkpt lat="51.679603" lon="7.376102"><ele>52.5</ele></trkpt>
   <trkpt lat="51.679583" lon="7.376121"><ele>52.5</ele></trkpt>
   <trkpt lat="51.67954" lon="7.37613"><ele>52.5</ele></trkpt>
   <trkpt lat="51.679488" lon="7.376128"><ele>52.5</ele></trkpt>
   <trkpt lat="51.678764" lon="7.376032"><ele>53.5</ele></trkpt>
   <trkpt lat="51.678682" lon="7.375998"><ele>53.5</ele></trkpt>
   <trkpt lat="51.678668" lon="7.375975"><ele>53.75</ele></trkpt>
   <trkpt lat="51.678592" lon="7.375905"><ele>53.75</ele></trkpt>
   <trkpt lat="51.678389" lon="7.375869"><ele>55.25</ele></trkpt>
   <trkpt lat="51.675618" lon="7.37546"><ele>54</ele></trkpt>
   <trkpt lat="51.675151" lon="7.375354"><ele>55</ele></trkpt>
   <trkpt lat="51.674695" lon="7.375207"><ele>54.25</ele></trkpt>
   <trkpt lat="51.674243" lon="7.37503"><ele>55.25</ele></trkpt>
   <trkpt lat="51.673859" lon="7.374838"><ele>54.25</ele></trkpt>
   <trkpt lat="51.673484" lon="7.374626"><ele>54</ele></trkpt>
   <trkpt lat="51.673108" lon="7.374377"><ele>54.25</ele></trkpt>
   <trkpt lat="51.672721" lon="7.374101"><ele>54.75</ele></trkpt>
   <trkpt lat="51.669916" lon="7.371992"><ele>54.75</ele></trkpt>
   <trkpt lat="51.669788" lon="7.371908"><ele>54.5</ele></trkpt>
   <trkpt lat="51.669731" lon="7.371871"><ele>54.25</ele></trkpt>
   <trkpt lat="51.669632" lon="7.371831"><ele>52.75</ele></trkpt>
   <trkpt lat="51.669507" lon="7.371817"><ele>51.5</ele></trkpt>
   <trkpt lat="51.669269" lon="7.371637"><ele>53.25</ele></trkpt>
   <trkpt lat="51.669213" lon="7.371506"><ele>54</ele></trkpt>
   <trkpt lat="51.669035" lon="7.371327"><ele>54.25</ele></trkpt>
   <trkpt lat="51.668971" lon="7.371277"><ele>54</ele></trkpt>
   <trkpt lat="51.668034" lon="7.370554"><ele>55.75</ele></trkpt>
   <trkpt lat="51.66394" lon="7.367433"><ele>57.75</ele></trkpt>
   <trkpt lat="51.663701" lon="7.366984"><ele>57.5</ele></trkpt>
   <trkpt lat="51.663568" lon="7.366695"><ele>57.75</ele></trkpt>
   <trkpt lat="51.663606" lon="7.36665"><ele>57.75</ele></trkpt>
   <trkpt lat="51.663747" lon="7.366558"><ele>56.5</ele></trkpt>
   <trkpt lat="51.663852" lon="7.36646"><ele>55.5</ele></trkpt>
   <trkpt lat="51.663946" lon="7.366318"><ele>54.5</ele></trkpt>
   <trkpt lat="51.664066" lon="7.366049"><ele>53.75</ele></trkpt>
   <trkpt lat="51.664112" lon="7.365961"><ele>53.5</ele></trkpt>
   <trkpt lat="51.664165" lon="7.365903"><ele>53.25</ele></trkpt>
   <trkpt lat="51.664208" lon="7.36588"><ele>53</ele></trkpt>
   <trkpt lat="51.664277" lon="7.36586"><ele>53</ele></trkpt>
   <trkpt lat="51.664316" lon="7.365864"><ele>53</ele></trkpt>
   <trkpt lat="51.664395" lon="7.365894"><ele>53</ele></trkpt>
   <trkpt lat="51.664435" lon="7.365929"><ele>53.25</ele></trkpt>
   <trkpt lat="51.664476" lon="7.365984"><ele>53.25</ele></trkpt>
   <trkpt lat="51.664499" lon="7.366031"><ele>53.5</ele></trkpt>
   <trkpt lat="51.664519" lon="7.366082"><ele>53.5</ele></trkpt>
   <trkpt lat="51.664545" lon="7.366186"><ele>53.5</ele></trkpt>
   <trkpt lat="51.664554" lon="7.366289"><ele>53.5</ele></trkpt>
   <trkpt lat="51.664549" lon="7.366388"><ele>53.5</ele></trkpt>
   <trkpt lat="51.664503" lon="7.366556"><ele>54.25</ele></trkpt>
   <trkpt lat="51.664475" lon="7.366601"><ele>54.5</ele></trkpt>
   <trkpt lat="51.66442" lon="7.366674"><ele>55</ele></trkpt>
   <trkpt lat="51.664262" lon="7.366797"><ele>55.25</ele></trkpt>
   <trkpt lat="51.66257" lon="7.368077"><ele>63.75</ele></trkpt>
   <trkpt lat="51.662464" lon="7.368161"><ele>66.5</ele></trkpt>
   <trkpt lat="51.662446" lon="7.368115"><ele>66.25</ele></trkpt>
   <trkpt lat="51.662418" lon="7.368042"><ele>66</ele></trkpt>
   <trkpt lat="51.662338" lon="7.367871"><ele>63.75</ele></trkpt>
   <trkpt lat="51.66221" lon="7.367681"><ele>64.25</ele></trkpt>
   <trkpt lat="51.661744" lon="7.367132"><ele>63</ele></trkpt>
   <trkpt lat="51.660873" lon="7.366266"><ele>60.75</ele></trkpt>
   <trkpt lat="51.660389" lon="7.365886"><ele>59.25</ele></trkpt>
   <trkpt lat="51.660352" lon="7.36585"><ele>59</ele></trkpt>
   <trkpt lat="51.659773" lon="7.365433"><ele>58.25</ele></trkpt>
   <trkpt lat="51.659517" lon="7.365592"><ele>59</ele></trkpt>
   <trkpt lat="51.659383" lon="7.365734"><ele>58.75</ele></trkpt>
   <trkpt lat="51.659324" lon="7.36578"><ele>58.75</ele></trkpt>
   <trkpt lat="51.658793" lon="7.366343"><ele>58.5</ele></trkpt>
   <trkpt lat="51.658631" lon="7.366493"><ele>58.25</ele></trkpt>
   <trkpt lat="51.658236" lon="7.366778"><ele>58</ele></trkpt>
   <trkpt lat="51.658027" lon="7.367012"><ele>57.75</ele></trkpt>
   <trkpt lat="51.657523" lon="7.367688"><ele>57.75</ele></trkpt>
   <trkpt lat="51.657475" lon="7.36773"><ele>58</ele></trkpt>
   <trkpt lat="51.65747" lon="7.367636"><ele>58</ele></trkpt>
   <trkpt lat="51.657256" lon="7.366355"><ele>57.75</ele></trkpt>
   <trkpt lat="51.657229" lon="7.366161"><ele>57.75</ele></trkpt>
   <trkpt lat="51.657205" lon="7.365833"><ele>58</ele></trkpt>
   <trkpt lat="51.657196" lon="7.365569"><ele>58.75</ele></trkpt>
   <trkpt lat="51.65719" lon="7.364338"><ele>61.75</ele></trkpt>
   <trkpt lat="51.65718" lon="7.364259"><ele>62</ele></trkpt>
   <trkpt lat="51.657153" lon="7.36419"><ele>62</ele></trkpt>
   <trkpt lat="51.657102" lon="7.36413"><ele>61.75</ele></trkpt>
   <trkpt lat="51.657114" lon="7.364046"><ele>62</ele></trkpt>
   <trkpt lat="51.657144" lon="7.363828"><ele>62.25</ele></trkpt>
   <trkpt lat="51.657168" lon="7.363767"><ele>62.25</ele></trkpt>
   <trkpt lat="51.657183" lon="7.363693"><ele>62.25</ele></trkpt>
   <trkpt lat="51.65719" lon="7.363374"><ele>58.5</ele></trkpt>
   <trkpt lat="51.657193" lon="7.362108"><ele>59</ele></trkpt>
   <trkpt lat="51.657176" lon="7.36187"><ele>61.75</ele></trkpt>
   <trkpt lat="51.657141" lon="7.361634"><ele>60.5</ele></trkpt>
   <trkpt lat="51.657085" lon="7.361449"><ele>59</ele></trkpt>
   <trkpt lat="51.657005" lon="7.361273"><ele>59</ele></trkpt>
   <trkpt lat="51.656923" lon="7.361142"><ele>59.5</ele></trkpt>
   <trkpt lat="51.65679" lon="7.360978"><ele>58.5</ele></trkpt>
   <trkpt lat="51.656517" lon="7.360691"><ele>57.25</ele></trkpt>
   <trkpt lat="51.65635" lon="7.360495"><ele>56.75</ele></trkpt>
   <trkpt lat="51.656227" lon="7.360296"><ele>56.5</ele></trkpt>
   <trkpt lat="51.656173" lon="7.360174"><ele>56</ele></trkpt>
   <trkpt lat="51.655957" lon="7.360596"><ele>57</ele></trkpt>
   <trkpt lat="51.655835" lon="7.360665"><ele>57</ele></trkpt>
   <trkpt lat="51.654698" lon="7.359433"><ele>56.75</ele></trkpt>
   <trkpt lat="51.65442" lon="7.359158"><ele>58</ele></trkpt>
   <trkpt lat="51.65422" lon="7.358938"><ele>58</ele></trkpt>
   <trkpt lat="51.654088" lon="7.358773"><ele>56</ele></trkpt>
   <trkpt lat="51.652543" lon="7.357082"><ele>57.25</ele></trkpt>
   <trkpt lat="51.652423" lon="7.356959"><ele>58.25</ele></trkpt>
   <trkpt lat="51.651342" lon="7.355765"><ele>57</ele></trkpt>
   <trkpt lat="51.650155" lon="7.354462"><ele>57.25</ele></trkpt>
   <trkpt lat="51.650139" lon="7.35441"><ele>57.5</ele></trkpt>
   <trkpt lat="51.650144" lon="7.354373"><ele>57.5</ele></trkpt>
   <trkpt lat="51.64977" lon="7.353904"><ele>57.75</ele></trkpt>
   <trkpt lat="51.649515" lon="7.35365"><ele>57.75</ele></trkpt>
   <trkpt lat="51.649379" lon="7.353414"><ele>58.25</ele></trkpt>
   <trkpt lat="51.649222" lon="7.353101"><ele>58.5</ele></trkpt>
   <trkpt lat="51.649017" lon="7.353014"><ele>58.25</ele></trkpt>
   <trkpt lat="51.648836" lon="7.352852"><ele>58.25</ele></trkpt>
   <trkpt lat="51.646098" lon="7.349859"><ele>57.25</ele></trkpt>
   <trkpt lat="51.645497" lon="7.34921"><ele>57</ele></trkpt>
   <trkpt lat="51.64497" lon="7.348628"><ele>57</ele></trkpt>
   <trkpt lat="51.644819" lon="7.348452"><ele>57</ele></trkpt>
   <trkpt lat="51.644718" lon="7.348335"><ele>57</ele></trkpt>
   <trkpt lat="51.6444" lon="7.347931"><ele>57</ele></trkpt>
   <trkpt lat="51.644117" lon="7.347619"><ele>57</ele></trkpt>
   <trkpt lat="51.643904" lon="7.347404"><ele>57</ele></trkpt>
   <trkpt lat="51.643593" lon="7.34715"><ele>56.25</ele></trkpt>
   <trkpt lat="51.643381" lon="7.34694"><ele>56.25</ele></trkpt>
   <trkpt lat="51.642945" lon="7.346464"><ele>56.5</ele></trkpt>
   <trkpt lat="51.642684" lon="7.346187"><ele>56.5</ele></trkpt>
   <trkpt lat="51.642417" lon="7.345857"><ele>57</ele></trkpt>
   <trkpt lat="51.642321" lon="7.345846"><ele>57</ele></trkpt>
   <trkpt lat="51.642288" lon="7.345824"><ele>57</ele></trkpt>
   <trkpt lat="51.641979" lon="7.345476"><ele>57.5</ele></trkpt>
   <trkpt lat="51.64177" lon="7.34526"><ele>57.75</ele></trkpt>
   <trkpt lat="51.641391" lon="7.344844"><ele>57.5</ele></trkpt>
   <trkpt lat="51.641277" lon="7.344691"><ele>57.75</ele></trkpt>
   <trkpt lat="51.64123" lon="7.344615"><ele>58</ele></trkpt>
   <trkpt lat="51.641216" lon="7.344567"><ele>58.25</ele></trkpt>
   <trkpt lat="51.641273" lon="7.344236"><ele>60</ele></trkpt>
   <trkpt lat="51.641396" lon="7.343817"><ele>59.75</ele></trkpt>
   <trkpt lat="51.641357" lon="7.343727"><ele>60</ele></trkpt>
   <trkpt lat="51.641268" lon="7.343654"><ele>60</ele></trkpt>
   <trkpt lat="51.641199" lon="7.343592"><ele>60</ele></trkpt>
   <trkpt lat="51.641177" lon="7.343568"><ele>60</ele></trkpt>
   <trkpt lat="51.641099" lon="7.343438"><ele>60.5</ele></trkpt>
   <trkpt lat="51.640818" lon="7.343082"><ele>61.75</ele></trkpt>
   <trkpt lat="51.640553" lon="7.342707"><ele>62</ele></trkpt>
   <trkpt lat="51.640473" lon="7.342777"><ele>62</ele></trkpt>
   <trkpt lat="51.640429" lon="7.342785"><ele>62</ele></trkpt>
   <trkpt lat="51.640375" lon="7.342778"><ele>62</ele></trkpt>
   <trkpt lat="51.640339" lon="7.342765"><ele>62</ele></trkpt>
   <trkpt lat="51.640009" lon="7.343274"><ele>59.75</ele></trkpt>
   <trkpt lat="51.639615" lon="7.343872"><ele>60.5</ele></trkpt>
   <trkpt lat="51.638972" lon="7.344856"><ele>64.5</ele></trkpt>
   <trkpt lat="51.638856" lon="7.345009"><ele>65.25</ele></trkpt>
   <trkpt lat="51.638824" lon="7.344968"><ele>64.75</ele></trkpt>
   <trkpt lat="51.638246" lon="7.345665"><ele>60.5</ele></trkpt>
   <trkpt lat="51.638084" lon="7.345852"><ele>61.25</ele></trkpt>
   <trkpt lat="51.637824" lon="7.346132"><ele>59.25</ele></trkpt>
   <trkpt lat="51.637547" lon="7.346403"><ele>58.5</ele></trkpt>
   <trkpt lat="51.637224" lon="7.346688"><ele>57.75</ele></trkpt>
   <trkpt lat="51.636904" lon="7.346957"><ele>57.75</ele></trkpt>
   <trkpt lat="51.63658" lon="7.34719"><ele>56.75</ele></trkpt>
   <trkpt lat="51.63624" lon="7.347431"><ele>55.75</ele></trkpt>
   <trkpt lat="51.635527" lon="7.347849"><ele>55.75</ele></trkpt>
   <trkpt lat="51.635015" lon="7.348042"><ele>55.75</ele></trkpt>
   <trkpt lat="51.633126" lon="7.348749"><ele>61.25</ele></trkpt>
   <trkpt lat="51.632789" lon="7.348881"><ele>63.75</ele></trkpt>
   <trkpt lat="51.631198" lon="7.349451"><ele>64.75</ele></trkpt>
   <trkpt lat="51.631095" lon="7.34949"><ele>63.25</ele></trkpt>
   <trkpt lat="51.629245" lon="7.350154"><ele>67.75</ele></trkpt>
   <trkpt lat="51.628212" lon="7.350526"><ele>68.25</ele></trkpt>
   <trkpt lat="51.627852" lon="7.350658"><ele>69</ele></trkpt>
   <trkpt lat="51.62739" lon="7.350861"><ele>69.25</ele></trkpt>
   <trkpt lat="51.627044" lon="7.351075"><ele>70</ele></trkpt>
   <trkpt lat="51.626711" lon="7.351353"><ele>70.5</ele></trkpt>
   <trkpt lat="51.626387" lon="7.351706"><ele>71</ele></trkpt>
   <trkpt lat="51.626088" lon="7.352101"><ele>72</ele></trkpt>
   <trkpt lat="51.625777" lon="7.352619"><ele>72.75</ele></trkpt>
   <trkpt lat="51.625476" lon="7.353259"><ele>73</ele></trkpt>
   <trkpt lat="51.624878" lon="7.354931"><ele>72</ele></trkpt>
   <trkpt lat="51.624695" lon="7.35539"><ele>72.5</ele></trkpt>
   <trkpt lat="51.624494" lon="7.3558"><ele>72.5</ele></trkpt>
   <trkpt lat="51.624267" lon="7.356176"><ele>72</ele></trkpt>
   <trkpt lat="51.624007" lon="7.356533"><ele>72</ele></trkpt>
   <trkpt lat="51.623719" lon="7.356861"><ele>72</ele></trkpt>
   <trkpt lat="51.623317" lon="7.357257"><ele>72</ele></trkpt>
   <trkpt lat="51.621854" lon="7.358618"><ele>71.5</ele></trkpt>
   <trkpt lat="51.621083" lon="7.359323"><ele>72</ele></trkpt>
   <trkpt lat="51.620271" lon="7.360087"><ele>72</ele></trkpt>
   <trkpt lat="51.619921" lon="7.360436"><ele>72</ele></trkpt>
   <trkpt lat="51.617913" lon="7.362223"><ele>72</ele></trkpt>
   <trkpt lat="51.617845" lon="7.362283"><ele>72</ele></trkpt>
   <trkpt lat="51.617795" lon="7.362137"><ele>72</ele></trkpt>
   <trkpt lat="51.617756" lon="7.362063"><ele>72</ele></trkpt>
   <trkpt lat="51.617714" lon="7.361963"><ele>72</ele></trkpt>
   <trkpt lat="51.617675" lon="7.361815"><ele>72</ele></trkpt>
   <trkpt lat="51.617586" lon="7.361379"><ele>72</ele></trkpt>
   <trkpt lat="51.617419" lon="7.360659"><ele>72</ele></trkpt>
   <trkpt lat="51.617332" lon="7.36025"><ele>72</ele></trkpt>
   <trkpt lat="51.617243" lon="7.35983"><ele>72</ele></trkpt>
   <trkpt lat="51.617073" lon="7.358968"><ele>71.5</ele></trkpt>
   <trkpt lat="51.616938" lon="7.358059"><ele>71.75</ele></trkpt>
   <trkpt lat="51.616771" lon="7.356475"><ele>71.5</ele></trkpt>
   <trkpt lat="51.616717" lon="7.355889"><ele>71.75</ele></trkpt>
   <trkpt lat="51.616696" lon="7.355312"><ele>71.75</ele></trkpt>
   <trkpt lat="51.616622" lon="7.354867"><ele>71.75</ele></trkpt>
   <trkpt lat="51.61644" lon="7.352815"><ele>71.75</ele></trkpt>
   <trkpt lat="51.616373" lon="7.352809"><ele>71.75</ele></trkpt>
   <trkpt lat="51.616164" lon="7.352764"><ele>72</ele></trkpt>
   <trkpt lat="51.615698" lon="7.352659"><ele>72.25</ele></trkpt>
   <trkpt lat="51.615667" lon="7.352651"><ele>72.5</ele></trkpt>
   <trkpt lat="51.614778" lon="7.352403"><ele>74</ele></trkpt>
   <trkpt lat="51.614673" lon="7.352372"><ele>73.25</ele></trkpt>
   <trkpt lat="51.614618" lon="7.352355"><ele>72.25</ele></trkpt>
   <trkpt lat="51.614168" lon="7.352222"><ele>72.75</ele></trkpt>
   <trkpt lat="51.614046" lon="7.35219"><ele>73.5</ele></trkpt>
   <trkpt lat="51.61393" lon="7.352165"><ele>73.75</ele></trkpt>
   <trkpt lat="51.612215" lon="7.351717"><ele>68.25</ele></trkpt>
   <trkpt lat="51.611911" lon="7.351661"><ele>66.75</ele></trkpt>
   <trkpt lat="51.6106" lon="7.351448"><ele>63.75</ele></trkpt>
   <trkpt lat="51.609454" lon="7.350783"><ele>62.75</ele></trkpt>
   <trkpt lat="51.608383" lon="7.349995"><ele>61</ele></trkpt>
   <trkpt lat="51.607686" lon="7.349441"><ele>60</ele></trkpt>
   <trkpt lat="51.607012" lon="7.3489"><ele>59</ele></trkpt>
   <trkpt lat="51.606881" lon="7.348844"><ele>58.75</ele></trkpt>
   <trkpt lat="51.606761" lon="7.348836"><ele>58.75</ele></trkpt>
   <trkpt lat="51.606598" lon="7.348855"><ele>58.75</ele></trkpt>
   <trkpt lat="51.606491" lon="7.348852"><ele>58.75</ele></trkpt>
   <trkpt lat="51.60644" lon="7.348833"><ele>58.75</ele></trkpt>
   <trkpt lat="51.606383" lon="7.34878"><ele>58.5</ele></trkpt>
   <trkpt lat="51.606355" lon="7.348771"><ele>58.5</ele></trkpt>
   <trkpt lat="51.606286" lon="7.348775"><ele>58.5</ele></trkpt>
   <trkpt lat="51.606222" lon="7.348778"><ele>58.75</ele></trkpt>
   <trkpt lat="51.606128" lon="7.348783"><ele>58.75</ele></trkpt>
   <trkpt lat="51.606058" lon="7.348786"><ele>59</ele></trkpt>
   <trkpt lat="51.606001" lon="7.348789"><ele>59</ele></trkpt>
   <trkpt lat="51.605971" lon="7.348791"><ele>59</ele></trkpt>
   <trkpt lat="51.605907" lon="7.348831"><ele>59</ele></trkpt>
   <trkpt lat="51.605846" lon="7.348864"><ele>59</ele></trkpt>
   <trkpt lat="51.605799" lon="7.348865"><ele>58.75</ele></trkpt>
   <trkpt lat="51.605658" lon="7.348825"><ele>58.25</ele></trkpt>
   <trkpt lat="51.603949" lon="7.347996"><ele>58</ele></trkpt>
   <trkpt lat="51.602584" lon="7.347316"><ele>57</ele></trkpt>
   <trkpt lat="51.602002" lon="7.347006"><ele>57.5</ele></trkpt>
   <trkpt lat="51.601275" lon="7.346638"><ele>57.75</ele></trkpt>
   <trkpt lat="51.600257" lon="7.346137"><ele>59</ele></trkpt>
   <trkpt lat="51.599787" lon="7.346291"><ele>58.75</ele></trkpt>
   <trkpt lat="51.599683" lon="7.346272"><ele>59</ele></trkpt>
   <trkpt lat="51.599381" lon="7.346361"><ele>59</ele></trkpt>
   <trkpt lat="51.599136" lon="7.346397"><ele>59</ele></trkpt>
   <trkpt lat="51.598986" lon="7.346423"><ele>59</ele></trkpt>
   <trkpt lat="51.598768" lon="7.346383"><ele>59</ele></trkpt>
   <trkpt lat="51.598618" lon="7.346329"><ele>59</ele></trkpt>
   <trkpt lat="51.598455" lon="7.346243"><ele>59</ele></trkpt>
   <trkpt lat="51.598205" lon="7.346154"><ele>59</ele></trkpt>
   <trkpt lat="51.598009" lon="7.346085"><ele>59</ele></trkpt>
   <trkpt lat="51.597944" lon="7.346104"><ele>59</ele></trkpt>
   <trkpt lat="51.597823" lon="7.346093"><ele>59</ele></trkpt>
   <trkpt lat="51.597702" lon="7.346055"><ele>59</ele></trkpt>
   <trkpt lat="51.597051" lon="7.345763"><ele>60</ele></trkpt>
   <trkpt lat="51.59677" lon="7.345645"><ele>60</ele></trkpt>
   <trkpt lat="51.596291" lon="7.345572"><ele>60.25</ele></trkpt>
   <trkpt lat="51.595904" lon="7.345651"><ele>60.5</ele></trkpt>
   <trkpt lat="51.595665" lon="7.345632"><ele>60.25</ele></trkpt>
   <trkpt lat="51.59543" lon="7.345549"><ele>60</ele></trkpt>
   <trkpt lat="51.595107" lon="7.345336"><ele>60</ele></trkpt>
   <trkpt lat="51.594946" lon="7.34517"><ele>59.5</ele></trkpt>
   <trkpt lat="51.594899" lon="7.345122"><ele>59.25</ele></trkpt>
   <trkpt lat="51.594628" lon="7.345744"><ele>59.75</ele></trkpt>
   <trkpt lat="51.594325" lon="7.346314"><ele>60</ele></trkpt>
   <trkpt lat="51.594292" lon="7.346368"><ele>60</ele></trkpt>
   <trkpt lat="51.594088" lon="7.346732"><ele>59.75</ele></trkpt>
   <trkpt lat="51.593774" lon="7.346164"><ele>59</ele></trkpt>
   <trkpt lat="51.593428" lon="7.345538"><ele>58</ele></trkpt>
   <trkpt lat="51.593122" lon="7.344964"><ele>59.25</ele></trkpt>
   <trkpt lat="51.592831" lon="7.344456"><ele>59.25</ele></trkpt>
   <trkpt lat="51.592759" lon="7.344332"><ele>55.75</ele></trkpt>
   <trkpt lat="51.5926" lon="7.344058"><ele>54.5</ele></trkpt>
   <trkpt lat="51.592521" lon="7.343915"><ele>56.25</ele></trkpt>
   <trkpt lat="51.592356" lon="7.343622"><ele>57</ele></trkpt>
   <trkpt lat="51.59221" lon="7.34333"><ele>57</ele></trkpt>
   <trkpt lat="51.592182" lon="7.34317"><ele>57</ele></trkpt>
   <trkpt lat="51.592156" lon="7.343014"><ele>56.75</ele></trkpt>
   <trkpt lat="51.591661" lon="7.343248"><ele>56.75</ele></trkpt>
   <trkpt lat="51.59122" lon="7.343479"><ele>56.75</ele></trkpt>
   <trkpt lat="51.590561" lon="7.343815"><ele>56</ele></trkpt>
   <trkpt lat="51.589741" lon="7.344224"><ele>55.25</ele></trkpt>
   <trkpt lat="51.589447" lon="7.344339"><ele>55</ele></trkpt>
   <trkpt lat="51.589337" lon="7.344355"><ele>55</ele></trkpt>
   <trkpt lat="51.58928" lon="7.344354"><ele>55</ele></trkpt>
   <trkpt lat="51.589207" lon="7.344338"><ele>55</ele></trkpt>
   <trkpt lat="51.588752" lon="7.344217"><ele>55</ele></trkpt>
   <trkpt lat="51.587992" lon="7.344006"><ele>55</ele></trkpt>
   <trkpt lat="51.587557" lon="7.34388"><ele>55.75</ele></trkpt>
   <trkpt lat="51.58735" lon="7.343819"><ele>56</ele></trkpt>
   <trkpt lat="51.587121" lon="7.343757"><ele>56</ele></trkpt>
   <trkpt lat="51.586554" lon="7.343592"><ele>57.75</ele></trkpt>
   <trkpt lat="51.586465" lon="7.34357"><ele>58.25</ele></trkpt>
   <trkpt lat="51.586376" lon="7.343544"><ele>58.75</ele></trkpt>
   <trkpt lat="51.586188" lon="7.343492"><ele>59.25</ele></trkpt>
   <trkpt lat="51.586111" lon="7.343471"><ele>59.25</ele></trkpt>
   <trkpt lat="51.585267" lon="7.34323"><ele>62</ele></trkpt>
   <trkpt lat="51.585148" lon="7.343175"><ele>62.25</ele></trkpt>
   <trkpt lat="51.58503" lon="7.343086"><ele>62.75</ele></trkpt>
   <trkpt lat="51.584907" lon="7.343389"><ele>63</ele></trkpt>
   <trkpt lat="51.58454" lon="7.344167"><ele>62.5</ele></trkpt>
   <trkpt lat="51.583968" lon="7.345334"><ele>62</ele></trkpt>
   <trkpt lat="51.583007" lon="7.347328"><ele>62.5</ele></trkpt>
   <trkpt lat="51.582948" lon="7.347436"><ele>62.5</ele></trkpt>
   <trkpt lat="51.582765" lon="7.347732"><ele>62.75</ele></trkpt>
   <trkpt lat="51.58241" lon="7.348225"><ele>62</ele></trkpt>
   <trkpt lat="51.582027" lon="7.348727"><ele>62.25</ele></trkpt>
   <trkpt lat="51.581922" lon="7.348859"><ele>61.75</ele></trkpt>
   <trkpt lat="51.581865" lon="7.348927"><ele>61.75</ele></trkpt>
   <trkpt lat="51.58114" lon="7.349906"><ele>61.75</ele></trkpt>
   <trkpt lat="51.581086" lon="7.349764"><ele>62</ele></trkpt>
   <trkpt lat="51.58087" lon="7.349193"><ele>62</ele></trkpt>
   <trkpt lat="51.580638" lon="7.348584"><ele>62</ele></trkpt>
   <trkpt lat="51.580136" lon="7.347194"><ele>61.75</ele></trkpt>
   <trkpt lat="51.580044" lon="7.347197"><ele>61.75</ele></trkpt>
   <trkpt lat="51.579835" lon="7.347274"><ele>62</ele></trkpt>
   <trkpt lat="51.579743" lon="7.347238"><ele>62</ele></trkpt>
   <trkpt lat="51.579507" lon="7.347062"><ele>61</ele></trkpt>
   <trkpt lat="51.579385" lon="7.347047"><ele>61</ele></trkpt>
   <trkpt lat="51.579237" lon="7.34709"><ele>61</ele></trkpt>
   <trkpt lat="51.578635" lon="7.347052"><ele>61</ele></trkpt>
   <trkpt lat="51.578217" lon="7.346992"><ele>60.25</ele></trkpt>
   <trkpt lat="51.577699" lon="7.346817"><ele>59.75</ele></trkpt>
   <trkpt lat="51.577644" lon="7.34677"><ele>59.75</ele></trkpt>
   <trkpt lat="51.577599" lon="7.346685"><ele>59.75</ele></trkpt>
   <trkpt lat="51.577512" lon="7.346438"><ele>59.75</ele></trkpt>
   <trkpt lat="51.577454" lon="7.346333"><ele>60</ele></trkpt>
   <trkpt lat="51.577379" lon="7.34626"><ele>60</ele></trkpt>
   <trkpt lat="51.577163" lon="7.346118"><ele>60</ele></trkpt>
   <trkpt lat="51.577101" lon="7.346051"><ele>60.25</ele></trkpt>
   <trkpt lat="51.577065" lon="7.345985"><ele>60.5</ele></trkpt>
   <trkpt lat="51.576959" lon="7.345611"><ele>60</ele></trkpt>
   <trkpt lat="51.576912" lon="7.345327"><ele>60</ele></trkpt>
   <trkpt lat="51.576917" lon="7.345026"><ele>60</ele></trkpt>
   <trkpt lat="51.5768" lon="7.344633"><ele>59.5</ele></trkpt>
   <trkpt lat="51.576781" lon="7.344396"><ele>59.5</ele></trkpt>
   <trkpt lat="51.57673" lon="7.344125"><ele>59.5</ele></trkpt>
   <trkpt lat="51.576369" lon="7.343835"><ele>61</ele></trkpt>
   <trkpt lat="51.576314" lon="7.343765"><ele>61.25</ele></trkpt>
   <trkpt lat="51.576282" lon="7.34373"><ele>61.25</ele></trkpt>
   <trkpt lat="51.5757" lon="7.343216"><ele>61.75</ele></trkpt>
   <trkpt lat="51.575664" lon="7.343181"><ele>61.75</ele></trkpt>
   <trkpt lat="51.57564" lon="7.343098"><ele>61.5</ele></trkpt>
   <trkpt lat="51.575475" lon="7.341861"><ele>60.25</ele></trkpt>
   <trkpt lat="51.575314" lon="7.340522"><ele>59.75</ele></trkpt>
   <trkpt lat="51.575279" lon="7.340402"><ele>59.75</ele></trkpt>
   <trkpt lat="51.574536" lon="7.33917"><ele>62.5</ele></trkpt>
   <trkpt lat="51.574265" lon="7.338815"><ele>64.5</ele></trkpt>
   <trkpt lat="51.574027" lon="7.338404"><ele>65</ele></trkpt>
   <trkpt lat="51.573618" lon="7.338701"><ele>65.75</ele></trkpt>
   <trkpt lat="51.573323" lon="7.338852"><ele>66</ele></trkpt>
   <trkpt lat="51.573117" lon="7.339008"><ele>66</ele></trkpt>
   <trkpt lat="51.572965" lon="7.339078"><ele>66</ele></trkpt>
   <trkpt lat="51.572825" lon="7.3391"><ele>66</ele></trkpt>
   <trkpt lat="51.572061" lon="7.339495"><ele>67</ele></trkpt>
   <trkpt lat="51.57196" lon="7.339586"><ele>67</ele></trkpt>
   <trkpt lat="51.571749" lon="7.339785"><ele>66.75</ele></trkpt>
   <trkpt lat="51.571276" lon="7.340334"><ele>67.5</ele></trkpt>
   <trkpt lat="51.571208" lon="7.340452"><ele>67.75</ele></trkpt>
   <trkpt lat="51.57116" lon="7.340515"><ele>67.75</ele></trkpt>
   <trkpt lat="51.570848" lon="7.340839"><ele>68.75</ele></trkpt>
   <trkpt lat="51.570787" lon="7.340966"><ele>69</ele></trkpt>
   <trkpt lat="51.57071" lon="7.341259"><ele>69</ele></trkpt>
   <trkpt lat="51.570622" lon="7.341459"><ele>69.75</ele></trkpt>
   <trkpt lat="51.570559" lon="7.341668"><ele>69.75</ele></trkpt>
   <trkpt lat="51.570497" lon="7.341953"><ele>70</ele></trkpt>
   <trkpt lat="51.570422" lon="7.342292"><ele>70.5</ele></trkpt>
   <trkpt lat="51.570385" lon="7.342359"><ele>70.75</ele></trkpt>
   <trkpt lat="51.569935" lon="7.342704"><ele>71</ele></trkpt>
   <trkpt lat="51.56976" lon="7.342702"><ele>71</ele></trkpt>
   <trkpt lat="51.569719" lon="7.342746"><ele>71</ele></trkpt>
   <trkpt lat="51.569521" lon="7.343115"><ele>72</ele></trkpt>
   <trkpt lat="51.569374" lon="7.343442"><ele>72</ele></trkpt>
   <trkpt lat="51.569337" lon="7.343502"><ele>72</ele></trkpt>
   <trkpt lat="51.569266" lon="7.343393"><ele>72</ele></trkpt>
   <trkpt lat="51.569212" lon="7.343287"><ele>72</ele></trkpt>
   <trkpt lat="51.569145" lon="7.343218"><ele>72</ele></trkpt>
   <trkpt lat="51.569074" lon="7.343079"><ele>72</ele></trkpt>
   <trkpt lat="51.568966" lon="7.342748"><ele>71.5</ele></trkpt>
   <trkpt lat="51.568925" lon="7.342646"><ele>71.75</ele></trkpt>
   <trkpt lat="51.568885" lon="7.342563"><ele>72</ele></trkpt>
   <trkpt lat="51.5688" lon="7.342444"><ele>72</ele></trkpt>
   <trkpt lat="51.568728" lon="7.342322"><ele>72</ele></trkpt>
   <trkpt lat="51.568634" lon="7.342117"><ele>71.5</ele></trkpt>
   <trkpt lat="51.568244" lon="7.341211"><ele>69.25</ele></trkpt>
   <trkpt lat="51.568128" lon="7.340931"><ele>69</ele></trkpt>
   <trkpt lat="51.568072" lon="7.340799"><ele>68.75</ele></trkpt>
   <trkpt lat="51.567665" lon="7.339848"><ele>70.25</ele></trkpt>
   <trkpt lat="51.567608" lon="7.339691"><ele>70.5</ele></trkpt>
   <trkpt lat="51.56754" lon="7.339719"><ele>70.75</ele></trkpt>
   <trkpt lat="51.567189" lon="7.340004"><ele>70.75</ele></trkpt>
   <trkpt lat="51.567042" lon="7.340135"><ele>70.5</ele></trkpt>
   <trkpt lat="51.566973" lon="7.34021"><ele>70</ele></trkpt>
   <trkpt lat="51.566918" lon="7.340299"><ele>70</ele></trkpt>
   <trkpt lat="51.56677" lon="7.340619"><ele>69.75</ele></trkpt>
   <trkpt lat="51.566591" lon="7.340588"><ele>69.75</ele></trkpt>
   <trkpt lat="51.566317" lon="7.340498"><ele>70.25</ele></trkpt>
   <trkpt lat="51.566067" lon="7.340477"><ele>71</ele></trkpt>
   <trkpt lat="51.565889" lon="7.340508"><ele>71</ele></trkpt>
   <trkpt lat="51.56472" lon="7.340781"><ele>71.25</ele></trkpt>
   <trkpt lat="51.564494" lon="7.34085"><ele>71.5</ele></trkpt>
   <trkpt lat="51.564381" lon="7.340896"><ele>71.75</ele></trkpt>
   <trkpt lat="51.564269" lon="7.340974"><ele>71.5</ele></trkpt>
   <trkpt lat="51.564102" lon="7.341112"><ele>71</ele></trkpt>
   <trkpt lat="51.56403" lon="7.341189"><ele>71.25</ele></trkpt>
   <trkpt lat="51.563837" lon="7.341453"><ele>70.75</ele></trkpt>
   <trkpt lat="51.563647" lon="7.341667"><ele>70.75</ele></trkpt>
   <trkpt lat="51.563276" lon="7.342001"><ele>70.75</ele></trkpt>
   <trkpt lat="51.563091" lon="7.342188"><ele>70</ele></trkpt>
   <trkpt lat="51.562973" lon="7.34228"><ele>70</ele></trkpt>
   <trkpt lat="51.562882" lon="7.342315"><ele>70.25</ele></trkpt>
   <trkpt lat="51.562683" lon="7.342342"><ele>71.25</ele></trkpt>
   <trkpt lat="51.562399" lon="7.342383"><ele>71.5</ele></trkpt>
   <trkpt lat="51.562297" lon="7.342404"><ele>70.75</ele></trkpt>
   <trkpt lat="51.562024" lon="7.342493"><ele>70.5</ele></trkpt>
   <trkpt lat="51.561751" lon="7.342629"><ele>70.5</ele></trkpt>
   <trkpt lat="51.561164" lon="7.34299"><ele>71</ele></trkpt>
   <trkpt lat="51.560816" lon="7.343217"><ele>71.25</ele></trkpt>
   <trkpt lat="51.560727" lon="7.343256"><ele>71.5</ele></trkpt>
   <trkpt lat="51.560576" lon="7.343284"><ele>72</ele></trkpt>
   <trkpt lat="51.560497" lon="7.343291"><ele>72</ele></trkpt>
   <trkpt lat="51.559983" lon="7.34323"><ele>74.75</ele></trkpt>
   <trkpt lat="51.55975" lon="7.34322"><ele>76</ele></trkpt>
   <trkpt lat="51.559355" lon="7.343182"><ele>77.5</ele></trkpt>
   <trkpt lat="51.558564" lon="7.343126"><ele>79.25</ele></trkpt>
   <trkpt lat="51.558378" lon="7.343084"><ele>79.75</ele></trkpt>
   <trkpt lat="51.558036" lon="7.342967"><ele>80.5</ele></trkpt>
   <trkpt lat="51.557704" lon="7.342784"><ele>81.75</ele></trkpt>
   <trkpt lat="51.557167" lon="7.34261"><ele>82.25</ele></trkpt>
   <trkpt lat="51.556568" lon="7.342471"><ele>84</ele></trkpt>
   <trkpt lat="51.555876" lon="7.342325"><ele>86</ele></trkpt>
   <trkpt lat="51.555654" lon="7.34229"><ele>86.5</ele></trkpt>
   <trkpt lat="51.555566" lon="7.342285"><ele>86.75</ele></trkpt>
   <trkpt lat="51.555453" lon="7.342287"><ele>87</ele></trkpt>
   <trkpt lat="51.5553" lon="7.342323"><ele>87.5</ele></trkpt>
   <trkpt lat="51.554991" lon="7.342394"><ele>88.25</ele></trkpt>
   <trkpt lat="51.554753" lon="7.342426"><ele>90</ele></trkpt>
   <trkpt lat="51.554452" lon="7.342374"><ele>90.75</ele></trkpt>
   <trkpt lat="51.553833" lon="7.34222"><ele>92.75</ele></trkpt>
   <trkpt lat="51.553544" lon="7.34199"><ele>92.75</ele></trkpt>
   <trkpt lat="51.553385" lon="7.341819"><ele>93</ele></trkpt>
   <trkpt lat="51.553284" lon="7.341705"><ele>92.75</ele></trkpt>
   <trkpt lat="51.553114" lon="7.341524"><ele>93.5</ele></trkpt>
   <trkpt lat="51.552908" lon="7.341324"><ele>94</ele></trkpt>
   <trkpt lat="51.552618" lon="7.341174"><ele>94.25</ele></trkpt>
   <trkpt lat="51.552025" lon="7.340914"><ele>94.5</ele></trkpt>
   <trkpt lat="51.551561" lon="7.340647"><ele>95.5</ele></trkpt>
   <trkpt lat="51.551427" lon="7.340545"><ele>95</ele></trkpt>
   <trkpt lat="51.551402" lon="7.340506"><ele>95</ele></trkpt>
   <trkpt lat="51.551305" lon="7.340317"><ele>95.75</ele></trkpt>
   <trkpt lat="51.551005" lon="7.339649"><ele>97.5</ele></trkpt>
   <trkpt lat="51.55111" lon="7.339116"><ele>102.25</ele></trkpt>
   <trkpt lat="51.550985" lon="7.338704"><ele>102.75</ele></trkpt>
   <trkpt lat="51.550457" lon="7.337311"><ele>105</ele></trkpt>
   <trkpt lat="51.550386" lon="7.337159"><ele>105.5</ele></trkpt>
   <trkpt lat="51.550354" lon="7.337047"><ele>105.5</ele></trkpt>
   <trkpt lat="51.550323" lon="7.336997"><ele>105.75</ele></trkpt>
   <trkpt lat="51.55026" lon="7.336957"><ele>105.75</ele></trkpt>
   <trkpt lat="51.550197" lon="7.336899"><ele>105.5</ele></trkpt>
   <trkpt lat="51.550162" lon="7.336832"><ele>105.5</ele></trkpt>
   <trkpt lat="51.550117" lon="7.336688"><ele>105.75</ele></trkpt>
   <trkpt lat="51.549934" lon="7.336012"><ele>107</ele></trkpt>
   <trkpt lat="51.549644" lon="7.335528"><ele>107.5</ele></trkpt>
   <trkpt lat="51.549429" lon="7.335055"><ele>108.5</ele></trkpt>
   <trkpt lat="51.549268" lon="7.334722"><ele>108.5</ele></trkpt>
   <trkpt lat="51.549211" lon="7.334618"><ele>108.75</ele></trkpt>
   <trkpt lat="51.549146" lon="7.33454"><ele>109</ele></trkpt>
   <trkpt lat="51.54911" lon="7.334443"><ele>109</ele></trkpt>
   <trkpt lat="51.549078" lon="7.334306"><ele>109.5</ele></trkpt>
   <trkpt lat="51.54906" lon="7.334088"><ele>110.25</ele></trkpt>
   <trkpt lat="51.54899" lon="7.333782"><ele>110.5</ele></trkpt>
   <trkpt lat="51.548934" lon="7.333628"><ele>111</ele></trkpt>
   <trkpt lat="51.548876" lon="7.333476"><ele>111.75</ele></trkpt>
   <trkpt lat="51.548754" lon="7.333292"><ele>111.25</ele></trkpt>
   <trkpt lat="51.548549" lon="7.333083"><ele>111.25</ele></trkpt>
   <trkpt lat="51.548321" lon="7.332788"><ele>111.75</ele></trkpt>
   <trkpt lat="51.548057" lon="7.332429"><ele>112.5</ele></trkpt>
   <trkpt lat="51.547694" lon="7.331885"><ele>114.5</ele></trkpt>
   <trkpt lat="51.547405" lon="7.331266"><ele>116.25</ele></trkpt>
   <trkpt lat="51.547196" lon="7.330707"><ele>118.75</ele></trkpt>
   <trkpt lat="51.547155" lon="7.330522"><ele>119.75</ele></trkpt>
   <trkpt lat="51.547054" lon="7.330622"><ele>119</ele></trkpt>
   <trkpt lat="51.546645" lon="7.331017"><ele>119</ele></trkpt>
   <trkpt lat="51.545802" lon="7.33186"><ele>122</ele></trkpt>
   <trkpt lat="51.54554" lon="7.330769"><ele>122</ele></trkpt>
   <trkpt lat="51.545332" lon="7.331004"><ele>122</ele></trkpt>
   <trkpt lat="51.545219" lon="7.331104"><ele>122</ele></trkpt>
   <trkpt lat="51.545202" lon="7.331203"><ele>122.25</ele></trkpt>
   <trkpt lat="51.545185" lon="7.331244"><ele>122.25</ele></trkpt>
   <trkpt lat="51.545033" lon="7.331353"><ele>122.75</ele></trkpt>
   <trkpt lat="51.54501" lon="7.331356"><ele>122.75</ele></trkpt>
   <trkpt lat="51.544926" lon="7.331333"><ele>123</ele></trkpt>
   <trkpt lat="51.544778" lon="7.331462"><ele>123</ele></trkpt>
   <trkpt lat="51.544528" lon="7.331638"><ele>123</ele></trkpt>
   <trkpt lat="51.542782" lon="7.332792"><ele>122</ele></trkpt>
   <trkpt lat="51.542699" lon="7.332846"><ele>122</ele></trkpt>
   <trkpt lat="51.542528" lon="7.332946"><ele>122</ele></trkpt>
   <trkpt lat="51.542366" lon="7.333056"><ele>122.25</ele></trkpt>
   <trkpt lat="51.542297" lon="7.3331"><ele>122.75</ele></trkpt>
   <trkpt lat="51.542285" lon="7.33305"><ele>122.75</ele></trkpt>
   <trkpt lat="51.542264" lon="7.333008"><ele>122.5</ele></trkpt>
   <trkpt lat="51.542237" lon="7.332977"><ele>122.5</ele></trkpt>
   <trkpt lat="51.542188" lon="7.332953"><ele>122.5</ele></trkpt>
   <trkpt lat="51.542138" lon="7.332963"><ele>122.5</ele></trkpt>
   <trkpt lat="51.542113" lon="7.332982"><ele>122.5</ele></trkpt>
   <trkpt lat="51.542075" lon="7.333041"><ele>122.75</ele></trkpt>
   <trkpt lat="51.542063" lon="7.333079"><ele>123</ele></trkpt>
   <trkpt lat="51.541992" lon="7.333031"><ele>122.75</ele></trkpt>
   <trkpt lat="51.541951" lon="7.332999"><ele>122.75</ele></trkpt>
   <trkpt lat="51.54165" lon="7.332493"><ele>122</ele></trkpt>
   <trkpt lat="51.54139" lon="7.332061"><ele>121.25</ele></trkpt>
   <trkpt lat="51.541357" lon="7.332118"><ele>121.5</ele></trkpt>
   <trkpt lat="51.540862" lon="7.332673"><ele>123.75</ele></trkpt>
   <trkpt lat="51.540302" lon="7.333363"><ele>128</ele></trkpt>
   <trkpt lat="51.540131" lon="7.333065"><ele>127.5</ele></trkpt>
   <trkpt lat="51.539824" lon="7.332698"><ele>127.25</ele></trkpt>
   <trkpt lat="51.539599" lon="7.33245"><ele>127.25</ele></trkpt>
   <trkpt lat="51.53935" lon="7.332202"><ele>128</ele></trkpt>
   <trkpt lat="51.539216" lon="7.332085"><ele>127.75</ele></trkpt>
   <trkpt lat="51.539113" lon="7.33199"><ele>127.5</ele></trkpt>
   <trkpt lat="51.538965" lon="7.331833"><ele>128</ele></trkpt>
   <trkpt lat="51.538884" lon="7.331709"><ele>128</ele></trkpt>
   <trkpt lat="51.538826" lon="7.33161"><ele>128.25</ele></trkpt>
   <trkpt lat="51.538759" lon="7.331471"><ele>128.5</ele></trkpt>
   <trkpt lat="51.538681" lon="7.331473"><ele>128.75</ele></trkpt>
   <trkpt lat="51.538488" lon="7.331582"><ele>130</ele></trkpt>
   <trkpt lat="51.53846" lon="7.331598"><ele>130.25</ele></trkpt>
   <trkpt lat="51.538193" lon="7.33185"><ele>131</ele></trkpt>
   <trkpt lat="51.53786" lon="7.332214"><ele>131.75</ele></trkpt>
   <trkpt lat="51.537526" lon="7.332656"><ele>132</ele></trkpt>
   <trkpt lat="51.535766" lon="7.331242"><ele>128.75</ele></trkpt>
   <trkpt lat="51.535523" lon="7.330953"><ele>128.5</ele></trkpt>
   <trkpt lat="51.535392" lon="7.330731"><ele>127.25</ele></trkpt>
   <trkpt lat="51.535335" lon="7.330627"><ele>127</ele></trkpt>
   <trkpt lat="51.535199" lon="7.330796"><ele>128.5</ele></trkpt>
   <trkpt lat="51.534957" lon="7.331099"><ele>131.75</ele></trkpt>
   <trkpt lat="51.534923" lon="7.331118"><ele>132</ele></trkpt>
   <trkpt lat="51.534568" lon="7.33068"><ele>132.5</ele></trkpt>
   <trkpt lat="51.533556" lon="7.329851"><ele>131</ele></trkpt>
   <trkpt lat="51.532981" lon="7.329366"><ele>129</ele></trkpt>
   <trkpt lat="51.532843" lon="7.329271"><ele>131</ele></trkpt>
   <trkpt lat="51.532682" lon="7.329153"><ele>132.5</ele></trkpt>
   <trkpt lat="51.532547" lon="7.328999"><ele>132.25</ele></trkpt>
   <trkpt lat="51.532181" lon="7.328691"><ele>132</ele></trkpt>
   <trkpt lat="51.532091" lon="7.328624"><ele>132</ele></trkpt>
   <trkpt lat="51.531958" lon="7.328555"><ele>131.5</ele></trkpt>
   <trkpt lat="51.531701" lon="7.328347"><ele>131.75</ele></trkpt>
   <trkpt lat="51.531551" lon="7.328251"><ele>130.75</ele></trkpt>
   <trkpt lat="51.531517" lon="7.328243"><ele>130.5</ele></trkpt>
   <trkpt lat="51.531473" lon="7.328255"><ele>130.75</ele></trkpt>
   <trkpt lat="51.531452" lon="7.328274"><ele>130.75</ele></trkpt>
   <trkpt lat="51.531332" lon="7.328463"><ele>131.25</ele></trkpt>
   <trkpt lat="51.531293" lon="7.328499"><ele>131.5</ele></trkpt>
   <trkpt lat="51.531266" lon="7.328512"><ele>131.5</ele></trkpt>
   <trkpt lat="51.531236" lon="7.328512"><ele>131.5</ele></trkpt>
   <trkpt lat="51.53119" lon="7.328489"><ele>131.5</ele></trkpt>
   <trkpt lat="51.531015" lon="7.328344"><ele>131</ele></trkpt>
   <trkpt lat="51.530666" lon="7.328027"><ele>130</ele></trkpt>
   <trkpt lat="51.53072" lon="7.327887"><ele>130</ele></trkpt>
   <trkpt lat="51.530677" lon="7.32783"><ele>130</ele></trkpt>
   <trkpt lat="51.530649" lon="7.327789"><ele>130</ele></trkpt>
   <trkpt lat="51.530624" lon="7.327779"><ele>130</ele></trkpt>
   <trkpt lat="51.530556" lon="7.327821"><ele>130</ele></trkpt>
   <trkpt lat="51.530514" lon="7.327833"><ele>129.75</ele></trkpt>
   <trkpt lat="51.530474" lon="7.327831"><ele>129.75</ele></trkpt>
   <trkpt lat="51.52988" lon="7.327543"><ele>128.25</ele></trkpt>
   <trkpt lat="51.529697" lon="7.327471"><ele>128</ele></trkpt>
   <trkpt lat="51.529396" lon="7.327391"><ele>128.5</ele></trkpt>
   <trkpt lat="51.529038" lon="7.327252"><ele>127.75</ele></trkpt>
   <trkpt lat="51.528703" lon="7.327152"><ele>127.5</ele></trkpt>
   <trkpt lat="51.528502" lon="7.327109"><ele>127.25</ele></trkpt>
   <trkpt lat="51.528349" lon="7.327087"><ele>127.5</ele></trkpt>
   <trkpt lat="51.527521" lon="7.326847"><ele>123.5</ele></trkpt>
   <trkpt lat="51.527342" lon="7.326817"><ele>123.5</ele></trkpt>
   <trkpt lat="51.526958" lon="7.326827"><ele>123</ele></trkpt>
   <trkpt lat="51.526565" lon="7.326805"><ele>122.25</ele></trkpt>
   <trkpt lat="51.526264" lon="7.326815"><ele>121.5</ele></trkpt>
   <trkpt lat="51.526182" lon="7.326864"><ele>121.5</ele></trkpt>
   <trkpt lat="51.526089" lon="7.326499"><ele>119.25</ele></trkpt>
   <trkpt lat="51.526065" lon="7.326411"><ele>119</ele></trkpt>
   <trkpt lat="51.525747" lon="7.326624"><ele>119.75</ele></trkpt>
   <trkpt lat="51.525503" lon="7.326754"><ele>120.75</ele></trkpt>
   <trkpt lat="51.52526" lon="7.326875"><ele>121.5</ele></trkpt>
   <trkpt lat="51.524886" lon="7.327017"><ele>122.25</ele></trkpt>
   <trkpt lat="51.524694" lon="7.327067"><ele>122.75</ele></trkpt>
   <trkpt lat="51.523742" lon="7.327197"><ele>125.25</ele></trkpt>
   <trkpt lat="51.523108" lon="7.327271"><ele>126</ele></trkpt>
   <trkpt lat="51.522242" lon="7.327398"><ele>125.75</ele></trkpt>
   <trkpt lat="51.522197" lon="7.32741"><ele>126</ele></trkpt>
   <trkpt lat="51.522089" lon="7.327493"><ele>126.75</ele></trkpt>
   <trkpt lat="51.522021" lon="7.327592"><ele>126.75</ele></trkpt>
   <trkpt lat="51.521675" lon="7.328295"><ele>127</ele></trkpt>
   <trkpt lat="51.521558" lon="7.328192"><ele>127</ele></trkpt>
   <trkpt lat="51.52124" lon="7.327984"><ele>127.5</ele></trkpt>
   <trkpt lat="51.521151" lon="7.327951"><ele>127.75</ele></trkpt>
   <trkpt lat="51.521064" lon="7.327955"><ele>127.75</ele></trkpt>
   <trkpt lat="51.521001" lon="7.327959"><ele>127.5</ele></trkpt>
   <trkpt lat="51.519785" lon="7.328017"><ele>124.75</ele></trkpt>
   <trkpt lat="51.51967" lon="7.328027"><ele>124.75</ele></trkpt>
   <trkpt lat="51.519534" lon="7.328039"><ele>124.75</ele></trkpt>
   <trkpt lat="51.519093" lon="7.32861"><ele>126.25</ele></trkpt>
   <trkpt lat="51.518979" lon="7.328767"><ele>126.75</ele></trkpt>
   <trkpt lat="51.518877" lon="7.328882"><ele>127</ele></trkpt>
   <trkpt lat="51.518865" lon="7.328946"><ele>127</ele></trkpt>
   <trkpt lat="51.518864" lon="7.32901"><ele>127</ele></trkpt>
   <trkpt lat="51.518877" lon="7.329083"><ele>127</ele></trkpt>
   <trkpt lat="51.518997" lon="7.329581"><ele>127</ele></trkpt>
   <trkpt lat="51.519026" lon="7.329698"><ele>127</ele></trkpt>
   <trkpt lat="51.519048" lon="7.329841"><ele>127</ele></trkpt>
   <trkpt lat="51.519063" lon="7.329996"><ele>127</ele></trkpt>
   <trkpt lat="51.519071" lon="7.330149"><ele>126.5</ele></trkpt>
   <trkpt lat="51.519094" lon="7.33061"><ele>126</ele></trkpt>
   <trkpt lat="51.519094" lon="7.33076"><ele>126</ele></trkpt>
   <trkpt lat="51.519089" lon="7.330912"><ele>126</ele></trkpt>
   <trkpt lat="51.519042" lon="7.331221"><ele>125.5</ele></trkpt>
   <trkpt lat="51.518843" lon="7.332018"><ele>123.75</ele></trkpt>
   <trkpt lat="51.518797" lon="7.33218"><ele>123.75</ele></trkpt>
   <trkpt lat="51.518479" lon="7.331868"><ele>123</ele></trkpt>
   <trkpt lat="51.518234" lon="7.331637"><ele>123</ele></trkpt>
   <trkpt lat="51.5178" lon="7.33123"><ele>123</ele></trkpt>
   <trkpt lat="51.517639" lon="7.331074"><ele>123</ele></trkpt>
   <trkpt lat="51.517169" lon="7.331372"><ele>121</ele></trkpt>
   <trkpt lat="51.516915" lon="7.331517"><ele>119.5</ele></trkpt>
   <trkpt lat="51.516549" lon="7.331735"><ele>118.25</ele></trkpt>
   <trkpt lat="51.516518" lon="7.331842"><ele>117.75</ele></trkpt>
   <trkpt lat="51.516389" lon="7.332171"><ele>117</ele></trkpt>
   <trkpt lat="51.516336" lon="7.332345"><ele>117</ele></trkpt>
   <trkpt lat="51.516289" lon="7.332531"><ele>117.25</ele></trkpt>
   <trkpt lat="51.516248" lon="7.332758"><ele>117</ele></trkpt>
   <trkpt lat="51.516123" lon="7.33331"><ele>116.75</ele></trkpt>
   <trkpt lat="51.516006" lon="7.33372"><ele>114.75</ele></trkpt>
   <trkpt lat="51.515795" lon="7.33419"><ele>113.75</ele></trkpt>
   <trkpt lat="51.515553" lon="7.334688"><ele>113.75</ele></trkpt>
   <trkpt lat="51.515246" lon="7.335231"><ele>112.25</ele></trkpt>
   <trkpt lat="51.515219" lon="7.335332"><ele>111.75</ele></trkpt>
   <trkpt lat="51.515232" lon="7.335399"><ele>111.25</ele></trkpt>
   <trkpt lat="51.515302" lon="7.335554"><ele>109.5</ele></trkpt>
   <trkpt lat="51.515313" lon="7.335638"><ele>109</ele></trkpt>
   <trkpt lat="51.515299" lon="7.33578"><ele>108.75</ele></trkpt>
   <trkpt lat="51.515235" lon="7.335956"><ele>107.5</ele></trkpt>
   <trkpt lat="51.515157" lon="7.336102"><ele>106.25</ele></trkpt>
   <trkpt lat="51.515019" lon="7.336312"><ele>105.5</ele></trkpt>
   <trkpt lat="51.514929" lon="7.336412"><ele>105.25</ele></trkpt>
   <trkpt lat="51.514661" lon="7.336653"><ele>104.25</ele></trkpt>
   <trkpt lat="51.514225" lon="7.336983"><ele>102</ele></trkpt>
   <trkpt lat="51.51396" lon="7.337165"><ele>101</ele></trkpt>
   <trkpt lat="51.51362" lon="7.337382"><ele>99.25</ele></trkpt>
   <trkpt lat="51.513412" lon="7.33753"><ele>98.75</ele></trkpt>
   <trkpt lat="51.513067" lon="7.337775"><ele>96</ele></trkpt>
   <trkpt lat="51.512965" lon="7.337831"><ele>94.25</ele></trkpt>
   <trkpt lat="51.512845" lon="7.337928"><ele>92.25</ele></trkpt>
   <trkpt lat="51.512774" lon="7.337964"><ele>91.25</ele></trkpt>
   <trkpt lat="51.512604" lon="7.337993"><ele>90.25</ele></trkpt>
   <trkpt lat="51.51257" lon="7.33799"><ele>90.25</ele></trkpt>
   <trkpt lat="51.512513" lon="7.337972"><ele>90</ele></trkpt>
   <trkpt lat="51.512486" lon="7.337976"><ele>90</ele></trkpt>
   <trkpt lat="51.512233" lon="7.338079"><ele>93.75</ele></trkpt>
   <trkpt lat="51.512106" lon="7.338097"><ele>94.5</ele></trkpt>
   <trkpt lat="51.511851" lon="7.338104"><ele>95.5</ele></trkpt>
   <trkpt lat="51.511846" lon="7.338245"><ele>94.75</ele></trkpt>
   <trkpt lat="51.511804" lon="7.338613"><ele>93.25</ele></trkpt>
   <trkpt lat="51.511726" lon="7.339102"><ele>92</ele></trkpt>
   <trkpt lat="51.511655" lon="7.339767"><ele>89.75</ele></trkpt>
   <trkpt lat="51.511624" lon="7.340067"><ele>89</ele></trkpt>
   <trkpt lat="51.511523" lon="7.341038"><ele>89</ele></trkpt>
   <trkpt lat="51.511491" lon="7.341236"><ele>89.25</ele></trkpt>
   <trkpt lat="51.511386" lon="7.342108"><ele>91</ele></trkpt>
   <trkpt lat="51.511215" lon="7.343573"><ele>90</ele></trkpt>
   <trkpt lat="51.511146" lon="7.344097"><ele>89.75</ele></trkpt>
   <trkpt lat="51.511215" lon="7.344482"><ele>88.25</ele></trkpt>
   <trkpt lat="51.511226" lon="7.344544"><ele>88.5</ele></trkpt>
   <trkpt lat="51.511239" lon="7.344751"><ele>89</ele></trkpt>
   <trkpt lat="51.511255" lon="7.345003"><ele>89.75</ele></trkpt>
   <trkpt lat="51.511264" lon="7.345308"><ele>90.25</ele></trkpt>
   <trkpt lat="51.511247" lon="7.345587"><ele>90</ele></trkpt>
   <trkpt lat="51.51116" lon="7.346148"><ele>89.75</ele></trkpt>
   <trkpt lat="51.511145" lon="7.346282"><ele>89.75</ele></trkpt>
   <trkpt lat="51.511182" lon="7.346357"><ele>89.5</ele></trkpt>
   <trkpt lat="51.511214" lon="7.346445"><ele>89.25</ele></trkpt>
   <trkpt lat="51.511193" lon="7.346603"><ele>88.75</ele></trkpt>
   <trkpt lat="51.511127" lon="7.346892"><ele>88</ele></trkpt>
   <trkpt lat="51.510953" lon="7.347538"><ele>87.5</ele></trkpt>
   <trkpt lat="51.510939" lon="7.347688"><ele>87.25</ele></trkpt>
   <trkpt lat="51.510992" lon="7.348117"><ele>85</ele></trkpt>
   <trkpt lat="51.510996" lon="7.348266"><ele>84.5</ele></trkpt>
   <trkpt lat="51.51095" lon="7.348588"><ele>85</ele></trkpt>
   <trkpt lat="51.510849" lon="7.348619"><ele>85.75</ele></trkpt>
   <trkpt lat="51.510692" lon="7.348691"><ele>86</ele></trkpt>
   <trkpt lat="51.510048" lon="7.348992"><ele>88.25</ele></trkpt>
   <trkpt lat="51.50984" lon="7.34909"><ele>88.75</ele></trkpt>
   <trkpt lat="51.509831" lon="7.349094"><ele>88.75</ele></trkpt>
   <trkpt lat="51.509719" lon="7.34858"><ele>91</ele></trkpt>
   <trkpt lat="51.509606" lon="7.348115"><ele>92.75</ele></trkpt>
   <trkpt lat="51.509247" lon="7.348081"><ele>93.5</ele></trkpt>
   <trkpt lat="51.509182" lon="7.348074"><ele>93.75</ele></trkpt>
   <trkpt lat="51.508735" lon="7.348023"><ele>94.5</ele></trkpt>
   <trkpt lat="51.508232" lon="7.347995"><ele>97.5</ele></trkpt>
   <trkpt lat="51.508179" lon="7.348062"><ele>98</ele></trkpt>
   <trkpt lat="51.508165" lon="7.348111"><ele>98.25</ele></trkpt>
   <trkpt lat="51.508144" lon="7.348288"><ele>98</ele></trkpt>
   <trkpt lat="51.508123" lon="7.348794"><ele>98</ele></trkpt>
   <trkpt lat="51.508098" lon="7.348964"><ele>98</ele></trkpt>
   <trkpt lat="51.508065" lon="7.349068"><ele>98</ele></trkpt>
   <trkpt lat="51.507717" lon="7.34974"><ele>97.75</ele></trkpt>
   <trkpt lat="51.507668" lon="7.349829"><ele>97.5</ele></trkpt>
   <trkpt lat="51.507623" lon="7.349892"><ele>97.25</ele></trkpt>
   <trkpt lat="51.507573" lon="7.349939"><ele>97.25</ele></trkpt>
   <trkpt lat="51.507514" lon="7.349978"><ele>97</ele></trkpt>
   <trkpt lat="51.507202" lon="7.350157"><ele>95.75</ele></trkpt>
   <trkpt lat="51.50541" lon="7.351264"><ele>91.25</ele></trkpt>
   <trkpt lat="51.505367" lon="7.351282"><ele>91.75</ele></trkpt>
   <trkpt lat="51.50533" lon="7.351269"><ele>92.5</ele></trkpt>
   <trkpt lat="51.505293" lon="7.351237"><ele>93.25</ele></trkpt>
   <trkpt lat="51.505191" lon="7.351147"><ele>92.5</ele></trkpt>
   <trkpt lat="51.50513" lon="7.351113"><ele>91.25</ele></trkpt>
   <trkpt lat="51.505084" lon="7.35113"><ele>90</ele></trkpt>
   <trkpt lat="51.505006" lon="7.351215"><ele>88.25</ele></trkpt>
   <trkpt lat="51.504847" lon="7.351349"><ele>87.25</ele></trkpt>
   <trkpt lat="51.504681" lon="7.351426"><ele>86</ele></trkpt>
   <trkpt lat="51.503951" lon="7.351577"><ele>85</ele></trkpt>
   <trkpt lat="51.50392" lon="7.351577"><ele>85</ele></trkpt>
   <trkpt lat="51.503856" lon="7.351568"><ele>85</ele></trkpt>
   <trkpt lat="51.503795" lon="7.351562"><ele>85</ele></trkpt>
   <trkpt lat="51.503729" lon="7.351557"><ele>85</ele></trkpt>
   <trkpt lat="51.502095" lon="7.351201"><ele>83.5</ele></trkpt>
   <trkpt lat="51.501897" lon="7.351179"><ele>82.75</ele></trkpt>
   <trkpt lat="51.501618" lon="7.351065"><ele>83</ele></trkpt>
   <trkpt lat="51.501299" lon="7.350952"><ele>83</ele></trkpt>
   <trkpt lat="51.501138" lon="7.350939"><ele>83</ele></trkpt>
   <trkpt lat="51.500976" lon="7.350939"><ele>82.75</ele></trkpt>
   <trkpt lat="51.50072" lon="7.350986"><ele>82.25</ele></trkpt>
   <trkpt lat="51.500306" lon="7.351084"><ele>82</ele></trkpt>
   <trkpt lat="51.50013" lon="7.35112"><ele>81.75</ele></trkpt>
   <trkpt lat="51.500063" lon="7.351115"><ele>81.75</ele></trkpt>
   <trkpt lat="51.499989" lon="7.351081"><ele>82</ele></trkpt>
   <trkpt lat="51.499899" lon="7.350975"><ele>82.5</ele></trkpt>
   <trkpt lat="51.499766" lon="7.350751"><ele>83</ele></trkpt>
   <trkpt lat="51.499698" lon="7.350673"><ele>83</ele></trkpt>
   <trkpt lat="51.499598" lon="7.350625"><ele>83.25</ele></trkpt>
   <trkpt lat="51.499398" lon="7.350533"><ele>84</ele></trkpt>
   <trkpt lat="51.498844" lon="7.350308"><ele>86</ele></trkpt>
   <trkpt lat="51.498611" lon="7.3502"><ele>87</ele></trkpt>
   <trkpt lat="51.498575" lon="7.350183"><ele>87</ele></trkpt>
   <trkpt lat="51.498731" lon="7.349469"><ele>86.75</ele></trkpt>
   <trkpt lat="51.498676" lon="7.349424"><ele>87</ele></trkpt>
   <trkpt lat="51.498051" lon="7.348903"><ele>88</ele></trkpt>
   <trkpt lat="51.497372" lon="7.348316"><ele>89</ele></trkpt>
   <trkpt lat="51.49734" lon="7.3483"><ele>89</ele></trkpt>
   <trkpt lat="51.497276" lon="7.348297"><ele>89</ele></trkpt>
   <trkpt lat="51.497275" lon="7.348322"><ele>89</ele></trkpt>
   <trkpt lat="51.497209" lon="7.34832"><ele>89</ele></trkpt>
   <trkpt lat="51.496989" lon="7.348318"><ele>89</ele></trkpt>
   <trkpt lat="51.496662" lon="7.348273"><ele>89</ele></trkpt>
   <trkpt lat="51.496641" lon="7.348271"><ele>89</ele></trkpt>
   <trkpt lat="51.496428" lon="7.348233"><ele>89.25</ele></trkpt>
   <trkpt lat="51.495959" lon="7.348149"><ele>89</ele></trkpt>
   <trkpt lat="51.495928" lon="7.348279"><ele>88</ele></trkpt>
   <trkpt lat="51.495922" lon="7.348377"><ele>87.5</ele></trkpt>
   <trkpt lat="51.495851" lon="7.348335"><ele>88.5</ele></trkpt>
   <trkpt lat="51.495812" lon="7.348312"><ele>89</ele></trkpt>
   <trkpt lat="51.495426" lon="7.348076"><ele>89.75</ele></trkpt>
   <trkpt lat="51.495343" lon="7.348288"><ele>89.75</ele></trkpt>
   <trkpt lat="51.495322" lon="7.348264"><ele>89.75</ele></trkpt>
   <trkpt lat="51.494835" lon="7.347746"><ele>90</ele></trkpt>
   <trkpt lat="51.494767" lon="7.347644"><ele>90</ele></trkpt>
   <trkpt lat="51.494564" lon="7.347335"><ele>89</ele></trkpt>
   <trkpt lat="51.494529" lon="7.347276"><ele>88.5</ele></trkpt>
   <trkpt lat="51.494383" lon="7.347038"><ele>88</ele></trkpt>
   <trkpt lat="51.494344" lon="7.346976"><ele>88</ele></trkpt>
   <trkpt lat="51.494237" lon="7.347128"><ele>88</ele></trkpt>
   <trkpt lat="51.494075" lon="7.347418"><ele>87.75</ele></trkpt>
   <trkpt lat="51.493665" lon="7.348094"><ele>87.25</ele></trkpt>
   <trkpt lat="51.493581" lon="7.348268"><ele>87</ele></trkpt>
   <trkpt lat="51.4935" lon="7.348472"><ele>87.25</ele></trkpt>
   <trkpt lat="51.493403" lon="7.348811"><ele>87.25</ele></trkpt>
   <trkpt lat="51.493327" lon="7.349241"><ele>86.5</ele></trkpt>
   <trkpt lat="51.493316" lon="7.349368"><ele>86.25</ele></trkpt>
   <trkpt lat="51.493262" lon="7.34935"><ele>86.5</ele></trkpt>
   <trkpt lat="51.493076" lon="7.349288"><ele>86.75</ele></trkpt>
   <trkpt lat="51.492805" lon="7.349204"><ele>86.25</ele></trkpt>
   <trkpt lat="51.492671" lon="7.349164"><ele>85.5</ele></trkpt>
   <trkpt lat="51.492567" lon="7.34912"><ele>85.25</ele></trkpt>
   <trkpt lat="51.492358" lon="7.348991"><ele>84</ele></trkpt>
   <trkpt lat="51.492287" lon="7.348947"><ele>83.75</ele></trkpt>
   <trkpt lat="51.492045" lon="7.348699"><ele>83.25</ele></trkpt>
   <trkpt lat="51.491822" lon="7.348373"><ele>83.25</ele></trkpt>
   <trkpt lat="51.491784" lon="7.348312"><ele>83.25</ele></trkpt>
   <trkpt lat="51.491717" lon="7.348233"><ele>83</ele></trkpt>
   <trkpt lat="51.491567" lon="7.348126"><ele>83.25</ele></trkpt>
   <trkpt lat="51.491295" lon="7.34797"><ele>84</ele></trkpt>
   <trkpt lat="51.490901" lon="7.347716"><ele>84</ele></trkpt>
   <trkpt lat="51.490988" lon="7.347283"><ele>85</ele></trkpt>
   <trkpt lat="51.490994" lon="7.347188"><ele>85</ele></trkpt>
   <trkpt lat="51.490994" lon="7.34706"><ele>85</ele></trkpt>
   <trkpt lat="51.490954" lon="7.346769"><ele>85</ele></trkpt>
   <trkpt lat="51.490919" lon="7.346656"><ele>85</ele></trkpt>
   <trkpt lat="51.490834" lon="7.346387"><ele>84.75</ele></trkpt>
   <trkpt lat="51.490725" lon="7.346033"><ele>85.25</ele></trkpt>
   <trkpt lat="51.490698" lon="7.345911"><ele>85.5</ele></trkpt>
   <trkpt lat="51.49066" lon="7.345912"><ele>85.25</ele></trkpt>
   <trkpt lat="51.490639" lon="7.345911"><ele>85.25</ele></trkpt>
   <trkpt lat="51.490572" lon="7.34589"><ele>85</ele></trkpt>
   <trkpt lat="51.49051" lon="7.345871"><ele>85</ele></trkpt>
   <trkpt lat="51.489123" lon="7.345315"><ele>83</ele></trkpt>
   <trkpt lat="51.489004" lon="7.345261"><ele>83</ele></trkpt>
   <trkpt lat="51.488886" lon="7.345183"><ele>83</ele></trkpt>
   <trkpt lat="51.48882" lon="7.345123"><ele>83</ele></trkpt>
   <trkpt lat="51.488345" lon="7.344653"><ele>82.25</ele></trkpt>
   <trkpt lat="51.488258" lon="7.344567"><ele>82.75</ele></trkpt>
   <trkpt lat="51.488171" lon="7.344486"><ele>82.5</ele></trkpt>
   <trkpt lat="51.488101" lon="7.344436"><ele>82</ele></trkpt>
   <trkpt lat="51.487987" lon="7.344406"><ele>82</ele></trkpt>
   <trkpt lat="51.487895" lon="7.34442"><ele>82</ele></trkpt>
   <trkpt lat="51.487847" lon="7.344444"><ele>82</ele></trkpt>
   <trkpt lat="51.48777" lon="7.344499"><ele>83</ele></trkpt>
   <trkpt lat="51.487422" lon="7.344786"><ele>83.25</ele></trkpt>
   <trkpt lat="51.487311" lon="7.344847"><ele>83.75</ele></trkpt>
   <trkpt lat="51.487202" lon="7.34484"><ele>83.5</ele></trkpt>
   <trkpt lat="51.487079" lon="7.3448"><ele>83.5</ele></trkpt>
   <trkpt lat="51.486997" lon="7.34473"><ele>83.75</ele></trkpt>
   <trkpt lat="51.486724" lon="7.344446"><ele>84</ele></trkpt>
   <trkpt lat="51.48624" lon="7.343889"><ele>84</ele></trkpt>
   <trkpt lat="51.485948" lon="7.343559"><ele>84.5</ele></trkpt>
   <trkpt lat="51.48575" lon="7.343388"><ele>85.25</ele></trkpt>
   <trkpt lat="51.485545" lon="7.343278"><ele>85.75</ele></trkpt>
   <trkpt lat="51.485433" lon="7.343253"><ele>86.25</ele></trkpt>
   <trkpt lat="51.485311" lon="7.343259"><ele>86.75</ele></trkpt>
   <trkpt lat="51.485274" lon="7.343272"><ele>87</ele></trkpt>
   <trkpt lat="51.485172" lon="7.343326"><ele>87.75</ele></trkpt>
   <trkpt lat="51.485086" lon="7.343407"><ele>88.25</ele></trkpt>
   <trkpt lat="51.484809" lon="7.343697"><ele>89.5</ele></trkpt>
   <trkpt lat="51.484501" lon="7.34402"><ele>90.75</ele></trkpt>
   <trkpt lat="51.484035" lon="7.344497"><ele>92.5</ele></trkpt>
   <trkpt lat="51.48357" lon="7.344942"><ele>94.75</ele></trkpt>
   <trkpt lat="51.483469" lon="7.344999"><ele>94.5</ele></trkpt>
   <trkpt lat="51.483365" lon="7.345004"><ele>94.75</ele></trkpt>
   <trkpt lat="51.482352" lon="7.344935"><ele>101.5</ele></trkpt>
   <trkpt lat="51.482122" lon="7.344921"><ele>103.5</ele></trkpt>
   <trkpt lat="51.48205" lon="7.344911"><ele>104</ele></trkpt>
   <trkpt lat="51.481983" lon="7.344859"><ele>104.5</ele></trkpt>
   <trkpt lat="51.481776" lon="7.344597"><ele>106.75</ele></trkpt>
   <trkpt lat="51.481629" lon="7.344397"><ele>108.25</ele></trkpt>
   <trkpt lat="51.481592" lon="7.344325"><ele>108.5</ele></trkpt>
   <trkpt lat="51.481557" lon="7.344355"><ele>108.5</ele></trkpt>
   <trkpt lat="51.481383" lon="7.344658"><ele>109</ele></trkpt>
   <trkpt lat="51.481297" lon="7.344786"><ele>109.25</ele></trkpt>
   <trkpt lat="51.481212" lon="7.34488"><ele>109.5</ele></trkpt>
   <trkpt lat="51.481145" lon="7.344933"><ele>109.75</ele></trkpt>
   <trkpt lat="51.480929" lon="7.345093"><ele>110.5</ele></trkpt>
   <trkpt lat="51.480692" lon="7.345209"><ele>111</ele></trkpt>
   <trkpt lat="51.480595" lon="7.34531"><ele>111</ele></trkpt>
   <trkpt lat="51.480499" lon="7.345292"><ele>111.25</ele></trkpt>
   <trkpt lat="51.48041" lon="7.345338"><ele>111.75</ele></trkpt>
   <trkpt lat="51.479828" lon="7.345752"><ele>114</ele></trkpt>
   <trkpt lat="51.47977" lon="7.34576"><ele>114</ele></trkpt>
   <trkpt lat="51.479735" lon="7.345738"><ele>114</ele></trkpt>
   <trkpt lat="51.4797" lon="7.345687"><ele>114</ele></trkpt>
   <trkpt lat="51.478787" lon="7.343589"><ele>112.5</ele></trkpt>
   <trkpt lat="51.478761" lon="7.34353"><ele>112.5</ele></trkpt>
   <trkpt lat="51.478621" lon="7.34322"><ele>111</ele></trkpt>
   <trkpt lat="51.478533" lon="7.343387"><ele>111.25</ele></trkpt>
   <trkpt lat="51.478188" lon="7.344039"><ele>111</ele></trkpt>
   <trkpt lat="51.477653" lon="7.34487"><ele>111.25</ele></trkpt>
   <trkpt lat="51.477284" lon="7.345388"><ele>111.5</ele></trkpt>
   <trkpt lat="51.4769" lon="7.345869"><ele>113</ele></trkpt>
   <trkpt lat="51.476591" lon="7.346231"><ele>113.5</ele></trkpt>
   <trkpt lat="51.476267" lon="7.346554"><ele>115</ele></trkpt>
   <trkpt lat="51.475879" lon="7.346913"><ele>115</ele></trkpt>
   <trkpt lat="51.475551" lon="7.3472"><ele>115</ele></trkpt>
   <trkpt lat="51.475198" lon="7.347464"><ele>115</ele></trkpt>
   <trkpt lat="51.474849" lon="7.347706"><ele>114</ele></trkpt>
   <trkpt lat="51.474422" lon="7.347959"><ele>113</ele></trkpt>
   <trkpt lat="51.474168" lon="7.348097"><ele>114.5</ele></trkpt>
   <trkpt lat="51.47393" lon="7.348206"><ele>115.5</ele></trkpt>
   <trkpt lat="51.473486" lon="7.348382"><ele>116</ele></trkpt>
   <trkpt lat="51.472809" lon="7.348575"><ele>116.25</ele></trkpt>
   <trkpt lat="51.471597" lon="7.348816"><ele>120.75</ele></trkpt>
   <trkpt lat="51.471542" lon="7.348826"><ele>120.5</ele></trkpt>
   <trkpt lat="51.471451" lon="7.348843"><ele>120.25</ele></trkpt>
   <trkpt lat="51.469278" lon="7.349261"><ele>122.5</ele></trkpt>
   <trkpt lat="51.467794" lon="7.349525"><ele>124.75</ele></trkpt>
   <trkpt lat="51.46739" lon="7.349567"><ele>125.75</ele></trkpt>
   <trkpt lat="51.466959" lon="7.349562"><ele>126</ele></trkpt>
   <trkpt lat="51.466459" lon="7.34953"><ele>126.5</ele></trkpt>
   <trkpt lat="51.466234" lon="7.349496"><ele>126.25</ele></trkpt>
   <trkpt lat="51.46547" lon="7.349261"><ele>126</ele></trkpt>
   <trkpt lat="51.465357" lon="7.349214"><ele>125.75</ele></trkpt>
   <trkpt lat="51.465059" lon="7.348958"><ele>126.25</ele></trkpt>
   <trkpt lat="51.464958" lon="7.348901"><ele>126</ele></trkpt>
   <trkpt lat="51.464222" lon="7.348405"><ele>125.25</ele></trkpt>
   <trkpt lat="51.463817" lon="7.348038"><ele>124.25</ele></trkpt>
   <trkpt lat="51.463382" lon="7.34773"><ele>124.5</ele></trkpt>
   <trkpt lat="51.462814" lon="7.347349"><ele>123.75</ele></trkpt>
   <trkpt lat="51.462623" lon="7.347187"><ele>123.75</ele></trkpt>
   <trkpt lat="51.462506" lon="7.347077"><ele>123.75</ele></trkpt>
   <trkpt lat="51.462134" lon="7.346708"><ele>123.5</ele></trkpt>
   <trkpt lat="51.462097" lon="7.346671"><ele>123.5</ele></trkpt>
   <trkpt lat="51.461987" lon="7.346517"><ele>123</ele></trkpt>
   <trkpt lat="51.461089" lon="7.345739"><ele>121.75</ele></trkpt>
   <trkpt lat="51.458629" lon="7.343636"><ele>121.75</ele></trkpt>
   <trkpt lat="51.458546" lon="7.34356"><ele>121.25</ele></trkpt>
   <trkpt lat="51.458208" lon="7.343272"><ele>120</ele></trkpt>
   <trkpt lat="51.458012" lon="7.343101"><ele>119.25</ele></trkpt>
   <trkpt lat="51.457796" lon="7.342917"><ele>119.25</ele></trkpt>
   <trkpt lat="51.457056" lon="7.34231"><ele>118.25</ele></trkpt>
   <trkpt lat="51.456898" lon="7.342191"><ele>120</ele></trkpt>
   <trkpt lat="51.456739" lon="7.342083"><ele>119</ele></trkpt>
   <trkpt lat="51.45641" lon="7.341885"><ele>120.75</ele></trkpt>
   <trkpt lat="51.456288" lon="7.341824"><ele>120.75</ele></trkpt>
   <trkpt lat="51.45606" lon="7.341713"><ele>121.25</ele></trkpt>
   <trkpt lat="51.455803" lon="7.341608"><ele>120.75</ele></trkpt>
   <trkpt lat="51.453961" lon="7.340902"><ele>121</ele></trkpt>
   <trkpt lat="51.453784" lon="7.340834"><ele>120.5</ele></trkpt>
   <trkpt lat="51.452635" lon="7.340395"><ele>119.5</ele></trkpt>
   <trkpt lat="51.450857" lon="7.339712"><ele>118</ele></trkpt>
   <trkpt lat="51.450807" lon="7.339694"><ele>117.75</ele></trkpt>
   <trkpt lat="51.450759" lon="7.339676"><ele>117.75</ele></trkpt>
   <trkpt lat="51.45023" lon="7.339485"><ele>117.5</ele></trkpt>
   <trkpt lat="51.450018" lon="7.339422"><ele>117</ele></trkpt>
   <trkpt lat="51.44957" lon="7.339307"><ele>114.75</ele></trkpt>
   <trkpt lat="51.449288" lon="7.339249"><ele>114.75</ele></trkpt>
   <trkpt lat="51.449008" lon="7.339205"><ele>115</ele></trkpt>
   <trkpt lat="51.448865" lon="7.33919"><ele>114</ele></trkpt>
   <trkpt lat="51.448158" lon="7.339105"><ele>109.75</ele></trkpt>
   <trkpt lat="51.448022" lon="7.339096"><ele>112.75</ele></trkpt>
   <trkpt lat="51.447814" lon="7.339082"><ele>112.75</ele></trkpt>
   <trkpt lat="51.447502" lon="7.339083"><ele>114</ele></trkpt>
   <trkpt lat="51.446949" lon="7.339168"><ele>115.75</ele></trkpt>
   <trkpt lat="51.446646" lon="7.339264"><ele>114.5</ele></trkpt>
   <trkpt lat="51.446263" lon="7.339404"><ele>115.5</ele></trkpt>
   <trkpt lat="51.44621" lon="7.339428"><ele>115.5</ele></trkpt>
   <trkpt lat="51.446086" lon="7.339484"><ele>115</ele></trkpt>
   <trkpt lat="51.446025" lon="7.339513"><ele>115.25</ele></trkpt>
   <trkpt lat="51.446" lon="7.339525"><ele>115.5</ele></trkpt>
   <trkpt lat="51.445862" lon="7.339329"><ele>115.75</ele></trkpt>
   <trkpt lat="51.445545" lon="7.339248"><ele>116.25</ele></trkpt>
   <trkpt lat="51.445555" lon="7.339126"><ele>116</ele></trkpt>
   <trkpt lat="51.445467" lon="7.339119"><ele>116</ele></trkpt>
   <trkpt lat="51.444818" lon="7.338917"><ele>117</ele></trkpt>
   <trkpt lat="51.444585" lon="7.338843"><ele>117</ele></trkpt>
   <trkpt lat="51.443961" lon="7.338645"><ele>118</ele></trkpt>
   <trkpt lat="51.443921" lon="7.338633"><ele>118</ele></trkpt>
   <trkpt lat="51.443897" lon="7.338626"><ele>118</ele></trkpt>
   <trkpt lat="51.443885" lon="7.33872"><ele>118</ele></trkpt>
   <trkpt lat="51.44388" lon="7.338762"><ele>118</ele></trkpt>
   <trkpt lat="51.443812" lon="7.33874"><ele>118</ele></trkpt>
   <trkpt lat="51.443787" lon="7.338707"><ele>118</ele></trkpt>
   <trkpt lat="51.443748" lon="7.338695"><ele>118</ele></trkpt>
   <trkpt lat="51.443713" lon="7.338625"><ele>118</ele></trkpt>
   <trkpt lat="51.443656" lon="7.338534"><ele>118</ele></trkpt>
   <trkpt lat="51.443597" lon="7.338465"><ele>118</ele></trkpt>
   <trkpt lat="51.443487" lon="7.338473"><ele>118</ele></trkpt>
   <trkpt lat="51.443076" lon="7.338339"><ele>118</ele></trkpt>
   <trkpt lat="51.442904" lon="7.338305"><ele>118.5</ele></trkpt>
   <trkpt lat="51.442339" lon="7.338197"><ele>118.25</ele></trkpt>
   <trkpt lat="51.442199" lon="7.338164"><ele>118</ele></trkpt>
   <trkpt lat="51.442128" lon="7.338201"><ele>118</ele></trkpt>
   <trkpt lat="51.441696" lon="7.338312"><ele>118</ele></trkpt>
   <trkpt lat="51.441534" lon="7.338348"><ele>117.5</ele></trkpt>
   <trkpt lat="51.441151" lon="7.33844"><ele>117</ele></trkpt>
   <trkpt lat="51.440936" lon="7.338516"><ele>116.25</ele></trkpt>
   <trkpt lat="51.440892" lon="7.338531"><ele>116</ele></trkpt>
   <trkpt lat="51.44076" lon="7.338594"><ele>115.5</ele></trkpt>
   <trkpt lat="51.440643" lon="7.338645"><ele>115.25</ele></trkpt>
   <trkpt lat="51.440628" lon="7.338651"><ele>115.25</ele></trkpt>
   <trkpt lat="51.440601" lon="7.338663"><ele>115</ele></trkpt>
   <trkpt lat="51.440452" lon="7.338721"><ele>114.5</ele></trkpt>
   <trkpt lat="51.440232" lon="7.338692"><ele>113.75</ele></trkpt>
   <trkpt lat="51.440201" lon="7.338778"><ele>113.75</ele></trkpt>
   <trkpt lat="51.440161" lon="7.338943"><ele>114</ele></trkpt>
   <trkpt lat="51.440149" lon="7.338984"><ele>114</ele></trkpt>
   <trkpt lat="51.440134" lon="7.339034"><ele>114</ele></trkpt>
   <trkpt lat="51.440096" lon="7.339026"><ele>114</ele></trkpt>
   <trkpt lat="51.440078" lon="7.339037"><ele>114</ele></trkpt>
   <trkpt lat="51.440053" lon="7.339083"><ele>113.75</ele></trkpt>
   <trkpt lat="51.440014" lon="7.339058"><ele>114</ele></trkpt>
   <trkpt lat="51.439983" lon="7.339038"><ele>114</ele></trkpt>
   <trkpt lat="51.439752" lon="7.33893"><ele>115.75</ele></trkpt>
   <trkpt lat="51.439644" lon="7.338925"><ele>116</ele></trkpt>
   <trkpt lat="51.439272" lon="7.338908"><ele>115.25</ele></trkpt>
   <trkpt lat="51.439216" lon="7.338911"><ele>115</ele></trkpt>
   <trkpt lat="51.439178" lon="7.338936"><ele>115</ele></trkpt>
   <trkpt lat="51.43911" lon="7.33901"><ele>114.5</ele></trkpt>
   <trkpt lat="51.43902" lon="7.33906"><ele>114.25</ele></trkpt>
   <trkpt lat="51.438959" lon="7.339068"><ele>113.75</ele></trkpt>
   <trkpt lat="51.438877" lon="7.339061"><ele>113.5</ele></trkpt>
   <trkpt lat="51.438732" lon="7.339021"><ele>112</ele></trkpt>
   <trkpt lat="51.438447" lon="7.338941"><ele>109.75</ele></trkpt>
   <trkpt lat="51.438398" lon="7.338928"><ele>109.25</ele></trkpt>
   <trkpt lat="51.438339" lon="7.339127"><ele>109</ele></trkpt>
   <trkpt lat="51.438309" lon="7.339236"><ele>108.75</ele></trkpt>
   <trkpt lat="51.438089" lon="7.339216"><ele>107.25</ele></trkpt>
   <trkpt lat="51.437648" lon="7.339176"><ele>103.5</ele></trkpt>
   <trkpt lat="51.437541" lon="7.339183"><ele>103</ele></trkpt>
   <trkpt lat="51.437455" lon="7.339188"><ele>102.75</ele></trkpt>
   <trkpt lat="51.436479" lon="7.339252"><ele>99</ele></trkpt>
   <trkpt lat="51.436386" lon="7.339265"><ele>98.75</ele></trkpt>
   <trkpt lat="51.436324" lon="7.339275"><ele>98.75</ele></trkpt>
   <trkpt lat="51.436257" lon="7.339277"><ele>98.5</ele></trkpt>
   <trkpt lat="51.4355" lon="7.339277"><ele>99</ele></trkpt>
   <trkpt lat="51.435157" lon="7.339277"><ele>99.25</ele></trkpt>
   <trkpt lat="51.435125" lon="7.339277"><ele>99.25</ele></trkpt>
   <trkpt lat="51.435084" lon="7.339277"><ele>99.25</ele></trkpt>
   <trkpt lat="51.434974" lon="7.338717"><ele>98</ele></trkpt>
   <trkpt lat="51.43495" lon="7.338606"><ele>97.75</ele></trkpt>
   <trkpt lat="51.434916" lon="7.338472"><ele>97.25</ele></trkpt>
   <trkpt lat="51.434896" lon="7.338403"><ele>97.25</ele></trkpt>
   <trkpt lat="51.434817" lon="7.338171"><ele>96.5</ele></trkpt>
   <trkpt lat="51.434782" lon="7.338064"><ele>96</ele></trkpt>
   <trkpt lat="51.434728" lon="7.337909"><ele>95.25</ele></trkpt>
   <trkpt lat="51.434626" lon="7.337616"><ele>94.75</ele></trkpt>
   <trkpt lat="51.434595" lon="7.337531"><ele>94.5</ele></trkpt>
   <trkpt lat="51.434531" lon="7.337345"><ele>94.5</ele></trkpt>
   <trkpt lat="51.434385" lon="7.337344"><ele>95</ele></trkpt>
   <trkpt lat="51.433908" lon="7.33737"><ele>96.25</ele></trkpt>
   <trkpt lat="51.433742" lon="7.337392"><ele>97</ele></trkpt>
   <trkpt lat="51.43365" lon="7.337405"><ele>97.5</ele></trkpt>
   <trkpt lat="51.433514" lon="7.337404"><ele>98</ele></trkpt>
   <trkpt lat="51.433418" lon="7.337374"><ele>98</ele></trkpt>
   <trkpt lat="51.433332" lon="7.337315"><ele>98.25</ele></trkpt>
   <trkpt lat="51.433224" lon="7.337223"><ele>98</ele></trkpt>
   <trkpt lat="51.432959" lon="7.336987"><ele>97</ele></trkpt>
   <trkpt lat="51.432855" lon="7.336926"><ele>96.75</ele></trkpt>
   <trkpt lat="51.432755" lon="7.336842"><ele>96.75</ele></trkpt>
   <trkpt lat="51.432691" lon="7.336793"><ele>96.75</ele></trkpt>
   <trkpt lat="51.432609" lon="7.336719"><ele>96.5</ele></trkpt>
   <trkpt lat="51.432536" lon="7.336654"><ele>96</ele></trkpt>
   <trkpt lat="51.432379" lon="7.336493"><ele>95.75</ele></trkpt>
   <trkpt lat="51.432273" lon="7.336397"><ele>95</ele></trkpt>
   <trkpt lat="51.432025" lon="7.336186"><ele>94</ele></trkpt>
   <trkpt lat="51.431969" lon="7.336158"><ele>93.5</ele></trkpt>
   <trkpt lat="51.431748" lon="7.336094"><ele>92.25</ele></trkpt>
   <trkpt lat="51.431439" lon="7.336017"><ele>92.25</ele></trkpt>
   <trkpt lat="51.431198" lon="7.335932"><ele>89.25</ele></trkpt>
   <trkpt lat="51.431032" lon="7.335951"><ele>87</ele></trkpt>
   <trkpt lat="51.430976" lon="7.336118"><ele>87</ele></trkpt>
   <trkpt lat="51.430704" lon="7.336115"><ele>84.5</ele></trkpt>
   <trkpt lat="51.430472" lon="7.336098"><ele>83.5</ele></trkpt>
   <trkpt lat="51.430278" lon="7.336116"><ele>82.75</ele></trkpt>
   <trkpt lat="51.43018" lon="7.336092"><ele>82.5</ele></trkpt>
   <trkpt lat="51.429481" lon="7.336071"><ele>78.25</ele></trkpt>
   <trkpt lat="51.429332" lon="7.336068"><ele>79.5</ele></trkpt>
   <trkpt lat="51.429292" lon="7.336071"><ele>80</ele></trkpt>
   <trkpt lat="51.429256" lon="7.336103"><ele>80.5</ele></trkpt>
   <trkpt lat="51.42924" lon="7.336129"><ele>80.75</ele></trkpt>
   <trkpt lat="51.429198" lon="7.336113"><ele>81.5</ele></trkpt>
   <trkpt lat="51.429079" lon="7.336094"><ele>81.75</ele></trkpt>
   <trkpt lat="51.428977" lon="7.336084"><ele>81.75</ele></trkpt>
   <trkpt lat="51.428906" lon="7.336096"><ele>81.75</ele></trkpt>
   <trkpt lat="51.428824" lon="7.336109"><ele>81.75</ele></trkpt>
   <trkpt lat="51.428716" lon="7.336076"><ele>81.75</ele></trkpt>
   <trkpt lat="51.428495" lon="7.336073"><ele>81.75</ele></trkpt>
   <trkpt lat="51.428366" lon="7.336041"><ele>81.75</ele></trkpt>
   <trkpt lat="51.428234" lon="7.335993"><ele>82</ele></trkpt>
   <trkpt lat="51.428073" lon="7.335918"><ele>82.5</ele></trkpt>
   <trkpt lat="51.42766" lon="7.335659"><ele>81</ele></trkpt>
   <trkpt lat="51.426738" lon="7.335089"><ele>80.5</ele></trkpt>
   <trkpt lat="51.426608" lon="7.335018"><ele>83</ele></trkpt>
   <trkpt lat="51.426599" lon="7.335071"><ele>82.75</ele></trkpt>
   <trkpt lat="51.426346" lon="7.336501"><ele>82</ele></trkpt>
   <trkpt lat="51.426189" lon="7.336827"><ele>82.75</ele></trkpt>
   <trkpt lat="51.425863" lon="7.337405"><ele>83.5</ele></trkpt>
   <trkpt lat="51.425736" lon="7.337585"><ele>83.75</ele></trkpt>
   <trkpt lat="51.425642" lon="7.337663"><ele>84.5</ele></trkpt>
   <trkpt lat="51.425599" lon="7.337684"><ele>84.75</ele></trkpt>
   <trkpt lat="51.425434" lon="7.337723"><ele>84.75</ele></trkpt>
   <trkpt lat="51.425285" lon="7.337757"><ele>84.75</ele></trkpt>
   <trkpt lat="51.425227" lon="7.337771"><ele>85</ele></trkpt>
   <trkpt lat="51.425189" lon="7.337767"><ele>85.25</ele></trkpt>
   <trkpt lat="51.425095" lon="7.338183"><ele>85.5</ele></trkpt>
   <trkpt lat="51.424675" lon="7.340182"><ele>85.75</ele></trkpt>
   <trkpt lat="51.424418" lon="7.341443"><ele>85.75</ele></trkpt>
   <trkpt lat="51.424451" lon="7.341458"><ele>85.5</ele></trkpt>
   <trkpt lat="51.424483" lon="7.341472"><ele>85</ele></trkpt>
   <trkpt lat="51.424321" lon="7.342317"><ele>84.25</ele></trkpt>
   <trkpt lat="51.424234" lon="7.342846"><ele>83</ele></trkpt>
   <trkpt lat="51.424153" lon="7.342802"><ele>83.25</ele></trkpt>
   <trkpt lat="51.424059" lon="7.342742"><ele>84.75</ele></trkpt>
   <trkpt lat="51.423981" lon="7.342682"><ele>86.75</ele></trkpt>
   <trkpt lat="51.423778" lon="7.343581"><ele>89</ele></trkpt>
   <trkpt lat="51.423697" lon="7.343833"><ele>89.5</ele></trkpt>
   <trkpt lat="51.423564" lon="7.344155"><ele>89.25</ele></trkpt>
   <trkpt lat="51.423451" lon="7.344421"><ele>90</ele></trkpt>
   <trkpt lat="51.423345" lon="7.344619"><ele>91</ele></trkpt>
   <trkpt lat="51.422653" lon="7.345299"><ele>92.25</ele></trkpt>
   <trkpt lat="51.422483" lon="7.345433"><ele>93.5</ele></trkpt>
   <trkpt lat="51.422049" lon="7.345646"><ele>95.5</ele></trkpt>
   <trkpt lat="51.421916" lon="7.345672"><ele>96</ele></trkpt>
   <trkpt lat="51.421806" lon="7.345633"><ele>96.25</ele></trkpt>
   <trkpt lat="51.421716" lon="7.345534"><ele>96.5</ele></trkpt>
   <trkpt lat="51.421646" lon="7.345592"><ele>97</ele></trkpt>
   <trkpt lat="51.421563" lon="7.34562"><ele>97</ele></trkpt>
   <trkpt lat="51.420706" lon="7.345436"><ele>98.25</ele></trkpt>
   <trkpt lat="51.418413" lon="7.344978"><ele>100</ele></trkpt>
   <trkpt lat="51.417215" lon="7.344693"><ele>100</ele></trkpt>
   <trkpt lat="51.41711" lon="7.34465"><ele>100</ele></trkpt>
   <trkpt lat="51.417055" lon="7.344592"><ele>100</ele></trkpt>
   <trkpt lat="51.416978" lon="7.344601"><ele>100</ele></trkpt>
   <trkpt lat="51.41693" lon="7.344595"><ele>100</ele></trkpt>
   <trkpt lat="51.416882" lon="7.344576"><ele>100</ele></trkpt>
   <trkpt lat="51.416848" lon="7.344836"><ele>100</ele></trkpt>
   <trkpt lat="51.416835" lon="7.344871"><ele>100</ele></trkpt>
   <trkpt lat="51.416812" lon="7.3449"><ele>100</ele></trkpt>
   <trkpt lat="51.416787" lon="7.344915"><ele>99.75</ele></trkpt>
   <trkpt lat="51.416339" lon="7.344887"><ele>100</ele></trkpt>
   <trkpt lat="51.416275" lon="7.344861"><ele>100</ele></trkpt>
   <trkpt lat="51.416071" lon="7.344814"><ele>100</ele></trkpt>
   <trkpt lat="51.415746" lon="7.34475"><ele>100.75</ele></trkpt>
   <trkpt lat="51.41538" lon="7.344786"><ele>101.25</ele></trkpt>
   <trkpt lat="51.415255" lon="7.34479"><ele>101.25</ele></trkpt>
   <trkpt lat="51.414419" lon="7.344648"><ele>104</ele></trkpt>
   <trkpt lat="51.413619" lon="7.344577"><ele>102.5</ele></trkpt>
   <trkpt lat="51.413214" lon="7.34453"><ele>102.75</ele></trkpt>
   <trkpt lat="51.412998" lon="7.344474"><ele>102.25</ele></trkpt>
   <trkpt lat="51.412491" lon="7.344316"><ele>103</ele></trkpt>
   <trkpt lat="51.412074" lon="7.344155"><ele>103</ele></trkpt>
   <trkpt lat="51.411656" lon="7.343975"><ele>102.25</ele></trkpt>
   <trkpt lat="51.409117" lon="7.342895"><ele>104.5</ele></trkpt>
   <trkpt lat="51.40904" lon="7.342895"><ele>104</ele></trkpt>
   <trkpt lat="51.408572" lon="7.342782"><ele>106.75</ele></trkpt>
   <trkpt lat="51.408153" lon="7.342716"><ele>105.5</ele></trkpt>
   <trkpt lat="51.408072" lon="7.342681"><ele>104.75</ele></trkpt>
   <trkpt lat="51.407943" lon="7.342671"><ele>105</ele></trkpt>
   <trkpt lat="51.407831" lon="7.342662"><ele>105.25</ele></trkpt>
   <trkpt lat="51.40777" lon="7.342656"><ele>105.5</ele></trkpt>
   <trkpt lat="51.407669" lon="7.342663"><ele>106</ele></trkpt>
   <trkpt lat="51.407186" lon="7.342618"><ele>108.75</ele></trkpt>
   <trkpt lat="51.406916" lon="7.342594"><ele>109</ele></trkpt>
   <trkpt lat="51.406029" lon="7.342509"><ele>109.75</ele></trkpt>
   <trkpt lat="51.405715" lon="7.342461"><ele>110</ele></trkpt>
   <trkpt lat="51.40539" lon="7.342391"><ele>111</ele></trkpt>
   <trkpt lat="51.405089" lon="7.342309"><ele>112</ele></trkpt>
   <trkpt lat="51.404764" lon="7.342191"><ele>112.5</ele></trkpt>
   <trkpt lat="51.404429" lon="7.342039"><ele>114</ele></trkpt>
   <trkpt lat="51.404204" lon="7.341914"><ele>114</ele></trkpt>
   <trkpt lat="51.404013" lon="7.341795"><ele>117</ele></trkpt>
   <trkpt lat="51.403654" lon="7.341545"><ele>117.5</ele></trkpt>
   <trkpt lat="51.40326" lon="7.341211"><ele>117.75</ele></trkpt>
   <trkpt lat="51.402834" lon="7.340797"><ele>119</ele></trkpt>
   <trkpt lat="51.402692" lon="7.340642"><ele>120</ele></trkpt>
   <trkpt lat="51.402353" lon="7.340296"><ele>117.75</ele></trkpt>
   <trkpt lat="51.402145" lon="7.340058"><ele>115.5</ele></trkpt>
   <trkpt lat="51.401627" lon="7.3395"><ele>113.75</ele></trkpt>
   <trkpt lat="51.400616" lon="7.338444"><ele>113</ele></trkpt>
   <trkpt lat="51.400534" lon="7.338353"><ele>113.25</ele></trkpt>
   <trkpt lat="51.39957" lon="7.33733"><ele>111.25</ele></trkpt>
   <trkpt lat="51.399491" lon="7.337248"><ele>115.5</ele></trkpt>
   <trkpt lat="51.399399" lon="7.337159"><ele>116</ele></trkpt>
   <trkpt lat="51.399182" lon="7.336922"><ele>117.25</ele></trkpt>
   <trkpt lat="51.398883" lon="7.336561"><ele>116.75</ele></trkpt>
   <trkpt lat="51.398589" lon="7.336183"><ele>117.75</ele></trkpt>
   <trkpt lat="51.398279" lon="7.335734"><ele>116.75</ele></trkpt>
   <trkpt lat="51.397999" lon="7.335288"><ele>118.75</ele></trkpt>
   <trkpt lat="51.397684" lon="7.334728"><ele>119.5</ele></trkpt>
   <trkpt lat="51.397484" lon="7.334336"><ele>119</ele></trkpt>
   <trkpt lat="51.397347" lon="7.334037"><ele>117.75</ele></trkpt>
   <trkpt lat="51.397184" lon="7.333657"><ele>119.25</ele></trkpt>
   <trkpt lat="51.397088" lon="7.333416"><ele>118.5</ele></trkpt>
   <trkpt lat="51.396944" lon="7.333042"><ele>121.75</ele></trkpt>
   <trkpt lat="51.39663" lon="7.332135"><ele>122.75</ele></trkpt>
   <trkpt lat="51.396501" lon="7.332255"><ele>122.75</ele></trkpt>
   <trkpt lat="51.39644" lon="7.332084"><ele>123.25</ele></trkpt>
   <trkpt lat="51.396248" lon="7.33163"><ele>125</ele></trkpt>
   <trkpt lat="51.396119" lon="7.33129"><ele>127.75</ele></trkpt>
   <trkpt lat="51.395977" lon="7.33106"><ele>129.75</ele></trkpt>
   <trkpt lat="51.395856" lon="7.331027"><ele>131.75</ele></trkpt>
   <trkpt lat="51.395802" lon="7.330989"><ele>132</ele></trkpt>
   <trkpt lat="51.395512" lon="7.330233"><ele>136.5</ele></trkpt>
   <trkpt lat="51.395352" lon="7.329692"><ele>140.5</ele></trkpt>
   <trkpt lat="51.395007" lon="7.328456"><ele>148.25</ele></trkpt>
   <trkpt lat="51.394789" lon="7.328155"><ele>152</ele></trkpt>
   <trkpt lat="51.394277" lon="7.327708"><ele>156.75</ele></trkpt>
   <trkpt lat="51.393991" lon="7.327471"><ele>158.5</ele></trkpt>
   <trkpt lat="51.393732" lon="7.32727"><ele>160.25</ele></trkpt>
   <trkpt lat="51.393042" lon="7.326763"><ele>167</ele></trkpt>
   <trkpt lat="51.392373" lon="7.326348"><ele>170.75</ele></trkpt>
   <trkpt lat="51.392188" lon="7.326174"><ele>171.25</ele></trkpt>
   <trkpt lat="51.39181" lon="7.325725"><ele>173.75</ele></trkpt>
   <trkpt lat="51.391491" lon="7.325332"><ele>177</ele></trkpt>
   <trkpt lat="51.391292" lon="7.324915"><ele>176.25</ele></trkpt>
   <trkpt lat="51.390853" lon="7.32363"><ele>173.5</ele></trkpt>
   <trkpt lat="51.390788" lon="7.323357"><ele>173</ele></trkpt>
   <trkpt lat="51.390727" lon="7.323178"><ele>173.5</ele></trkpt>
   <trkpt lat="51.390646" lon="7.323036"><ele>175.25</ele></trkpt>
   <trkpt lat="51.390541" lon="7.322885"><ele>177</ele></trkpt>
   <trkpt lat="51.390401" lon="7.322744"><ele>178.25</ele></trkpt>
   <trkpt lat="51.390157" lon="7.322552"><ele>180.5</ele></trkpt>
   <trkpt lat="51.389895" lon="7.322419"><ele>181</ele></trkpt>
   <trkpt lat="51.38962" lon="7.322593"><ele>181.5</ele></trkpt>
   <trkpt lat="51.389258" lon="7.322832"><ele>180.75</ele></trkpt>
   <trkpt lat="51.389225" lon="7.322873"><ele>180.75</ele></trkpt>
   <trkpt lat="51.389198" lon="7.322958"><ele>180.75</ele></trkpt>
   <trkpt lat="51.38918" lon="7.323066"><ele>181</ele></trkpt>
   <trkpt lat="51.389139" lon="7.32343"><ele>183</ele></trkpt>
   <trkpt lat="51.389076" lon="7.323866"><ele>183.5</ele></trkpt>
   <trkpt lat="51.389078" lon="7.324071"><ele>183.5</ele></trkpt>
   <trkpt lat="51.38921" lon="7.324897"><ele>183.75</ele></trkpt>
   <trkpt lat="51.389225" lon="7.325144"><ele>183.25</ele></trkpt>
   <trkpt lat="51.389216" lon="7.32604"><ele>179.25</ele></trkpt>
   <trkpt lat="51.389231" lon="7.326281"><ele>179</ele></trkpt>
   <trkpt lat="51.389255" lon="7.326429"><ele>179</ele></trkpt>
   <trkpt lat="51.389375" lon="7.326842"><ele>181.5</ele></trkpt>
   <trkpt lat="51.389547" lon="7.327495"><ele>183.75</ele></trkpt>
   <trkpt lat="51.389568" lon="7.327606"><ele>184</ele></trkpt>
   <trkpt lat="51.389575" lon="7.327722"><ele>183.5</ele></trkpt>
   <trkpt lat="51.389576" lon="7.327922"><ele>182.5</ele></trkpt>
   <trkpt lat="51.389498" lon="7.328685"><ele>178.75</ele></trkpt>
   <trkpt lat="51.389478" lon="7.328831"><ele>178.25</ele></trkpt>
   <trkpt lat="51.389372" lon="7.329148"><ele>177.5</ele></trkpt>
   <trkpt lat="51.389348" lon="7.329218"><ele>177.75</ele></trkpt>
   <trkpt lat="51.389304" lon="7.329359"><ele>178</ele></trkpt>
   <trkpt lat="51.389252" lon="7.329481"><ele>178.75</ele></trkpt>
   <trkpt lat="51.389033" lon="7.329865"><ele>183</ele></trkpt>
   <trkpt lat="51.388934" lon="7.330054"><ele>185</ele></trkpt>
   <trkpt lat="51.388909" lon="7.330129"><ele>185.5</ele></trkpt>
   <trkpt lat="51.388893" lon="7.330196"><ele>186.25</ele></trkpt>
   <trkpt lat="51.388874" lon="7.330343"><ele>187.25</ele></trkpt>
   <trkpt lat="51.38887" lon="7.330445"><ele>187.5</ele></trkpt>
   <trkpt lat="51.388881" lon="7.330621"><ele>188.25</ele></trkpt>
   <trkpt lat="51.388776" lon="7.330486"><ele>188.25</ele></trkpt>
   <trkpt lat="51.388554" lon="7.330043"><ele>190</ele></trkpt>
   <trkpt lat="51.388468" lon="7.32994"><ele>190</ele></trkpt>
   <trkpt lat="51.388383" lon="7.329874"><ele>190.5</ele></trkpt>
   <trkpt lat="51.388302" lon="7.329839"><ele>191</ele></trkpt>
   <trkpt lat="51.388234" lon="7.32983"><ele>191</ele></trkpt>
   <trkpt lat="51.388151" lon="7.329848"><ele>191.25</ele></trkpt>
   <trkpt lat="51.38804" lon="7.329901"><ele>191.25</ele></trkpt>
   <trkpt lat="51.387721" lon="7.330113"><ele>191.5</ele></trkpt>
   <trkpt lat="51.387577" lon="7.330163"><ele>192.25</ele></trkpt>
   <trkpt lat="51.387405" lon="7.330187"><ele>193.5</ele></trkpt>
   <trkpt lat="51.387224" lon="7.330191"><ele>195.5</ele></trkpt>
   <trkpt lat="51.386874" lon="7.330178"><ele>198.25</ele></trkpt>
   <trkpt lat="51.386719" lon="7.330153"><ele>199</ele></trkpt>
   <trkpt lat="51.38657" lon="7.3301"><ele>199.25</ele></trkpt>
   <trkpt lat="51.386518" lon="7.330021"><ele>199.5</ele></trkpt>
   <trkpt lat="51.386138" lon="7.329581"><ele>200.25</ele></trkpt>
   <trkpt lat="51.385301" lon="7.32845"><ele>205.25</ele></trkpt>
   <trkpt lat="51.385234" lon="7.328389"><ele>206.25</ele></trkpt>
   <trkpt lat="51.385143" lon="7.328362"><ele>207</ele></trkpt>
   <trkpt lat="51.384849" lon="7.328364"><ele>208</ele></trkpt>
   <trkpt lat="51.384746" lon="7.328383"><ele>208</ele></trkpt>
   <trkpt lat="51.384631" lon="7.328421"><ele>208.5</ele></trkpt>
   <trkpt lat="51.384062" lon="7.32874"><ele>211.75</ele></trkpt>
   <trkpt lat="51.383998" lon="7.328719"><ele>212.25</ele></trkpt>
   <trkpt lat="51.383919" lon="7.328649"><ele>213.5</ele></trkpt>
   <trkpt lat="51.38375" lon="7.328425"><ele>216</ele></trkpt>
   <trkpt lat="51.383567" lon="7.328258"><ele>217.75</ele></trkpt>
   <trkpt lat="51.383134" lon="7.327902"><ele>220.5</ele></trkpt>
   <trkpt lat="51.383069" lon="7.327872"><ele>220.5</ele></trkpt>
   <trkpt lat="51.383013" lon="7.327872"><ele>221.25</ele></trkpt>
   <trkpt lat="51.382724" lon="7.32795"><ele>224</ele></trkpt>
   <trkpt lat="51.382438" lon="7.327946"><ele>224.5</ele></trkpt>
   <trkpt lat="51.382348" lon="7.327965"><ele>224.75</ele></trkpt>
   <trkpt lat="51.382146" lon="7.328025"><ele>225.5</ele></trkpt>
   <trkpt lat="51.382078" lon="7.328049"><ele>226</ele></trkpt>
   <trkpt lat="51.381741" lon="7.328175"><ele>227.5</ele></trkpt>
   <trkpt lat="51.381643" lon="7.328209"><ele>227.75</ele></trkpt>
   <trkpt lat="51.381497" lon="7.328236"><ele>227.25</ele></trkpt>
   <trkpt lat="51.38141" lon="7.328241"><ele>227</ele></trkpt>
   <trkpt lat="51.38124" lon="7.328225"><ele>226.75</ele></trkpt>
   <trkpt lat="51.38118" lon="7.32823"><ele>226.75</ele></trkpt>
   <trkpt lat="51.381136" lon="7.328246"><ele>226.5</ele></trkpt>
   <trkpt lat="51.381095" lon="7.328269"><ele>226.5</ele></trkpt>
   <trkpt lat="51.381061" lon="7.328301"><ele>226.25</ele></trkpt>
   <trkpt lat="51.380957" lon="7.328444"><ele>225.75</ele></trkpt>
   <trkpt lat="51.380888" lon="7.328556"><ele>225</ele></trkpt>
   <trkpt lat="51.380822" lon="7.328574"><ele>225</ele></trkpt>
   <trkpt lat="51.379986" lon="7.328546"><ele>216.25</ele></trkpt>
   <trkpt lat="51.379543" lon="7.328563"><ele>213.25</ele></trkpt>
   <trkpt lat="51.379443" lon="7.328575"><ele>212.25</ele></trkpt>
   <trkpt lat="51.379375" lon="7.328582"><ele>211.5</ele></trkpt>
   <trkpt lat="51.379288" lon="7.32861"><ele>210.25</ele></trkpt>
   <trkpt lat="51.379261" lon="7.328606"><ele>210</ele></trkpt>
   <trkpt lat="51.378997" lon="7.32849"><ele>207.5</ele></trkpt>
   <trkpt lat="51.378789" lon="7.328334"><ele>205</ele></trkpt>
   <trkpt lat="51.378593" lon="7.328074"><ele>203.5</ele></trkpt>
   <trkpt lat="51.378418" lon="7.3281"><ele>201.25</ele></trkpt>
   <trkpt lat="51.377474" lon="7.329106"><ele>188</ele></trkpt>
   <trkpt lat="51.377236" lon="7.329235"><ele>186.75</ele></trkpt>
   <trkpt lat="51.376634" lon="7.329212"><ele>185.5</ele></trkpt>
   <trkpt lat="51.376481" lon="7.329221"><ele>185</ele></trkpt>
   <trkpt lat="51.376217" lon="7.329295"><ele>185</ele></trkpt>
   <trkpt lat="51.375526" lon="7.329529"><ele>188</ele></trkpt>
   <trkpt lat="51.374823" lon="7.329764"><ele>191.25</ele></trkpt>
   <trkpt lat="51.374787" lon="7.329774"><ele>191.5</ele></trkpt>
   <trkpt lat="51.37474" lon="7.329779"><ele>191.75</ele></trkpt>
   <trkpt lat="51.374711" lon="7.32978"><ele>192</ele></trkpt>
   <trkpt lat="51.374534" lon="7.32971"><ele>193.25</ele></trkpt>
   <trkpt lat="51.374313" lon="7.329566"><ele>195</ele></trkpt>
   <trkpt lat="51.374074" lon="7.329378"><ele>197.25</ele></trkpt>
   <trkpt lat="51.373987" lon="7.329319"><ele>198.5</ele></trkpt>
   <trkpt lat="51.373869" lon="7.329265"><ele>200.25</ele></trkpt>
   <trkpt lat="51.373378" lon="7.329252"><ele>204.5</ele></trkpt>
   <trkpt lat="51.372918" lon="7.329256"><ele>204.25</ele></trkpt>
   <trkpt lat="51.372566" lon="7.329267"><ele>204.25</ele></trkpt>
   <trkpt lat="51.372446" lon="7.329329"><ele>204.25</ele></trkpt>
   <trkpt lat="51.372039" lon="7.3295"><ele>207.75</ele></trkpt>
   <trkpt lat="51.371914" lon="7.329492"><ele>209</ele></trkpt>
   <trkpt lat="51.371668" lon="7.329476"><ele>209.75</ele></trkpt>
   <trkpt lat="51.371548" lon="7.329497"><ele>209.25</ele></trkpt>
   <trkpt lat="51.37119" lon="7.329533"><ele>207</ele></trkpt>
   <trkpt lat="51.371104" lon="7.329513"><ele>206.5</ele></trkpt>
   <trkpt lat="51.370688" lon="7.329154"><ele>202.25</ele></trkpt>
   <trkpt lat="51.369967" lon="7.328608"><ele>196.5</ele></trkpt>
   <trkpt lat="51.369885" lon="7.328586"><ele>195.75</ele></trkpt>
   <trkpt lat="51.369835" lon="7.328582"><ele>195.25</ele></trkpt>
   <trkpt lat="51.369706" lon="7.328332"><ele>195.75</ele></trkpt>
   <trkpt lat="51.369552" lon="7.328064"><ele>196</ele></trkpt>
   <trkpt lat="51.369417" lon="7.327871"><ele>196</ele></trkpt>
   <trkpt lat="51.369261" lon="7.327686"><ele>196</ele></trkpt>
   <trkpt lat="51.369112" lon="7.327547"><ele>196.25</ele></trkpt>
   <trkpt lat="51.36887" lon="7.327375"><ele>195.25</ele></trkpt>
   <trkpt lat="51.368688" lon="7.327266"><ele>196</ele></trkpt>
   <trkpt lat="51.368356" lon="7.327096"><ele>196</ele></trkpt>
   <trkpt lat="51.367814" lon="7.326837"><ele>198.25</ele></trkpt>
   <trkpt lat="51.367444" lon="7.326655"><ele>200.25</ele></trkpt>
   <trkpt lat="51.367198" lon="7.326551"><ele>201.5</ele></trkpt>
   <trkpt lat="51.367066" lon="7.326524"><ele>202</ele></trkpt>
   <trkpt lat="51.366913" lon="7.326512"><ele>202.5</ele></trkpt>
   <trkpt lat="51.36678" lon="7.326528"><ele>203</ele></trkpt>
   <trkpt lat="51.366659" lon="7.326566"><ele>203.75</ele></trkpt>
   <trkpt lat="51.366644" lon="7.326745"><ele>204.75</ele></trkpt>
   <trkpt lat="51.366573" lon="7.326955"><ele>204.5</ele></trkpt>
   <trkpt lat="51.366403" lon="7.327398"><ele>206.25</ele></trkpt>
   <trkpt lat="51.366305" lon="7.327783"><ele>209</ele></trkpt>
   <trkpt lat="51.366284" lon="7.328023"><ele>209.75</ele></trkpt>
   <trkpt lat="51.3663" lon="7.328788"><ele>212.25</ele></trkpt>
   <trkpt lat="51.366256" lon="7.329392"><ele>214.75</ele></trkpt>
   <trkpt lat="51.366222" lon="7.329714"><ele>215.75</ele></trkpt>
   <trkpt lat="51.366181" lon="7.329826"><ele>216.75</ele></trkpt>
   <trkpt lat="51.366091" lon="7.329885"><ele>218</ele></trkpt>
   <trkpt lat="51.366044" lon="7.329892"><ele>218.25</ele></trkpt>
   <trkpt lat="51.365948" lon="7.329832"><ele>219.25</ele></trkpt>
   <trkpt lat="51.365072" lon="7.329127"><ele>224.75</ele></trkpt>
   <trkpt lat="51.364535" lon="7.328658"><ele>222.5</ele></trkpt>
   <trkpt lat="51.364483" lon="7.328624"><ele>221.75</ele></trkpt>
   <trkpt lat="51.364433" lon="7.328606"><ele>220.75</ele></trkpt>
   <trkpt lat="51.364389" lon="7.328607"><ele>220.5</ele></trkpt>
   <trkpt lat="51.364287" lon="7.32863"><ele>219.75</ele></trkpt>
   <trkpt lat="51.364077" lon="7.328739"><ele>218</ele></trkpt>
   <trkpt lat="51.363967" lon="7.328816"><ele>217.5</ele></trkpt>
   <trkpt lat="51.36392" lon="7.32885"><ele>217.25</ele></trkpt>
   <trkpt lat="51.363863" lon="7.328931"><ele>216.5</ele></trkpt>
   <trkpt lat="51.363625" lon="7.329351"><ele>215.25</ele></trkpt>
   <trkpt lat="51.363335" lon="7.329757"><ele>217</ele></trkpt>
   <trkpt lat="51.363179" lon="7.329922"><ele>218.5</ele></trkpt>
   <trkpt lat="51.363061" lon="7.32995"><ele>219.5</ele></trkpt>
   <trkpt lat="51.362891" lon="7.329957"><ele>220.75</ele></trkpt>
   <trkpt lat="51.362837" lon="7.329943"><ele>221</ele></trkpt>
   <trkpt lat="51.362729" lon="7.329893"><ele>221.25</ele></trkpt>
   <trkpt lat="51.362507" lon="7.32975"><ele>221</ele></trkpt>
   <trkpt lat="51.362364" lon="7.329642"><ele>221.25</ele></trkpt>
   <trkpt lat="51.36229" lon="7.329559"><ele>221.5</ele></trkpt>
   <trkpt lat="51.362096" lon="7.329229"><ele>222.75</ele></trkpt>
   <trkpt lat="51.362056" lon="7.32907"><ele>222.75</ele></trkpt>
   <trkpt lat="51.3615" lon="7.329204"><ele>225.75</ele></trkpt>
   <trkpt lat="51.361206" lon="7.329244"><ele>228.25</ele></trkpt>
   <trkpt lat="51.361077" lon="7.32927"><ele>229.25</ele></trkpt>
   <trkpt lat="51.36088" lon="7.329282"><ele>229</ele></trkpt>
   <trkpt lat="51.360715" lon="7.329295"><ele>229</ele></trkpt>
   <trkpt lat="51.360517" lon="7.329295"><ele>229</ele></trkpt>
   <trkpt lat="51.36042" lon="7.329291"><ele>229</ele></trkpt>
   <trkpt lat="51.360296" lon="7.329289"><ele>229</ele></trkpt>
   <trkpt lat="51.360209" lon="7.329289"><ele>229</ele></trkpt>
   <trkpt lat="51.360122" lon="7.329291"><ele>229</ele></trkpt>
   <trkpt lat="51.360061" lon="7.329288"><ele>229</ele></trkpt>
   <trkpt lat="51.360006" lon="7.329289"><ele>229</ele></trkpt>
   <trkpt lat="51.359666" lon="7.329301"><ele>228.75</ele></trkpt>
   <trkpt lat="51.359507" lon="7.329317"><ele>229.5</ele></trkpt>
   <trkpt lat="51.359435" lon="7.329333"><ele>230</ele></trkpt>
   <trkpt lat="51.359254" lon="7.329372"><ele>230.5</ele></trkpt>
   <trkpt lat="51.358989" lon="7.329451"><ele>231.25</ele></trkpt>
   <trkpt lat="51.358674" lon="7.329594"><ele>233</ele></trkpt>
   <trkpt lat="51.358561" lon="7.329183"><ele>236</ele></trkpt>
   <trkpt lat="51.358417" lon="7.328805"><ele>236</ele></trkpt>
   <trkpt lat="51.358281" lon="7.328417"><ele>235.25</ele></trkpt>
   <trkpt lat="51.35789" lon="7.327552"><ele>233.25</ele></trkpt>
   <trkpt lat="51.357859" lon="7.327414"><ele>232.75</ele></trkpt>
   <trkpt lat="51.357874" lon="7.327305"><ele>232</ele></trkpt>
   <trkpt lat="51.357843" lon="7.327264"><ele>232</ele></trkpt>
   <trkpt lat="51.357784" lon="7.327247"><ele>232</ele></trkpt>
   <trkpt lat="51.35752" lon="7.327277"><ele>229.5</ele></trkpt>
   <trkpt lat="51.357364" lon="7.32726"><ele>228</ele></trkpt>
   <trkpt lat="51.357258" lon="7.327277"><ele>227</ele></trkpt>
   <trkpt lat="51.356774" lon="7.32745"><ele>224.25</ele></trkpt>
   <trkpt lat="51.356478" lon="7.327513"><ele>226</ele></trkpt>
   <trkpt lat="51.356338" lon="7.327519"><ele>226.25</ele></trkpt>
   <trkpt lat="51.356206" lon="7.32751"><ele>227.25</ele></trkpt>
   <trkpt lat="51.355999" lon="7.327481"><ele>228</ele></trkpt>
   <trkpt lat="51.355849" lon="7.327412"><ele>228.25</ele></trkpt>
   <trkpt lat="51.35547" lon="7.327198"><ele>229.25</ele></trkpt>
   <trkpt lat="51.355186" lon="7.326987"><ele>229</ele></trkpt>
   <trkpt lat="51.354925" lon="7.326659"><ele>227.5</ele></trkpt>
   <trkpt lat="51.354827" lon="7.326499"><ele>227.25</ele></trkpt>
   <trkpt lat="51.35455" lon="7.326057"><ele>227.5</ele></trkpt>
   <trkpt lat="51.354389" lon="7.325682"><ele>231</ele></trkpt>
   <trkpt lat="51.354256" lon="7.325169"><ele>232.25</ele></trkpt>
   <trkpt lat="51.354134" lon="7.324518"><ele>231.5</ele></trkpt>
   <trkpt lat="51.354082" lon="7.324141"><ele>231.25</ele></trkpt>
   <trkpt lat="51.354071" lon="7.323845"><ele>231.25</ele></trkpt>
   <trkpt lat="51.354053" lon="7.323694"><ele>231</ele></trkpt>
   <trkpt lat="51.353995" lon="7.323597"><ele>232</ele></trkpt>
   <trkpt lat="51.353919" lon="7.323427"><ele>232.75</ele></trkpt>
   <trkpt lat="51.353562" lon="7.321625"><ele>232.5</ele></trkpt>
   <trkpt lat="51.353514" lon="7.321384"><ele>232.25</ele></trkpt>
   <trkpt lat="51.353508" lon="7.321354"><ele>232</ele></trkpt>
   <trkpt lat="51.353221" lon="7.319946"><ele>230.75</ele></trkpt>
   <trkpt lat="51.353108" lon="7.319331"><ele>234.25</ele></trkpt>
   <trkpt lat="51.353071" lon="7.319133"><ele>234.75</ele></trkpt>
   <trkpt lat="51.352661" lon="7.317043"><ele>237.75</ele></trkpt>
   <trkpt lat="51.352487" lon="7.316468"><ele>236</ele></trkpt>
   <trkpt lat="51.35234" lon="7.316161"><ele>235.5</ele></trkpt>
   <trkpt lat="51.35231" lon="7.316096"><ele>235.25</ele></trkpt>
   <trkpt lat="51.352193" lon="7.315839"><ele>236</ele></trkpt>
   <trkpt lat="51.352084" lon="7.315645"><ele>235.75</ele></trkpt>
   <trkpt lat="51.351958" lon="7.315457"><ele>236</ele></trkpt>
   <trkpt lat="51.351905" lon="7.315364"><ele>236</ele></trkpt>
   <trkpt lat="51.35183" lon="7.31528"><ele>236.25</ele></trkpt>
   <trkpt lat="51.351714" lon="7.315138"><ele>236.25</ele></trkpt>
   <trkpt lat="51.35159" lon="7.31501"><ele>236.75</ele></trkpt>
   <trkpt lat="51.351083" lon="7.314523"><ele>237.5</ele></trkpt>
   <trkpt lat="51.350808" lon="7.31424"><ele>238.5</ele></trkpt>
   <trkpt lat="51.35059" lon="7.314027"><ele>238.5</ele></trkpt>
   <trkpt lat="51.350372" lon="7.313798"><ele>238.5</ele></trkpt>
   <trkpt lat="51.35024" lon="7.313631"><ele>238.25</ele></trkpt>
   <trkpt lat="51.350229" lon="7.313617"><ele>238</ele></trkpt>
   <trkpt lat="51.350111" lon="7.313436"><ele>237.25</ele></trkpt>
   <trkpt lat="51.349973" lon="7.313196"><ele>237</ele></trkpt>
   <trkpt lat="51.349865" lon="7.312974"><ele>236.25</ele></trkpt>
   <trkpt lat="51.349733" lon="7.312643"><ele>237.25</ele></trkpt>
   <trkpt lat="51.349673" lon="7.312451"><ele>237.25</ele></trkpt>
   <trkpt lat="51.349622" lon="7.312251"><ele>236.75</ele></trkpt>
   <trkpt lat="51.349611" lon="7.31214"><ele>236.75</ele></trkpt>
   <trkpt lat="51.34961" lon="7.312051"><ele>236.75</ele></trkpt>
   <trkpt lat="51.349628" lon="7.311949"><ele>236.5</ele></trkpt>
   <trkpt lat="51.349667" lon="7.311869"><ele>236.25</ele></trkpt>
   <trkpt lat="51.349772" lon="7.311721"><ele>235.5</ele></trkpt>
   <trkpt lat="51.349929" lon="7.311563"><ele>233.75</ele></trkpt>
   <trkpt lat="51.350014" lon="7.311489"><ele>233</ele></trkpt>
   <trkpt lat="51.350071" lon="7.311433"><ele>232.25</ele></trkpt>
   <trkpt lat="51.350077" lon="7.311392"><ele>232.5</ele></trkpt>
   <trkpt lat="51.350062" lon="7.311324"><ele>233</ele></trkpt>
   <trkpt lat="51.349654" lon="7.309624"><ele>238.5</ele></trkpt>
   <trkpt lat="51.349556" lon="7.309079"><ele>239.75</ele></trkpt>
   <trkpt lat="51.349515" lon="7.30889"><ele>240.25</ele></trkpt>
   <trkpt lat="51.349498" lon="7.307962"><ele>240.75</ele></trkpt>
   <trkpt lat="51.349464" lon="7.307515"><ele>240.75</ele></trkpt>
   <trkpt lat="51.349412" lon="7.307051"><ele>242</ele></trkpt>
   <trkpt lat="51.349362" lon="7.3068"><ele>243</ele></trkpt>
   <trkpt lat="51.349179" lon="7.305917"><ele>244</ele></trkpt>
   <trkpt lat="51.348641" lon="7.3035"><ele>244</ele></trkpt>
   <trkpt lat="51.348505" lon="7.302716"><ele>244.5</ele></trkpt>
   <trkpt lat="51.348387" lon="7.302133"><ele>245</ele></trkpt>
   <trkpt lat="51.348379" lon="7.302039"><ele>245.25</ele></trkpt>
   <trkpt lat="51.348408" lon="7.30171"><ele>244.25</ele></trkpt>
   <trkpt lat="51.348447" lon="7.30113"><ele>244.75</ele></trkpt>
   <trkpt lat="51.348155" lon="7.298952"><ele>246.25</ele></trkpt>
   <trkpt lat="51.348087" lon="7.298511"><ele>246.75</ele></trkpt>
   <trkpt lat="51.347978" lon="7.29788"><ele>248.25</ele></trkpt>
   <trkpt lat="51.347948" lon="7.297651"><ele>249</ele></trkpt>
   <trkpt lat="51.347924" lon="7.297337"><ele>250</ele></trkpt>
   <trkpt lat="51.34789" lon="7.297023"><ele>250.75</ele></trkpt>
   <trkpt lat="51.34788" lon="7.296981"><ele>250.75</ele></trkpt>
   <trkpt lat="51.347806" lon="7.296838"><ele>251</ele></trkpt>
   <trkpt lat="51.347771" lon="7.296745"><ele>251</ele></trkpt>
   <trkpt lat="51.347746" lon="7.29666"><ele>251</ele></trkpt>
   <trkpt lat="51.347574" lon="7.295867"><ele>251.5</ele></trkpt>
   <trkpt lat="51.347519" lon="7.295648"><ele>251</ele></trkpt>
   <trkpt lat="51.347443" lon="7.295463"><ele>251.25</ele></trkpt>
   <trkpt lat="51.347344" lon="7.295175"><ele>251.25</ele></trkpt>
   <trkpt lat="51.347239" lon="7.294896"><ele>250.75</ele></trkpt>
   <trkpt lat="51.347176" lon="7.294764"><ele>251.75</ele></trkpt>
   <trkpt lat="51.347024" lon="7.294441"><ele>250</ele></trkpt>
   <trkpt lat="51.346655" lon="7.293781"><ele>248</ele></trkpt>
   <trkpt lat="51.34661" lon="7.293667"><ele>248</ele></trkpt>
   <trkpt lat="51.346579" lon="7.293507"><ele>248</ele></trkpt>
   <trkpt lat="51.346545" lon="7.293373"><ele>248</ele></trkpt>
   <trkpt lat="51.3465" lon="7.29328"><ele>248</ele></trkpt>
   <trkpt lat="51.346318" lon="7.292997"><ele>247.75</ele></trkpt>
   <trkpt lat="51.346092" lon="7.292603"><ele>247.25</ele></trkpt>
   <trkpt lat="51.345896" lon="7.292277"><ele>247.75</ele></trkpt>
   <trkpt lat="51.345678" lon="7.292058"><ele>247.75</ele></trkpt>
   <trkpt lat="51.345571" lon="7.291912"><ele>247.75</ele></trkpt>
   <trkpt lat="51.345545" lon="7.291877"><ele>248</ele></trkpt>
   <trkpt lat="51.345112" lon="7.291125"><ele>248.5</ele></trkpt>
   <trkpt lat="51.344339" lon="7.289784"><ele>249.5</ele></trkpt>
   <trkpt lat="51.343967" lon="7.289142"><ele>248.25</ele></trkpt>
   <trkpt lat="51.343852" lon="7.288944"><ele>248</ele></trkpt>
   <trkpt lat="51.343597" lon="7.288506"><ele>247.25</ele></trkpt>
   <trkpt lat="51.343486" lon="7.288354"><ele>247.25</ele></trkpt>
   <trkpt lat="51.343185" lon="7.288009"><ele>247.5</ele></trkpt>
   <trkpt lat="51.342739" lon="7.287605"><ele>247.5</ele></trkpt>
   <trkpt lat="51.342581" lon="7.287484"><ele>247.5</ele></trkpt>
   <trkpt lat="51.342249" lon="7.287254"><ele>247</ele></trkpt>
   <trkpt lat="51.342093" lon="7.287165"><ele>246.5</ele></trkpt>
   <trkpt lat="51.341313" lon="7.286779"><ele>247</ele></trkpt>
   <trkpt lat="51.341094" lon="7.286685"><ele>248.25</ele></trkpt>
   <trkpt lat="51.339573" lon="7.285939"><ele>249.75</ele></trkpt>
   <trkpt lat="51.338844" lon="7.285587"><ele>246</ele></trkpt>
   <trkpt lat="51.338495" lon="7.285408"><ele>244.75</ele></trkpt>
   <trkpt lat="51.338337" lon="7.285312"><ele>246</ele></trkpt>
   <trkpt lat="51.338157" lon="7.285178"><ele>246</ele></trkpt>
   <trkpt lat="51.33798" lon="7.285017"><ele>247</ele></trkpt>
   <trkpt lat="51.337808" lon="7.284839"><ele>247</ele></trkpt>
   <trkpt lat="51.337611" lon="7.284574"><ele>247.25</ele></trkpt>
   <trkpt lat="51.337417" lon="7.284293"><ele>248.25</ele></trkpt>
   <trkpt lat="51.337156" lon="7.283746"><ele>247.5</ele></trkpt>
   <trkpt lat="51.337084" lon="7.283561"><ele>248.5</ele></trkpt>
   <trkpt lat="51.336946" lon="7.283126"><ele>248.5</ele></trkpt>
   <trkpt lat="51.336834" lon="7.282684"><ele>249</ele></trkpt>
   <trkpt lat="51.336573" lon="7.281687"><ele>247.5</ele></trkpt>
   <trkpt lat="51.336471" lon="7.281268"><ele>249.75</ele></trkpt>
   <trkpt lat="51.335903" lon="7.279006"><ele>251.75</ele></trkpt>
   <trkpt lat="51.335801" lon="7.27858"><ele>249.5</ele></trkpt>
   <trkpt lat="51.33568" lon="7.278009"><ele>248.5</ele></trkpt>
   <trkpt lat="51.33567" lon="7.277964"><ele>248.5</ele></trkpt>
   <trkpt lat="51.335577" lon="7.277548"><ele>248</ele></trkpt>
   <trkpt lat="51.335398" lon="7.276766"><ele>247.5</ele></trkpt>
   <trkpt lat="51.334965" lon="7.274646"><ele>248.25</ele></trkpt>
   <trkpt lat="51.334674" lon="7.273663"><ele>249</ele></trkpt>
   <trkpt lat="51.334392" lon="7.27283"><ele>249</ele></trkpt>
   <trkpt lat="51.334246" lon="7.272445"><ele>249.5</ele></trkpt>
   <trkpt lat="51.333884" lon="7.271697"><ele>248.25</ele></trkpt>
   <trkpt lat="51.333787" lon="7.271541"><ele>248.75</ele></trkpt>
   <trkpt lat="51.333688" lon="7.271429"><ele>249</ele></trkpt>
   <trkpt lat="51.333362" lon="7.271046"><ele>249.5</ele></trkpt>
   <trkpt lat="51.333048" lon="7.270648"><ele>250</ele></trkpt>
   <trkpt lat="51.33285" lon="7.270284"><ele>249.5</ele></trkpt>
   <trkpt lat="51.332748" lon="7.270038"><ele>248.75</ele></trkpt>
   <trkpt lat="51.332668" lon="7.269813"><ele>248.25</ele></trkpt>
   <trkpt lat="51.332607" lon="7.269589"><ele>247</ele></trkpt>
   <trkpt lat="51.332556" lon="7.269337"><ele>246.5</ele></trkpt>
   <trkpt lat="51.332505" lon="7.268889"><ele>246.75</ele></trkpt>
   <trkpt lat="51.332494" lon="7.268361"><ele>246</ele></trkpt>
   <trkpt lat="51.332513" lon="7.268134"><ele>245.75</ele></trkpt>
   <trkpt lat="51.332546" lon="7.267877"><ele>245</ele></trkpt>
   <trkpt lat="51.332626" lon="7.267492"><ele>247.25</ele></trkpt>
   <trkpt lat="51.332732" lon="7.267137"><ele>247.25</ele></trkpt>
   <trkpt lat="51.332996" lon="7.266375"><ele>246</ele></trkpt>
   <trkpt lat="51.333003" lon="7.266359"><ele>246.25</ele></trkpt>
   <trkpt lat="51.333023" lon="7.2663"><ele>246.75</ele></trkpt>
   <trkpt lat="51.333178" lon="7.265734"><ele>248.75</ele></trkpt>
   <trkpt lat="51.333204" lon="7.265575"><ele>248.75</ele></trkpt>
   <trkpt lat="51.333227" lon="7.265397"><ele>248.25</ele></trkpt>
   <trkpt lat="51.333249" lon="7.265122"><ele>247.5</ele></trkpt>
   <trkpt lat="51.333253" lon="7.264644"><ele>245.75</ele></trkpt>
   <trkpt lat="51.333244" lon="7.264469"><ele>245</ele></trkpt>
   <trkpt lat="51.333207" lon="7.264197"><ele>244</ele></trkpt>
   <trkpt lat="51.333156" lon="7.263912"><ele>245.5</ele></trkpt>
   <trkpt lat="51.333088" lon="7.263642"><ele>246.75</ele></trkpt>
   <trkpt lat="51.332994" lon="7.263338"><ele>248.25</ele></trkpt>
   <trkpt lat="51.332972" lon="7.263271"><ele>248.75</ele></trkpt>
   <trkpt lat="51.33251" lon="7.261821"><ele>251.5</ele></trkpt>
   <trkpt lat="51.33215" lon="7.260735"><ele>253.25</ele></trkpt>
   <trkpt lat="51.33163" lon="7.259113"><ele>248.5</ele></trkpt>
   <trkpt lat="51.331548" lon="7.25889"><ele>249.5</ele></trkpt>
   <trkpt lat="51.331432" lon="7.258632"><ele>248.5</ele></trkpt>
   <trkpt lat="51.331251" lon="7.258313"><ele>247.25</ele></trkpt>
   <trkpt lat="51.331083" lon="7.258113"><ele>247</ele></trkpt>
   <trkpt lat="51.330752" lon="7.257786"><ele>247.5</ele></trkpt>
   <trkpt lat="51.32966" lon="7.256786"><ele>246.5</ele></trkpt>
   <trkpt lat="51.329451" lon="7.256501"><ele>246.25</ele></trkpt>
   <trkpt lat="51.329251" lon="7.256125"><ele>243</ele></trkpt>
   <trkpt lat="51.32912" lon="7.25579"><ele>244</ele></trkpt>
   <trkpt lat="51.329048" lon="7.255556"><ele>245.75</ele></trkpt>
   <trkpt lat="51.327934" lon="7.252062"><ele>250.75</ele></trkpt>
   <trkpt lat="51.327838" lon="7.251643"><ele>247.75</ele></trkpt>
   <trkpt lat="51.327782" lon="7.251323"><ele>247.5</ele></trkpt>
   <trkpt lat="51.327762" lon="7.251185"><ele>247.25</ele></trkpt>
   <trkpt lat="51.327757" lon="7.250596"><ele>246.75</ele></trkpt>
   <trkpt lat="51.327784" lon="7.250293"><ele>246.5</ele></trkpt>
   <trkpt lat="51.327934" lon="7.249573"><ele>240.25</ele></trkpt>
   <trkpt lat="51.328074" lon="7.249199"><ele>245</ele></trkpt>
   <trkpt lat="51.328274" lon="7.248795"><ele>244.5</ele></trkpt>
   <trkpt lat="51.32838" lon="7.248611"><ele>248.5</ele></trkpt>
   <trkpt lat="51.328391" lon="7.248551"><ele>248.75</ele></trkpt>
   <trkpt lat="51.328393" lon="7.248491"><ele>249</ele></trkpt>
   <trkpt lat="51.328381" lon="7.24843"><ele>249.25</ele></trkpt>
   <trkpt lat="51.328128" lon="7.24793"><ele>252.5</ele></trkpt>
   <trkpt lat="51.32782" lon="7.247375"><ele>256.75</ele></trkpt>
   <trkpt lat="51.327677" lon="7.24705"><ele>258.5</ele></trkpt>
   <trkpt lat="51.327456" lon="7.246626"><ele>260.75</ele></trkpt>
   <trkpt lat="51.327243" lon="7.246192"><ele>263.25</ele></trkpt>
   <trkpt lat="51.326989" lon="7.245522"><ele>264.75</ele></trkpt>
   <trkpt lat="51.326987" lon="7.245492"><ele>265</ele></trkpt>
   <trkpt lat="51.327014" lon="7.245369"><ele>265.25</ele></trkpt>
   <trkpt lat="51.327081" lon="7.245071"><ele>265</ele></trkpt>
   <trkpt lat="51.327079" lon="7.245017"><ele>265</ele></trkpt>
   <trkpt lat="51.327" lon="7.244706"><ele>264.5</ele></trkpt>
   <trkpt lat="51.326794" lon="7.243947"><ele>265</ele></trkpt>
   <trkpt lat="51.326574" lon="7.243172"><ele>264.25</ele></trkpt>
   <trkpt lat="51.326535" lon="7.243051"><ele>264.25</ele></trkpt>
   <trkpt lat="51.326248" lon="7.242229"><ele>263.5</ele></trkpt>
   <trkpt lat="51.325897" lon="7.241377"><ele>263.25</ele></trkpt>
   <trkpt lat="51.325768" lon="7.240916"><ele>262</ele></trkpt>
   <trkpt lat="51.325764" lon="7.240846"><ele>261.75</ele></trkpt>
   <trkpt lat="51.325775" lon="7.240734"><ele>261</ele></trkpt>
   <trkpt lat="51.325815" lon="7.240669"><ele>260.5</ele></trkpt>
   <trkpt lat="51.325867" lon="7.240631"><ele>259.75</ele></trkpt>
   <trkpt lat="51.326118" lon="7.2406"><ele>257.25</ele></trkpt>
   <trkpt lat="51.326153" lon="7.240556"><ele>256.5</ele></trkpt>
   <trkpt lat="51.326179" lon="7.240495"><ele>256.25</ele></trkpt>
   <trkpt lat="51.326224" lon="7.2403"><ele>255.75</ele></trkpt>
   <trkpt lat="51.326253" lon="7.240258"><ele>255.25</ele></trkpt>
   <trkpt lat="51.326293" lon="7.240243"><ele>254.75</ele></trkpt>
   <trkpt lat="51.326478" lon="7.240269"><ele>252.5</ele></trkpt>
   <trkpt lat="51.326509" lon="7.240245"><ele>252</ele></trkpt>
   <trkpt lat="51.32653" lon="7.2402"><ele>251.5</ele></trkpt>
   <trkpt lat="51.326535" lon="7.240136"><ele>251</ele></trkpt>
   <trkpt lat="51.326521" lon="7.240042"><ele>250.75</ele></trkpt>
   <trkpt lat="51.326338" lon="7.23944"><ele>250.25</ele></trkpt>
   <trkpt lat="51.32629" lon="7.239216"><ele>249.75</ele></trkpt>
   <trkpt lat="51.326285" lon="7.23916"><ele>249.5</ele></trkpt>
   <trkpt lat="51.3263" lon="7.23902"><ele>249.25</ele></trkpt>
   <trkpt lat="51.32633" lon="7.238922"><ele>248.5</ele></trkpt>
   <trkpt lat="51.326366" lon="7.238835"><ele>248</ele></trkpt>
   <trkpt lat="51.326377" lon="7.238813"><ele>247.75</ele></trkpt>
   <trkpt lat="51.326032" lon="7.238214"><ele>249</ele></trkpt>
   <trkpt lat="51.325889" lon="7.237951"><ele>249.5</ele></trkpt>
   <trkpt lat="51.325786" lon="7.237814"><ele>249</ele></trkpt>
   <trkpt lat="51.325525" lon="7.2375"><ele>250</ele></trkpt>
   <trkpt lat="51.325385" lon="7.237299"><ele>248</ele></trkpt>
   <trkpt lat="51.325353" lon="7.237138"><ele>247.25</ele></trkpt>
   <trkpt lat="51.32533" lon="7.237041"><ele>247</ele></trkpt>
   <trkpt lat="51.325286" lon="7.236961"><ele>247</ele></trkpt>
   <trkpt lat="51.325079" lon="7.236653"><ele>247</ele></trkpt>
   <trkpt lat="51.324884" lon="7.236397"><ele>246.5</ele></trkpt>
   <trkpt lat="51.324574" lon="7.236088"><ele>247.5</ele></trkpt>
   <trkpt lat="51.324429" lon="7.235958"><ele>247.25</ele></trkpt>
   <trkpt lat="51.32398" lon="7.235645"><ele>246.75</ele></trkpt>
   <trkpt lat="51.323726" lon="7.235534"><ele>247.25</ele></trkpt>
   <trkpt lat="51.323372" lon="7.235413"><ele>248.25</ele></trkpt>
   <trkpt lat="51.32319" lon="7.235378"><ele>247.5</ele></trkpt>
   <trkpt lat="51.323075" lon="7.235366"><ele>247.5</ele></trkpt>
   <trkpt lat="51.322889" lon="7.235355"><ele>247</ele></trkpt>
   <trkpt lat="51.322702" lon="7.235357"><ele>247</ele></trkpt>
   <trkpt lat="51.322674" lon="7.23528"><ele>245.25</ele></trkpt>
   <trkpt lat="51.322613" lon="7.23529"><ele>245.75</ele></trkpt>
   <trkpt lat="51.322383" lon="7.23527"><ele>246.25</ele></trkpt>
   <trkpt lat="51.322312" lon="7.235254"><ele>246.75</ele></trkpt>
   <trkpt lat="51.322255" lon="7.235212"><ele>246.75</ele></trkpt>
   <trkpt lat="51.322222" lon="7.235158"><ele>246.75</ele></trkpt>
   <trkpt lat="51.322096" lon="7.235261"><ele>245.75</ele></trkpt>
   <trkpt lat="51.32163" lon="7.235456"><ele>243</ele></trkpt>
   <trkpt lat="51.321536" lon="7.235472"><ele>243.25</ele></trkpt>
   <trkpt lat="51.321399" lon="7.235454"><ele>242.75</ele></trkpt>
   <trkpt lat="51.321366" lon="7.235445"><ele>242.5</ele></trkpt>
   <trkpt lat="51.32133" lon="7.235435"><ele>242.5</ele></trkpt>
   <trkpt lat="51.321198" lon="7.235397"><ele>242.75</ele></trkpt>
   <trkpt lat="51.32107" lon="7.235379"><ele>242.75</ele></trkpt>
   <trkpt lat="51.320963" lon="7.23539"><ele>242.75</ele></trkpt>
   <trkpt lat="51.320657" lon="7.235506"><ele>243.75</ele></trkpt>
   <trkpt lat="51.320658" lon="7.235568"><ele>244.25</ele></trkpt>
   <trkpt lat="51.320459" lon="7.235678"><ele>244.5</ele></trkpt>
   <trkpt lat="51.320382" lon="7.235771"><ele>244.75</ele></trkpt>
   <trkpt lat="51.320306" lon="7.235878"><ele>245</ele></trkpt>
   <trkpt lat="51.320272" lon="7.235907"><ele>244.75</ele></trkpt>
   <trkpt lat="51.32023" lon="7.235936"><ele>244.75</ele></trkpt>
   <trkpt lat="51.320068" lon="7.236015"><ele>244.25</ele></trkpt>
   <trkpt lat="51.319938" lon="7.23606"><ele>244.25</ele></trkpt>
   <trkpt lat="51.319875" lon="7.23612"><ele>245</ele></trkpt>
   <trkpt lat="51.319849" lon="7.236184"><ele>245</ele></trkpt>
   <trkpt lat="51.319839" lon="7.236244"><ele>245</ele></trkpt>
   <trkpt lat="51.319858" lon="7.23642"><ele>245</ele></trkpt>
   <trkpt lat="51.319855" lon="7.236527"><ele>245</ele></trkpt>
   <trkpt lat="51.319845" lon="7.236576"><ele>245</ele></trkpt>
   <trkpt lat="51.319819" lon="7.236619"><ele>245</ele></trkpt>
   <trkpt lat="51.319675" lon="7.236749"><ele>245</ele></trkpt>
   <trkpt lat="51.319582" lon="7.236879"><ele>245</ele></trkpt>
   <trkpt lat="51.319499" lon="7.236984"><ele>245</ele></trkpt>
   <trkpt lat="51.31943" lon="7.237033"><ele>245.25</ele></trkpt>
   <trkpt lat="51.318952" lon="7.237169"><ele>245.75</ele></trkpt>
   <trkpt lat="51.318746" lon="7.237238"><ele>245.75</ele></trkpt>
   <trkpt lat="51.318494" lon="7.237325"><ele>246</ele></trkpt>
   <trkpt lat="51.318403" lon="7.237314"><ele>245.5</ele></trkpt>
   <trkpt lat="51.318219" lon="7.237287"><ele>245</ele></trkpt>
   <trkpt lat="51.317516" lon="7.237402"><ele>244.75</ele></trkpt>
   <trkpt lat="51.317392" lon="7.237432"><ele>244.5</ele></trkpt>
   <trkpt lat="51.317263" lon="7.237476"><ele>244</ele></trkpt>
   <trkpt lat="51.317189" lon="7.237506"><ele>244</ele></trkpt>
   <trkpt lat="51.31714" lon="7.237527"><ele>244.5</ele></trkpt>
   <trkpt lat="51.317095" lon="7.237534"><ele>244.75</ele></trkpt>
   <trkpt lat="51.317047" lon="7.237536"><ele>245.25</ele></trkpt>
   <trkpt lat="51.316904" lon="7.237472"><ele>245.75</ele></trkpt>
   <trkpt lat="51.316848" lon="7.237474"><ele>246</ele></trkpt>
   <trkpt lat="51.316811" lon="7.237486"><ele>246</ele></trkpt>
   <trkpt lat="51.316766" lon="7.237502"><ele>245.75</ele></trkpt>
   <trkpt lat="51.316456" lon="7.237594"><ele>246.5</ele></trkpt>
   <trkpt lat="51.316145" lon="7.237704"><ele>247.25</ele></trkpt>
   <trkpt lat="51.315529" lon="7.237943"><ele>247.5</ele></trkpt>
   <trkpt lat="51.315013" lon="7.238119"><ele>250</ele></trkpt>
   <trkpt lat="51.313206" lon="7.238873"><ele>250.25</ele></trkpt>
   <trkpt lat="51.312101" lon="7.239256"><ele>250.25</ele></trkpt>
   <trkpt lat="51.310304" lon="7.239965"><ele>250.5</ele></trkpt>
   <trkpt lat="51.30836" lon="7.240676"><ele>251</ele></trkpt>
   <trkpt lat="51.307693" lon="7.240882"><ele>251</ele></trkpt>
   <trkpt lat="51.306856" lon="7.241027"><ele>251.25</ele></trkpt>
   <trkpt lat="51.306611" lon="7.241076"><ele>251.25</ele></trkpt>
   <trkpt lat="51.306343" lon="7.241105"><ele>250.25</ele></trkpt>
   <trkpt lat="51.305823" lon="7.241151"><ele>250.75</ele></trkpt>
   <trkpt lat="51.305251" lon="7.241169"><ele>251</ele></trkpt>
   <trkpt lat="51.304974" lon="7.241159"><ele>249.75</ele></trkpt>
   <trkpt lat="51.303949" lon="7.241065"><ele>247</ele></trkpt>
   <trkpt lat="51.303741" lon="7.241031"><ele>247.25</ele></trkpt>
   <trkpt lat="51.303261" lon="7.240933"><ele>245.75</ele></trkpt>
   <trkpt lat="51.302991" lon="7.240863"><ele>244</ele></trkpt>
   <trkpt lat="51.302775" lon="7.240801"><ele>243</ele></trkpt>
   <trkpt lat="51.302678" lon="7.240773"><ele>243.25</ele></trkpt>
   <trkpt lat="51.302629" lon="7.240761"><ele>243.5</ele></trkpt>
   <trkpt lat="51.302268" lon="7.240648"><ele>242.75</ele></trkpt>
   <trkpt lat="51.301933" lon="7.240525"><ele>241</ele></trkpt>
   <trkpt lat="51.301703" lon="7.240432"><ele>241.25</ele></trkpt>
   <trkpt lat="51.301485" lon="7.240326"><ele>241.25</ele></trkpt>
   <trkpt lat="51.301094" lon="7.240102"><ele>239.5</ele></trkpt>
   <trkpt lat="51.300765" lon="7.239888"><ele>238.5</ele></trkpt>
   <trkpt lat="51.300394" lon="7.239593"><ele>238.75</ele></trkpt>
   <trkpt lat="51.300188" lon="7.239414"><ele>239</ele></trkpt>
   <trkpt lat="51.299472" lon="7.238798"><ele>238.75</ele></trkpt>
   <trkpt lat="51.299214" lon="7.238565"><ele>238.5</ele></trkpt>
   <trkpt lat="51.29889" lon="7.2383"><ele>237.25</ele></trkpt>
   <trkpt lat="51.29878" lon="7.238227"><ele>237.75</ele></trkpt>
   <trkpt lat="51.298551" lon="7.23814"><ele>237</ele></trkpt>
   <trkpt lat="51.298231" lon="7.238003"><ele>235.75</ele></trkpt>
   <trkpt lat="51.298128" lon="7.237954"><ele>235.5</ele></trkpt>
   <trkpt lat="51.298069" lon="7.237927"><ele>235.5</ele></trkpt>
   <trkpt lat="51.298042" lon="7.237902"><ele>235.5</ele></trkpt>
   <trkpt lat="51.298027" lon="7.237996"><ele>235</ele></trkpt>
   <trkpt lat="51.297989" lon="7.238098"><ele>234.5</ele></trkpt>
   <trkpt lat="51.297917" lon="7.238185"><ele>233.5</ele></trkpt>
   <trkpt lat="51.297814" lon="7.238293"><ele>231.75</ele></trkpt>
   <trkpt lat="51.297504" lon="7.238761"><ele>227.75</ele></trkpt>
   <trkpt lat="51.297412" lon="7.238858"><ele>226.5</ele></trkpt>
   <trkpt lat="51.297274" lon="7.238929"><ele>225</ele></trkpt>
   <trkpt lat="51.297074" lon="7.238972"><ele>223.5</ele></trkpt>
   <trkpt lat="51.296855" lon="7.238955"><ele>221.75</ele></trkpt>
   <trkpt lat="51.29666" lon="7.23891"><ele>219.75</ele></trkpt>
   <trkpt lat="51.296418" lon="7.238801"><ele>218</ele></trkpt>
   <trkpt lat="51.296271" lon="7.23875"><ele>218</ele></trkpt>
   <trkpt lat="51.296173" lon="7.238737"><ele>218.25</ele></trkpt>
   <trkpt lat="51.296092" lon="7.238745"><ele>218.75</ele></trkpt>
   <trkpt lat="51.296002" lon="7.238764"><ele>219.75</ele></trkpt>
   <trkpt lat="51.295482" lon="7.239141"><ele>221.25</ele></trkpt>
   <trkpt lat="51.295398" lon="7.239191"><ele>221.75</ele></trkpt>
   <trkpt lat="51.295352" lon="7.239198"><ele>222.25</ele></trkpt>
   <trkpt lat="51.295307" lon="7.239179"><ele>222.75</ele></trkpt>
   <trkpt lat="51.295267" lon="7.239126"><ele>223.5</ele></trkpt>
   <trkpt lat="51.295124" lon="7.238797"><ele>224</ele></trkpt>
   <trkpt lat="51.295051" lon="7.238645"><ele>222.25</ele></trkpt>
   <trkpt lat="51.294908" lon="7.238444"><ele>221.25</ele></trkpt>
   <trkpt lat="51.294807" lon="7.238383"><ele>221.75</ele></trkpt>
   <trkpt lat="51.29463" lon="7.2383"><ele>222.25</ele></trkpt>
   <trkpt lat="51.294453" lon="7.238249"><ele>223</ele></trkpt>
   <trkpt lat="51.294248" lon="7.238274"><ele>223.5</ele></trkpt>
   <trkpt lat="51.29412" lon="7.238265"><ele>223.75</ele></trkpt>
   <trkpt lat="51.294059" lon="7.238229"><ele>224</ele></trkpt>
   <trkpt lat="51.294011" lon="7.238172"><ele>224.25</ele></trkpt>
   <trkpt lat="51.293865" lon="7.23793"><ele>224</ele></trkpt>
   <trkpt lat="51.293818" lon="7.237889"><ele>224</ele></trkpt>
   <trkpt lat="51.293775" lon="7.237883"><ele>224.25</ele></trkpt>
   <trkpt lat="51.293729" lon="7.237898"><ele>224.75</ele></trkpt>
   <trkpt lat="51.293693" lon="7.237931"><ele>225</ele></trkpt>
   <trkpt lat="51.293425" lon="7.238326"><ele>226.25</ele></trkpt>
   <trkpt lat="51.293378" lon="7.238278"><ele>226</ele></trkpt>
   <trkpt lat="51.293276" lon="7.238179"><ele>225.75</ele></trkpt>
   <trkpt lat="51.293033" lon="7.237957"><ele>224.75</ele></trkpt>
   <trkpt lat="51.292863" lon="7.23779"><ele>223.5</ele></trkpt>
   <trkpt lat="51.29253" lon="7.237478"><ele>222</ele></trkpt>
   <trkpt lat="51.291662" lon="7.236646"><ele>216.75</ele></trkpt>
   <trkpt lat="51.291479" lon="7.236458"><ele>216.25</ele></trkpt>
   <trkpt lat="51.291344" lon="7.236336"><ele>215.75</ele></trkpt>
   <trkpt lat="51.291316" lon="7.236307"><ele>215.5</ele></trkpt>
   <trkpt lat="51.291292" lon="7.236285"><ele>215.5</ele></trkpt>
   <trkpt lat="51.291258" lon="7.236254"><ele>215.25</ele></trkpt>
   <trkpt lat="51.290634" lon="7.235673"><ele>212.25</ele></trkpt>
   <trkpt lat="51.290513" lon="7.235562"><ele>211.5</ele></trkpt>
   <trkpt lat="51.290358" lon="7.235409"><ele>210.75</ele></trkpt>
   <trkpt lat="51.290305" lon="7.235358"><ele>210.75</ele></trkpt>
   <trkpt lat="51.290197" lon="7.235254"><ele>210.5</ele></trkpt>
   <trkpt lat="51.289822" lon="7.234895"><ele>207.75</ele></trkpt>
   <trkpt lat="51.289516" lon="7.234615"><ele>204.5</ele></trkpt>
   <trkpt lat="51.289455" lon="7.23458"><ele>203</ele></trkpt>
   <trkpt lat="51.289434" lon="7.234517"><ele>202.75</ele></trkpt>
   <trkpt lat="51.289398" lon="7.234443"><ele>202.5</ele></trkpt>
   <trkpt lat="51.289204" lon="7.234225"><ele>201.25</ele></trkpt>
   <trkpt lat="51.289166" lon="7.234184"><ele>200.75</ele></trkpt>
   <trkpt lat="51.289143" lon="7.234159"><ele>200.75</ele></trkpt>
   <trkpt lat="51.28889" lon="7.233879"><ele>198.75</ele></trkpt>
   <trkpt lat="51.288853" lon="7.233836"><ele>198.5</ele></trkpt>
   <trkpt lat="51.288824" lon="7.233802"><ele>198</ele></trkpt>
   <trkpt lat="51.288717" lon="7.233673"><ele>196.5</ele></trkpt>
   <trkpt lat="51.288646" lon="7.233583"><ele>196.25</ele></trkpt>
   <trkpt lat="51.288612" lon="7.233543"><ele>196.25</ele></trkpt>
   <trkpt lat="51.288418" lon="7.233318"><ele>196</ele></trkpt>
   <trkpt lat="51.288397" lon="7.233296"><ele>196</ele></trkpt>
   <trkpt lat="51.288257" lon="7.23314"><ele>195.5</ele></trkpt>
   <trkpt lat="51.288244" lon="7.233125"><ele>195.5</ele></trkpt>
   <trkpt lat="51.288165" lon="7.23304"><ele>194.75</ele></trkpt>
   <trkpt lat="51.288151" lon="7.233024"><ele>194.75</ele></trkpt>
   <trkpt lat="51.288116" lon="7.232982"><ele>194.5</ele></trkpt>
   <trkpt lat="51.287463" lon="7.2322"><ele>191.75</ele></trkpt>
   <trkpt lat="51.287283" lon="7.231988"><ele>190.25</ele></trkpt>
   <trkpt lat="51.287145" lon="7.231832"><ele>189.25</ele></trkpt>
   <trkpt lat="51.286725" lon="7.231352"><ele>187</ele></trkpt>
   <trkpt lat="51.286694" lon="7.231314"><ele>186.75</ele></trkpt>
   <trkpt lat="51.286452" lon="7.231033"><ele>185.5</ele></trkpt>
   <trkpt lat="51.286341" lon="7.230885"><ele>185.5</ele></trkpt>
   <trkpt lat="51.286192" lon="7.230578"><ele>183.25</ele></trkpt>
   <trkpt lat="51.28609" lon="7.230382"><ele>182.25</ele></trkpt>
   <trkpt lat="51.286009" lon="7.230196"><ele>182</ele></trkpt>
   <trkpt lat="51.285988" lon="7.230149"><ele>182</ele></trkpt>
   <trkpt lat="51.285907" lon="7.229943"><ele>182</ele></trkpt>
   <trkpt lat="51.285849" lon="7.229804"><ele>182</ele></trkpt>
   <trkpt lat="51.285851" lon="7.229541"><ele>182</ele></trkpt>
   <trkpt lat="51.285852" lon="7.229492"><ele>182</ele></trkpt>
   <trkpt lat="51.285864" lon="7.229377"><ele>182.25</ele></trkpt>
   <trkpt lat="51.285877" lon="7.229307"><ele>182.5</ele></trkpt>
   <trkpt lat="51.285891" lon="7.22924"><ele>182.75</ele></trkpt>
   <trkpt lat="51.285908" lon="7.229186"><ele>182.75</ele></trkpt>
   <trkpt lat="51.285841" lon="7.229119"><ele>183</ele></trkpt>
   <trkpt lat="51.285803" lon="7.229071"><ele>183.25</ele></trkpt>
   <trkpt lat="51.285771" lon="7.229011"><ele>183.25</ele></trkpt>
   <trkpt lat="51.285747" lon="7.228927"><ele>183.75</ele></trkpt>
   <trkpt lat="51.285735" lon="7.228823"><ele>184</ele></trkpt>
   <trkpt lat="51.285727" lon="7.228752"><ele>184.25</ele></trkpt>
   <trkpt lat="51.285718" lon="7.228652"><ele>184.75</ele></trkpt>
   <trkpt lat="51.285704" lon="7.228525"><ele>185</ele></trkpt>
   <trkpt lat="51.28566" lon="7.228102"><ele>185.75</ele></trkpt>
   <trkpt lat="51.285647" lon="7.22797"><ele>186.5</ele></trkpt>
   <trkpt lat="51.285642" lon="7.227925"><ele>187</ele></trkpt>
   <trkpt lat="51.285639" lon="7.22787"><ele>187.5</ele></trkpt>
   <trkpt lat="51.285609" lon="7.22742"><ele>190</ele></trkpt>
   <trkpt lat="51.28556" lon="7.22742"><ele>190.25</ele></trkpt>
   <trkpt lat="51.285399" lon="7.227313"><ele>191</ele></trkpt>
   <trkpt lat="51.285348" lon="7.227272"><ele>191</ele></trkpt>
   <trkpt lat="51.285086" lon="7.227063"><ele>191</ele></trkpt>
   <trkpt lat="51.285058" lon="7.227005"><ele>190.5</ele></trkpt>
   <trkpt lat="51.284886" lon="7.226862"><ele>190</ele></trkpt>
   <trkpt lat="51.284349" lon="7.22639"><ele>190</ele></trkpt>
   <trkpt lat="51.283614" lon="7.225624"><ele>189</ele></trkpt>
   <trkpt lat="51.283093" lon="7.225246"><ele>190</ele></trkpt>
   <trkpt lat="51.282556" lon="7.224907"><ele>189.25</ele></trkpt>
   <trkpt lat="51.282505" lon="7.224875"><ele>189.25</ele></trkpt>
   <trkpt lat="51.282296" lon="7.224738"><ele>189.25</ele></trkpt>
   <trkpt lat="51.282247" lon="7.224706"><ele>189</ele></trkpt>
   <trkpt lat="51.281981" lon="7.224531"><ele>189</ele></trkpt>
   <trkpt lat="51.281767" lon="7.224395"><ele>189.5</ele></trkpt>
   <trkpt lat="51.281535" lon="7.224249"><ele>189.25</ele></trkpt>
   <trkpt lat="51.281323" lon="7.224107"><ele>189</ele></trkpt>
   <trkpt lat="51.280894" lon="7.223846"><ele>188.75</ele></trkpt>
   <trkpt lat="51.280849" lon="7.223808"><ele>188.75</ele></trkpt>
   <trkpt lat="51.280531" lon="7.223611"><ele>189</ele></trkpt>
   <trkpt lat="51.280421" lon="7.223554"><ele>189</ele></trkpt>
   <trkpt lat="51.280314" lon="7.223513"><ele>189</ele></trkpt>
   <trkpt lat="51.280096" lon="7.22347"><ele>188.5</ele></trkpt>
   <trkpt lat="51.279785" lon="7.223459"><ele>188.75</ele></trkpt>
   <trkpt lat="51.279664" lon="7.223425"><ele>188.75</ele></trkpt>
   <trkpt lat="51.279576" lon="7.223378"><ele>188.75</ele></trkpt>
   <trkpt lat="51.279498" lon="7.223279"><ele>189</ele></trkpt>
   <trkpt lat="51.279174" lon="7.222692"><ele>189</ele></trkpt>
   <trkpt lat="51.27914" lon="7.222622"><ele>188.75</ele></trkpt>
   <trkpt lat="51.279103" lon="7.222583"><ele>188.75</ele></trkpt>
   <trkpt lat="51.278892" lon="7.222331"><ele>188.5</ele></trkpt>
   <trkpt lat="51.278772" lon="7.222142"><ele>189</ele></trkpt>
   <trkpt lat="51.27868" lon="7.222004"><ele>189</ele></trkpt>
   <trkpt lat="51.278569" lon="7.221807"><ele>189.25</ele></trkpt>
   <trkpt lat="51.278452" lon="7.221567"><ele>190.25</ele></trkpt>
   <trkpt lat="51.278387" lon="7.221416"><ele>189.75</ele></trkpt>
   <trkpt lat="51.278316" lon="7.221217"><ele>189.25</ele></trkpt>
   <trkpt lat="51.278274" lon="7.221053"><ele>189.25</ele></trkpt>
   <trkpt lat="51.278251" lon="7.220926"><ele>189</ele></trkpt>
   <trkpt lat="51.278247" lon="7.220809"><ele>188.75</ele></trkpt>
   <trkpt lat="51.278278" lon="7.220787"><ele>188.5</ele></trkpt>
   <trkpt lat="51.278289" lon="7.220766"><ele>188.25</ele></trkpt>
   <trkpt lat="51.278296" lon="7.220741"><ele>188.25</ele></trkpt>
   <trkpt lat="51.278295" lon="7.220687"><ele>188.25</ele></trkpt>
   <trkpt lat="51.278288" lon="7.220663"><ele>188.25</ele></trkpt>
   <trkpt lat="51.278262" lon="7.220629"><ele>188.75</ele></trkpt>
   <trkpt lat="51.278229" lon="7.220624"><ele>189</ele></trkpt>
   <trkpt lat="51.278213" lon="7.220633"><ele>189.25</ele></trkpt>
   <trkpt lat="51.278164" lon="7.220391"><ele>188.5</ele></trkpt>
   <trkpt lat="51.278037" lon="7.219801"><ele>187.25</ele></trkpt>
   <trkpt lat="51.277984" lon="7.219487"><ele>185</ele></trkpt>
   <trkpt lat="51.277978" lon="7.219441"><ele>184.75</ele></trkpt>
   <trkpt lat="51.277893" lon="7.218795"><ele>178.75</ele></trkpt>
   <trkpt lat="51.277632" lon="7.216685"><ele>182</ele></trkpt>
   <trkpt lat="51.277606" lon="7.216445"><ele>184.5</ele></trkpt>
   <trkpt lat="51.277587" lon="7.216189"><ele>187</ele></trkpt>
   <trkpt lat="51.277548" lon="7.215524"><ele>188</ele></trkpt>
   <trkpt lat="51.277526" lon="7.214757"><ele>187.5</ele></trkpt>
   <trkpt lat="51.277527" lon="7.214466"><ele>187.75</ele></trkpt>
   <trkpt lat="51.277539" lon="7.213636"><ele>188.25</ele></trkpt>
   <trkpt lat="51.277541" lon="7.213507"><ele>188.5</ele></trkpt>
   <trkpt lat="51.277546" lon="7.213138"><ele>189</ele></trkpt>
   <trkpt lat="51.277564" lon="7.212689"><ele>190.5</ele></trkpt>
   <trkpt lat="51.277585" lon="7.212467"><ele>191.25</ele></trkpt>
   <trkpt lat="51.277653" lon="7.211951"><ele>189</ele></trkpt>
   <trkpt lat="51.277699" lon="7.211693"><ele>186.75</ele></trkpt>
   <trkpt lat="51.277765" lon="7.211388"><ele>185.75</ele></trkpt>
   <trkpt lat="51.277836" lon="7.211116"><ele>185.25</ele></trkpt>
   <trkpt lat="51.277922" lon="7.210846"><ele>184.75</ele></trkpt>
   <trkpt lat="51.278213" lon="7.210002"><ele>183.5</ele></trkpt>
   <trkpt lat="51.278308" lon="7.209703"><ele>183</ele></trkpt>
   <trkpt lat="51.278375" lon="7.209464"><ele>182.75</ele></trkpt>
   <trkpt lat="51.278424" lon="7.209262"><ele>182.5</ele></trkpt>
   <trkpt lat="51.278524" lon="7.208698"><ele>181.75</ele></trkpt>
   <trkpt lat="51.278561" lon="7.2084"><ele>181.75</ele></trkpt>
   <trkpt lat="51.278581" lon="7.208062"><ele>180.25</ele></trkpt>
   <trkpt lat="51.278585" lon="7.207923"><ele>181.75</ele></trkpt>
   <trkpt lat="51.278585" lon="7.207538"><ele>183.25</ele></trkpt>
   <trkpt lat="51.27857" lon="7.207257"><ele>183</ele></trkpt>
   <trkpt lat="51.278549" lon="7.206995"><ele>183.5</ele></trkpt>
   <trkpt lat="51.278517" lon="7.20675"><ele>185.25</ele></trkpt>
   <trkpt lat="51.278477" lon="7.206495"><ele>188</ele></trkpt>
   <trkpt lat="51.278325" lon="7.205748"><ele>189.75</ele></trkpt>
   <trkpt lat="51.278081" lon="7.204612"><ele>190.5</ele></trkpt>
   <trkpt lat="51.277903" lon="7.203753"><ele>180.25</ele></trkpt>
   <trkpt lat="51.277883" lon="7.203669"><ele>180.25</ele></trkpt>
   <trkpt lat="51.277774" lon="7.203227"><ele>180.75</ele></trkpt>
   <trkpt lat="51.277679" lon="7.202894"><ele>181.25</ele></trkpt>
   <trkpt lat="51.277522" lon="7.202394"><ele>181.25</ele></trkpt>
   <trkpt lat="51.277358" lon="7.20182"><ele>180.75</ele></trkpt>
   <trkpt lat="51.2773" lon="7.201664"><ele>181.25</ele></trkpt>
   <trkpt lat="51.277198" lon="7.201421"><ele>182</ele></trkpt>
   <trkpt lat="51.277036" lon="7.201059"><ele>181.75</ele></trkpt>
   <trkpt lat="51.276766" lon="7.200561"><ele>182.25</ele></trkpt>
   <trkpt lat="51.276587" lon="7.200278"><ele>182.5</ele></trkpt>
   <trkpt lat="51.27636" lon="7.199972"><ele>182</ele></trkpt>
   <trkpt lat="51.276087" lon="7.199655"><ele>182.75</ele></trkpt>
   <trkpt lat="51.275389" lon="7.198929"><ele>182.5</ele></trkpt>
   <trkpt lat="51.27511" lon="7.198633"><ele>183</ele></trkpt>
   <trkpt lat="51.27492" lon="7.198418"><ele>183</ele></trkpt>
   <trkpt lat="51.274758" lon="7.198222"><ele>183.25</ele></trkpt>
   <trkpt lat="51.2743" lon="7.197569"><ele>183.75</ele></trkpt>
   <trkpt lat="51.274072" lon="7.197188"><ele>184</ele></trkpt>
   <trkpt lat="51.27345" lon="7.196019"><ele>182.75</ele></trkpt>
   <trkpt lat="51.273359" lon="7.19584"><ele>182.25</ele></trkpt>
   <trkpt lat="51.27324" lon="7.195608"><ele>179.75</ele></trkpt>
   <trkpt lat="51.273141" lon="7.195378"><ele>178</ele></trkpt>
   <trkpt lat="51.273077" lon="7.19522"><ele>178</ele></trkpt>
   <trkpt lat="51.272962" lon="7.194899"><ele>178</ele></trkpt>
   <trkpt lat="51.272859" lon="7.194572"><ele>178</ele></trkpt>
   <trkpt lat="51.272759" lon="7.19418"><ele>178.25</ele></trkpt>
   <trkpt lat="51.272669" lon="7.193745"><ele>178.5</ele></trkpt>
   <trkpt lat="51.272628" lon="7.193486"><ele>178.5</ele></trkpt>
   <trkpt lat="51.272586" lon="7.193163"><ele>178.75</ele></trkpt>
   <trkpt lat="51.272527" lon="7.192515"><ele>179</ele></trkpt>
   <trkpt lat="51.272471" lon="7.191815"><ele>179.25</ele></trkpt>
   <trkpt lat="51.272447" lon="7.191211"><ele>179.5</ele></trkpt>
   <trkpt lat="51.272445" lon="7.190735"><ele>179.75</ele></trkpt>
   <trkpt lat="51.272446" lon="7.190643"><ele>179.75</ele></trkpt>
   <trkpt lat="51.272441" lon="7.190265"><ele>182.25</ele></trkpt>
   <trkpt lat="51.272437" lon="7.189793"><ele>182.5</ele></trkpt>
   <trkpt lat="51.272424" lon="7.189417"><ele>182.25</ele></trkpt>
   <trkpt lat="51.27239" lon="7.18878"><ele>182</ele></trkpt>
   <trkpt lat="51.272351" lon="7.18843"><ele>181.75</ele></trkpt>
   <trkpt lat="51.2723" lon="7.188108"><ele>181.5</ele></trkpt>
   <trkpt lat="51.272219" lon="7.187662"><ele>181.25</ele></trkpt>
   <trkpt lat="51.272131" lon="7.187248"><ele>181</ele></trkpt>
   <trkpt lat="51.271993" lon="7.18675"><ele>180.75</ele></trkpt>
   <trkpt lat="51.271412" lon="7.184899"><ele>179.75</ele></trkpt>
   <trkpt lat="51.271269" lon="7.184373"><ele>186.5</ele></trkpt>
   <trkpt lat="51.271196" lon="7.184069"><ele>184.5</ele></trkpt>
   <trkpt lat="51.271" lon="7.183058"><ele>181</ele></trkpt>
   <trkpt lat="51.27097" lon="7.182899"><ele>180.5</ele></trkpt>
   <trkpt lat="51.270904" lon="7.182928"><ele>180.5</ele></trkpt>
   <trkpt lat="51.270835" lon="7.182966"><ele>180.5</ele></trkpt>
   <trkpt lat="51.270779" lon="7.182647"><ele>180</ele></trkpt>
   <trkpt lat="51.270709" lon="7.182445"><ele>179.25</ele></trkpt>
   <trkpt lat="51.270628" lon="7.182253"><ele>178</ele></trkpt>
   <trkpt lat="51.269985" lon="7.181046"><ele>169.75</ele></trkpt>
   <trkpt lat="51.269501" lon="7.180147"><ele>164.25</ele></trkpt>
   <trkpt lat="51.26943" lon="7.180059"><ele>163.25</ele></trkpt>
   <trkpt lat="51.269362" lon="7.180014"><ele>162.5</ele></trkpt>
   <trkpt lat="51.269255" lon="7.179962"><ele>161.75</ele></trkpt>
   <trkpt lat="51.268794" lon="7.179848"><ele>158.25</ele></trkpt>
   <trkpt lat="51.268685" lon="7.179842"><ele>157.5</ele></trkpt>
   <trkpt lat="51.268274" lon="7.18012"><ele>155</ele></trkpt>
   <trkpt lat="51.268225" lon="7.180112"><ele>154.75</ele></trkpt>
   <trkpt lat="51.26818" lon="7.180039"><ele>154.5</ele></trkpt>
   <trkpt lat="51.268143" lon="7.179981"><ele>154.25</ele></trkpt>
   <trkpt lat="51.268114" lon="7.17993"><ele>154.25</ele></trkpt>
   <trkpt lat="51.268093" lon="7.179895"><ele>154.5</ele></trkpt>
   <trkpt lat="51.267972" lon="7.179685"><ele>155.5</ele></trkpt>
   <trkpt lat="51.267008" lon="7.178051"><ele>173.75</ele></trkpt>
   <trkpt lat="51.266499" lon="7.177175"><ele>180.25</ele></trkpt>
   <trkpt lat="51.266161" lon="7.176585"><ele>177</ele></trkpt>
   <trkpt lat="51.265668" lon="7.175709"><ele>169.5</ele></trkpt>
   <trkpt lat="51.265255" lon="7.175018"><ele>164.5</ele></trkpt>
   <trkpt lat="51.264772" lon="7.174215"><ele>162.25</ele></trkpt>
   <trkpt lat="51.264686" lon="7.17407"><ele>161.5</ele></trkpt>
   <trkpt lat="51.264662" lon="7.173934"><ele>161.5</ele></trkpt>
   <trkpt lat="51.26459" lon="7.173761"><ele>161.75</ele></trkpt>
   <trkpt lat="51.264513" lon="7.173552"><ele>162.25</ele></trkpt>
   <trkpt lat="51.264298" lon="7.172941"><ele>163.25</ele></trkpt>
   <trkpt lat="51.263897" lon="7.171846"><ele>168</ele></trkpt>
   <trkpt lat="51.263354" lon="7.170756"><ele>172.75</ele></trkpt>
   <trkpt lat="51.263291" lon="7.170646"><ele>173.25</ele></trkpt>
   <trkpt lat="51.263095" lon="7.170295"><ele>173</ele></trkpt>
   <trkpt lat="51.262642" lon="7.16953"><ele>171.75</ele></trkpt>
   <trkpt lat="51.26245" lon="7.169144"><ele>173.25</ele></trkpt>
   <trkpt lat="51.262295" lon="7.168681"><ele>177.75</ele></trkpt>
   <trkpt lat="51.262221" lon="7.168366"><ele>177.5</ele></trkpt>
   <trkpt lat="51.262126" lon="7.168059"><ele>179.25</ele></trkpt>
   <trkpt lat="51.262053" lon="7.167872"><ele>179.5</ele></trkpt>
   <trkpt lat="51.261992" lon="7.167668"><ele>179.5</ele></trkpt>
   <trkpt lat="51.261938" lon="7.16746"><ele>179.25</ele></trkpt>
   <trkpt lat="51.261841" lon="7.167012"><ele>181</ele></trkpt>
   <trkpt lat="51.26178" lon="7.16678"><ele>182.25</ele></trkpt>
   <trkpt lat="51.261561" lon="7.166154"><ele>184.5</ele></trkpt>
   <trkpt lat="51.26077" lon="7.164797"><ele>181.5</ele></trkpt>
   <trkpt lat="51.260719" lon="7.164862"><ele>180.75</ele></trkpt>
   <trkpt lat="51.260658" lon="7.164893"><ele>180</ele></trkpt>
   <trkpt lat="51.26059" lon="7.164898"><ele>179.25</ele></trkpt>
   <trkpt lat="51.26052" lon="7.164881"><ele>178</ele></trkpt>
   <trkpt lat="51.260471" lon="7.164854"><ele>176.5</ele></trkpt>
   <trkpt lat="51.260422" lon="7.164807"><ele>176</ele></trkpt>
   <trkpt lat="51.260369" lon="7.164716"><ele>177</ele></trkpt>
   <trkpt lat="51.26019" lon="7.164411"><ele>175.25</ele></trkpt>
   <trkpt lat="51.259819" lon="7.163747"><ele>177.25</ele></trkpt>
   <trkpt lat="51.259118" lon="7.162485"><ele>179.25</ele></trkpt>
   <trkpt lat="51.258837" lon="7.161914"><ele>175.25</ele></trkpt>
   <trkpt lat="51.258681" lon="7.161564"><ele>174.25</ele></trkpt>
   <trkpt lat="51.258657" lon="7.161492"><ele>173.75</ele></trkpt>
   <trkpt lat="51.25839" lon="7.160446"><ele>169.5</ele></trkpt>
   <trkpt lat="51.258432" lon="7.159961"><ele>170.25</ele></trkpt>
   <trkpt lat="51.258495" lon="7.159217"><ele>168.75</ele></trkpt>
   <trkpt lat="51.258519" lon="7.158943"><ele>169</ele></trkpt>
   <trkpt lat="51.258522" lon="7.158919"><ele>169</ele></trkpt>
   <trkpt lat="51.258666" lon="7.158062"><ele>166.5</ele></trkpt>
   <trkpt lat="51.258841" lon="7.157085"><ele>162.25</ele></trkpt>
   <trkpt lat="51.258955" lon="7.156629"><ele>161.25</ele></trkpt>
   <trkpt lat="51.258634" lon="7.156411"><ele>155.25</ele></trkpt>
   <trkpt lat="51.257987" lon="7.155933"><ele>146.25</ele></trkpt>
   <trkpt lat="51.257874" lon="7.155887"><ele>146</ele></trkpt>
   <trkpt lat="51.257818" lon="7.155873"><ele>146</ele></trkpt>
   <trkpt lat="51.257837" lon="7.155677"><ele>146</ele></trkpt>
   <trkpt lat="51.257897" lon="7.155074"><ele>146</ele></trkpt>
   <trkpt lat="51.257917" lon="7.154944"><ele>145.75</ele></trkpt>
   <trkpt lat="51.257943" lon="7.154811"><ele>145.5</ele></trkpt>
   <trkpt lat="51.25783" lon="7.154736"><ele>145</ele></trkpt>
   <trkpt lat="51.257808" lon="7.154721"><ele>145</ele></trkpt>
   <trkpt lat="51.257232" lon="7.15434"><ele>144.25</ele></trkpt>
   <trkpt lat="51.257067" lon="7.154231"><ele>144.25</ele></trkpt>
   <trkpt lat="51.256846" lon="7.154088"><ele>144.75</ele></trkpt>
   <trkpt lat="51.256385" lon="7.153787"><ele>144.75</ele></trkpt>
   <trkpt lat="51.256344" lon="7.15394"><ele>145.5</ele></trkpt>
   <trkpt lat="51.256287" lon="7.154009"><ele>145</ele></trkpt>
   <trkpt lat="51.256158" lon="7.15419"><ele>144.25</ele></trkpt>
   <trkpt lat="51.256126" lon="7.154233"><ele>144.5</ele></trkpt>
   <trkpt lat="51.256076" lon="7.154299"><ele>144.75</ele></trkpt>
   <trkpt lat="51.255994" lon="7.15456"><ele>145.5</ele></trkpt>
   <trkpt lat="51.255814" lon="7.154788"><ele>145.75</ele></trkpt>
   <trkpt lat="51.255766" lon="7.154702"><ele>145.5</ele></trkpt>
   <trkpt lat="51.255751" lon="7.154669"><ele>145.5</ele></trkpt>
   <trkpt lat="51.25574" lon="7.154643"><ele>145.5</ele></trkpt>
   <trkpt lat="51.255631" lon="7.154391"><ele>145.25</ele></trkpt>
   <trkpt lat="51.255617" lon="7.154358"><ele>145.25</ele></trkpt>
   <trkpt lat="51.255601" lon="7.154321"><ele>145.25</ele></trkpt>
   <trkpt lat="51.255581" lon="7.154273"><ele>145.25</ele></trkpt>
   <trkpt lat="51.255576" lon="7.15428"><ele>145.25</ele></trkpt>
   <trkpt lat="51.255536" lon="7.154334"><ele>145.5</ele></trkpt>
   <trkpt lat="51.255461" lon="7.154397"><ele>146.25</ele></trkpt>
   <trkpt lat="51.25535" lon="7.154468"><ele>146.75</ele></trkpt>
   <trkpt lat="51.255268" lon="7.154535"><ele>146.75</ele></trkpt>
   <trkpt lat="51.255239" lon="7.154516"><ele>148.5</ele></trkpt>
   <trkpt lat="51.255227" lon="7.154509"><ele>148.75</ele></trkpt>
   <trkpt lat="51.255215" lon="7.154502"><ele>149.25</ele></trkpt>
   <trkpt lat="51.25502" lon="7.154386"><ele>159.75</ele></trkpt>
   <trkpt lat="51.254993" lon="7.154369"><ele>159.75</ele></trkpt>
   <trkpt lat="51.254984" lon="7.154364"><ele>161.25</ele></trkpt>
   <trkpt lat="51.25496" lon="7.154297"><ele>161.5</ele></trkpt>
   <trkpt lat="51.254924" lon="7.154189"><ele>161.75</ele></trkpt>
   <trkpt lat="51.25485" lon="7.154235"><ele>161.75</ele></trkpt>
   <trkpt lat="51.254793" lon="7.154242"><ele>161.75</ele></trkpt>
   <trkpt lat="51.254747" lon="7.154231"><ele>161.75</ele></trkpt>
   <trkpt lat="51.254701" lon="7.15422"><ele>161.5</ele></trkpt>
   <trkpt lat="51.254401" lon="7.154144"><ele>158.75</ele></trkpt>
   <trkpt lat="51.253809" lon="7.153997"><ele>164.5</ele></trkpt>
   <trkpt lat="51.25375" lon="7.153975"><ele>164.75</ele></trkpt>
   <trkpt lat="51.253686" lon="7.153933"><ele>165.75</ele></trkpt>
   <trkpt lat="51.253634" lon="7.153882"><ele>167</ele></trkpt>
   <trkpt lat="51.25358" lon="7.153806"><ele>167.5</ele></trkpt>
   <trkpt lat="51.253611" lon="7.153742"><ele>168</ele></trkpt>
   <trkpt lat="51.253879" lon="7.153114"><ele>171.75</ele></trkpt>
   <trkpt lat="51.253972" lon="7.152895"><ele>173.25</ele></trkpt>
   <trkpt lat="51.254042" lon="7.152674"><ele>174.5</ele></trkpt>
   <trkpt lat="51.25406" lon="7.152602"><ele>174.75</ele></trkpt>
   <trkpt lat="51.254067" lon="7.152523"><ele>175</ele></trkpt>
   <trkpt lat="51.254062" lon="7.152436"><ele>175.5</ele></trkpt>
   <trkpt lat="51.253978" lon="7.151752"><ele>178.75</ele></trkpt>
   <trkpt lat="51.253948" lon="7.151569"><ele>178.5</ele></trkpt>
   <trkpt lat="51.253886" lon="7.151499"><ele>179</ele></trkpt>
   <trkpt lat="51.254002" lon="7.151298"><ele>177.75</ele></trkpt>
   <trkpt lat="51.254093" lon="7.151036"><ele>176.25</ele></trkpt>
   <trkpt lat="51.254134" lon="7.150898"><ele>175.5</ele></trkpt>
   <trkpt lat="51.254172" lon="7.150666"><ele>173.25</ele></trkpt>
   <trkpt lat="51.25417" lon="7.150569"><ele>172.75</ele></trkpt>
   <trkpt lat="51.254097" lon="7.149941"><ele>169.25</ele></trkpt>
   <trkpt lat="51.25409" lon="7.14981"><ele>168.25</ele></trkpt>
   <trkpt lat="51.254085" lon="7.149345"><ele>164</ele></trkpt>
   <trkpt lat="51.254082" lon="7.14929"><ele>163.5</ele></trkpt>
   <trkpt lat="51.25408" lon="7.149248"><ele>163.25</ele></trkpt>
   <trkpt lat="51.254078" lon="7.149231"><ele>163</ele></trkpt>
   <trkpt lat="51.254018" lon="7.149271"><ele>166</ele></trkpt>
   <trkpt lat="51.253801" lon="7.149416"><ele>179.75</ele></trkpt>
  </trkseg>
 </trk>
</gpx>